model,uid,phenomenon,group,lp_good,lp_bad,ntok_good,ntok_bad,prob_correct,prompt_margin_ab,prompt_margin_ba,prompt_correct
google/gemma-2-2b-it,adjective_agreement_0000,adjective_agreement,"masc noun, neut adj",-44.685028076171875,-47.02999496459961,7,8,1,6.93544003367424,5.854164335876703,1
google/gemma-2-2b-it,adjective_agreement_0001,adjective_agreement,"neut noun, femn adj",-40.99748992919922,-43.0115966796875,6,6,1,4.896168619394302,4.591998867690563,1
google/gemma-2-2b-it,adjective_agreement_0002,adjective_agreement,"femn noun, masc adj",-46.11245346069336,-50.310340881347656,6,7,1,-4.220423474907875,5.610714003443718,1
google/gemma-2-2b-it,adjective_agreement_0003,adjective_agreement,"femn noun, neut adj",-50.457794189453125,-54.754356384277344,7,7,1,1.0756320655345917,4.954572718590498,1
google/gemma-2-2b-it,adjective_agreement_0004,adjective_agreement,"neut noun, masc adj",-47.33686065673828,-55.840171813964844,7,6,1,-4.603830337524414,3.5036411434412003,0
google/gemma-2-2b-it,adjective_agreement_0005,adjective_agreement,"neut noun, femn adj",-48.95416259765625,-56.74617385864258,6,6,1,3.619321808218956,4.161357991397381,1
google/gemma-2-2b-it,adjective_agreement_0006,adjective_agreement,"femn noun, neut adj",-46.639949798583984,-45.23436737060547,4,4,0,-4.786102242767811,-3.154499039053917,0
google/gemma-2-2b-it,adjective_agreement_0007,adjective_agreement,"femn noun, masc adj",-48.448944091796875,-56.139278411865234,9,10,1,4.480207368731499,2.712095260620117,1
google/gemma-2-2b-it,adjective_agreement_0008,adjective_agreement,"femn noun, masc adj",-46.230438232421875,-52.535301208496094,5,5,1,-5.075914181768894,3.623882219195366,0
google/gemma-2-2b-it,adjective_agreement_0009,adjective_agreement,"neut noun, masc adj",-48.14008331298828,-50.648040771484375,7,7,1,-6.719024775549769,5.614538252353668,0
google/gemma-2-2b-it,adjective_agreement_0010,adjective_agreement,"masc noun, neut adj",-53.8679313659668,-62.09313201904297,8,8,1,-3.1641940027475357,5.7152531035244465,1
google/gemma-2-2b-it,adjective_agreement_0011,adjective_agreement,"femn noun, masc adj",-45.84242248535156,-47.7746696472168,6,7,1,-4.45724668353796,5.765649812296033,1
google/gemma-2-2b-it,adjective_agreement_0012,adjective_agreement,"masc noun, neut adj",-50.56273651123047,-54.58911895751953,10,11,1,6.220779299736023,5.76511787623167,1
google/gemma-2-2b-it,adjective_agreement_0013,adjective_agreement,"masc noun, neut adj",-36.129188537597656,-43.24396514892578,7,7,1,-4.37096805870533,7.26923444122076,1
google/gemma-2-2b-it,adjective_agreement_0014,adjective_agreement,"neut noun, femn adj",-51.69559860229492,-54.344932556152344,5,5,1,3.7903583645820618,3.9476051926612854,1
google/gemma-2-2b-it,adjective_agreement_0015,adjective_agreement,"neut noun, masc adj",-45.665122985839844,-48.08567810058594,10,9,1,-4.6264353431761265,1.0738010108470917,0
google/gemma-2-2b-it,adjective_agreement_0016,adjective_agreement,"neut noun, femn adj",-44.4761962890625,-50.44310760498047,5,5,1,5.940197736024857,4.60933306068182,1
google/gemma-2-2b-it,adjective_agreement_0017,adjective_agreement,"neut noun, femn adj",-50.032859802246094,-50.313560485839844,7,6,1,-0.3758334517478943,5.472989901900291,1
google/gemma-2-2b-it,adjective_agreement_0018,adjective_agreement,"neut noun, femn adj",-47.78775405883789,-51.56731414794922,5,5,1,6.6507588326931,0.4564189910888672,1
google/gemma-2-2b-it,adjective_agreement_0019,adjective_agreement,"neut noun, masc adj",-50.81697082519531,-52.35872268676758,10,9,1,-6.169447023421526,4.7678042352199554,0
google/gemma-2-2b-it,adjective_agreement_0020,adjective_agreement,"neut noun, masc adj",-48.674842834472656,-48.87671661376953,6,6,1,-4.899280741810799,1.8318005204200745,0
google/gemma-2-2b-it,adjective_agreement_0021,adjective_agreement,"masc noun, femn adj",-40.62147903442383,-44.83978271484375,6,6,1,7.570616886019707,7.94114794768393,1
google/gemma-2-2b-it,adjective_agreement_0022,adjective_agreement,"femn noun, masc adj",-55.08704376220703,-62.314048767089844,6,6,1,-6.293092856183648,6.685163347050548,1
google/gemma-2-2b-it,adjective_agreement_0023,adjective_agreement,"femn noun, neut adj",-54.01644515991211,-55.912254333496094,5,6,1,-3.0256329029798508,5.322068940848112,1
google/gemma-2-2b-it,adjective_agreement_0024,adjective_agreement,"femn noun, masc adj",-46.047393798828125,-52.65481185913086,6,5,1,-3.136808305978775,5.154699418693781,1
google/gemma-2-2b-it,adjective_agreement_0025,adjective_agreement,"femn noun, neut adj",-43.748416900634766,-45.760284423828125,6,6,1,-5.9381124172359705,6.563567876815796,1
google/gemma-2-2b-it,adjective_agreement_0026,adjective_agreement,"femn noun, neut adj",-52.23517608642578,-58.461669921875,9,9,1,4.951802358031273,5.665885031223297,1
google/gemma-2-2b-it,adjective_agreement_0027,adjective_agreement,"femn noun, masc adj",-49.10456085205078,-56.17766571044922,6,6,1,1.2959613502025604,2.643083542585373,1
google/gemma-2-2b-it,adjective_agreement_0028,adjective_agreement,"neut noun, masc adj",-45.09591293334961,-45.2721061706543,7,6,1,-5.102545842528343,5.702663213014603,1
google/gemma-2-2b-it,adjective_agreement_0029,adjective_agreement,"masc noun, neut adj",-40.90223693847656,-50.60289764404297,5,6,1,-5.274883192032576,6.715083844959736,1
google/gemma-2-2b-it,adjective_agreement_0030,adjective_agreement,"femn noun, neut adj",-47.28265380859375,-45.77716064453125,5,5,0,-3.676549904048443,-3.0168066024780273,0
google/gemma-2-2b-it,adjective_agreement_0031,adjective_agreement,"femn noun, masc adj",-49.9582633972168,-54.54286193847656,10,9,1,-1.7557297945022583,5.844678884372115,1
google/gemma-2-2b-it,adjective_agreement_0032,adjective_agreement,"masc noun, neut adj",-40.945316314697266,-48.61485290527344,8,8,1,1.5385895073413849,6.404330987483263,1
google/gemma-2-2b-it,adjective_agreement_0033,adjective_agreement,"femn noun, neut adj",-42.778053283691406,-49.433204650878906,6,7,1,2.1705036759376526,5.242645233869553,1
google/gemma-2-2b-it,adjective_agreement_0034,adjective_agreement,"femn noun, masc adj",-48.262691497802734,-54.92201232910156,7,6,1,-2.906823992729187,4.707424886524677,1
google/gemma-2-2b-it,adjective_agreement_0035,adjective_agreement,"femn noun, neut adj",-59.29111099243164,-60.79366683959961,9,9,1,5.622222676873207,-0.39975541830062866,1
google/gemma-2-2b-it,adjective_agreement_0036,adjective_agreement,"femn noun, neut adj",-42.832672119140625,-50.07293701171875,5,5,1,-5.190386965870857,7.026361268013716,1
google/gemma-2-2b-it,adjective_agreement_0037,adjective_agreement,"masc noun, femn adj",-51.943485260009766,-58.55683135986328,7,6,1,7.069136455655098,-3.776425465941429,1
google/gemma-2-2b-it,adjective_agreement_0038,adjective_agreement,"femn noun, masc adj",-49.89717483520508,-55.05447769165039,9,8,1,-4.0402544140815735,6.44854349642992,1
google/gemma-2-2b-it,adjective_agreement_0039,adjective_agreement,"femn noun, masc adj",-42.02849578857422,-42.847232818603516,4,5,1,-4.982561834156513,6.125096473842859,1
google/gemma-2-2b-it,adjective_agreement_0040,adjective_agreement,"neut noun, femn adj",-49.92210388183594,-53.167476654052734,10,9,1,6.955645605921745,3.8722992539405823,1
google/gemma-2-2b-it,adjective_agreement_0041,adjective_agreement,"femn noun, masc adj",-45.712501525878906,-46.983917236328125,5,5,1,-6.221401233226061,5.4734851866960526,0
google/gemma-2-2b-it,adjective_agreement_0042,adjective_agreement,"femn noun, masc adj",-42.848854064941406,-48.787322998046875,5,5,1,-4.168952956795692,5.8992054015398026,1
google/gemma-2-2b-it,adjective_agreement_0043,adjective_agreement,"masc noun, femn adj",-40.848411560058594,-49.00150680541992,7,7,1,9.090884312987328,6.685813989490271,1
google/gemma-2-2b-it,adjective_agreement_0044,adjective_agreement,"neut noun, masc adj",-53.00566864013672,-51.248756408691406,11,11,0,-6.3726366348564625,3.4601916447281837,0
google/gemma-2-2b-it,adjective_agreement_0045,adjective_agreement,"masc noun, neut adj",-48.05290222167969,-51.611534118652344,6,7,1,-2.489503800868988,5.54912006482482,1
google/gemma-2-2b-it,adjective_agreement_0046,adjective_agreement,"neut noun, femn adj",-64.35366821289062,-63.51988220214844,6,6,0,3.9778385013341904,4.456744119524956,1
google/gemma-2-2b-it,adjective_agreement_0047,adjective_agreement,"neut noun, masc adj",-60.10073471069336,-54.82149887084961,8,8,0,-5.944491259753704,4.998797383159399,0
google/gemma-2-2b-it,adjective_agreement_0048,adjective_agreement,"neut noun, femn adj",-60.73005676269531,-51.78327178955078,6,5,0,-0.9896583557128906,5.088196009397507,1
google/gemma-2-2b-it,adjective_agreement_0049,adjective_agreement,"femn noun, neut adj",-49.68195343017578,-52.83999252319336,8,8,1,1.211978942155838,5.245218068361282,1
google/gemma-2-2b-it,adjective_agreement_0050,adjective_agreement,"masc noun, neut adj",-49.01914596557617,-53.90923309326172,10,10,1,1.7109050750732422,2.612012892961502,1
google/gemma-2-2b-it,adjective_agreement_0051,adjective_agreement,"masc noun, neut adj",-51.06715393066406,-56.294857025146484,10,10,1,7.667679786682129,3.5894679129123688,1
google/gemma-2-2b-it,adjective_agreement_0052,adjective_agreement,"femn noun, neut adj",-52.606014251708984,-59.23663330078125,7,7,1,1.993295669555664,5.303204532712698,1
google/gemma-2-2b-it,adjective_agreement_0053,adjective_agreement,"femn noun, masc adj",-50.8150749206543,-57.40380096435547,9,8,1,-5.992251183837652,6.429118949919939,1
google/gemma-2-2b-it,adjective_agreement_0054,adjective_agreement,"neut noun, masc adj",-55.74558639526367,-49.415855407714844,8,8,0,-7.121729109436274,2.895164594054222,0
google/gemma-2-2b-it,adjective_agreement_0055,adjective_agreement,"femn noun, masc adj",-43.720054626464844,-51.218177795410156,7,6,1,-2.160692200064659,4.027616612613201,1
google/gemma-2-2b-it,adjective_agreement_0056,adjective_agreement,"masc noun, femn adj",-46.99951171875,-51.747650146484375,8,7,1,2.2998334169387817,4.040005624294281,1
google/gemma-2-2b-it,adjective_agreement_0057,adjective_agreement,"masc noun, femn adj",-59.06623077392578,-58.739830017089844,10,9,0,9.396814838051796,-7.576960377395153,1
google/gemma-2-2b-it,adjective_agreement_0058,adjective_agreement,"masc noun, neut adj",-45.436832427978516,-46.364830017089844,6,5,1,-3.242780663073063,5.3320409171283245,1
google/gemma-2-2b-it,adjective_agreement_0059,adjective_agreement,"femn noun, neut adj",-52.089561462402344,-61.73426818847656,6,6,1,-5.816825799643993,7.216173408553004,1
google/gemma-2-2b-it,adjective_agreement_0060,adjective_agreement,"femn noun, neut adj",-49.279197692871094,-59.34225082397461,9,9,1,1.9800910651683807,7.082802718505263,1
google/gemma-2-2b-it,adjective_agreement_0061,adjective_agreement,"masc noun, neut adj",-53.095802307128906,-54.25774383544922,7,6,1,6.15914511680603,-0.9787444472312927,1
google/gemma-2-2b-it,adjective_agreement_0062,adjective_agreement,"femn noun, neut adj",-52.93444061279297,-56.64153289794922,6,6,1,-5.002909559756517,6.011486912146211,1
google/gemma-2-2b-it,adjective_agreement_0063,adjective_agreement,"femn noun, neut adj",-48.880165100097656,-56.685462951660156,6,6,1,-3.9451159238815308,5.760553527623415,1
google/gemma-2-2b-it,adjective_agreement_0064,adjective_agreement,"femn noun, masc adj",-44.62785720825195,-47.83378601074219,8,8,1,-0.2456817626953125,3.396049492061138,1
google/gemma-2-2b-it,adjective_agreement_0065,adjective_agreement,"femn noun, masc adj",-47.01270294189453,-49.01792907714844,8,8,1,0.0078067779541015625,4.612543195486069,1
google/gemma-2-2b-it,adjective_agreement_0066,adjective_agreement,"masc noun, neut adj",-47.209999084472656,-52.18836212158203,8,8,1,6.2454672902822495,5.322614587843418,1
google/gemma-2-2b-it,adjective_agreement_0067,adjective_agreement,"neut noun, masc adj",-47.045204162597656,-46.944847106933594,5,5,0,-6.457380322739482,-1.7437133193016052,0
google/gemma-2-2b-it,adjective_agreement_0068,adjective_agreement,"femn noun, neut adj",-38.72404098510742,-45.48009490966797,4,5,1,-5.268173199146986,5.854550171643496,1
google/gemma-2-2b-it,adjective_agreement_0069,adjective_agreement,"femn noun, masc adj",-50.54990005493164,-54.450416564941406,10,9,1,-2.785264953970909,4.711692709475756,1
google/gemma-2-2b-it,adjective_agreement_0070,adjective_agreement,"femn noun, neut adj",-49.04177474975586,-51.91590881347656,6,7,1,2.6911869645118713,5.838716447353363,1
google/gemma-2-2b-it,adjective_agreement_0071,adjective_agreement,"masc noun, neut adj",-47.67561340332031,-58.40970230102539,7,7,1,0.2875175476074219,5.616169802844524,1
google/gemma-2-2b-it,adjective_agreement_0072,adjective_agreement,"femn noun, masc adj",-53.97856140136719,-60.05253601074219,5,6,1,2.071760267019272,-6.131210267543793,0
google/gemma-2-2b-it,adjective_agreement_0073,adjective_agreement,"masc noun, femn adj",-51.14889144897461,-55.799774169921875,10,10,1,7.637715190649033,2.9170113056898117,1
google/gemma-2-2b-it,adjective_agreement_0074,adjective_agreement,"masc noun, femn adj",-45.040733337402344,-48.889984130859375,6,6,1,7.106798067688942,6.150089142844081,1
google/gemma-2-2b-it,adjective_agreement_0075,adjective_agreement,"neut noun, femn adj",-46.79220962524414,-47.23396301269531,7,7,1,5.000782936811447,0.748443603515625,1
google/gemma-2-2b-it,adjective_agreement_0076,adjective_agreement,"femn noun, masc adj",-51.89459228515625,-54.64100646972656,8,9,1,-5.376617461442947,5.024478767067194,0
google/gemma-2-2b-it,adjective_agreement_0077,adjective_agreement,"masc noun, neut adj",-44.43029022216797,-56.188262939453125,6,7,1,-3.7946281880140305,6.802583750337362,1
google/gemma-2-2b-it,adjective_agreement_0078,adjective_agreement,"masc noun, femn adj",-38.29198455810547,-49.9366455078125,6,5,1,10.074558705091476,7.660958191379905,1
google/gemma-2-2b-it,adjective_agreement_0079,adjective_agreement,"neut noun, femn adj",-45.642051696777344,-52.163639068603516,5,5,1,6.426334396004677,4.835661128163338,1
google/gemma-2-2b-it,adjective_agreement_0080,adjective_agreement,"masc noun, femn adj",-43.033912658691406,-45.99388885498047,6,6,1,7.446628719568253,5.919745404273272,1
google/gemma-2-2b-it,adjective_agreement_0081,adjective_agreement,"masc noun, neut adj",-52.24835205078125,-54.935646057128906,7,7,1,3.562019243836403,7.381681355647743,1
google/gemma-2-2b-it,adjective_agreement_0082,adjective_agreement,"femn noun, neut adj",-43.131927490234375,-48.55775833129883,5,5,1,8.035636931657791,6.374797776341438,1
google/gemma-2-2b-it,adjective_agreement_0083,adjective_agreement,"femn noun, masc adj",-49.56345748901367,-50.39541244506836,6,6,1,-5.482288263738155,3.112869158387184,0
google/gemma-2-2b-it,adjective_agreement_0084,adjective_agreement,"masc noun, neut adj",-55.92315673828125,-61.09607696533203,7,7,1,6.993912622332573,8.285236228257418,1
google/gemma-2-2b-it,adjective_agreement_0085,adjective_agreement,"femn noun, neut adj",-51.195247650146484,-60.644020080566406,10,10,1,6.739235818386078,4.5353620909154415,1
google/gemma-2-2b-it,adjective_agreement_0086,adjective_agreement,"neut noun, masc adj",-43.934295654296875,-51.61936950683594,6,7,1,-5.527705106884241,5.122233495116234,0
google/gemma-2-2b-it,adjective_agreement_0087,adjective_agreement,"masc noun, femn adj",-57.28700256347656,-59.2566032409668,7,7,1,6.355348765850067,7.0329321678727865,1
google/gemma-2-2b-it,adjective_agreement_0088,adjective_agreement,"neut noun, masc adj",-52.23377990722656,-57.54647445678711,6,7,1,-4.609510339796543,6.04075045697391,1
google/gemma-2-2b-it,adjective_agreement_0089,adjective_agreement,"neut noun, femn adj",-40.91973114013672,-41.07680892944336,7,7,1,-4.713330164551735,5.383275937289,1
google/gemma-2-2b-it,adjective_agreement_0090,adjective_agreement,"neut noun, femn adj",-50.12640380859375,-51.975318908691406,8,8,1,-4.951799314469099,-2.603803649544716,0
google/gemma-2-2b-it,adjective_agreement_0091,adjective_agreement,"neut noun, femn adj",-43.72864532470703,-47.698577880859375,4,4,1,7.993913769721985,5.381633680313826,1
google/gemma-2-2b-it,adjective_agreement_0092,adjective_agreement,"femn noun, neut adj",-48.39776611328125,-55.20969009399414,7,7,1,-2.523357465863228,4.44272617995739,1
google/gemma-2-2b-it,adjective_agreement_0093,adjective_agreement,"femn noun, masc adj",-48.313812255859375,-54.25873565673828,7,7,1,-0.7713221907615662,3.648475617170334,1
google/gemma-2-2b-it,adjective_agreement_0094,adjective_agreement,"neut noun, masc adj",-34.97721862792969,-38.13170623779297,6,5,1,-5.03490336984396,4.615966759622097,0
google/gemma-2-2b-it,adjective_agreement_0095,adjective_agreement,"femn noun, neut adj",-53.917606353759766,-60.175045013427734,7,7,1,-4.516271650791168,4.279699340462685,0
google/gemma-2-2b-it,adjective_agreement_0096,adjective_agreement,"femn noun, neut adj",-45.64933776855469,-52.68167495727539,6,6,1,2.328634202480316,6.440985815599561,1
google/gemma-2-2b-it,adjective_agreement_0097,adjective_agreement,"femn noun, neut adj",-51.92219924926758,-57.968345642089844,6,6,1,4.719809502363205,5.8538495525717735,1
google/gemma-2-2b-it,adjective_agreement_0098,adjective_agreement,"neut noun, femn adj",-60.00276565551758,-55.36925506591797,7,6,0,-1.4072208404541016,5.663727901875973,1
google/gemma-2-2b-it,adjective_agreement_0099,adjective_agreement,"masc noun, neut adj",-52.6496467590332,-55.07698440551758,10,10,1,7.395356401801109,-1.8397866189479828,1
google/gemma-2-2b-it,adjective_agreement_0100,adjective_agreement,"femn noun, neut adj",-44.29539489746094,-52.39262390136719,7,7,1,0.2827110290527344,7.118698243051767,1
google/gemma-2-2b-it,adjective_agreement_0101,adjective_agreement,"neut noun, femn adj",-49.31447982788086,-51.677188873291016,7,7,1,-3.8129730224609375,-0.3509102463722229,0
google/gemma-2-2b-it,adjective_agreement_0102,adjective_agreement,"femn noun, masc adj",-41.36714172363281,-46.77150344848633,5,5,1,-4.509829550981522,5.055239550769329,1
google/gemma-2-2b-it,adjective_agreement_0103,adjective_agreement,"masc noun, neut adj",-46.89678192138672,-51.00669860839844,11,11,1,7.660548061132431,5.051572650671005,1
google/gemma-2-2b-it,adjective_agreement_0104,adjective_agreement,"femn noun, neut adj",-50.604637145996094,-59.36520767211914,10,10,1,3.6026182174682617,6.9868812039494514,1
google/gemma-2-2b-it,adjective_agreement_0105,adjective_agreement,"masc noun, femn adj",-57.654659271240234,-60.731204986572266,8,7,1,-1.9354610443115234,5.247208472341299,1
google/gemma-2-2b-it,adjective_agreement_0106,adjective_agreement,"neut noun, femn adj",-46.19337463378906,-47.25481414794922,6,5,1,-3.3135375380516052,4.935853756964207,1
google/gemma-2-2b-it,adjective_agreement_0107,adjective_agreement,"femn noun, masc adj",-50.510169982910156,-52.759674072265625,6,6,1,-6.226167608052492,5.189436726272106,0
google/gemma-2-2b-it,adjective_agreement_0108,adjective_agreement,"femn noun, masc adj",-51.73284149169922,-53.79570007324219,5,6,1,-5.095144249498844,6.922798255458474,1
google/gemma-2-2b-it,adjective_agreement_0109,adjective_agreement,"neut noun, femn adj",-54.33019256591797,-56.593658447265625,6,6,1,1.4753265678882599,5.910514663904905,1
google/gemma-2-2b-it,adjective_agreement_0110,adjective_agreement,"femn noun, neut adj",-61.54833984375,-64.3299789428711,7,7,1,-0.1986408233642578,-3.568329870700836,0
google/gemma-2-2b-it,adjective_agreement_0111,adjective_agreement,"masc noun, neut adj",-39.68813705444336,-41.99610900878906,6,6,1,-2.7944850474596024,4.4320810586214066,1
google/gemma-2-2b-it,adjective_agreement_0112,adjective_agreement,"masc noun, neut adj",-47.95953369140625,-55.76371383666992,10,10,1,5.912711337208748,5.8242389392107725,1
google/gemma-2-2b-it,adjective_agreement_0113,adjective_agreement,"masc noun, femn adj",-59.92457580566406,-61.814674377441406,10,10,1,9.61828650534153,5.488743826746941,1
google/gemma-2-2b-it,adjective_agreement_0114,adjective_agreement,"masc noun, neut adj",-47.39310073852539,-49.502960205078125,7,6,1,-6.247632823884487,6.865222986787558,1
google/gemma-2-2b-it,adjective_agreement_0115,adjective_agreement,"femn noun, masc adj",-46.263092041015625,-56.00558090209961,6,5,1,-2.9863318353891373,5.495774433016777,1
google/gemma-2-2b-it,adjective_agreement_0116,adjective_agreement,"masc noun, femn adj",-49.12996292114258,-52.959678649902344,6,6,1,8.060903698205948,6.7520897053182125,1
google/gemma-2-2b-it,adjective_agreement_0117,adjective_agreement,"femn noun, masc adj",-42.80036926269531,-49.35602951049805,6,7,1,-5.6728924959897995,5.321272866800427,0
google/gemma-2-2b-it,adjective_agreement_0118,adjective_agreement,"femn noun, masc adj",-48.34696960449219,-54.08445739746094,6,6,1,-4.764222335070372,5.610265798866749,1
google/gemma-2-2b-it,adjective_agreement_0119,adjective_agreement,"femn noun, masc adj",-49.13684844970703,-54.6514892578125,9,8,1,-1.360750138759613,5.213718194514513,1
google/gemma-2-2b-it,adjective_agreement_0120,adjective_agreement,"neut noun, femn adj",-56.42816162109375,-60.221832275390625,6,6,1,2.2020274102687836,0.8528385758399963,1
google/gemma-2-2b-it,adjective_agreement_0121,adjective_agreement,"neut noun, masc adj",-50.09349822998047,-50.71063995361328,7,7,1,-5.529689688235521,1.6269645988941193,0
google/gemma-2-2b-it,adjective_agreement_0122,adjective_agreement,"neut noun, femn adj",-50.895469665527344,-53.841407775878906,11,11,1,1.4752598404884338,-1.3588905036449432,1
google/gemma-2-2b-it,adjective_agreement_0123,adjective_agreement,"masc noun, femn adj",-49.84475326538086,-54.03759002685547,7,7,1,6.9443817883729935,3.8272648230195045,1
google/gemma-2-2b-it,adjective_agreement_0124,adjective_agreement,"neut noun, femn adj",-53.649009704589844,-59.079437255859375,9,9,1,7.617976054549217,4.459396496415138,1
google/gemma-2-2b-it,adjective_agreement_0125,adjective_agreement,"femn noun, neut adj",-49.29315948486328,-54.39215850830078,6,7,1,-4.889032386243343,5.7118395157158375,1
google/gemma-2-2b-it,adjective_agreement_0126,adjective_agreement,"femn noun, neut adj",-51.43519592285156,-59.05765914916992,9,9,1,3.776997596025467,6.361470939591527,1
google/gemma-2-2b-it,adjective_agreement_0127,adjective_agreement,"femn noun, masc adj",-55.59386444091797,-58.03297424316406,5,6,1,3.695262983441353,-6.837357670068741,0
google/gemma-2-2b-it,adjective_agreement_0128,adjective_agreement,"femn noun, neut adj",-42.68682861328125,-54.656986236572266,6,6,1,-2.31885726749897,6.454559180885553,1
google/gemma-2-2b-it,adjective_agreement_0129,adjective_agreement,"neut noun, femn adj",-44.081298828125,-46.999656677246094,6,6,1,6.001449763774872,4.916707135736942,1
google/gemma-2-2b-it,adjective_agreement_0130,adjective_agreement,"masc noun, femn adj",-52.73072052001953,-57.324676513671875,7,7,1,3.12745201587677,8.011457649990916,1
google/gemma-2-2b-it,adjective_agreement_0131,adjective_agreement,"neut noun, masc adj",-53.32878494262695,-49.277099609375,11,11,0,-6.03808955848217,-7.35728158056736,0
google/gemma-2-2b-it,adjective_agreement_0132,adjective_agreement,"neut noun, masc adj",-58.54070281982422,-61.58373260498047,8,9,1,-4.865045361220837,6.113667506724596,1
google/gemma-2-2b-it,adjective_agreement_0133,adjective_agreement,"neut noun, masc adj",-50.241241455078125,-53.30305480957031,10,9,1,-4.937220357358456,1.3602084815502167,0
google/gemma-2-2b-it,adjective_agreement_0134,adjective_agreement,"femn noun, masc adj",-51.42390060424805,-55.50590515136719,10,9,1,-5.9613153748214245,6.2959344405680895,1
google/gemma-2-2b-it,adjective_agreement_0135,adjective_agreement,"masc noun, femn adj",-45.12632751464844,-52.111305236816406,7,6,1,2.3227997720241547,5.717499550431967,1
google/gemma-2-2b-it,adjective_agreement_0136,adjective_agreement,"neut noun, femn adj",-50.93134307861328,-52.514442443847656,10,10,1,6.802490189671516,-0.4149608016014099,1
google/gemma-2-2b-it,adjective_agreement_0137,adjective_agreement,"femn noun, neut adj",-51.23358154296875,-56.700950622558594,7,7,1,3.854573428630829,6.06317344494164,1
google/gemma-2-2b-it,adjective_agreement_0138,adjective_agreement,"masc noun, neut adj",-56.466453552246094,-58.84041976928711,10,10,1,9.176724016666412,8.025433164089918,1
google/gemma-2-2b-it,adjective_agreement_0139,adjective_agreement,"femn noun, masc adj",-50.09684371948242,-57.54955291748047,9,10,1,-5.7707292921841145,6.812942415475845,1
google/gemma-2-2b-it,adjective_agreement_0140,adjective_agreement,"neut noun, masc adj",-46.05391311645508,-48.181060791015625,6,6,1,-5.4806240648031235,4.641616612672806,0
google/gemma-2-2b-it,adjective_agreement_0141,adjective_agreement,"femn noun, masc adj",-46.121986389160156,-54.90029525756836,6,5,1,-3.7657165229320526,5.668111614882946,1
google/gemma-2-2b-it,adjective_agreement_0142,adjective_agreement,"neut noun, femn adj",-51.3642578125,-57.62841796875,6,6,1,1.920207917690277,2.4272633641958237,1
google/gemma-2-2b-it,adjective_agreement_0143,adjective_agreement,"femn noun, masc adj",-51.06464767456055,-57.640235900878906,9,9,1,-6.236606704071164,5.729829914867878,0
google/gemma-2-2b-it,adjective_agreement_0144,adjective_agreement,"femn noun, masc adj",-52.16447830200195,-58.532440185546875,6,7,1,-4.8056467324495316,7.093006271868944,1
google/gemma-2-2b-it,adjective_agreement_0145,adjective_agreement,"masc noun, femn adj",-48.10581970214844,-54.418678283691406,7,7,1,4.483623534440994,5.154030699282885,1
google/gemma-2-2b-it,adjective_agreement_0146,adjective_agreement,"femn noun, neut adj",-43.77568435668945,-47.836883544921875,4,5,1,-4.496579997241497,6.246840428560972,1
google/gemma-2-2b-it,adjective_agreement_0147,adjective_agreement,"femn noun, masc adj",-42.60789489746094,-46.7591438293457,4,5,1,-2.4268760979175568,7.242299294099212,1
google/gemma-2-2b-it,adjective_agreement_0148,adjective_agreement,"femn noun, masc adj",-47.754791259765625,-51.734619140625,7,7,1,-0.24854660034179688,3.2309474050998688,1
google/gemma-2-2b-it,adjective_agreement_0149,adjective_agreement,"neut noun, femn adj",-41.111900329589844,-45.96876525878906,6,6,1,0.7652873396873474,5.4341003857553005,1
google/gemma-2-2b-it,adjective_agreement_0150,adjective_agreement,"masc noun, neut adj",-59.75188064575195,-66.1996841430664,7,7,1,2.6200839281082153,6.5025632958859205,1
google/gemma-2-2b-it,adjective_agreement_0151,adjective_agreement,"femn noun, masc adj",-48.69087219238281,-46.01148223876953,5,6,0,2.1741256415843964,-2.028799146413803,1
google/gemma-2-2b-it,adjective_agreement_0152,adjective_agreement,"neut noun, masc adj",-54.17863845825195,-58.68644714355469,9,9,1,-1.592695266008377,-0.3643226623535156,0
google/gemma-2-2b-it,adjective_agreement_0153,adjective_agreement,"femn noun, masc adj",-45.720062255859375,-53.335784912109375,6,6,1,-7.78273868560791,5.744829013943672,0
google/gemma-2-2b-it,adjective_agreement_0154,adjective_agreement,"neut noun, femn adj",-46.1767578125,-49.75843048095703,9,9,1,7.754375591874123,2.850967288017273,1
google/gemma-2-2b-it,adjective_agreement_0155,adjective_agreement,"masc noun, femn adj",-38.85899353027344,-41.076942443847656,7,6,1,0.7340201735496521,4.64302808791399,1
google/gemma-2-2b-it,adjective_agreement_0156,adjective_agreement,"neut noun, femn adj",-56.38771057128906,-52.31162643432617,11,11,0,-5.142559919506311,-7.03618723154068,0
google/gemma-2-2b-it,adjective_agreement_0157,adjective_agreement,"neut noun, femn adj",-57.24013900756836,-50.425811767578125,8,8,0,-7.337230868637562,2.0115679800510406,0
google/gemma-2-2b-it,adjective_agreement_0158,adjective_agreement,"neut noun, femn adj",-58.06544494628906,-56.5922966003418,7,7,0,-0.6310157179832458,6.078882247209549,1
google/gemma-2-2b-it,adjective_agreement_0159,adjective_agreement,"femn noun, neut adj",-51.472408294677734,-54.23847198486328,6,7,1,-3.7478388622403145,5.67667406052351,1
google/gemma-2-2b-it,adjective_agreement_0160,adjective_agreement,"masc noun, neut adj",-37.18963623046875,-41.62757873535156,7,7,1,7.698417603969574,6.343901429325342,1
google/gemma-2-2b-it,adjective_agreement_0161,adjective_agreement,"neut noun, femn adj",-52.76336669921875,-53.73970031738281,11,11,1,6.590650737285614,-4.97353757917881,1
google/gemma-2-2b-it,adjective_agreement_0162,adjective_agreement,"femn noun, masc adj",-40.88140106201172,-45.227149963378906,5,6,1,-5.346666369587183,5.889305282384157,1
google/gemma-2-2b-it,adjective_agreement_0163,adjective_agreement,"masc noun, neut adj",-43.54764938354492,-49.77297592163086,6,7,1,-4.164746284484863,5.557212067767978,1
google/gemma-2-2b-it,adjective_agreement_0164,adjective_agreement,"masc noun, neut adj",-51.306007385253906,-57.52180862426758,6,7,1,4.992967396974564,6.029847016558051,1
google/gemma-2-2b-it,adjective_agreement_0165,adjective_agreement,"femn noun, neut adj",-39.463016510009766,-52.60792541503906,5,5,1,-0.4387702941894531,7.229221167974174,1
google/gemma-2-2b-it,adjective_agreement_0166,adjective_agreement,"femn noun, masc adj",-47.77824401855469,-50.27764129638672,5,6,1,-6.258837755769491,6.469255343079567,1
google/gemma-2-2b-it,adjective_agreement_0167,adjective_agreement,"femn noun, masc adj",-49.530147552490234,-52.30249786376953,8,9,1,-1.5676708817481995,5.545214790850878,1
google/gemma-2-2b-it,adjective_agreement_0168,adjective_agreement,"femn noun, neut adj",-50.248172760009766,-53.78378677368164,10,11,1,4.653332695364952,1.0244274139404297,1
google/gemma-2-2b-it,adjective_agreement_0169,adjective_agreement,"neut noun, masc adj",-51.93422317504883,-54.825050354003906,9,9,1,-3.7328014373779297,0.8856239318847656,0
google/gemma-2-2b-it,adjective_agreement_0170,adjective_agreement,"femn noun, neut adj",-49.328041076660156,-53.768653869628906,7,7,1,2.5244645923376083,5.255143951624632,1
google/gemma-2-2b-it,adjective_agreement_0171,adjective_agreement,"femn noun, masc adj",-47.252708435058594,-52.885643005371094,6,6,1,-1.0096092820167542,3.5145245045423508,1
google/gemma-2-2b-it,adjective_agreement_0172,adjective_agreement,"neut noun, femn adj",-50.51750946044922,-54.730201721191406,6,6,1,4.434248000383377,1.5938681960105896,1
google/gemma-2-2b-it,adjective_agreement_0173,adjective_agreement,"neut noun, femn adj",-58.27567672729492,-61.1884880065918,8,8,1,-4.447469778358936,5.17238512635231,1
google/gemma-2-2b-it,adjective_agreement_0174,adjective_agreement,"masc noun, neut adj",-51.078155517578125,-53.342674255371094,7,7,1,-1.5909099280834198,3.9167900197207928,1
google/gemma-2-2b-it,adjective_agreement_0175,adjective_agreement,"masc noun, neut adj",-40.31513977050781,-48.45348358154297,6,6,1,-2.332847610116005,7.9678059462457895,1
google/gemma-2-2b-it,adjective_agreement_0176,adjective_agreement,"femn noun, masc adj",-47.69523239135742,-53.625247955322266,6,6,1,-8.37635828088969,6.021212570369244,0
google/gemma-2-2b-it,adjective_agreement_0177,adjective_agreement,"neut noun, femn adj",-43.33118438720703,-43.81739807128906,7,6,1,4.464589059352875,2.798742190003395,1
google/gemma-2-2b-it,adjective_agreement_0178,adjective_agreement,"masc noun, femn adj",-53.061973571777344,-52.99607849121094,7,7,0,7.4138671308755875,6.041776629164815,1
google/gemma-2-2b-it,adjective_agreement_0179,adjective_agreement,"masc noun, femn adj",-49.14616394042969,-52.169193267822266,7,7,1,5.293710619211197,4.602240547537804,1
google/gemma-2-2b-it,adjective_agreement_0180,adjective_agreement,"masc noun, neut adj",-51.113609313964844,-62.019989013671875,7,8,1,-3.8410339429974556,6.170684790238738,1
google/gemma-2-2b-it,adjective_agreement_0181,adjective_agreement,"neut noun, femn adj",-47.66206359863281,-50.92509460449219,5,5,1,6.465018138289452,5.176107596606016,1
google/gemma-2-2b-it,adjective_agreement_0182,adjective_agreement,"masc noun, neut adj",-47.160030364990234,-51.999061584472656,10,11,1,7.705788478255272,6.731647603213787,1
google/gemma-2-2b-it,adjective_agreement_0183,adjective_agreement,"femn noun, masc adj",-43.656219482421875,-50.123779296875,6,5,1,-1.587068498134613,3.867096818983555,1
google/gemma-2-2b-it,adjective_agreement_0184,adjective_agreement,"masc noun, femn adj",-52.5880126953125,-53.08148193359375,7,7,1,5.173492357134819,0.9527969360351562,1
google/gemma-2-2b-it,adjective_agreement_0185,adjective_agreement,"femn noun, masc adj",-51.78268814086914,-53.82774353027344,10,10,1,2.6538639664649963,1.1901569962501526,1
google/gemma-2-2b-it,adjective_agreement_0186,adjective_agreement,"neut noun, masc adj",-46.10860824584961,-48.5847053527832,7,6,1,-4.917587328702211,3.2296867966651917,0
google/gemma-2-2b-it,adjective_agreement_0187,adjective_agreement,"femn noun, masc adj",-52.788021087646484,-56.340965270996094,9,10,1,-4.994112111628056,7.75267418473959,1
google/gemma-2-2b-it,adjective_agreement_0188,adjective_agreement,"femn noun, masc adj",-57.104061126708984,-59.15321731567383,8,8,1,-2.124891296029091,2.9264163225889206,1
google/gemma-2-2b-it,adjective_agreement_0189,adjective_agreement,"femn noun, neut adj",-43.99290084838867,-52.639793395996094,7,7,1,2.666243612766266,5.667594108730555,1
google/gemma-2-2b-it,adjective_agreement_0190,adjective_agreement,"femn noun, neut adj",-47.64234161376953,-53.54020690917969,6,6,1,6.202290326356888,5.314975839108229,1
google/gemma-2-2b-it,adjective_agreement_0191,adjective_agreement,"masc noun, neut adj",-55.55899429321289,-59.01815414428711,11,10,1,-5.309304982423782,4.501821339130402,0
google/gemma-2-2b-it,adjective_agreement_0192,adjective_agreement,"femn noun, neut adj",-50.71083068847656,-54.46472930908203,7,7,1,-4.718200746923685,5.581807933747768,1
google/gemma-2-2b-it,adjective_agreement_0193,adjective_agreement,"masc noun, femn adj",-52.13821792602539,-57.617271423339844,11,11,1,8.718640089035034,5.329513501375914,1
google/gemma-2-2b-it,adjective_agreement_0194,adjective_agreement,"neut noun, femn adj",-66.9627685546875,-62.48517990112305,7,6,0,-1.1899890899658203,5.555690836161375,1
google/gemma-2-2b-it,adjective_agreement_0195,adjective_agreement,"neut noun, femn adj",-41.8243408203125,-44.2625846862793,7,7,1,-1.694269210100174,5.2241781540215015,1
google/gemma-2-2b-it,adjective_agreement_0196,adjective_agreement,"masc noun, neut adj",-49.75282287597656,-55.379615783691406,7,7,1,2.5423851311206818,7.6574725760146976,1
google/gemma-2-2b-it,adjective_agreement_0197,adjective_agreement,"femn noun, masc adj",-51.34820556640625,-53.43009567260742,6,7,1,-4.2956666722893715,6.319544959813356,1
google/gemma-2-2b-it,adjective_agreement_0198,adjective_agreement,"neut noun, femn adj",-56.59392166137695,-50.185386657714844,8,8,0,-2.1817645728588104,4.0213640704751015,1
google/gemma-2-2b-it,adjective_agreement_0199,adjective_agreement,"femn noun, masc adj",-50.55266189575195,-55.56647491455078,7,7,1,-3.3704528212547302,4.515461880713701,1
google/gemma-2-2b-it,adjective_agreement_0200,adjective_agreement,"neut noun, femn adj",-65.74592590332031,-60.77833938598633,7,7,0,1.403924971818924,3.8760128170251846,1
google/gemma-2-2b-it,adjective_agreement_0201,adjective_agreement,"neut noun, femn adj",-51.33038330078125,-51.881473541259766,7,7,1,3.9903870224952698,0.8190785050392151,1
google/gemma-2-2b-it,adjective_agreement_0202,adjective_agreement,"masc noun, neut adj",-42.95332336425781,-49.499717712402344,7,7,1,6.310395985841751,6.454903559759259,1
google/gemma-2-2b-it,adjective_agreement_0203,adjective_agreement,"masc noun, neut adj",-45.00359344482422,-47.67321014404297,6,7,1,-4.383063107728958,6.002053242176771,1
google/gemma-2-2b-it,adjective_agreement_0204,adjective_agreement,"neut noun, femn adj",-51.06187438964844,-53.77764129638672,7,7,1,-0.30670166015625,6.272384740412235,1
google/gemma-2-2b-it,adjective_agreement_0205,adjective_agreement,"femn noun, neut adj",-46.02393341064453,-50.66924285888672,7,7,1,7.470536470413208,5.490818105638027,1
google/gemma-2-2b-it,adjective_agreement_0206,adjective_agreement,"neut noun, femn adj",-52.62381362915039,-54.59471893310547,11,11,1,6.9811393320560455,-2.708757296204567,1
google/gemma-2-2b-it,adjective_agreement_0207,adjective_agreement,"femn noun, neut adj",-58.768043518066406,-56.7073974609375,10,10,0,7.09871269762516,-4.393144607543945,1
google/gemma-2-2b-it,adjective_agreement_0208,adjective_agreement,"neut noun, masc adj",-62.396240234375,-60.60853576660156,7,8,0,-1.3674163222312927,4.571657184511423,1
google/gemma-2-2b-it,adjective_agreement_0209,adjective_agreement,"femn noun, masc adj",-57.887062072753906,-60.979671478271484,7,7,1,-5.991538766771555,7.772787986323237,1
google/gemma-2-2b-it,adjective_agreement_0210,adjective_agreement,"masc noun, femn adj",-50.059234619140625,-54.34823989868164,11,10,1,2.483664408326149,5.803563257679343,1
google/gemma-2-2b-it,adjective_agreement_0211,adjective_agreement,"masc noun, neut adj",-44.42723083496094,-54.12193298339844,7,7,1,3.366894692182541,6.997176975011826,1
google/gemma-2-2b-it,adjective_agreement_0212,adjective_agreement,"femn noun, masc adj",-53.921470642089844,-62.811187744140625,6,6,1,-6.281035494059324,6.529016708955169,1
google/gemma-2-2b-it,adjective_agreement_0213,adjective_agreement,"neut noun, femn adj",-43.570499420166016,-46.124244689941406,6,5,1,3.401585578918457,6.138465743511915,1
google/gemma-2-2b-it,adjective_agreement_0214,adjective_agreement,"neut noun, masc adj",-57.50160217285156,-60.31087112426758,7,7,1,-7.836381867527962,7.318828657269478,0
google/gemma-2-2b-it,adjective_agreement_0215,adjective_agreement,"masc noun, femn adj",-51.289268493652344,-50.936012268066406,8,8,0,5.508266270160675,8.21798862889409,1
google/gemma-2-2b-it,adjective_agreement_0216,adjective_agreement,"neut noun, masc adj",-47.37163543701172,-53.23466873168945,6,6,1,-5.823882196098566,4.061598643660545,0
google/gemma-2-2b-it,adjective_agreement_0217,adjective_agreement,"neut noun, femn adj",-51.1416015625,-53.28245162963867,7,7,1,2.9360228180885315,1.8554345071315765,1
google/gemma-2-2b-it,adjective_agreement_0218,adjective_agreement,"femn noun, neut adj",-55.23649597167969,-52.297027587890625,7,7,0,2.6240825951099396,-2.1582555770874023,1
google/gemma-2-2b-it,adjective_agreement_0219,adjective_agreement,"masc noun, neut adj",-52.33726501464844,-58.827781677246094,12,11,1,-4.0169278755784035,4.21091090887785,1
google/gemma-2-2b-it,adjective_agreement_0220,adjective_agreement,"masc noun, femn adj",-58.56480407714844,-63.638145446777344,10,9,1,8.910694636404514,-7.929598867893219,1
google/gemma-2-2b-it,adjective_agreement_0221,adjective_agreement,"neut noun, masc adj",-53.208377838134766,-51.769996643066406,11,10,0,-5.495756262913346,4.873737331479788,0
google/gemma-2-2b-it,adjective_agreement_0222,adjective_agreement,"femn noun, masc adj",-55.20270538330078,-60.22950744628906,6,6,1,-7.97982694208622,7.143177857622504,0
google/gemma-2-2b-it,adjective_agreement_0223,adjective_agreement,"neut noun, masc adj",-41.709617614746094,-40.795127868652344,7,7,0,-7.432921452447772,6.246280485764146,0
google/gemma-2-2b-it,adjective_agreement_0224,adjective_agreement,"masc noun, neut adj",-50.34859085083008,-57.99744415283203,7,7,1,7.170452058315277,6.729802303016186,1
google/gemma-2-2b-it,adjective_agreement_0225,adjective_agreement,"masc noun, neut adj",-37.931251525878906,-42.41468048095703,6,6,1,-4.208545669913292,6.151391822844744,1
google/gemma-2-2b-it,adjective_agreement_0226,adjective_agreement,"neut noun, femn adj",-61.4678840637207,-58.73471450805664,8,7,0,-4.027870237827301,5.154233161360025,1
google/gemma-2-2b-it,adjective_agreement_0227,adjective_agreement,"femn noun, masc adj",-52.30071258544922,-55.5247802734375,9,9,1,-1.1885452270507812,4.732152968645096,1
google/gemma-2-2b-it,adjective_agreement_0228,adjective_agreement,"femn noun, masc adj",-44.64392852783203,-48.92387390136719,6,6,1,-4.095030777156353,5.538066893815994,1
google/gemma-2-2b-it,adjective_agreement_0229,adjective_agreement,"masc noun, neut adj",-52.19429016113281,-50.90272903442383,8,7,0,6.458537980914116,-3.103345960378647,1
google/gemma-2-2b-it,adjective_agreement_0230,adjective_agreement,"masc noun, femn adj",-53.578529357910156,-54.88584518432617,9,10,1,3.1151456087827682,7.3190242648124695,1
google/gemma-2-2b-it,adjective_agreement_0231,adjective_agreement,"masc noun, femn adj",-53.35566711425781,-62.049747467041016,8,8,1,4.219827428460121,7.266326921060681,1
google/gemma-2-2b-it,adjective_agreement_0232,adjective_agreement,"masc noun, femn adj",-41.95098114013672,-46.990509033203125,7,7,1,8.761192694306374,5.508295968174934,1
google/gemma-2-2b-it,adjective_agreement_0233,adjective_agreement,"neut noun, masc adj",-55.582763671875,-55.48379135131836,8,8,0,-8.026497028768063,7.16943241097033,0
google/gemma-2-2b-it,adjective_agreement_0234,adjective_agreement,"masc noun, femn adj",-47.354217529296875,-50.78963088989258,7,7,1,5.289442986249924,7.182456931099296,1
google/gemma-2-2b-it,adjective_agreement_0235,adjective_agreement,"masc noun, femn adj",-48.27143859863281,-49.55610656738281,11,10,1,6.790040895342827,0.68438720703125,1
google/gemma-2-2b-it,adjective_agreement_0236,adjective_agreement,"masc noun, neut adj",-43.63975524902344,-46.076358795166016,6,5,1,3.744710847735405,6.394481575116515,1
google/gemma-2-2b-it,adjective_agreement_0237,adjective_agreement,"masc noun, femn adj",-44.31354904174805,-50.00341033935547,6,5,1,9.649986431002617,0.3260631561279297,1
google/gemma-2-2b-it,adjective_agreement_0238,adjective_agreement,"masc noun, femn adj",-45.44713592529297,-50.55908203125,6,6,1,9.181388080120087,4.793605010956526,1
google/gemma-2-2b-it,adjective_agreement_0239,adjective_agreement,"femn noun, masc adj",-43.74334716796875,-45.90528869628906,7,7,1,-0.3636741638183594,2.313739702105522,1
google/gemma-2-2b-it,adjective_agreement_0240,adjective_agreement,"femn noun, masc adj",-57.77583694458008,-60.65196990966797,8,9,1,6.949320033192635,-9.162973754107952,0
google/gemma-2-2b-it,adjective_agreement_0241,adjective_agreement,"masc noun, femn adj",-49.720130920410156,-57.074310302734375,7,7,1,3.6651610732078552,2.7896671295166016,1
google/gemma-2-2b-it,adjective_agreement_0242,adjective_agreement,"masc noun, femn adj",-46.375732421875,-48.654563903808594,9,8,1,-1.5287494957447052,4.799764763563871,1
google/gemma-2-2b-it,adjective_agreement_0243,adjective_agreement,"masc noun, neut adj",-44.10826110839844,-52.20957946777344,8,8,1,2.632558763027191,7.4504327438771725,1
google/gemma-2-2b-it,adjective_agreement_0244,adjective_agreement,"neut noun, masc adj",-42.0739860534668,-44.92144012451172,5,5,1,-5.774053618311882,3.2176264971494675,0
google/gemma-2-2b-it,adjective_agreement_0245,adjective_agreement,"neut noun, femn adj",-59.68379592895508,-56.53974151611328,6,6,0,2.8655213713645935,6.624651804566383,1
google/gemma-2-2b-it,adjective_agreement_0246,adjective_agreement,"neut noun, masc adj",-41.84144973754883,-43.719417572021484,5,5,1,-5.277421176433563,4.137465327978134,0
google/gemma-2-2b-it,adjective_agreement_0247,adjective_agreement,"masc noun, neut adj",-55.59794998168945,-61.068241119384766,10,10,1,6.086442872881889,7.817640491761267,1
google/gemma-2-2b-it,adjective_agreement_0248,adjective_agreement,"masc noun, neut adj",-37.95653533935547,-42.64572525024414,6,7,1,8.348370641469955,6.45350456237793,1
google/gemma-2-2b-it,adjective_agreement_0249,adjective_agreement,"neut noun, femn adj",-48.414573669433594,-45.15928649902344,6,6,0,-5.326996892690659,1.4955463409423828,0
google/gemma-2-2b-it,adjective_agreement_0250,adjective_agreement,"neut noun, masc adj",-52.883216857910156,-55.075767517089844,10,11,1,6.728058010339737,-4.215244308114052,1
google/gemma-2-2b-it,adjective_agreement_0251,adjective_agreement,"femn noun, neut adj",-51.557762145996094,-49.627357482910156,5,5,0,-2.8271655440330505,-4.134922027587891,0
google/gemma-2-2b-it,adjective_agreement_0252,adjective_agreement,"femn noun, neut adj",-50.178871154785156,-55.922725677490234,9,9,1,8.754562675952911,5.884997587651014,1
google/gemma-2-2b-it,adjective_agreement_0253,adjective_agreement,"femn noun, neut adj",-48.42119598388672,-53.7174072265625,7,7,1,-1.2894152998924255,5.662014113739133,1
google/gemma-2-2b-it,adjective_agreement_0254,adjective_agreement,"masc noun, femn adj",-55.3123664855957,-59.78752136230469,10,10,1,8.027687281370163,2.8459511399269104,1
google/gemma-2-2b-it,adjective_agreement_0255,adjective_agreement,"femn noun, neut adj",-41.51049041748047,-45.12777328491211,6,7,1,-3.4329185783863068,5.0504302978515625,1
google/gemma-2-2b-it,adjective_agreement_0256,adjective_agreement,"neut noun, femn adj",-43.02363967895508,-43.16429138183594,6,5,1,-2.293582856655121,5.825372502207756,1
google/gemma-2-2b-it,adjective_agreement_0257,adjective_agreement,"neut noun, masc adj",-45.87628936767578,-45.253334045410156,8,8,0,-7.418591735884547,6.117030980065465,0
google/gemma-2-2b-it,adjective_agreement_0258,adjective_agreement,"masc noun, neut adj",-57.405982971191406,-62.561119079589844,10,10,1,4.327332317829132,4.71726031973958,1
google/gemma-2-2b-it,adjective_agreement_0259,adjective_agreement,"neut noun, femn adj",-46.771278381347656,-48.67446517944336,7,7,1,-0.29091840982437134,6.274026850238442,1
google/gemma-2-2b-it,adjective_agreement_0260,adjective_agreement,"neut noun, masc adj",-51.060218811035156,-49.51719665527344,11,10,0,-5.43912798166275,2.264738008379936,0
google/gemma-2-2b-it,adjective_agreement_0261,adjective_agreement,"masc noun, femn adj",-44.88435745239258,-50.682071685791016,7,6,1,-1.7489948570728302,5.565781818702817,1
google/gemma-2-2b-it,adjective_agreement_0262,adjective_agreement,"masc noun, femn adj",-48.40178298950195,-50.68628692626953,10,10,1,7.561718717217445,7.24898817203939,1
google/gemma-2-2b-it,adjective_agreement_0263,adjective_agreement,"femn noun, masc adj",-41.08080291748047,-47.14918518066406,5,6,1,-5.780220244079828,5.490027204155922,0
google/gemma-2-2b-it,adjective_agreement_0264,adjective_agreement,"femn noun, masc adj",-51.880409240722656,-53.7808837890625,9,10,1,-3.84254452586174,4.7725180350244045,1
google/gemma-2-2b-it,adjective_agreement_0265,adjective_agreement,"masc noun, femn adj",-44.873416900634766,-49.81737518310547,7,7,1,6.693412631750107,4.868607562035322,1
google/gemma-2-2b-it,adjective_agreement_0266,adjective_agreement,"masc noun, neut adj",-41.998191833496094,-46.919368743896484,6,6,1,0.14786142110824585,6.44143109023571,1
google/gemma-2-2b-it,adjective_agreement_0267,adjective_agreement,"femn noun, masc adj",-52.51036834716797,-53.66259765625,8,9,1,1.739244520664215,4.958884134888649,1
google/gemma-2-2b-it,adjective_agreement_0268,adjective_agreement,"masc noun, femn adj",-45.590309143066406,-50.09688949584961,7,7,1,4.2316329926252365,7.0842006504535675,1
google/gemma-2-2b-it,adjective_agreement_0269,adjective_agreement,"femn noun, masc adj",-42.030181884765625,-43.381080627441406,4,5,1,-3.5588244944810867,6.579906653612852,1
google/gemma-2-2b-it,adjective_agreement_0270,adjective_agreement,"masc noun, neut adj",-47.400306701660156,-51.096290588378906,6,7,1,3.325591132044792,6.663960533216596,1
google/gemma-2-2b-it,adjective_agreement_0271,adjective_agreement,"femn noun, neut adj",-54.158775329589844,-59.041873931884766,8,8,1,4.106822893023491,-6.528791666030884,0
google/gemma-2-2b-it,adjective_agreement_0272,adjective_agreement,"masc noun, neut adj",-48.128936767578125,-51.75748825073242,11,11,1,8.323638260364532,4.740611284971237,1
google/gemma-2-2b-it,adjective_agreement_0273,adjective_agreement,"neut noun, masc adj",-53.74919891357422,-56.98461151123047,9,10,1,6.649560734629631,-4.36026169359684,1
google/gemma-2-2b-it,adjective_agreement_0274,adjective_agreement,"neut noun, femn adj",-57.59226989746094,-58.32347869873047,10,10,1,-4.5242807269096375,-2.4684754014015198,0
google/gemma-2-2b-it,adjective_agreement_0275,adjective_agreement,"femn noun, neut adj",-46.790283203125,-61.02058410644531,6,6,1,-4.655354388058186,8.391585393808782,1
google/gemma-2-2b-it,adjective_agreement_0276,adjective_agreement,"neut noun, masc adj",-47.754703521728516,-52.779598236083984,9,9,1,0.7024363875389099,-5.029047757387161,0
google/gemma-2-2b-it,adjective_agreement_0277,adjective_agreement,"femn noun, neut adj",-39.211421966552734,-47.660945892333984,5,5,1,-5.751050002872944,6.587520383298397,1
google/gemma-2-2b-it,adjective_agreement_0278,adjective_agreement,"masc noun, neut adj",-42.233131408691406,-46.09563064575195,5,6,1,-4.200405281037092,5.05972757562995,1
google/gemma-2-2b-it,adjective_agreement_0279,adjective_agreement,"masc noun, neut adj",-50.70857238769531,-50.562103271484375,7,7,0,-1.2516135573387146,4.555138412863016,1
google/gemma-2-2b-it,adjective_agreement_0280,adjective_agreement,"masc noun, femn adj",-53.08880615234375,-56.84882354736328,10,10,1,7.333898425102234,1.4714718461036682,1
google/gemma-2-2b-it,adjective_agreement_0281,adjective_agreement,"femn noun, neut adj",-51.75347137451172,-59.68437576293945,11,11,1,7.24847699701786,4.242397081106901,1
google/gemma-2-2b-it,adjective_agreement_0282,adjective_agreement,"masc noun, femn adj",-47.009979248046875,-47.960594177246094,7,7,1,3.499155953526497,8.379465466365218,1
google/gemma-2-2b-it,adjective_agreement_0283,adjective_agreement,"masc noun, neut adj",-49.17799377441406,-53.90843200683594,9,10,1,5.531677216291428,5.032842617481947,1
google/gemma-2-2b-it,adjective_agreement_0284,adjective_agreement,"neut noun, femn adj",-47.15964889526367,-47.848960876464844,7,7,1,1.036874771118164,5.874246791005135,1
google/gemma-2-2b-it,adjective_agreement_0285,adjective_agreement,"femn noun, masc adj",-50.668617248535156,-55.872406005859375,5,5,1,-3.490741714835167,5.289461269974709,1
google/gemma-2-2b-it,adjective_agreement_0286,adjective_agreement,"neut noun, femn adj",-53.070281982421875,-51.683536529541016,7,6,0,-1.441194474697113,4.942883551120758,1
google/gemma-2-2b-it,adjective_agreement_0287,adjective_agreement,"neut noun, femn adj",-52.664573669433594,-57.23302459716797,10,9,1,6.383010759949684,4.147255159914494,1
google/gemma-2-2b-it,adjective_agreement_0288,adjective_agreement,"masc noun, neut adj",-47.65754699707031,-54.93151092529297,7,7,1,4.638550013303757,5.786787170916796,1
google/gemma-2-2b-it,adjective_agreement_0289,adjective_agreement,"neut noun, masc adj",-54.72129821777344,-54.46722412109375,11,12,0,-5.1159325279295444,6.165438676252961,1
google/gemma-2-2b-it,adjective_agreement_0290,adjective_agreement,"neut noun, femn adj",-48.846343994140625,-50.522422790527344,8,8,1,-2.2009124159812927,-2.636780798435211,0
google/gemma-2-2b-it,adjective_agreement_0291,adjective_agreement,"femn noun, neut adj",-53.293701171875,-60.504913330078125,10,10,1,7.987966924905777,7.259361224249005,1
google/gemma-2-2b-it,adjective_agreement_0292,adjective_agreement,"femn noun, masc adj",-45.46113204956055,-50.642127990722656,6,6,1,-5.049726717174053,4.976617984473705,0
google/gemma-2-2b-it,adjective_agreement_0293,adjective_agreement,"masc noun, femn adj",-60.423919677734375,-62.595767974853516,10,10,1,8.619978696107864,-0.9398384094238281,1
google/gemma-2-2b-it,adjective_agreement_0294,adjective_agreement,"femn noun, masc adj",-50.37370300292969,-57.36573028564453,6,6,1,1.235094130039215,3.9434948414564133,1
google/gemma-2-2b-it,adjective_agreement_0295,adjective_agreement,"femn noun, neut adj",-44.27384948730469,-49.736122131347656,5,5,1,7.809066832065582,6.464860752224922,1
google/gemma-2-2b-it,adjective_agreement_0296,adjective_agreement,"neut noun, femn adj",-44.539024353027344,-48.387962341308594,7,6,1,1.2586230635643005,5.157574579119682,1
google/gemma-2-2b-it,adjective_agreement_0297,adjective_agreement,"femn noun, masc adj",-46.832603454589844,-50.987327575683594,7,8,1,-5.329706301912665,6.026655163615942,1
google/gemma-2-2b-it,adjective_agreement_0298,adjective_agreement,"femn noun, neut adj",-58.38417053222656,-55.42365264892578,6,6,0,-1.0927486717700958,0.35974884033203125,0
google/gemma-2-2b-it,adjective_agreement_0299,adjective_agreement,"neut noun, masc adj",-52.76820755004883,-46.41078186035156,6,6,0,-5.669367842376232,4.447324812412262,0
google/gemma-2-2b-it,calques_0000,calques,subtle: брати участь,-39.86176300048828,-43.04191589355469,8,9,1,-4.388294458389282,3.5700778439641,0
google/gemma-2-2b-it,calques_0001,calques,subtle: брати участь,-47.61872482299805,-48.514915466308594,10,10,1,-1.3441962897777557,2.902849093079567,1
google/gemma-2-2b-it,calques_0002,calques,subtle: брати участь,-47.061424255371094,-60.68960189819336,10,9,1,-6.583577137440443,3.780130498111248,0
google/gemma-2-2b-it,calques_0003,calques,subtle: брати участь,-46.909881591796875,-47.814395904541016,13,13,1,-0.007190704345703125,4.90503303706646,1
google/gemma-2-2b-it,calques_0004,calques,subtle: вживати заходів,-54.534454345703125,-62.094017028808594,11,10,1,-6.130856655538082,5.995245832949877,0
google/gemma-2-2b-it,calques_0005,calques,subtle: вживати заходів,-69.05604553222656,-67.19243621826172,11,11,0,-6.217576187103987,6.835905138403177,1
google/gemma-2-2b-it,calques_0006,calques,subtle: вживати заходів,-41.42493438720703,-52.734336853027344,10,10,1,-4.543739251792431,5.01675246655941,1
google/gemma-2-2b-it,calques_0007,calques,subtle: вживати заходів,-38.715171813964844,-52.0592041015625,9,8,1,-1.0264015197753906,4.575407966971397,1
google/gemma-2-2b-it,calques_0008,calques,subtle: протягом,-45.79962921142578,-60.349266052246094,11,11,1,-2.9171390384435654,5.746248451992869,1
google/gemma-2-2b-it,calques_0009,calques,subtle: протягом,-50.40202331542969,-58.35905075073242,8,10,1,5.562419921159744,5.702112428843975,1
google/gemma-2-2b-it,calques_0010,calques,subtle: протягом,-46.81452941894531,-56.85527801513672,10,10,1,-4.504091151058674,6.671137994155288,1
google/gemma-2-2b-it,calques_0011,calques,subtle: протягом,-48.65351867675781,-56.66679382324219,7,9,1,-3.3426400423049927,6.2401468604803085,1
google/gemma-2-2b-it,calques_0012,calques,subtle: збігатися,-35.3647575378418,-39.57669448852539,9,8,1,-6.983241882175207,6.626974331215024,0
google/gemma-2-2b-it,calques_0013,calques,subtle: збігатися,-43.20941925048828,-52.1022834777832,10,8,1,-8.08073051739484,7.724605577066541,0
google/gemma-2-2b-it,calques_0014,calques,subtle: збігатися,-36.77185821533203,-38.67363739013672,8,7,1,-8.195316603407264,7.425892997533083,0
google/gemma-2-2b-it,calques_0015,calques,subtle: збігатися,-39.51284408569336,-38.337066650390625,9,8,0,-7.282956203445792,6.6198604963719845,0
google/gemma-2-2b-it,calques_0016,calques,subtle: стосуватися,-49.78143310546875,-50.65428924560547,11,12,1,-7.755146857351065,8.47089647501707,1
google/gemma-2-2b-it,calques_0017,calques,subtle: стосуватися,-44.53740310668945,-46.10121536254883,7,8,1,-6.462438635528088,6.878212198615074,1
google/gemma-2-2b-it,calques_0018,calques,subtle: стосуватися,-38.51777267456055,-46.152523040771484,8,9,1,-7.921333411708474,8.404440224170685,1
google/gemma-2-2b-it,calques_0019,calques,subtle: завдяки,-43.97068786621094,-54.471763610839844,11,11,1,-7.692728232592344,7.094505533576012,0
google/gemma-2-2b-it,calques_0020,calques,subtle: завдяки,-68.4772720336914,-77.21204376220703,14,14,1,-5.68476502969861,7.77707295678556,1
google/gemma-2-2b-it,calques_0021,calques,subtle: завдяки,-49.514198303222656,-64.74594116210938,10,10,1,-4.191795170307159,6.548734447918832,1
google/gemma-2-2b-it,calques_0022,calques,subtle: завдяки,-53.93431854248047,-61.80368423461914,12,12,1,-6.754381043836474,7.352962661534548,1
google/gemma-2-2b-it,calques_0023,calques,subtle: доводиться,-56.0673942565918,-61.447025299072266,11,10,1,-5.586925415322185,0.19991493225097656,0
google/gemma-2-2b-it,calques_0024,calques,subtle: доводиться,-45.12843322753906,-48.573081970214844,6,7,1,-5.743782199919224,6.35711283236742,1
google/gemma-2-2b-it,calques_0025,calques,subtle: доводиться,-51.897132873535156,-55.627559661865234,10,9,1,-6.6009663585573435,4.896375622600317,0
google/gemma-2-2b-it,calques_0026,calques,subtle: доводиться,-59.661094665527344,-64.467529296875,9,10,1,-4.537494469434023,6.715281395241618,1
google/gemma-2-2b-it,calques_0027,calques,subtle: наступний,-43.86620330810547,-46.37017059326172,9,11,1,-4.873544588685036,4.486293580383062,0
google/gemma-2-2b-it,calques_0028,calques,subtle: наступний,-50.65252685546875,-63.443939208984375,10,14,1,1.1391810774803162,1.1249160170555115,1
google/gemma-2-2b-it,calques_0029,calques,subtle: наступний,-50.572532653808594,-58.3227653503418,11,13,1,-2.604337766766548,5.095720145851374,1
google/gemma-2-2b-it,calques_0030,calques,subtle: наступний,-38.51020050048828,-48.026710510253906,9,12,1,-7.948851710185409,7.897675326094031,0
google/gemma-2-2b-it,calques_0031,calques,subtle: будь-який,-51.01115036010742,-70.99266052246094,11,9,1,2.1011639535427094,4.540086694061756,1
google/gemma-2-2b-it,calques_0032,calques,subtle: будь-який,-43.310577392578125,-53.30974578857422,11,9,1,-3.914010912179947,5.723739847540855,1
google/gemma-2-2b-it,calques_0033,calques,subtle: будь-який,-40.232421875,-40.23417282104492,9,7,1,-6.670553952455521,6.081590622663498,0
google/gemma-2-2b-it,calques_0034,calques,subtle: виняток,-49.20862579345703,-52.429649353027344,12,13,1,-7.179488182067871,8.860112685710192,1
google/gemma-2-2b-it,calques_0035,calques,subtle: виняток,-45.38788604736328,-45.735897064208984,8,8,1,-5.5070629976689816,6.552674297243357,1
google/gemma-2-2b-it,calques_0036,calques,subtle: виняток,-52.946197509765625,-53.593177795410156,9,9,1,-5.410841941833496,7.952290443703532,1
google/gemma-2-2b-it,calques_0037,calques,subtle: щодо,-43.489166259765625,-53.12782669067383,11,13,1,0.3203735947608948,6.776367250829935,1
google/gemma-2-2b-it,calques_0038,calques,subtle: щодо,-52.460182189941406,-59.257240295410156,8,11,1,-0.7172412872314453,7.909307295456529,1
google/gemma-2-2b-it,calques_0039,calques,subtle: щодо,-56.492149353027344,-58.84489822387695,8,10,1,4.649368315935135,5.689140476286411,1
google/gemma-2-2b-it,calques_0040,calques,subtle: вважати,-37.57237243652344,-46.48720932006836,9,10,1,-6.026482596993446,9.332152835093439,1
google/gemma-2-2b-it,calques_0041,calques,subtle: вважати,-55.212913513183594,-60.81632995605469,11,12,1,-3.7246799170970917,8.057463775388896,1
google/gemma-2-2b-it,calques_0042,calques,subtle: вважати,-52.56950378417969,-54.34832000732422,10,11,1,5.74213869869709,6.293944226577878,1
google/gemma-2-2b-it,calques_0043,calques,subtle: вважати,-39.409446716308594,-57.316917419433594,8,9,1,-5.415738169103861,9.160688439384103,1
google/gemma-2-2b-it,calques_0044,calques,subtle: наводити приклад,-54.21780776977539,-51.33818435668945,8,8,0,-5.706197574734688,4.891763884574175,0
google/gemma-2-2b-it,calques_0045,calques,subtle: наводити приклад,-32.48143005371094,-40.33892822265625,8,8,1,-4.398492872714996,6.94228545948863,1
google/gemma-2-2b-it,calques_0046,calques,subtle: наводити приклад,-51.718360900878906,-54.75083541870117,10,10,1,-3.360978975892067,6.316102163866162,1
google/gemma-2-2b-it,calques_0047,calques,subtle: укладати договір,-44.981781005859375,-44.746829986572266,9,8,0,-7.378491373732686,5.941550087183714,0
google/gemma-2-2b-it,calques_0048,calques,subtle: укладати договір,-48.80617904663086,-57.21710968017578,8,8,1,-5.291030820459127,5.372334361076355,1
google/gemma-2-2b-it,calques_0049,calques,subtle: укладати договір,-38.838497161865234,-39.628116607666016,9,8,1,-7.823116213083267,5.495292883366346,0
google/gemma-2-2b-it,calques_0050,calques,subtle: складати іспит,-58.8005256652832,-55.3931884765625,9,9,0,-3.4841157123446465,-2.3538131415843964,0
google/gemma-2-2b-it,calques_0051,calques,subtle: складати іспит,-39.1159782409668,-43.31965637207031,11,11,1,-3.266468144953251,-0.1365947723388672,0
google/gemma-2-2b-it,calques_0052,calques,subtle: навчальний,-40.370262145996094,-46.12519836425781,6,7,1,-4.1965562626719475,7.445748500525951,1
google/gemma-2-2b-it,calques_0053,calques,subtle: навчальний,-34.68409729003906,-46.04151153564453,9,10,1,-5.9259986989200115,8.204884611070156,1
google/gemma-2-2b-it,calques_0054,calques,subtle: навчальний,-39.49091339111328,-45.953861236572266,8,9,1,-3.924261137843132,7.1553868893533945,1
google/gemma-2-2b-it,calques_0055,calques,subtle: зіставляти,-51.03082275390625,-54.540557861328125,9,9,1,-8.404318537563086,8.00390874966979,0
google/gemma-2-2b-it,calques_0056,calques,subtle: зіставляти,-52.70142364501953,-56.60980987548828,9,9,1,-4.519833341240883,4.076490484178066,0
google/gemma-2-2b-it,calques_0057,calques,subtle: зіставляти,-42.76996612548828,-49.70051956176758,11,11,1,-7.4875011797994375,6.8878877349197865,0
google/gemma-2-2b-it,calques_0058,calques,subtle: співпрацювати,-43.2441291809082,-49.88918685913086,10,11,1,-5.9986541494727135,5.2145701460540295,0
google/gemma-2-2b-it,calques_0059,calques,subtle: співпрацювати,-34.50603103637695,-42.124393463134766,8,9,1,-3.0957242026925087,4.326923213899136,1
google/gemma-2-2b-it,calques_0060,calques,subtle: перепрошую,-55.127742767333984,-48.954750061035156,10,11,0,-7.861405519768596,7.100354058668017,0
google/gemma-2-2b-it,calques_0061,calques,subtle: перепрошую,-57.81914520263672,-42.30602264404297,10,11,0,-7.765545858070254,5.038543526083231,0
google/gemma-2-2b-it,calques_0062,calques,subtle: перепрошую,-56.93870544433594,-53.2669677734375,9,10,0,-7.089549992233515,4.379230462014675,0
google/gemma-2-2b-it,calques_0063,calques,subtle: захід,-35.375247955322266,-58.68745422363281,10,12,1,5.731456965208054,-4.1421050280332565,1
google/gemma-2-2b-it,calques_0064,calques,subtle: захід,-45.157447814941406,-58.63544845581055,9,11,1,8.539400517940521,4.2041990384459496,1
google/gemma-2-2b-it,calques_0065,calques,subtle: висновок,-43.03387451171875,-47.17503356933594,10,9,1,-5.686908919364214,4.701787758618593,0
google/gemma-2-2b-it,calques_0066,calques,subtle: висновок,-33.791263580322266,-37.57405090332031,8,7,1,-6.450722686946392,6.218727346509695,0
google/gemma-2-2b-it,calques_0067,calques,subtle: бути,-39.625732421875,-48.94968032836914,6,7,1,11.124765649437904,7.866590736433864,1
google/gemma-2-2b-it,calques_0068,calques,subtle: бути,-36.61640930175781,-47.889564514160156,8,9,1,8.277228623628616,8.23153005540371,1
google/gemma-2-2b-it,calques_0069,calques,subtle: бути,-47.9208984375,-53.66836929321289,8,9,1,-3.7353763729333878,8.522211460396647,1
google/gemma-2-2b-it,calques_0070,calques,subtle: становити,-50.94866943359375,-43.23474884033203,11,11,0,-5.229337859898806,6.324901660904288,1
google/gemma-2-2b-it,calques_0071,calques,subtle: становити,-57.35517120361328,-60.00360107421875,11,11,1,-6.7297965455800295,7.661895606666803,1
google/gemma-2-2b-it,calques_0072,calques,subtle: становити,-44.05215835571289,-43.89958190917969,13,13,0,1.5873985290527344,6.920598771423101,1
google/gemma-2-2b-it,calques_0073,calques,subtle: ймовірно,-46.97626876831055,-57.125919342041016,11,11,1,-6.679308976978064,6.959773059934378,1
google/gemma-2-2b-it,calques_0074,calques,subtle: ймовірно,-38.25039291381836,-34.4140625,8,8,0,-8.490298192948103,8.011471020057797,0
google/gemma-2-2b-it,calques_0075,calques,subtle: ймовірно,-54.91517639160156,-61.54424285888672,11,11,1,-7.455818243324757,5.986935455352068,0
google/gemma-2-2b-it,calques_0076,calques,subtle: брати до уваги,-52.90992736816406,-52.65507507324219,9,10,0,-5.865997398272157,3.9643231220543385,0
google/gemma-2-2b-it,calques_0077,calques,subtle: брати до уваги,-51.55234909057617,-50.22148132324219,13,14,0,-6.390392459928989,-1.9015921652317047,0
google/gemma-2-2b-it,calques_0078,calques,subtle: порушити питання,-77.5712890625,-64.26988220214844,9,10,0,-3.711492508649826,5.015445593744516,1
google/gemma-2-2b-it,calques_0079,calques,subtle: порушити питання,-57.168949127197266,-47.4868278503418,11,12,0,-5.748568441718817,3.9250812977552414,0
google/gemma-2-2b-it,calques_0080,calques,subtle: оцінка,-40.97406005859375,-53.75994873046875,10,11,1,4.136200189590454,5.494564834982157,1
google/gemma-2-2b-it,calques_0081,calques,subtle: оцінка,-48.393348693847656,-50.285030364990234,9,10,1,-6.850177753716707,4.499103657901287,0
google/gemma-2-2b-it,calques_0082,calques,subtle: бо (так як),-44.795738220214844,-49.28736877441406,11,12,1,-3.9164926409721375,4.713272288441658,1
google/gemma-2-2b-it,calques_0083,calques,subtle: бо (так як),-46.891883850097656,-52.37213897705078,13,14,1,-3.548688806593418,4.805368565022945,1
google/gemma-2-2b-it,calques_0084,calques,subtle: досі,-37.77217102050781,-47.62031555175781,8,11,1,-2.9432984590530396,7.078665640205145,1
google/gemma-2-2b-it,calques_0085,calques,subtle: досі,-30.330345153808594,-43.129234313964844,10,13,1,-4.67350772023201,7.6226359233260155,1
google/gemma-2-2b-it,calques_0086,calques,subtle: незважаючи,-51.64825439453125,-59.594871520996094,15,16,1,-5.933854144066572,7.585300639271736,1
google/gemma-2-2b-it,calques_0087,calques,subtle: незважаючи,-48.03612518310547,-50.538185119628906,13,14,1,-4.568882033228874,7.460380338132381,1
google/gemma-2-2b-it,calques_0088,calques,subtle: зрештою,-47.005287170410156,-55.132259368896484,9,10,1,9.686274349689484,5.6854239627718925,1
google/gemma-2-2b-it,calques_0089,calques,subtle: принаймні,-53.58782196044922,-58.77318572998047,9,10,1,4.07202635705471,5.5713835544884205,1
google/gemma-2-2b-it,calques_0090,calques,overt: отримувати,-34.51051712036133,-38.4853401184082,6,5,1,-4.443557798862457,6.71819612570107,1
google/gemma-2-2b-it,calques_0091,calques,overt: отримувати,-46.478511810302734,-51.28388214111328,8,7,1,7.895007893443108,7.710256525315344,1
google/gemma-2-2b-it,calques_0092,calques,overt: отримувати,-37.852169036865234,-48.73798751831055,6,5,1,9.376622624695301,6.854879409074783,1
google/gemma-2-2b-it,calques_0093,calques,overt: визначити,-43.01268005371094,-56.55736541748047,7,9,1,-4.70558725297451,9.421474727801979,1
google/gemma-2-2b-it,calques_0094,calques,overt: визначити,-44.79456329345703,-59.08517074584961,8,10,1,8.636296316981316,6.0846835020929575,1
google/gemma-2-2b-it,calques_0095,calques,overt: подобатися,-40.303260803222656,-47.90353775024414,9,8,1,-5.421711042523384,8.40112741291523,1
google/gemma-2-2b-it,calques_0096,calques,overt: подобатися,-45.7757453918457,-50.62900924682617,8,7,1,-0.9632416069507599,7.66992277931422,1
google/gemma-2-2b-it,calques_0097,calques,overt: їсти,-39.887699127197266,-47.17836380004883,8,8,1,3.8690175116062164,5.8959960881620646,1
google/gemma-2-2b-it,calques_0098,calques,overt: їсти,-42.79045486450195,-48.77452087402344,7,8,1,-2.0318163633346558,5.785039026290178,1
google/gemma-2-2b-it,calques_0099,calques,overt: взагалі,-35.37052917480469,-31.684762954711914,7,5,0,-7.00074952095747,6.46051512286067,0
google/gemma-2-2b-it,calques_0100,calques,overt: взагалі,-45.55592346191406,-46.948150634765625,9,7,1,-5.723175771534443,6.266897227615118,1
google/gemma-2-2b-it,calques_0101,calques,overt: звичайно,-28.71554183959961,-41.204864501953125,8,8,1,8.678382590413094,7.7992078913375735,1
google/gemma-2-2b-it,calques_0102,calques,overt: дуже,-31.31037139892578,-43.687747955322266,5,5,1,10.067898273468018,7.841588111594319,1
google/gemma-2-2b-it,calques_0103,calques,overt: бувай,-40.892967224121094,-40.232975006103516,7,6,0,2.5642214715480804,0.610136091709137,1
google/gemma-2-2b-it,calques_0104,calques,overt: здаватися,-52.12689971923828,-60.86412048339844,9,9,1,1.5251044929027557,9.057721679098904,1
google/gemma-2-2b-it,calques_0105,calques,overt: заважати,-50.335044860839844,-42.78524398803711,8,7,0,1.1035251319408417,6.018337409943342,1
google/gemma-2-2b-it,calques_0106,calques,overt: заважати,-54.24164962768555,-59.536842346191406,8,8,1,5.142579957842827,5.9506971426308155,1
google/gemma-2-2b-it,calques_0107,calques,overt: виходити,-37.31963348388672,-46.0679931640625,6,6,1,3.2532967776060104,6.9273692555725574,1
google/gemma-2-2b-it,calques_0108,calques,overt: виходити,-46.834228515625,-56.1710319519043,8,7,1,-5.66293129324913,4.102367609739304,0
google/gemma-2-2b-it,calques_0109,calques,overt: вистачати,-40.32505798339844,-48.98102569580078,9,7,1,-2.1610964834690094,2.8776262998580933,1
google/gemma-2-2b-it,calques_0110,calques,overt: вистачати,-68.50360107421875,-59.83332061767578,9,9,0,-1.5924015045166016,6.218072956427932,1
google/gemma-2-2b-it,calques_0111,calques,overt: зараз,-34.30463409423828,-46.88669204711914,6,6,1,-4.654580019414425,3.898435577750206,0
google/gemma-2-2b-it,calques_0112,calques,overt: гаразд,-48.89996337890625,-43.08049392700195,9,8,0,-6.7966433465480804,5.058663211762905,0
google/gemma-2-2b-it,calques_0113,calques,overt: колишній,-42.935211181640625,-52.324928283691406,10,9,1,-6.445301968604326,7.739129232242703,1
google/gemma-2-2b-it,calques_0114,calques,subtle: стосуватися,-44.30247497558594,-46.717403411865234,11,12,1,-7.882450310513377,8.032219965942204,1
google/gemma-2-2b-it,calques_0115,calques,subtle: будь-який,-41.148841857910156,-47.412315368652344,11,9,1,-3.048992171883583,5.027696415781975,1
google/gemma-2-2b-it,calques_0116,calques,subtle: виняток,-44.027034759521484,-43.340484619140625,9,9,0,-5.789821784943342,6.0334682539105415,1
google/gemma-2-2b-it,calques_0117,calques,subtle: щодо,-40.5252685546875,-48.46142578125,9,12,1,7.0028907507658005,7.286779365502298,1
google/gemma-2-2b-it,calques_0118,calques,subtle: наводити приклад,-44.70685577392578,-48.427650451660156,7,7,1,-7.136124521493912,7.18114965967834,1
google/gemma-2-2b-it,calques_0119,calques,subtle: укладати договір,-48.06190490722656,-67.35552978515625,12,11,1,-7.296498347073793,3.7410260289907455,0
google/gemma-2-2b-it,calques_0120,calques,subtle: складати іспит,-63.065032958984375,-57.26398468017578,12,12,0,-2.996431276202202,-2.2388211488723755,0
google/gemma-2-2b-it,calques_0121,calques,subtle: складати іспит,-62.88378143310547,-65.22477722167969,12,12,1,-5.207982785999775,1.9174500703811646,0
google/gemma-2-2b-it,calques_0122,calques,subtle: навчальний,-42.4473876953125,-47.394615173339844,8,9,1,-1.5568294823169708,-1.1441841423511505,0
google/gemma-2-2b-it,calques_0123,calques,subtle: зіставляти,-45.824554443359375,-59.35124206542969,9,9,1,-7.23819812759757,7.194025091826916,0
google/gemma-2-2b-it,calques_0124,calques,subtle: співпрацювати,-46.801185607910156,-57.970314025878906,12,13,1,-4.941394001245499,7.321823889389634,1
google/gemma-2-2b-it,calques_0125,calques,subtle: співпрацювати,-39.1456184387207,-45.66179656982422,10,11,1,-3.9627683833241463,7.148426868021488,1
google/gemma-2-2b-it,calques_0126,calques,subtle: перепрошую,-58.507789611816406,-58.13903045654297,8,9,0,-7.926867496222258,6.452827289700508,0
google/gemma-2-2b-it,calques_0127,calques,subtle: захід,-45.67241668701172,-56.30702209472656,7,9,1,7.6353815495967865,-7.916081830859184,0
google/gemma-2-2b-it,calques_0128,calques,subtle: захід,-32.24831771850586,-42.80229568481445,8,10,1,6.378649920225143,3.641151376068592,1
google/gemma-2-2b-it,calques_0129,calques,subtle: висновок,-51.369415283203125,-52.45475769042969,10,9,1,-4.567163463681936,6.920579062774777,1
google/gemma-2-2b-it,calques_0130,calques,subtle: висновок,-44.1572265625,-50.890586853027344,8,7,1,-6.732625734061003,7.444962352514267,1
google/gemma-2-2b-it,calques_0131,calques,subtle: бути,-40.230613708496094,-44.71369934082031,11,12,1,-3.408492937684059,8.283483282662928,1
google/gemma-2-2b-it,calques_0132,calques,subtle: становити,-45.52036666870117,-47.346656799316406,8,8,1,-5.705895408987999,7.302961312234402,1
google/gemma-2-2b-it,calques_0133,calques,subtle: ймовірно,-44.381446838378906,-54.020626068115234,9,9,1,-5.214987590909004,6.163439894095063,1
google/gemma-2-2b-it,calques_0134,calques,subtle: брати до уваги,-39.78617477416992,-47.15001678466797,9,10,1,-6.709889203310013,5.290970914065838,0
google/gemma-2-2b-it,calques_0135,calques,subtle: брати до уваги,-64.62297821044922,-53.144981384277344,12,12,0,-4.833834782242775,-2.3449440002441406,0
google/gemma-2-2b-it,calques_0136,calques,subtle: порушити питання,-55.240692138671875,-50.5506477355957,12,12,0,-4.46751195192337,5.507949881255627,1
google/gemma-2-2b-it,calques_0137,calques,subtle: порушити питання,-60.940616607666016,-57.10871887207031,8,9,0,-6.947296330705285,6.31842040643096,0
google/gemma-2-2b-it,calques_0138,calques,subtle: оцінка,-53.14385223388672,-62.6242790222168,11,12,1,-5.7741812616586685,6.120937369763851,1
google/gemma-2-2b-it,calques_0139,calques,subtle: оцінка,-61.79524612426758,-72.34777069091797,8,9,1,-2.3696669787168503,-0.25750160217285156,0
google/gemma-2-2b-it,calques_0140,calques,subtle: бо (так як),-53.96087646484375,-60.87242889404297,14,15,1,-0.06378746032714844,2.909647047519684,1
google/gemma-2-2b-it,calques_0141,calques,subtle: бо (так як),-60.505043029785156,-68.31317138671875,13,14,1,-5.4260532185435295,6.758006863296032,1
google/gemma-2-2b-it,calques_0142,calques,subtle: досі,-55.97283935546875,-77.28068542480469,9,12,1,-3.9128225445747375,6.568305850028992,1
google/gemma-2-2b-it,calques_0143,calques,subtle: досі,-43.12380599975586,-53.56459426879883,9,12,1,-3.4326725602149963,6.372354477643967,1
google/gemma-2-2b-it,calques_0144,calques,subtle: незважаючи,-49.56523132324219,-53.27339172363281,12,13,1,-6.021958194673061,7.569763207808137,1
google/gemma-2-2b-it,calques_0145,calques,subtle: незважаючи,-50.311065673828125,-55.629310607910156,13,14,1,-4.546385683119297,7.728653959929943,1
google/gemma-2-2b-it,calques_0146,calques,subtle: зрештою,-48.47286605834961,-50.163169860839844,11,12,1,7.95650252699852,7.175995891913772,1
google/gemma-2-2b-it,calques_0147,calques,subtle: зрештою,-43.822959899902344,-49.752227783203125,9,11,1,8.292239040136337,6.881719360128045,1
google/gemma-2-2b-it,calques_0148,calques,subtle: зрештою,-43.14560317993164,-47.72846603393555,11,12,1,8.156732246279716,4.4937172420322895,1
google/gemma-2-2b-it,calques_0149,calques,subtle: принаймні,-54.379737854003906,-64.6536636352539,10,11,1,1.4833622574806213,7.232978826388717,1
google/gemma-2-2b-it,calques_0150,calques,subtle: принаймні,-53.44507598876953,-53.264503479003906,9,10,0,-0.6788501739501953,5.015104118734598,1
google/gemma-2-2b-it,calques_0151,calques,subtle: принаймні,-48.56036376953125,-70.29631042480469,9,10,1,9.186479195952415,5.870575129985809,1
google/gemma-2-2b-it,calques_0152,calques,overt: отримувати,-42.06125259399414,-51.330055236816406,8,7,1,10.845780938863754,8.504778243601322,1
google/gemma-2-2b-it,calques_0153,calques,overt: визначити,-44.22509002685547,-57.46757507324219,7,9,1,7.551961690187454,8.822374854236841,1
google/gemma-2-2b-it,calques_0154,calques,overt: визначити,-47.54553985595703,-58.513118743896484,8,10,1,5.832759916782379,7.187004031613469,1
google/gemma-2-2b-it,calques_0155,calques,overt: подобатися,-36.33430480957031,-40.97737121582031,10,9,1,-0.6591262817382812,8.739996537566185,1
google/gemma-2-2b-it,calques_0156,calques,overt: подобатися,-45.499393463134766,-51.641632080078125,8,7,1,1.8152199387550354,6.485933205112815,1
google/gemma-2-2b-it,calques_0157,calques,overt: їсти,-35.20820617675781,-37.8648681640625,6,7,1,2.190788358449936,5.588786136358976,1
google/gemma-2-2b-it,calques_0158,calques,overt: їсти,-34.854652404785156,-39.131134033203125,8,9,1,-5.235198181122541,7.580813588574529,1
google/gemma-2-2b-it,calques_0159,calques,overt: взагалі,-43.807586669921875,-50.451454162597656,8,6,1,-1.539756715297699,5.249466136097908,1
google/gemma-2-2b-it,calques_0160,calques,overt: взагалі,-53.397621154785156,-79.83575439453125,10,8,1,-6.554733265191317,6.596341222524643,1
google/gemma-2-2b-it,calques_0161,calques,overt: звичайно,-40.666282653808594,-43.64757537841797,8,8,1,3.221520483493805,5.445173297077417,1
google/gemma-2-2b-it,calques_0162,calques,overt: звичайно,-42.842529296875,-64.47113037109375,9,10,1,2.645475298166275,7.1339550241827965,1
google/gemma-2-2b-it,calques_0163,calques,overt: звичайно,-32.480255126953125,-40.54147720336914,10,10,1,8.579254746437073,5.134460564702749,1
google/gemma-2-2b-it,calques_0164,calques,overt: дуже,-40.353450775146484,-48.734989166259766,6,6,1,8.635139361023903,7.168583691120148,1
google/gemma-2-2b-it,calques_0165,calques,overt: дуже,-44.63797378540039,-60.931365966796875,7,7,1,8.89024604856968,7.597085801884532,1
google/gemma-2-2b-it,calques_0166,calques,overt: дуже,-32.99293899536133,-28.187137603759766,5,4,0,7.50584015250206,7.559139424934983,1
google/gemma-2-2b-it,calques_0167,calques,overt: бувай,-51.243263244628906,-55.97465896606445,9,8,1,3.8529424965381622,-1.7472590804100037,1
google/gemma-2-2b-it,calques_0168,calques,overt: бувай,-37.99209976196289,-33.79206085205078,5,4,0,3.0001364648342133,2.323890596628189,1
google/gemma-2-2b-it,calques_0169,calques,overt: бувай,-44.0946044921875,-44.257110595703125,7,6,1,3.8639146238565445,-1.3151760697364807,1
google/gemma-2-2b-it,calques_0170,calques,overt: здаватися,-43.90108108520508,-53.20441436767578,8,8,1,0.23560523986816406,9.207067756913602,1
google/gemma-2-2b-it,calques_0171,calques,overt: здаватися,-51.11334991455078,-51.72822570800781,9,9,1,-4.247549965977669,6.16223243996501,1
google/gemma-2-2b-it,calques_0172,calques,overt: здаватися,-58.78731155395508,-61.04766082763672,11,11,1,-7.117935165762901,7.877161191776395,1
google/gemma-2-2b-it,calques_0173,calques,overt: заважати,-53.818389892578125,-65.15664672851562,9,9,1,-3.9766938760876656,4.516746569424868,1
google/gemma-2-2b-it,calques_0174,calques,overt: заважати,-39.82075500488281,-47.62089538574219,8,8,1,-3.483384981751442,4.245390065014362,1
google/gemma-2-2b-it,calques_0175,calques,overt: виходити,-30.486492156982422,-39.84993362426758,6,6,1,2.5706366896629333,6.528003845363855,1
google/gemma-2-2b-it,calques_0176,calques,overt: виходити,-48.3742561340332,-51.621124267578125,8,7,1,-5.062330052256584,4.143625237047672,0
google/gemma-2-2b-it,calques_0177,calques,overt: вистачати,-50.87043762207031,-48.84424591064453,7,5,0,7.993090108036995,5.2061835043132305,1
google/gemma-2-2b-it,calques_0178,calques,overt: вистачати,-62.34801483154297,-64.38591003417969,6,6,1,-5.593719445168972,6.063979871571064,1
google/gemma-2-2b-it,calques_0179,calques,overt: зараз,-39.86396026611328,-44.405731201171875,7,7,1,8.116576746106148,5.622226882725954,1
google/gemma-2-2b-it,calques_0180,calques,overt: зараз,-38.042015075683594,-44.27793884277344,6,5,1,7.752390839159489,3.5986729338765144,1
google/gemma-2-2b-it,calques_0181,calques,overt: зараз,-36.707176208496094,-46.713226318359375,7,7,1,0.7849978804588318,6.114799704402685,1
google/gemma-2-2b-it,calques_0182,calques,overt: гаразд,-48.5650749206543,-42.45088195800781,8,7,0,-5.802522856742144,1.8030529469251633,0
google/gemma-2-2b-it,calques_0183,calques,overt: гаразд,-52.19422912597656,-41.23627853393555,7,7,0,-7.3075866512954235,5.333101499825716,0
google/gemma-2-2b-it,calques_0184,calques,overt: гаразд,-44.35224533081055,-37.262149810791016,8,7,0,-6.042512781918049,5.702597539871931,0
google/gemma-2-2b-it,calques_0185,calques,overt: колишній,-45.63981628417969,-52.92736053466797,9,8,1,-5.587721832096577,7.333013521507382,1
google/gemma-2-2b-it,calques_0186,calques,overt: колишній,-46.975738525390625,-62.57734680175781,11,10,1,-6.202612783759832,6.333956487476826,1
google/gemma-2-2b-it,calques_0187,calques,overt: колишній,-53.669334411621094,-63.70489501953125,10,10,1,5.859088703989983,6.599674064666033,1
google/gemma-2-2b-it,control_subject_verb_0000,control_subject_verb,past-tense gender,-63.429908752441406,-65.38218688964844,12,12,1,-2.8694610223174095,7.71128355525434,1
google/gemma-2-2b-it,control_subject_verb_0001,control_subject_verb,past-tense gender,-49.30483627319336,-54.02032470703125,10,10,1,4.8150204718112946,5.935998817905784,1
google/gemma-2-2b-it,control_subject_verb_0002,control_subject_verb,past-tense gender,-56.73434066772461,-62.70028305053711,9,9,1,9.343944281339645,6.540351666510105,1
google/gemma-2-2b-it,control_subject_verb_0003,control_subject_verb,past-tense gender,-45.76001739501953,-50.56023406982422,8,8,1,7.83417721837759,5.597629744559526,1
google/gemma-2-2b-it,control_subject_verb_0004,control_subject_verb,past-tense gender,-62.931209564208984,-67.97035217285156,9,9,1,7.335009589791298,5.657466169446707,1
google/gemma-2-2b-it,control_subject_verb_0005,control_subject_verb,past-tense gender,-70.62367248535156,-75.05915832519531,9,9,1,5.501299977302551,5.283064879477024,1
google/gemma-2-2b-it,control_subject_verb_0006,control_subject_verb,past-tense gender,-55.45642852783203,-61.779502868652344,9,9,1,8.79500436782837,4.960844229906797,1
google/gemma-2-2b-it,control_subject_verb_0007,control_subject_verb,past-tense gender,-60.55732345581055,-61.49073791503906,10,11,1,10.307972259819508,5.827130235731602,1
google/gemma-2-2b-it,control_subject_verb_0008,control_subject_verb,past-tense gender,-62.05174255371094,-62.317352294921875,9,10,1,10.19567235559225,6.8496511820703745,1
google/gemma-2-2b-it,control_subject_verb_0009,control_subject_verb,past-tense gender,-68.81171417236328,-73.49284362792969,11,11,1,-3.7095793709158897,4.36560270935297,1
google/gemma-2-2b-it,control_subject_verb_0010,control_subject_verb,past-tense gender,-71.39266204833984,-73.15223693847656,11,11,1,0.2624359130859375,6.375585466623306,1
google/gemma-2-2b-it,control_subject_verb_0011,control_subject_verb,past-tense gender,-48.03314971923828,-53.188621520996094,9,9,1,2.6315193623304367,5.355069935321808,1
google/gemma-2-2b-it,control_subject_verb_0012,control_subject_verb,past-tense gender,-62.544822692871094,-67.1727294921875,9,9,1,1.6001166999340057,6.115637958049774,1
google/gemma-2-2b-it,control_subject_verb_0013,control_subject_verb,past-tense gender,-65.66163635253906,-71.27203369140625,9,9,1,8.03871364891529,6.408096235245466,1
google/gemma-2-2b-it,control_subject_verb_0014,control_subject_verb,past-tense gender,-65.69654846191406,-65.63475036621094,9,10,0,9.951532453298569,5.798757530748844,1
google/gemma-2-2b-it,control_subject_verb_0015,control_subject_verb,past-tense gender,-60.30883026123047,-63.373130798339844,11,11,1,-4.012235660105944,6.999364012852311,1
google/gemma-2-2b-it,control_subject_verb_0016,control_subject_verb,past-tense gender,-51.81094741821289,-55.000892639160156,10,10,1,5.5182169154286385,7.371232939884067,1
google/gemma-2-2b-it,control_subject_verb_0017,control_subject_verb,past-tense gender,-54.48977279663086,-60.886375427246094,9,9,1,6.840518742799759,6.278267115354538,1
google/gemma-2-2b-it,control_subject_verb_0018,control_subject_verb,past-tense gender,-63.118316650390625,-64.17019653320312,11,11,1,6.715894907712936,5.820695647969842,1
google/gemma-2-2b-it,control_subject_verb_0019,control_subject_verb,past-tense gender,-51.524803161621094,-53.251670837402344,9,10,1,9.770660981535912,7.212344044819474,1
google/gemma-2-2b-it,control_subject_verb_0020,control_subject_verb,past-tense gender,-69.95301818847656,-70.0599136352539,9,10,1,10.122285902500153,6.5153731275349855,1
google/gemma-2-2b-it,control_subject_verb_0021,control_subject_verb,past-tense gender,-68.79782104492188,-74.52470397949219,11,11,1,-4.608997385948896,5.777767149731517,1
google/gemma-2-2b-it,control_subject_verb_0022,control_subject_verb,past-tense gender,-68.86131286621094,-76.57743835449219,10,10,1,-2.245710253715515,5.383945368230343,1
google/gemma-2-2b-it,control_subject_verb_0023,control_subject_verb,past-tense gender,-57.20127868652344,-56.155487060546875,9,9,0,9.566612973809242,6.625593982636929,1
google/gemma-2-2b-it,control_subject_verb_0024,control_subject_verb,past-tense gender,-49.96314239501953,-47.35438537597656,9,9,0,-3.0925198569893837,6.50220276042819,1
google/gemma-2-2b-it,control_subject_verb_0025,control_subject_verb,past-tense gender,-61.752193450927734,-67.94125366210938,12,12,1,-2.51404769718647,5.074637535959482,1
google/gemma-2-2b-it,control_subject_verb_0026,control_subject_verb,past-tense gender,-73.72703552246094,-76.61814880371094,11,11,1,4.1263322830200195,7.069768041372299,1
google/gemma-2-2b-it,control_subject_verb_0027,control_subject_verb,past-tense gender,-56.49916076660156,-61.35836410522461,9,9,1,10.207426123321056,6.4843901470303535,1
google/gemma-2-2b-it,control_subject_verb_0028,control_subject_verb,past-tense gender,-43.67168045043945,-49.13748550415039,9,9,1,1.9719027876853943,4.101165696978569,1
google/gemma-2-2b-it,control_subject_verb_0029,control_subject_verb,past-tense gender,-68.60920715332031,-70.23954772949219,10,10,1,0.08584213256835938,5.224440768361092,1
google/gemma-2-2b-it,control_subject_verb_0030,control_subject_verb,past-tense gender,-64.79301452636719,-68.66386413574219,12,12,1,-4.626647714525461,7.585593272000551,1
google/gemma-2-2b-it,control_subject_verb_0031,control_subject_verb,past-tense gender,-44.78293228149414,-47.798221588134766,7,7,1,-3.232135809957981,6.097026759758592,1
google/gemma-2-2b-it,control_subject_verb_0032,control_subject_verb,past-tense gender,-77.69270324707031,-81.67872619628906,10,10,1,-5.353253144770861,2.387205019593239,0
google/gemma-2-2b-it,control_subject_verb_0033,control_subject_verb,past-tense gender,-51.00324249267578,-57.07918930053711,10,10,1,3.897835895419121,6.16472234390676,1
google/gemma-2-2b-it,control_subject_verb_0034,control_subject_verb,past-tense gender,-53.091949462890625,-56.522430419921875,11,11,1,6.2342062294483185,7.2462246138602495,1
google/gemma-2-2b-it,control_subject_verb_0035,control_subject_verb,past-tense gender,-63.61127471923828,-66.00996398925781,11,11,1,-4.458143010735512,7.274056451395154,1
google/gemma-2-2b-it,control_subject_verb_0036,control_subject_verb,past-tense gender,-67.39111328125,-71.14399719238281,9,9,1,5.187942534685135,5.691871766000986,1
google/gemma-2-2b-it,control_subject_verb_0037,control_subject_verb,past-tense gender,-57.61634826660156,-65.98106384277344,8,8,1,6.172361180186272,7.859408511780202,1
google/gemma-2-2b-it,control_subject_verb_0038,control_subject_verb,past-tense gender,-62.040504455566406,-68.69844055175781,11,11,1,-3.2006225511431694,5.032020602375269,1
google/gemma-2-2b-it,control_subject_verb_0039,control_subject_verb,past-tense gender,-60.9516716003418,-63.575252532958984,10,10,1,-4.123372837901115,6.4832364823669195,1
google/gemma-2-2b-it,control_subject_verb_0040,control_subject_verb,past-tense gender,-45.24846649169922,-48.97332763671875,9,9,1,3.0280646234750748,6.756376054137945,1
google/gemma-2-2b-it,control_subject_verb_0041,control_subject_verb,past-tense gender,-46.74733352661133,-51.26946258544922,8,8,1,6.843754023313522,6.550104971975088,1
google/gemma-2-2b-it,control_subject_verb_0042,control_subject_verb,past-tense gender,-51.50904083251953,-57.34600830078125,10,10,1,4.363736376166344,4.662216264754534,1
google/gemma-2-2b-it,control_subject_verb_0043,control_subject_verb,past-tense gender,-73.93089294433594,-78.89375305175781,10,10,1,-3.639577880501747,5.240928780287504,1
google/gemma-2-2b-it,control_subject_verb_0044,control_subject_verb,past-tense gender,-40.583213806152344,-44.66783905029297,7,7,1,8.4581648260355,5.806575741618872,1
google/gemma-2-2b-it,control_subject_verb_0045,control_subject_verb,past-tense gender,-63.61117172241211,-63.37839126586914,10,10,0,-2.8089808523654938,6.595667077228427,1
google/gemma-2-2b-it,control_subject_verb_0046,control_subject_verb,past-tense gender,-62.045623779296875,-69.8814697265625,9,9,1,6.214069277048111,6.613830726593733,1
google/gemma-2-2b-it,control_subject_verb_0047,control_subject_verb,past-tense gender,-72.19105529785156,-76.54884338378906,10,10,1,-6.336422193795443,6.131138624623418,0
google/gemma-2-2b-it,control_subject_verb_0048,control_subject_verb,past-tense gender,-56.529842376708984,-62.418861389160156,9,9,1,7.946204394102097,6.955772602930665,1
google/gemma-2-2b-it,control_subject_verb_0049,control_subject_verb,past-tense gender,-53.61065673828125,-58.37683868408203,8,8,1,7.96305825561285,4.590471159666777,1
google/gemma-2-2b-it,control_subject_verb_0050,control_subject_verb,past-tense gender,-46.04344177246094,-51.007625579833984,9,9,1,10.70394253730774,7.6092566549777985,1
google/gemma-2-2b-it,control_subject_verb_0051,control_subject_verb,past-tense gender,-68.82470703125,-73.97325134277344,8,8,1,3.273754134774208,4.613455906510353,1
google/gemma-2-2b-it,control_subject_verb_0052,control_subject_verb,past-tense gender,-51.54922103881836,-59.55110549926758,11,11,1,7.358022898435593,5.735066272318363,1
google/gemma-2-2b-it,control_subject_verb_0053,control_subject_verb,past-tense gender,-73.29232788085938,-76.48477172851562,10,10,1,2.147836610674858,6.950960049405694,1
google/gemma-2-2b-it,control_subject_verb_0054,control_subject_verb,past-tense gender,-66.3980941772461,-67.91580963134766,10,10,1,-3.6927376613020897,7.47178946621716,1
google/gemma-2-2b-it,control_subject_verb_0055,control_subject_verb,past-tense gender,-72.60346221923828,-76.31385040283203,12,12,1,-5.350760627537966,6.085304189473391,1
google/gemma-2-2b-it,control_subject_verb_0056,control_subject_verb,past-tense gender,-60.647377014160156,-61.79969024658203,11,11,1,-1.3918685913085938,7.629198025912046,1
google/gemma-2-2b-it,control_subject_verb_0057,control_subject_verb,past-tense gender,-49.18797302246094,-57.73406982421875,10,10,1,9.063310787081718,5.383621137589216,1
google/gemma-2-2b-it,control_subject_verb_0058,control_subject_verb,past-tense gender,-74.8000717163086,-79.95857238769531,9,9,1,-3.6907787546515465,2.5839615017175674,0
google/gemma-2-2b-it,control_subject_verb_0059,control_subject_verb,past-tense gender,-47.56795883178711,-53.76437759399414,11,11,1,4.174250438809395,4.7518178671598434,1
google/gemma-2-2b-it,control_subject_verb_0060,control_subject_verb,past-tense gender,-46.54386520385742,-52.5286865234375,10,10,1,8.900096669793129,7.066019823774695,1
google/gemma-2-2b-it,control_subject_verb_0061,control_subject_verb,past-tense gender,-73.81433868408203,-77.63702392578125,12,12,1,-3.2413139641284943,5.538782846182585,1
google/gemma-2-2b-it,control_subject_verb_0062,control_subject_verb,past-tense gender,-75.92064666748047,-80.07688903808594,11,11,1,-4.33660339191556,5.297706764191389,1
google/gemma-2-2b-it,control_subject_verb_0063,control_subject_verb,past-tense gender,-68.1524887084961,-73.90419006347656,9,9,1,8.31997187435627,6.809882055968046,1
google/gemma-2-2b-it,control_subject_verb_0064,control_subject_verb,past-tense gender,-65.02965545654297,-72.74179077148438,10,10,1,5.972322255373001,6.662196256220341,1
google/gemma-2-2b-it,control_subject_verb_0065,control_subject_verb,past-tense gender,-39.738502502441406,-45.09479522705078,9,9,1,7.501985728740692,6.348793845623732,1
google/gemma-2-2b-it,control_subject_verb_0066,control_subject_verb,past-tense gender,-71.63555908203125,-76.12135314941406,9,9,1,3.5796308368444443,5.4873162023723125,1
google/gemma-2-2b-it,control_subject_verb_0067,control_subject_verb,past-tense gender,-55.566856384277344,-62.288700103759766,11,11,1,7.819356873631477,5.17997757345438,1
google/gemma-2-2b-it,control_subject_verb_0068,control_subject_verb,past-tense gender,-49.31482696533203,-54.880088806152344,9,9,1,7.6900318413972855,5.747071482241154,1
google/gemma-2-2b-it,control_subject_verb_0069,control_subject_verb,past-tense gender,-61.06378173828125,-64.54454040527344,10,10,1,9.745734505355358,7.1021469961851835,1
google/gemma-2-2b-it,control_subject_verb_0070,control_subject_verb,past-tense gender,-67.25501251220703,-75.50857543945312,11,11,1,3.814636081457138,4.73146066069603,1
google/gemma-2-2b-it,control_subject_verb_0071,control_subject_verb,past-tense gender,-68.81724548339844,-76.90684509277344,11,11,1,4.060153976082802,5.233895465731621,1
google/gemma-2-2b-it,control_subject_verb_0072,control_subject_verb,past-tense gender,-39.15650177001953,-45.241661071777344,10,10,1,9.133474737405777,7.115834314376116,1
google/gemma-2-2b-it,control_subject_verb_0073,control_subject_verb,past-tense gender,-58.522193908691406,-65.24250793457031,9,9,1,5.087536960840225,6.560785232111812,1
google/gemma-2-2b-it,control_subject_verb_0074,control_subject_verb,past-tense gender,-65.29264831542969,-68.66622924804688,10,10,1,1.611097365617752,7.423921775072813,1
google/gemma-2-2b-it,control_subject_verb_0075,control_subject_verb,past-tense gender,-49.70952606201172,-53.933998107910156,9,9,1,5.000318482518196,6.5157565996050835,1
google/gemma-2-2b-it,control_subject_verb_0076,control_subject_verb,past-tense gender,-70.324951171875,-72.53602600097656,10,10,1,9.725866429507732,7.514509921893477,1
google/gemma-2-2b-it,control_subject_verb_0077,control_subject_verb,past-tense gender,-56.07862091064453,-60.481876373291016,11,11,1,0.3887977600097656,6.567036762833595,1
google/gemma-2-2b-it,control_subject_verb_0078,control_subject_verb,past-tense gender,-57.057315826416016,-59.886898040771484,9,9,1,6.899869754910469,1.4178467094898224,1
google/gemma-2-2b-it,control_subject_verb_0079,control_subject_verb,past-tense gender,-45.6816291809082,-50.3204345703125,8,8,1,7.242735132575035,6.427993739023805,1
google/gemma-2-2b-it,control_subject_verb_0080,control_subject_verb,past-tense gender,-51.540618896484375,-55.057273864746094,11,11,1,8.044495180249214,6.778296636417508,1
google/gemma-2-2b-it,control_subject_verb_0081,control_subject_verb,past-tense gender,-70.1404037475586,-72.8724365234375,9,9,1,2.7039967477321625,7.3363267090171576,1
google/gemma-2-2b-it,control_subject_verb_0082,control_subject_verb,past-tense gender,-72.62741088867188,-75.5489730834961,11,11,1,-2.2931728214025497,2.9757252112030983,1
google/gemma-2-2b-it,control_subject_verb_0083,control_subject_verb,past-tense gender,-69.8731460571289,-72.34475708007812,11,11,1,2.9023361653089523,7.516868595965207,1
google/gemma-2-2b-it,control_subject_verb_0084,control_subject_verb,past-tense gender,-64.39923095703125,-68.8035659790039,10,10,1,7.143816128373146,4.574638370424509,1
google/gemma-2-2b-it,control_subject_verb_0085,control_subject_verb,past-tense gender,-47.451019287109375,-51.52143859863281,9,9,1,4.531375765800476,5.599663637578487,1
google/gemma-2-2b-it,control_subject_verb_0086,control_subject_verb,past-tense gender,-67.83473205566406,-71.4027099609375,9,9,1,2.2441368103027344,6.881721323356032,1
google/gemma-2-2b-it,control_subject_verb_0087,control_subject_verb,past-tense gender,-43.19839096069336,-46.231231689453125,7,7,1,8.192683681845665,6.0456208027899265,1
google/gemma-2-2b-it,control_subject_verb_0088,control_subject_verb,past-tense gender,-67.01060485839844,-72.0053939819336,9,9,1,10.320048972964287,7.699179524555802,1
google/gemma-2-2b-it,control_subject_verb_0089,control_subject_verb,past-tense gender,-71.25225830078125,-73.70408630371094,11,11,1,-0.21284103393554688,7.579522334970534,1
google/gemma-2-2b-it,control_subject_verb_0090,control_subject_verb,past-tense gender,-53.969482421875,-59.024818420410156,8,8,1,7.556384101510048,7.328850554302335,1
google/gemma-2-2b-it,control_subject_verb_0091,control_subject_verb,past-tense gender,-58.77505111694336,-62.65428161621094,9,9,1,7.515499867498875,5.755945920944214,1
google/gemma-2-2b-it,control_subject_verb_0092,control_subject_verb,past-tense gender,-52.91120147705078,-56.86621856689453,8,8,1,7.85082571208477,6.122082907706499,1
google/gemma-2-2b-it,control_subject_verb_0093,control_subject_verb,past-tense gender,-66.11995697021484,-71.50070190429688,11,11,1,-2.1821995824575424,7.1459482870996,1
google/gemma-2-2b-it,control_subject_verb_0094,control_subject_verb,past-tense gender,-53.71436309814453,-61.21125030517578,11,10,1,8.297671020030975,-6.495641767978668,1
google/gemma-2-2b-it,control_subject_verb_0095,control_subject_verb,past-tense gender,-54.600677490234375,-55.01983642578125,9,10,1,10.215567290782928,4.654846008867025,1
google/gemma-2-2b-it,control_subject_verb_0096,control_subject_verb,past-tense gender,-51.36034393310547,-50.17953872680664,11,11,0,-2.853752091526985,6.8831025417894125,1
google/gemma-2-2b-it,control_subject_verb_0097,control_subject_verb,past-tense gender,-48.20212173461914,-51.931304931640625,8,8,1,6.911072671413422,5.718646969646215,1
google/gemma-2-2b-it,control_subject_verb_0098,control_subject_verb,past-tense gender,-60.677310943603516,-65.06344604492188,9,9,1,8.66531801968813,6.92470639385283,1
google/gemma-2-2b-it,control_subject_verb_0099,control_subject_verb,past-tense gender,-55.25807189941406,-60.81610107421875,11,11,1,5.025243952870369,6.231932556256652,1
google/gemma-2-2b-it,control_subject_verb_0100,control_subject_verb,past-tense gender,-56.843605041503906,-63.21678924560547,8,8,1,8.559812188148499,6.812532387673855,1
google/gemma-2-2b-it,control_subject_verb_0101,control_subject_verb,past-tense gender,-57.33951950073242,-62.096710205078125,10,10,1,7.364828884601593,5.494542974978685,1
google/gemma-2-2b-it,control_subject_verb_0102,control_subject_verb,past-tense gender,-70.78185272216797,-75.60067749023438,10,10,1,-0.51910400390625,8.37255242280662,1
google/gemma-2-2b-it,control_subject_verb_0103,control_subject_verb,past-tense gender,-43.16896057128906,-48.59833908081055,9,9,1,7.326002225279808,6.114943416789174,1
google/gemma-2-2b-it,control_subject_verb_0104,control_subject_verb,past-tense gender,-56.27021408081055,-60.85655975341797,10,10,1,5.397013425827026,1.2279147803783417,1
google/gemma-2-2b-it,control_subject_verb_0105,control_subject_verb,past-tense gender,-69.45845794677734,-71.20780944824219,11,11,1,1.933843731880188,7.440659316256642,1
google/gemma-2-2b-it,control_subject_verb_0106,control_subject_verb,past-tense gender,-54.801597595214844,-59.96211242675781,8,8,1,6.399576917290688,5.687942434102297,1
google/gemma-2-2b-it,control_subject_verb_0107,control_subject_verb,past-tense gender,-74.00369262695312,-73.6864242553711,10,11,0,4.7276342660188675,6.796267621219158,1
google/gemma-2-2b-it,control_subject_verb_0108,control_subject_verb,past-tense gender,-64.14073181152344,-71.29066467285156,10,10,1,3.0769157111644745,7.932140162214637,1
google/gemma-2-2b-it,control_subject_verb_0109,control_subject_verb,past-tense gender,-60.04198455810547,-63.05299377441406,9,9,1,8.853345848619938,6.860523022711277,1
google/gemma-2-2b-it,control_subject_verb_0110,control_subject_verb,past-tense gender,-49.149513244628906,-56.53898620605469,10,10,1,2.2553291618824005,6.19478970952332,1
google/gemma-2-2b-it,control_subject_verb_0111,control_subject_verb,past-tense gender,-58.89982223510742,-57.514034271240234,9,9,0,6.3601245656609535,6.039986476302147,1
google/gemma-2-2b-it,control_subject_verb_0112,control_subject_verb,past-tense gender,-54.51365661621094,-62.72611618041992,10,10,1,7.733889475464821,5.225667767226696,1
google/gemma-2-2b-it,control_subject_verb_0113,control_subject_verb,past-tense gender,-54.91180419921875,-58.70598220825195,9,9,1,-1.953252837061882,5.989701310172677,1
google/gemma-2-2b-it,control_subject_verb_0114,control_subject_verb,past-tense gender,-55.24697494506836,-63.39379119873047,8,8,1,6.645455360412598,7.700322136282921,1
google/gemma-2-2b-it,control_subject_verb_0115,control_subject_verb,past-tense gender,-47.686614990234375,-53.354248046875,8,8,1,8.775975473225117,6.233602326363325,1
google/gemma-2-2b-it,control_subject_verb_0116,control_subject_verb,past-tense gender,-53.865875244140625,-57.323875427246094,11,11,1,2.7599183171987534,6.5941848289221525,1
google/gemma-2-2b-it,control_subject_verb_0117,control_subject_verb,past-tense gender,-73.01930236816406,-75.08036804199219,10,10,1,2.569089964032173,7.316032174043357,1
google/gemma-2-2b-it,control_subject_verb_0118,control_subject_verb,past-tense gender,-61.53752136230469,-68.60946655273438,11,11,1,-0.4049186706542969,4.999677615240216,1
google/gemma-2-2b-it,control_subject_verb_0119,control_subject_verb,past-tense gender,-56.531639099121094,-58.33171463012695,9,9,1,4.815149277448654,5.513557570055127,1
google/gemma-2-2b-it,control_subject_verb_0120,control_subject_verb,past-tense gender,-63.87284851074219,-68.93751525878906,9,9,1,8.145418122410774,6.8590601440519094,1
google/gemma-2-2b-it,control_subject_verb_0121,control_subject_verb,past-tense gender,-59.705039978027344,-67.73768615722656,11,10,1,3.3650741279125214,4.47752958163619,1
google/gemma-2-2b-it,control_subject_verb_0122,control_subject_verb,past-tense gender,-62.100982666015625,-65.99752807617188,10,10,1,8.53699005395174,6.625406485050917,1
google/gemma-2-2b-it,control_subject_verb_0123,control_subject_verb,past-tense gender,-57.299041748046875,-62.70241165161133,10,9,1,5.240471065044403,1.630514144897461,1
google/gemma-2-2b-it,control_subject_verb_0124,control_subject_verb,past-tense gender,-44.547767639160156,-49.48114776611328,9,9,1,8.050723999738693,6.686735874041915,1
google/gemma-2-2b-it,control_subject_verb_0125,control_subject_verb,past-tense gender,-67.20436096191406,-69.10414123535156,12,12,1,-3.135051690042019,7.785808427259326,1
google/gemma-2-2b-it,control_subject_verb_0126,control_subject_verb,past-tense gender,-51.53815460205078,-54.27848434448242,9,9,1,4.366132959723473,5.768245918676257,1
google/gemma-2-2b-it,control_subject_verb_0127,control_subject_verb,past-tense gender,-65.64111328125,-67.3666000366211,9,9,1,6.2860419899225235,7.315776793286204,1
google/gemma-2-2b-it,control_subject_verb_0128,control_subject_verb,past-tense gender,-62.821998596191406,-68.72667694091797,10,10,1,4.83987732231617,6.417605262249708,1
google/gemma-2-2b-it,control_subject_verb_0129,control_subject_verb,past-tense gender,-47.718624114990234,-52.60981750488281,9,9,1,4.637374937534332,6.454460233449936,1
google/gemma-2-2b-it,control_subject_verb_0130,control_subject_verb,past-tense gender,-70.51924133300781,-72.08458709716797,12,12,1,2.1890315413475037,6.369398180395365,1
google/gemma-2-2b-it,control_subject_verb_0131,control_subject_verb,past-tense gender,-55.84709167480469,-58.608917236328125,9,9,1,3.2711381167173386,5.617189384996891,1
google/gemma-2-2b-it,control_subject_verb_0132,control_subject_verb,past-tense gender,-68.08261108398438,-70.57339477539062,11,11,1,2.6421088576316833,5.755332171916962,1
google/gemma-2-2b-it,control_subject_verb_0133,control_subject_verb,past-tense gender,-50.137550354003906,-54.26912307739258,7,7,1,-1.3936614394187927,7.991666474379599,1
google/gemma-2-2b-it,control_subject_verb_0134,control_subject_verb,past-tense gender,-62.37636947631836,-67.55462646484375,9,9,1,4.8517787754535675,1.6780318915843964,1
google/gemma-2-2b-it,control_subject_verb_0135,control_subject_verb,past-tense gender,-75.1851806640625,-74.2979736328125,9,10,0,3.7679919600486755,7.18160167708993,1
google/gemma-2-2b-it,control_subject_verb_0136,control_subject_verb,past-tense gender,-47.88836669921875,-53.13383865356445,8,8,1,8.305870585143566,6.02389233186841,1
google/gemma-2-2b-it,control_subject_verb_0137,control_subject_verb,past-tense gender,-63.468746185302734,-66.05133056640625,12,12,1,-4.176048502326012,7.695332460105419,1
google/gemma-2-2b-it,control_subject_verb_0138,control_subject_verb,past-tense gender,-67.95040893554688,-69.602294921875,11,11,1,-1.9116935282945633,7.464733045548201,1
google/gemma-2-2b-it,control_subject_verb_0139,control_subject_verb,past-tense gender,-69.15938568115234,-71.85057067871094,11,11,1,9.695890322327614,7.055331237614155,1
google/gemma-2-2b-it,control_subject_verb_0140,control_subject_verb,past-tense gender,-52.36307144165039,-57.99507141113281,8,8,1,6.765202298760414,5.8655785489827394,1
google/gemma-2-2b-it,control_subject_verb_0141,control_subject_verb,past-tense gender,-54.23353576660156,-57.209327697753906,10,10,1,6.561324201524258,7.376428458839655,1
google/gemma-2-2b-it,control_subject_verb_0142,control_subject_verb,past-tense gender,-52.23084259033203,-51.70663833618164,10,10,0,-3.068714141845703,6.40479670651257,1
google/gemma-2-2b-it,control_subject_verb_0143,control_subject_verb,past-tense gender,-53.74040985107422,-60.61513137817383,10,10,1,0.7210234999656677,6.7380515281111,1
google/gemma-2-2b-it,control_subject_verb_0144,control_subject_verb,past-tense gender,-68.31183624267578,-69.58621978759766,11,11,1,-3.4751111045479774,7.475851198658347,1
google/gemma-2-2b-it,control_subject_verb_0145,control_subject_verb,past-tense gender,-60.94749069213867,-66.95231628417969,12,12,1,0.03870964050292969,5.353073343634605,1
google/gemma-2-2b-it,control_subject_verb_0146,control_subject_verb,past-tense gender,-58.63233184814453,-64.73397064208984,9,9,1,9.036283671855927,7.637449214234948,1
google/gemma-2-2b-it,control_subject_verb_0147,control_subject_verb,past-tense gender,-66.76309204101562,-72.13290405273438,9,9,1,5.102001950144768,5.886718977242708,1
google/gemma-2-2b-it,control_subject_verb_0148,control_subject_verb,past-tense gender,-76.28572082519531,-78.45735931396484,12,12,1,-3.3651715517044067,6.4347802102565765,1
google/gemma-2-2b-it,control_subject_verb_0149,control_subject_verb,past-tense gender,-64.0110092163086,-67.98668670654297,11,11,1,7.018419191241264,5.405294299125671,1
google/gemma-2-2b-it,control_subject_verb_0150,control_subject_verb,past-tense gender,-52.92435073852539,-60.257362365722656,9,9,1,7.557355970144272,5.4871423579752445,1
google/gemma-2-2b-it,control_subject_verb_0151,control_subject_verb,past-tense gender,-62.16248321533203,-66.24661254882812,10,10,1,5.960009410977364,4.97548695653677,1
google/gemma-2-2b-it,control_subject_verb_0152,control_subject_verb,past-tense gender,-70.85001373291016,-77.32005310058594,10,10,1,-4.316585339605808,5.288470260798931,1
google/gemma-2-2b-it,control_subject_verb_0153,control_subject_verb,past-tense gender,-54.12458801269531,-56.61531066894531,7,7,1,8.269082896411419,5.625849870964885,1
google/gemma-2-2b-it,control_subject_verb_0154,control_subject_verb,past-tense gender,-59.7177619934082,-64.68489074707031,10,9,1,6.434810400009155,-6.2218762040138245,1
google/gemma-2-2b-it,control_subject_verb_0155,control_subject_verb,past-tense gender,-50.70069885253906,-53.490997314453125,10,10,1,4.5842781364917755,6.007465571165085,1
google/gemma-2-2b-it,control_subject_verb_0156,control_subject_verb,past-tense gender,-68.75261688232422,-74.81765747070312,9,9,1,2.769977554678917,5.542113438248634,1
google/gemma-2-2b-it,control_subject_verb_0157,control_subject_verb,past-tense gender,-52.375484466552734,-56.934513092041016,9,9,1,7.652997836470604,6.597309330478311,1
google/gemma-2-2b-it,control_subject_verb_0158,control_subject_verb,past-tense gender,-67.83700561523438,-75.232177734375,10,9,1,6.906738325953484,-6.914741352200508,0
google/gemma-2-2b-it,control_subject_verb_0159,control_subject_verb,past-tense gender,-77.3131103515625,-82.25970458984375,11,10,1,-3.0600262582302094,4.466892376542091,1
google/gemma-2-2b-it,control_subject_verb_0160,control_subject_verb,past-tense gender,-80.35052490234375,-84.3399887084961,11,10,1,-3.6071777045726776,5.649020913988352,1
google/gemma-2-2b-it,control_subject_verb_0161,control_subject_verb,past-tense gender,-45.93241500854492,-51.15534973144531,8,8,1,7.8849955052137375,5.358516626060009,1
google/gemma-2-2b-it,control_subject_verb_0162,control_subject_verb,past-tense gender,-59.130062103271484,-62.92333984375,10,10,1,8.359869807958603,6.743014503270388,1
google/gemma-2-2b-it,control_subject_verb_0163,control_subject_verb,past-tense gender,-58.92808532714844,-62.750240325927734,8,8,1,0.8378505110740662,2.363994523882866,1
google/gemma-2-2b-it,control_subject_verb_0164,control_subject_verb,past-tense gender,-62.66217803955078,-69.39399719238281,8,8,1,6.707006260752678,7.9138534953817725,1
google/gemma-2-2b-it,control_subject_verb_0165,control_subject_verb,past-tense gender,-68.12631225585938,-69.7325210571289,12,12,1,-2.8647364675998688,7.793767087161541,1
google/gemma-2-2b-it,control_subject_verb_0166,control_subject_verb,past-tense gender,-45.45107650756836,-50.55669403076172,9,9,1,6.885366350412369,7.777455499395728,1
google/gemma-2-2b-it,control_subject_verb_0167,control_subject_verb,past-tense gender,-48.00498962402344,-51.99751281738281,10,10,1,8.353306844830513,6.603433802723885,1
google/gemma-2-2b-it,control_subject_verb_0168,control_subject_verb,past-tense gender,-58.90911865234375,-65.85948181152344,9,9,1,5.567046046257019,5.938545161858201,1
google/gemma-2-2b-it,control_subject_verb_0169,control_subject_verb,past-tense gender,-41.76348114013672,-47.930511474609375,9,9,1,8.089685618877411,5.951285485178232,1
google/gemma-2-2b-it,control_subject_verb_0170,control_subject_verb,past-tense gender,-54.970008850097656,-63.96582794189453,8,8,1,7.731575161218643,7.669995424337685,1
google/gemma-2-2b-it,control_subject_verb_0171,control_subject_verb,past-tense gender,-52.77101135253906,-59.60798263549805,10,9,1,6.819059401750565,-4.770236998796463,1
google/gemma-2-2b-it,control_subject_verb_0172,control_subject_verb,past-tense gender,-45.55558776855469,-48.351959228515625,10,10,1,-0.1613445281982422,6.699097439646721,1
google/gemma-2-2b-it,control_subject_verb_0173,control_subject_verb,past-tense gender,-63.06626892089844,-70.75192260742188,11,11,1,5.997649326920509,6.570766454562545,1
google/gemma-2-2b-it,control_subject_verb_0174,control_subject_verb,past-tense gender,-66.33251953125,-73.05958557128906,10,10,1,2.7686634957790375,7.245828654617071,1
google/gemma-2-2b-it,control_subject_verb_0175,control_subject_verb,past-tense gender,-75.47862243652344,-80.06954956054688,9,9,1,-4.969276234507561,1.8933220505714417,0
google/gemma-2-2b-it,control_subject_verb_0176,control_subject_verb,past-tense gender,-67.06539916992188,-69.12289428710938,12,12,1,2.4403019547462463,6.436322007328272,1
google/gemma-2-2b-it,control_subject_verb_0177,control_subject_verb,past-tense gender,-60.17763900756836,-63.47901153564453,11,11,1,4.823531977832317,6.97119514644146,1
google/gemma-2-2b-it,control_subject_verb_0178,control_subject_verb,past-tense gender,-58.831417083740234,-67.72914123535156,8,8,1,5.999002382159233,7.872566947713494,1
google/gemma-2-2b-it,control_subject_verb_0179,control_subject_verb,past-tense gender,-51.821266174316406,-58.11960220336914,10,10,1,3.912278100848198,6.773649230599403,1
google/gemma-2-2b-it,control_subject_verb_0180,control_subject_verb,past-tense gender,-47.39640808105469,-50.813316345214844,8,8,1,3.9884415715932846,4.326194979250431,1
google/gemma-2-2b-it,control_subject_verb_0181,control_subject_verb,past-tense gender,-72.75978088378906,-75.48587036132812,11,11,1,-3.9466954059898853,2.344799056649208,0
google/gemma-2-2b-it,control_subject_verb_0182,control_subject_verb,past-tense gender,-45.34642028808594,-51.84730529785156,10,10,1,2.835580885410309,4.182981379330158,1
google/gemma-2-2b-it,control_subject_verb_0183,control_subject_verb,past-tense gender,-69.73634338378906,-74.14339447021484,11,11,1,1.1454925239086151,8.160350311547518,1
google/gemma-2-2b-it,control_subject_verb_0184,control_subject_verb,past-tense gender,-54.540157318115234,-59.375885009765625,9,9,1,6.70186910033226,1.540008544921875,1
google/gemma-2-2b-it,control_subject_verb_0185,control_subject_verb,past-tense gender,-53.15563201904297,-58.3972282409668,11,11,1,6.350782603025436,5.309837287291884,1
google/gemma-2-2b-it,control_subject_verb_0186,control_subject_verb,past-tense gender,-60.97588348388672,-64.14796447753906,11,11,1,8.252480112016201,6.002520672976971,1
google/gemma-2-2b-it,control_subject_verb_0187,control_subject_verb,past-tense gender,-50.175907135009766,-56.801143646240234,8,8,1,9.022387474775314,7.054785739630461,1
google/gemma-2-2b-it,control_subject_verb_0188,control_subject_verb,past-tense gender,-68.99714660644531,-70.2913589477539,11,11,1,-3.890766240656376,7.501948565244675,1
google/gemma-2-2b-it,control_subject_verb_0189,control_subject_verb,past-tense gender,-45.9864501953125,-49.208274841308594,10,10,1,8.169795155525208,5.493024658411741,1
google/gemma-2-2b-it,control_subject_verb_0190,control_subject_verb,past-tense gender,-74.22052001953125,-77.08817291259766,10,10,1,0.3981971740722656,7.685449426062405,1
google/gemma-2-2b-it,control_subject_verb_0191,control_subject_verb,past-tense gender,-45.850494384765625,-51.428619384765625,9,9,1,7.097496181726456,6.3924740962684155,1
google/gemma-2-2b-it,control_subject_verb_0192,control_subject_verb,past-tense gender,-75.16659545898438,-79.75100708007812,12,11,1,-1.2298355102539062,3.2294673174619675,1
google/gemma-2-2b-it,control_subject_verb_0193,control_subject_verb,past-tense gender,-70.42875671386719,-75.11400604248047,11,10,1,-3.208303563296795,5.136862739920616,1
google/gemma-2-2b-it,control_subject_verb_0194,control_subject_verb,past-tense gender,-57.2133903503418,-64.4810562133789,10,10,1,2.299653947353363,5.43254379183054,1
google/gemma-2-2b-it,control_subject_verb_0195,control_subject_verb,past-tense gender,-50.893707275390625,-53.97655487060547,11,11,1,8.19186869263649,6.149807009845972,1
google/gemma-2-2b-it,control_subject_verb_0196,control_subject_verb,past-tense gender,-51.83819580078125,-57.89435577392578,10,10,1,6.517697244882584,4.708478178828955,1
google/gemma-2-2b-it,control_subject_verb_0197,control_subject_verb,past-tense gender,-65.17263793945312,-71.7618408203125,8,8,1,8.308649115264416,6.897481054067612,1
google/gemma-2-2b-it,control_subject_verb_0198,control_subject_verb,past-tense gender,-69.36460876464844,-73.35202026367188,11,11,1,-1.323114424943924,5.1585533283650875,1
google/gemma-2-2b-it,control_subject_verb_0199,control_subject_verb,past-tense gender,-69.72705078125,-77.37553405761719,12,12,1,3.3317643105983734,5.465657472610474,1
google/gemma-2-2b-it,control_subject_verb_0200,control_subject_verb,past-tense gender,-67.69087219238281,-72.19886779785156,11,11,1,-4.2076990231871605,4.5546169355511665,1
google/gemma-2-2b-it,control_subject_verb_0201,control_subject_verb,past-tense gender,-62.13349151611328,-68.27824401855469,11,11,1,-1.069509506225586,5.034116772934794,1
google/gemma-2-2b-it,control_subject_verb_0202,control_subject_verb,past-tense gender,-60.773372650146484,-68.40988159179688,10,9,1,7.624780759215355,-4.867290586233139,1
google/gemma-2-2b-it,control_subject_verb_0203,control_subject_verb,past-tense gender,-50.66183853149414,-57.13090515136719,9,9,1,4.3639355301856995,6.540251847356558,1
google/gemma-2-2b-it,control_subject_verb_0204,control_subject_verb,past-tense gender,-49.515846252441406,-51.15391540527344,11,11,1,-2.1374970376491547,5.225160833448172,1
google/gemma-2-2b-it,control_subject_verb_0205,control_subject_verb,past-tense gender,-54.49565887451172,-56.963443756103516,10,10,1,-0.1567230224609375,7.193097902461886,1
google/gemma-2-2b-it,control_subject_verb_0206,control_subject_verb,past-tense gender,-71.5001220703125,-74.63157653808594,10,10,1,3.268644258379936,6.916722286492586,1
google/gemma-2-2b-it,control_subject_verb_0207,control_subject_verb,past-tense gender,-66.09916687011719,-70.62619018554688,10,10,1,-0.9958915710449219,6.27246655896306,1
google/gemma-2-2b-it,control_subject_verb_0208,control_subject_verb,past-tense gender,-76.67515563964844,-80.16378784179688,10,10,1,-5.50514417886734,3.2035389691591263,0
google/gemma-2-2b-it,control_subject_verb_0209,control_subject_verb,past-tense gender,-66.67906951904297,-69.96397399902344,9,9,1,4.234816536307335,0.43825143575668335,1
google/gemma-2-2b-it,control_subject_verb_0210,control_subject_verb,past-tense gender,-48.65193176269531,-52.13373947143555,9,9,1,-5.474501833319664,7.695021638646722,1
google/gemma-2-2b-it,control_subject_verb_0211,control_subject_verb,past-tense gender,-64.11079406738281,-66.93119812011719,12,12,1,-4.139678958803415,6.950936336070299,1
google/gemma-2-2b-it,control_subject_verb_0212,control_subject_verb,past-tense gender,-57.06707000732422,-66.890380859375,11,11,1,6.299560472369194,6.474836330860853,1
google/gemma-2-2b-it,control_subject_verb_0213,control_subject_verb,past-tense gender,-46.32471466064453,-53.33552551269531,11,11,1,4.646502360701561,5.1804276797920465,1
google/gemma-2-2b-it,control_subject_verb_0214,control_subject_verb,past-tense gender,-53.65760803222656,-59.613311767578125,10,10,1,9.99358844012022,6.902633873745799,1
google/gemma-2-2b-it,control_subject_verb_0215,control_subject_verb,past-tense gender,-64.74467468261719,-71.221435546875,10,10,1,1.0741462409496307,8.29060817323625,1
google/gemma-2-2b-it,control_subject_verb_0216,control_subject_verb,past-tense gender,-51.286312103271484,-57.769126892089844,9,9,1,6.688887611031532,5.930966205894947,1
google/gemma-2-2b-it,control_subject_verb_0217,control_subject_verb,past-tense gender,-65.02886199951172,-70.01577758789062,10,10,1,5.959519565105438,6.843189122155309,1
google/gemma-2-2b-it,control_subject_verb_0218,control_subject_verb,past-tense gender,-53.64849090576172,-58.76072692871094,9,9,1,6.489052549004555,7.5501745995134115,1
google/gemma-2-2b-it,control_subject_verb_0219,control_subject_verb,past-tense gender,-73.87882995605469,-78.43734741210938,8,8,1,4.190859064459801,5.66989154368639,1
google/gemma-2-2b-it,control_subject_verb_0220,control_subject_verb,past-tense gender,-60.96141052246094,-65.52166748046875,10,10,1,7.447174869477749,7.292818883433938,1
google/gemma-2-2b-it,control_subject_verb_0221,control_subject_verb,past-tense gender,-54.04876708984375,-59.695430755615234,9,9,1,9.086067706346512,6.795645788311958,1
google/gemma-2-2b-it,control_subject_verb_0222,control_subject_verb,past-tense gender,-51.43517303466797,-56.60343933105469,9,9,1,7.9117777198553085,6.903985982760787,1
google/gemma-2-2b-it,control_subject_verb_0223,control_subject_verb,past-tense gender,-67.24319458007812,-69.06536865234375,11,11,1,-2.3873119205236435,7.715074377134442,1
google/gemma-2-2b-it,control_subject_verb_0224,control_subject_verb,past-tense gender,-62.255035400390625,-68.94725036621094,10,10,1,-2.0847587883472443,4.774928994476795,1
google/gemma-2-2b-it,control_subject_verb_0225,control_subject_verb,past-tense gender,-76.04763793945312,-80.47531127929688,12,11,1,-1.3810883164405823,4.747820995748043,1
google/gemma-2-2b-it,control_subject_verb_0226,control_subject_verb,past-tense gender,-69.89462280273438,-75.2524642944336,9,9,1,7.038158223032951,5.240456409752369,1
google/gemma-2-2b-it,control_subject_verb_0227,control_subject_verb,past-tense gender,-51.44540023803711,-56.305267333984375,11,11,1,7.7634152472019196,4.5712945610284805,1
google/gemma-2-2b-it,control_subject_verb_0228,control_subject_verb,past-tense gender,-71.6767578125,-78.60299682617188,12,12,1,3.615426003932953,6.0021875239908695,1
google/gemma-2-2b-it,control_subject_verb_0229,control_subject_verb,past-tense gender,-53.37358093261719,-56.198978424072266,8,8,1,2.1496143639087677,4.993335846811533,1
google/gemma-2-2b-it,control_subject_verb_0230,control_subject_verb,past-tense gender,-72.73391723632812,-74.39250946044922,11,11,1,2.997691258788109,7.488980169408023,1
google/gemma-2-2b-it,control_subject_verb_0231,control_subject_verb,past-tense gender,-44.071258544921875,-51.7854118347168,11,11,1,2.0116748064756393,3.9296950325369835,1
google/gemma-2-2b-it,control_subject_verb_0232,control_subject_verb,past-tense gender,-54.392967224121094,-58.38324737548828,8,8,1,3.8819960951805115,5.107155065983534,1
google/gemma-2-2b-it,control_subject_verb_0233,control_subject_verb,past-tense gender,-67.28964233398438,-73.64224243164062,10,10,1,0.5517005920410156,7.8835886269807816,1
google/gemma-2-2b-it,control_subject_verb_0234,control_subject_verb,past-tense gender,-72.31443786621094,-78.63384246826172,11,11,1,-4.633821405470371,6.303224427625537,1
google/gemma-2-2b-it,control_subject_verb_0235,control_subject_verb,past-tense gender,-45.722015380859375,-54.294742584228516,10,10,1,8.414747402071953,6.373717423528433,1
google/gemma-2-2b-it,control_subject_verb_0236,control_subject_verb,past-tense gender,-49.318359375,-57.10084915161133,11,10,1,5.207072138786316,3.4898529425263405,1
google/gemma-2-2b-it,control_subject_verb_0237,control_subject_verb,past-tense gender,-59.2142448425293,-64.03018188476562,8,8,1,7.637788623571396,5.766412740573287,1
google/gemma-2-2b-it,control_subject_verb_0238,control_subject_verb,past-tense gender,-53.395904541015625,-57.28303527832031,10,10,1,-0.9811859130859375,6.049278274178505,1
google/gemma-2-2b-it,control_subject_verb_0239,control_subject_verb,past-tense gender,-49.08720016479492,-53.1198616027832,11,11,1,2.5894774794578552,3.912134248763323,1
google/gemma-2-2b-it,control_subject_verb_0240,control_subject_verb,past-tense gender,-54.89312744140625,-61.615440368652344,9,9,1,7.791672840714455,5.325197454541922,1
google/gemma-2-2b-it,control_subject_verb_0241,control_subject_verb,past-tense gender,-52.00214385986328,-56.05449295043945,10,10,1,2.6921749264001846,6.794751330278814,1
google/gemma-2-2b-it,control_subject_verb_0242,control_subject_verb,past-tense gender,-53.888092041015625,-55.651756286621094,11,11,1,7.050388351082802,6.473431492224336,1
google/gemma-2-2b-it,control_subject_verb_0243,control_subject_verb,past-tense gender,-50.840702056884766,-52.6060905456543,9,9,1,5.777781285345554,7.382262213155627,1
google/gemma-2-2b-it,control_subject_verb_0244,control_subject_verb,past-tense gender,-53.50009536743164,-55.05138397216797,10,10,1,5.870471931993961,5.88984989002347,1
google/gemma-2-2b-it,control_subject_verb_0245,control_subject_verb,past-tense gender,-56.8597526550293,-62.17060089111328,10,10,1,4.6852081418037415,6.152580425143242,1
google/gemma-2-2b-it,control_subject_verb_0246,control_subject_verb,past-tense gender,-53.664703369140625,-60.0007209777832,9,9,1,8.985278263688087,5.024393059313297,1
google/gemma-2-2b-it,control_subject_verb_0247,control_subject_verb,past-tense gender,-76.78145599365234,-79.77910614013672,11,11,1,-4.22211667150259,6.460015162825584,1
google/gemma-2-2b-it,control_subject_verb_0248,control_subject_verb,past-tense gender,-72.57556915283203,-80.62866973876953,9,9,1,6.500410243868828,6.605495592579246,1
google/gemma-2-2b-it,control_subject_verb_0249,control_subject_verb,past-tense gender,-62.6744270324707,-68.62541198730469,10,10,1,1.8072127550840378,3.914461150765419,1
google/gemma-2-2b-it,control_subject_verb_0250,control_subject_verb,past-tense gender,-61.425315856933594,-62.706844329833984,9,9,1,6.367402069270611,6.590843115001917,1
google/gemma-2-2b-it,control_subject_verb_0251,control_subject_verb,past-tense gender,-66.14482879638672,-73.23922729492188,9,9,1,1.195976197719574,8.302831849083304,1
google/gemma-2-2b-it,control_subject_verb_0252,control_subject_verb,past-tense gender,-47.699676513671875,-54.2888069152832,10,10,1,6.397874891757965,5.72529604844749,1
google/gemma-2-2b-it,control_subject_verb_0253,control_subject_verb,past-tense gender,-66.87191772460938,-73.0615005493164,11,11,1,2.4454898685216904,7.980950968340039,1
google/gemma-2-2b-it,control_subject_verb_0254,control_subject_verb,past-tense gender,-70.4106216430664,-75.53129577636719,11,11,1,-1.9222754687070847,3.7373904064297676,1
google/gemma-2-2b-it,control_subject_verb_0255,control_subject_verb,past-tense gender,-63.716636657714844,-69.89000701904297,9,9,1,8.72099819779396,6.763693941757083,1
google/gemma-2-2b-it,control_subject_verb_0256,control_subject_verb,past-tense gender,-66.32160186767578,-69.1828384399414,10,10,1,9.541886910796165,6.512188693508506,1
google/gemma-2-2b-it,control_subject_verb_0257,control_subject_verb,past-tense gender,-73.4172592163086,-75.61951446533203,12,12,1,-4.486830819398165,6.6496113780885935,1
google/gemma-2-2b-it,control_subject_verb_0258,control_subject_verb,past-tense gender,-60.174232482910156,-62.85910415649414,11,11,1,-3.164703279733658,7.013963718898594,1
google/gemma-2-2b-it,control_subject_verb_0259,control_subject_verb,past-tense gender,-68.65657043457031,-72.4642105102539,10,10,1,2.901426374912262,5.818325914442539,1
google/gemma-2-2b-it,control_subject_verb_0260,control_subject_verb,past-tense gender,-56.39875030517578,-59.58347702026367,10,11,1,10.228643588721752,4.8209553100168705,1
google/gemma-2-2b-it,control_subject_verb_0261,control_subject_verb,past-tense gender,-53.395809173583984,-57.573020935058594,11,11,1,-1.727615401148796,7.127461297437549,1
google/gemma-2-2b-it,control_subject_verb_0262,control_subject_verb,past-tense gender,-58.84441375732422,-65.47872161865234,9,9,1,3.6259822696447372,6.625130483880639,1
google/gemma-2-2b-it,control_subject_verb_0263,control_subject_verb,past-tense gender,-67.76997375488281,-72.44530487060547,10,10,1,-2.2563323825597763,7.178558338433504,1
google/gemma-2-2b-it,control_subject_verb_0264,control_subject_verb,past-tense gender,-66.53319549560547,-73.41294860839844,10,10,1,7.145462855696678,6.23909686692059,1
google/gemma-2-2b-it,control_subject_verb_0265,control_subject_verb,past-tense gender,-65.58560943603516,-72.60145568847656,10,10,1,1.8389931619167328,8.438490634784102,1
google/gemma-2-2b-it,control_subject_verb_0266,control_subject_verb,past-tense gender,-79.50714111328125,-86.06359100341797,10,10,1,-2.6007556319236755,6.003531681373715,1
google/gemma-2-2b-it,control_subject_verb_0267,control_subject_verb,past-tense gender,-54.71155548095703,-60.823326110839844,10,10,1,6.888606794178486,5.948170743882656,1
google/gemma-2-2b-it,control_subject_verb_0268,control_subject_verb,past-tense gender,-57.21340560913086,-63.284751892089844,9,9,1,7.82644172757864,6.689000120386481,1
google/gemma-2-2b-it,control_subject_verb_0269,control_subject_verb,past-tense gender,-46.6053466796875,-51.36686706542969,9,9,1,5.190878629684448,5.82051270827651,1
google/gemma-2-2b-it,control_subject_verb_0270,control_subject_verb,past-tense gender,-62.62321472167969,-67.36009216308594,12,12,1,-0.8663559257984161,4.169000461697578,1
google/gemma-2-2b-it,control_subject_verb_0271,control_subject_verb,past-tense gender,-52.15369415283203,-59.425010681152344,10,10,1,8.254280120134354,7.014044942334294,1
google/gemma-2-2b-it,control_subject_verb_0272,control_subject_verb,past-tense gender,-50.56589126586914,-54.24114990234375,9,9,1,8.200197726488113,4.301093976944685,1
google/gemma-2-2b-it,control_subject_verb_0273,control_subject_verb,past-tense gender,-70.73634338378906,-72.60775756835938,11,11,1,2.7539540380239487,5.476832460612059,1
google/gemma-2-2b-it,control_subject_verb_0274,control_subject_verb,past-tense gender,-55.429176330566406,-60.78632736206055,10,10,1,6.4835148602724075,5.864570759236813,1
google/gemma-2-2b-it,control_subject_verb_0275,control_subject_verb,past-tense gender,-46.81439208984375,-53.04425811767578,10,10,1,7.538805112242699,5.9555026255548,1
google/gemma-2-2b-it,control_subject_verb_0276,control_subject_verb,past-tense gender,-46.41799545288086,-49.182559967041016,8,8,1,4.1328422874212265,5.499843414872885,1
google/gemma-2-2b-it,control_subject_verb_0277,control_subject_verb,past-tense gender,-40.995704650878906,-43.345890045166016,11,11,1,-0.9259891510009766,6.53972802311182,1
google/gemma-2-2b-it,control_subject_verb_0278,control_subject_verb,past-tense gender,-50.05995178222656,-56.03148651123047,10,10,1,5.74021252989769,5.617877781391144,1
google/gemma-2-2b-it,control_subject_verb_0279,control_subject_verb,past-tense gender,-73.62557220458984,-78.10347747802734,12,12,1,-2.648303970694542,3.922862835228443,1
google/gemma-2-2b-it,control_subject_verb_0280,control_subject_verb,past-tense gender,-62.00273132324219,-62.92298889160156,10,10,1,8.197357073426247,5.004240173846483,1
google/gemma-2-2b-it,control_subject_verb_0281,control_subject_verb,past-tense gender,-44.438865661621094,-49.85010528564453,10,10,1,6.626458287239075,5.951549369841814,1
google/gemma-2-2b-it,control_subject_verb_0282,control_subject_verb,past-tense gender,-59.823848724365234,-60.92780303955078,10,11,1,10.266910187900066,4.775115851312876,1
google/gemma-2-2b-it,control_subject_verb_0283,control_subject_verb,past-tense gender,-75.03717041015625,-79.56719207763672,12,11,1,-2.4409275949001312,-1.0390548706054688,0
google/gemma-2-2b-it,control_subject_verb_0284,control_subject_verb,past-tense gender,-48.278079986572266,-52.66925811767578,11,11,1,8.057563431560993,4.382917284965515,1
google/gemma-2-2b-it,control_subject_verb_0285,control_subject_verb,past-tense gender,-71.69943237304688,-75.64818572998047,11,11,1,-2.2478085309267044,5.207776252180338,1
google/gemma-2-2b-it,control_subject_verb_0286,control_subject_verb,past-tense gender,-45.886844635009766,-50.8817024230957,11,11,1,3.0153044909238815,6.966376390308142,1
google/gemma-2-2b-it,control_subject_verb_0287,control_subject_verb,past-tense gender,-44.55722427368164,-50.23368453979492,8,8,1,7.9400782361626625,5.76927749812603,1
google/gemma-2-2b-it,control_subject_verb_0288,control_subject_verb,past-tense gender,-86.40927124023438,-90.65950012207031,11,10,1,-3.5751648992300034,5.391521330922842,1
google/gemma-2-2b-it,control_subject_verb_0289,control_subject_verb,past-tense gender,-71.43775177001953,-77.09840393066406,11,11,1,-0.9854603111743927,6.111549424007535,1
google/gemma-2-2b-it,control_subject_verb_0290,control_subject_verb,past-tense gender,-77.77374267578125,-84.12583923339844,10,10,1,-3.101386919617653,6.214935440570116,1
google/gemma-2-2b-it,control_subject_verb_0291,control_subject_verb,past-tense gender,-65.45320892333984,-71.07942962646484,11,11,1,-2.7851771637797356,5.836929215118289,1
google/gemma-2-2b-it,control_subject_verb_0292,control_subject_verb,past-tense gender,-67.24812316894531,-72.75823974609375,10,10,1,5.266339093446732,5.647166350856423,1
google/gemma-2-2b-it,control_subject_verb_0293,control_subject_verb,past-tense gender,-46.826759338378906,-47.517494201660156,8,8,1,6.254007458686829,5.984064249321818,1
google/gemma-2-2b-it,control_subject_verb_0294,control_subject_verb,past-tense gender,-66.86662292480469,-68.71208190917969,11,11,1,3.0029220283031464,5.91789810732007,1
google/gemma-2-2b-it,control_subject_verb_0295,control_subject_verb,past-tense gender,-68.2474136352539,-72.08097076416016,9,9,1,7.3743391036987305,2.996624104678631,1
google/gemma-2-2b-it,control_subject_verb_0296,control_subject_verb,past-tense gender,-57.596595764160156,-64.97990417480469,10,10,1,0.8087882995605469,5.5766077991575,1
google/gemma-2-2b-it,control_subject_verb_0297,control_subject_verb,past-tense gender,-56.53935241699219,-60.264339447021484,9,9,1,8.573522254824638,5.098295379430056,1
google/gemma-2-2b-it,control_subject_verb_0298,control_subject_verb,past-tense gender,-49.58280563354492,-56.72189712524414,8,8,1,8.986117638647556,6.845500944182277,1
google/gemma-2-2b-it,control_subject_verb_0299,control_subject_verb,past-tense gender,-47.01051330566406,-55.624534606933594,10,10,1,8.670625627040863,5.913385462015867,1
google/gemma-2-2b-it,numeral_noun_0000,numeral_noun,2-4 + nom.pl,-38.88712692260742,-41.19114303588867,8,8,1,-5.3945930898189545,3.6433791369199753,0
google/gemma-2-2b-it,numeral_noun_0001,numeral_noun,2-4 + nom.pl,-47.16961669921875,-49.57124328613281,7,7,1,-6.485007092356682,6.137511216104031,0
google/gemma-2-2b-it,numeral_noun_0002,numeral_noun,2-4 + nom.pl,-45.677513122558594,-47.0039176940918,7,7,1,-4.237425062805414,-4.781623959541321,0
google/gemma-2-2b-it,numeral_noun_0003,numeral_noun,2-4 + nom.pl,-47.814674377441406,-44.010379791259766,7,7,0,1.9993514716625214,1.2612304389476776,1
google/gemma-2-2b-it,numeral_noun_0004,numeral_noun,2-4 + nom.pl,-45.169090270996094,-49.60094451904297,8,8,1,9.26421482861042,7.115569340065122,1
google/gemma-2-2b-it,numeral_noun_0005,numeral_noun,2-4 + nom.pl,-45.92774200439453,-46.441246032714844,6,6,1,0.7143020033836365,4.8290710635483265,1
google/gemma-2-2b-it,numeral_noun_0006,numeral_noun,2-4 + nom.pl,-46.268226623535156,-46.18498229980469,6,6,0,6.991739422082901,4.552965335547924,1
google/gemma-2-2b-it,numeral_noun_0007,numeral_noun,2-4 + nom.pl,-46.592262268066406,-34.724395751953125,6,6,0,-6.511321220546961,4.903503615409136,0
google/gemma-2-2b-it,numeral_noun_0008,numeral_noun,2-4 + nom.pl,-45.9090461730957,-48.534088134765625,10,10,1,-3.6094322353601456,6.473373513668776,1
google/gemma-2-2b-it,numeral_noun_0009,numeral_noun,2-4 + nom.pl,-47.881004333496094,-53.031654357910156,9,8,1,-4.261266812682152,6.121087023988366,1
google/gemma-2-2b-it,numeral_noun_0010,numeral_noun,2-4 + nom.pl,-51.510433197021484,-51.515655517578125,7,7,1,-4.940629810094833,2.0815410912036896,0
google/gemma-2-2b-it,numeral_noun_0011,numeral_noun,2-4 + nom.pl,-44.27119064331055,-48.51689529418945,6,6,1,7.870015472173691,6.236435160040855,1
google/gemma-2-2b-it,numeral_noun_0012,numeral_noun,2-4 + nom.pl,-42.2636604309082,-49.12714767456055,9,9,1,-4.624211512506008,8.648605265654624,1
google/gemma-2-2b-it,numeral_noun_0013,numeral_noun,2-4 + nom.pl,-53.24131774902344,-54.81304931640625,8,8,1,-6.743284108117223,6.553093809634447,0
google/gemma-2-2b-it,numeral_noun_0014,numeral_noun,2-4 + nom.pl,-41.26278305053711,-35.200103759765625,6,5,0,-4.209467779844999,4.937044277787209,1
google/gemma-2-2b-it,numeral_noun_0015,numeral_noun,2-4 + nom.pl,-52.13618087768555,-51.73180389404297,8,7,0,0.9294434189796448,-1.4090175926685333,0
google/gemma-2-2b-it,numeral_noun_0016,numeral_noun,2-4 + nom.pl,-46.855072021484375,-46.38630294799805,6,7,0,0.24349594116210938,4.139072388410568,1
google/gemma-2-2b-it,numeral_noun_0017,numeral_noun,2-4 + nom.pl,-44.511474609375,-47.13469696044922,8,7,1,-1.6650542914867401,3.042724587023258,1
google/gemma-2-2b-it,numeral_noun_0018,numeral_noun,2-4 + nom.pl,-52.934783935546875,-52.02980422973633,6,6,0,-5.082984130829573,5.91249181702733,1
google/gemma-2-2b-it,numeral_noun_0019,numeral_noun,2-4 + nom.pl,-42.23487854003906,-43.938499450683594,9,9,1,-3.863822840154171,-1.667625367641449,0
google/gemma-2-2b-it,numeral_noun_0020,numeral_noun,2-4 + nom.pl,-47.45872497558594,-48.955909729003906,6,6,1,-5.572216898202896,4.67552674561739,0
google/gemma-2-2b-it,numeral_noun_0021,numeral_noun,2-4 + nom.pl,-55.021053314208984,-51.696407318115234,6,6,0,6.967475816607475,1.155731201171875,1
google/gemma-2-2b-it,numeral_noun_0022,numeral_noun,2-4 + nom.pl,-42.862632751464844,-46.8392333984375,6,6,1,7.488419726490974,5.697802672162652,1
google/gemma-2-2b-it,numeral_noun_0023,numeral_noun,2-4 + nom.pl,-39.67949676513672,-44.60468292236328,6,6,1,-3.9602413550019264,7.119074670597911,1
google/gemma-2-2b-it,numeral_noun_0024,numeral_noun,2-4 + nom.pl,-45.422088623046875,-46.49692153930664,8,8,1,-2.332975372672081,5.384360119700432,1
google/gemma-2-2b-it,numeral_noun_0025,numeral_noun,2-4 + nom.pl,-50.62216567993164,-54.3465690612793,7,7,1,-2.5912228375673294,6.3116818908602,1
google/gemma-2-2b-it,numeral_noun_0026,numeral_noun,2-4 + nom.pl,-45.39911651611328,-48.51564025878906,8,8,1,-3.7185668163001537,5.569810861721635,1
google/gemma-2-2b-it,numeral_noun_0027,numeral_noun,2-4 + nom.pl,-54.39533233642578,-54.38227844238281,6,6,0,-4.68365691229701,2.0416355580091476,0
google/gemma-2-2b-it,numeral_noun_0028,numeral_noun,2-4 + nom.pl,-53.835121154785156,-55.29816436767578,6,7,1,-2.696166917681694,5.22038285061717,1
google/gemma-2-2b-it,numeral_noun_0029,numeral_noun,2-4 + nom.pl,-50.193031311035156,-49.792198181152344,6,5,0,-5.2311383076012135,6.154920786619186,1
google/gemma-2-2b-it,numeral_noun_0030,numeral_noun,2-4 + nom.pl,-54.91908264160156,-59.56220626831055,10,10,1,3.4531745463609695,6.045612229034305,1
google/gemma-2-2b-it,numeral_noun_0031,numeral_noun,2-4 + nom.pl,-36.8406982421875,-39.90443420410156,8,7,1,-6.355674874037504,1.4569396376609802,0
google/gemma-2-2b-it,numeral_noun_0032,numeral_noun,2-4 + nom.pl,-50.928924560546875,-52.47944641113281,7,7,1,-6.504263937473297,6.8356210719794035,1
google/gemma-2-2b-it,numeral_noun_0033,numeral_noun,2-4 + nom.pl,-44.48473358154297,-47.01005935668945,8,7,1,-3.60345845669508,3.117065466940403,0
google/gemma-2-2b-it,numeral_noun_0034,numeral_noun,2-4 + nom.pl,-51.127838134765625,-51.569496154785156,8,8,1,-0.9351539313793182,-0.2579823136329651,0
google/gemma-2-2b-it,numeral_noun_0035,numeral_noun,2-4 + nom.pl,-46.957115173339844,-50.8636589050293,9,9,1,-5.148809261620045,5.896022003144026,1
google/gemma-2-2b-it,numeral_noun_0036,numeral_noun,2-4 + nom.pl,-48.686058044433594,-50.778663635253906,7,7,1,-6.478305969387293,-4.043307259678841,0
google/gemma-2-2b-it,numeral_noun_0037,numeral_noun,2-4 + nom.pl,-49.483951568603516,-52.36779022216797,9,10,1,-1.2911339104175568,2.408327206969261,1
google/gemma-2-2b-it,numeral_noun_0038,numeral_noun,2-4 + nom.pl,-52.17213439941406,-57.0401496887207,9,9,1,-4.643054869025946,-3.6937589198350906,0
google/gemma-2-2b-it,numeral_noun_0039,numeral_noun,2-4 + nom.pl,-54.16107940673828,-51.340614318847656,8,8,0,-5.392289940267801,-3.2411068826913834,0
google/gemma-2-2b-it,numeral_noun_0040,numeral_noun,2-4 + nom.pl,-41.31381607055664,-43.90264129638672,9,9,1,0.8929977118968964,4.962838005274534,1
google/gemma-2-2b-it,numeral_noun_0041,numeral_noun,2-4 + nom.pl,-50.56611633300781,-53.129512786865234,7,6,1,-5.723028149455786,6.992841899394989,1
google/gemma-2-2b-it,numeral_noun_0042,numeral_noun,2-4 + nom.pl,-43.645111083984375,-46.218868255615234,8,8,1,-3.095842368900776,4.98156550899148,1
google/gemma-2-2b-it,numeral_noun_0043,numeral_noun,2-4 + nom.pl,-52.161678314208984,-52.71638107299805,9,9,1,1.208120346069336,-1.6562537550926208,0
google/gemma-2-2b-it,numeral_noun_0044,numeral_noun,2-4 + nom.pl,-45.52392578125,-47.399391174316406,8,7,1,0.9572982490062714,4.182737335562706,1
google/gemma-2-2b-it,numeral_noun_0045,numeral_noun,2-4 + nom.pl,-53.78152084350586,-54.713417053222656,7,7,1,-6.513337207958102,2.4217490553855896,0
google/gemma-2-2b-it,numeral_noun_0046,numeral_noun,2-4 + nom.pl,-53.070865631103516,-54.90396499633789,7,7,1,-4.169601235538721,4.053124323487282,0
google/gemma-2-2b-it,numeral_noun_0047,numeral_noun,2-4 + nom.pl,-41.524810791015625,-45.85001754760742,10,10,1,-2.8172188103199005,6.474400477483869,1
google/gemma-2-2b-it,numeral_noun_0048,numeral_noun,2-4 + nom.pl,-41.020423889160156,-48.55095672607422,8,8,1,0.947609007358551,7.000117300078273,1
google/gemma-2-2b-it,numeral_noun_0049,numeral_noun,2-4 + nom.pl,-51.42534255981445,-56.0188102722168,7,7,1,7.035586446523666,6.688102604821324,1
google/gemma-2-2b-it,numeral_noun_0050,numeral_noun,2-4 + nom.pl,-51.63886642456055,-51.73065948486328,6,5,1,-4.929843697696924,5.873860236257315,1
google/gemma-2-2b-it,numeral_noun_0051,numeral_noun,2-4 + nom.pl,-43.07111358642578,-44.60911560058594,8,8,1,1.4420089423656464,-5.4660298973321915,0
google/gemma-2-2b-it,numeral_noun_0052,numeral_noun,2-4 + nom.pl,-51.3170166015625,-54.83359909057617,9,10,1,0.6619395613670349,2.3923816680908203,1
google/gemma-2-2b-it,numeral_noun_0053,numeral_noun,2-4 + nom.pl,-49.21843338012695,-51.16305923461914,9,9,1,-7.126067373901606,3.8280163295567036,0
google/gemma-2-2b-it,numeral_noun_0054,numeral_noun,2-4 + nom.pl,-55.049678802490234,-53.47792053222656,6,5,0,-3.5218162834644318,2.6100615859031677,0
google/gemma-2-2b-it,numeral_noun_0055,numeral_noun,2-4 + nom.pl,-46.18525314331055,-41.874549865722656,8,8,0,-1.6300945580005646,2.3640307188034058,1
google/gemma-2-2b-it,numeral_noun_0056,numeral_noun,2-4 + nom.pl,-49.97936248779297,-53.00454330444336,7,8,1,-4.3749865218997,4.408231616020203,1
google/gemma-2-2b-it,numeral_noun_0057,numeral_noun,2-4 + nom.pl,-50.05841064453125,-53.27475357055664,7,8,1,1.3239154517650604,-1.0763320326805115,1
google/gemma-2-2b-it,numeral_noun_0058,numeral_noun,2-4 + nom.pl,-46.12953186035156,-44.41119384765625,7,6,0,-5.833951758220792,2.681178942322731,0
google/gemma-2-2b-it,numeral_noun_0059,numeral_noun,2-4 + nom.pl,-51.41265106201172,-53.98262023925781,6,6,1,-3.897769935429096,5.565129429101944,1
google/gemma-2-2b-it,numeral_noun_0060,numeral_noun,2-4 + nom.pl,-44.29220962524414,-47.64052200317383,9,9,1,-1.266693115234375,-1.0268993973731995,0
google/gemma-2-2b-it,numeral_noun_0061,numeral_noun,2-4 + nom.pl,-35.67927169799805,-29.934654235839844,7,6,0,-5.812514461576939,0.8695964813232422,0
google/gemma-2-2b-it,numeral_noun_0062,numeral_noun,2-4 + nom.pl,-42.634483337402344,-42.818580627441406,10,10,1,-6.626649793237448,-3.5863980501890182,0
google/gemma-2-2b-it,numeral_noun_0063,numeral_noun,2-4 + nom.pl,-48.72032928466797,-50.54306411743164,8,8,1,-5.954544298350811,-1.696884274482727,0
google/gemma-2-2b-it,numeral_noun_0064,numeral_noun,2-4 + nom.pl,-46.450096130371094,-48.56676483154297,7,6,1,-4.866054534912109,5.414928648620844,1
google/gemma-2-2b-it,numeral_noun_0065,numeral_noun,2-4 + nom.pl,-54.18784713745117,-53.79135513305664,6,6,0,-4.066129598766565,-0.25418663024902344,0
google/gemma-2-2b-it,numeral_noun_0066,numeral_noun,2-4 + nom.pl,-52.348785400390625,-55.104591369628906,8,8,1,-5.7410754803568125,-1.0392132103443146,0
google/gemma-2-2b-it,numeral_noun_0067,numeral_noun,2-4 + nom.pl,-44.08262252807617,-45.52030563354492,8,8,1,-3.595569722354412,6.1033669244498014,1
google/gemma-2-2b-it,numeral_noun_0068,numeral_noun,2-4 + nom.pl,-34.85032653808594,-29.198110580444336,7,6,0,-5.925254721194506,0.44485098123550415,0
google/gemma-2-2b-it,numeral_noun_0069,numeral_noun,2-4 + nom.pl,-55.13908004760742,-56.008628845214844,9,9,1,-4.869109958410263,4.590706903487444,0
google/gemma-2-2b-it,numeral_noun_0070,numeral_noun,2-4 + nom.pl,-40.7938117980957,-47.08645248413086,7,7,1,-3.2991885915398598,7.387454112991691,1
google/gemma-2-2b-it,numeral_noun_0071,numeral_noun,2-4 + nom.pl,-47.423789978027344,-50.672080993652344,8,8,1,-2.979768842458725,6.170980546623468,1
google/gemma-2-2b-it,numeral_noun_0072,numeral_noun,2-4 + nom.pl,-44.445194244384766,-45.76823806762695,9,9,1,-3.8407250344753265,4.318387016654015,1
google/gemma-2-2b-it,numeral_noun_0073,numeral_noun,2-4 + nom.pl,-48.224586486816406,-51.90522003173828,7,7,1,-1.2932986617088318,2.5673370212316513,1
google/gemma-2-2b-it,numeral_noun_0074,numeral_noun,2-4 + nom.pl,-47.28648376464844,-48.98709487915039,8,8,1,-6.9082382414489985,8.353622373193502,1
google/gemma-2-2b-it,numeral_noun_0075,numeral_noun,2-4 + nom.pl,-50.39775848388672,-50.56985855102539,6,6,1,-6.188719814643264,6.408515013754368,1
google/gemma-2-2b-it,numeral_noun_0076,numeral_noun,2-4 + nom.pl,-46.09087371826172,-50.27606964111328,7,7,1,-4.952605240046978,5.89270519092679,1
google/gemma-2-2b-it,numeral_noun_0077,numeral_noun,2-4 + nom.pl,-55.65392303466797,-56.66367721557617,7,7,1,-3.6745110116899014,4.766755156219006,1
google/gemma-2-2b-it,numeral_noun_0078,numeral_noun,2-4 + nom.pl,-50.89927673339844,-51.84565734863281,8,8,1,-0.5159760117530823,0.8951721787452698,1
google/gemma-2-2b-it,numeral_noun_0079,numeral_noun,2-4 + nom.pl,-46.140830993652344,-51.05364227294922,8,9,1,3.956726223230362,3.333679147064686,1
google/gemma-2-2b-it,numeral_noun_0080,numeral_noun,2-4 + nom.pl,-44.336585998535156,-37.10064697265625,6,6,0,-3.1159496530890465,2.215537950396538,0
google/gemma-2-2b-it,numeral_noun_0081,numeral_noun,2-4 + nom.pl,-56.367698669433594,-56.25724411010742,7,7,0,-6.9576483983546495,6.386278085410595,0
google/gemma-2-2b-it,numeral_noun_0082,numeral_noun,2-4 + nom.pl,-51.7343635559082,-53.718997955322266,7,7,1,-5.14038459956646,5.048364605754614,0
google/gemma-2-2b-it,numeral_noun_0083,numeral_noun,2-4 + nom.pl,-41.12539291381836,-47.050140380859375,10,10,1,0.09969902038574219,7.4478043261915445,1
google/gemma-2-2b-it,numeral_noun_0084,numeral_noun,2-4 + nom.pl,-51.76893615722656,-50.896026611328125,9,9,0,-3.76366413384676,-5.292662680149078,0
google/gemma-2-2b-it,numeral_noun_0085,numeral_noun,2-4 + nom.pl,-51.363739013671875,-51.697608947753906,7,7,1,-4.016293458640575,2.9933680295944214,0
google/gemma-2-2b-it,numeral_noun_0086,numeral_noun,2-4 + nom.pl,-58.14179611206055,-53.68193435668945,5,5,0,1.5412083268165588,3.670763000845909,1
google/gemma-2-2b-it,numeral_noun_0087,numeral_noun,2-4 + nom.pl,-47.855430603027344,-46.925392150878906,7,7,0,-4.7861862145364285,0.6346951127052307,0
google/gemma-2-2b-it,numeral_noun_0088,numeral_noun,2-4 + nom.pl,-53.470890045166016,-54.42008590698242,7,7,1,-5.76075267419219,7.381932973861694,1
google/gemma-2-2b-it,numeral_noun_0089,numeral_noun,2-4 + nom.pl,-51.66033172607422,-51.794273376464844,6,5,1,-4.259892590343952,3.6493645682930946,0
google/gemma-2-2b-it,numeral_noun_0090,numeral_noun,2-4 + nom.pl,-49.722999572753906,-51.45873260498047,9,8,1,-3.8980750143527985,3.085597902536392,0
google/gemma-2-2b-it,numeral_noun_0091,numeral_noun,2-4 + nom.pl,-42.78839111328125,-45.004600524902344,9,9,1,0.9462547302246094,3.503421902656555,1
google/gemma-2-2b-it,numeral_noun_0092,numeral_noun,2-4 + nom.pl,-51.00461196899414,-52.04500961303711,9,9,1,-3.3824043795466423,-1.9289588928222656,0
google/gemma-2-2b-it,numeral_noun_0093,numeral_noun,2-4 + nom.pl,-52.13427734375,-54.01174545288086,6,6,1,-2.9018916934728622,5.194454409182072,1
google/gemma-2-2b-it,numeral_noun_0094,numeral_noun,2-4 + nom.pl,-48.76080322265625,-53.854270935058594,7,7,1,1.1795272827148438,6.297445103526115,1
google/gemma-2-2b-it,numeral_noun_0095,numeral_noun,2-4 + nom.pl,-49.09698486328125,-37.78376007080078,6,5,0,0.6253242492675781,4.021267078816891,1
google/gemma-2-2b-it,numeral_noun_0096,numeral_noun,2-4 + nom.pl,-40.108917236328125,-48.009033203125,8,8,1,2.237131178379059,7.415267042815685,1
google/gemma-2-2b-it,numeral_noun_0097,numeral_noun,2-4 + nom.pl,-52.3979377746582,-56.67710494995117,7,8,1,-4.297822177410126,5.705597706139088,1
google/gemma-2-2b-it,numeral_noun_0098,numeral_noun,2-4 + nom.pl,-51.425758361816406,-52.76225280761719,7,8,1,-2.99619098007679,5.045310135930777,1
google/gemma-2-2b-it,numeral_noun_0099,numeral_noun,2-4 + nom.pl,-46.7610969543457,-49.61748504638672,7,6,1,-3.1726150065660477,5.019397795200348,1
google/gemma-2-2b-it,numeral_noun_0100,numeral_noun,2-4 + nom.pl,-51.726295471191406,-54.323326110839844,7,7,1,-3.903858259320259,6.2472780384123325,1
google/gemma-2-2b-it,numeral_noun_0101,numeral_noun,2-4 + nom.pl,-48.7745361328125,-54.865379333496094,9,9,1,5.438613161444664,7.579536268487573,1
google/gemma-2-2b-it,numeral_noun_0102,numeral_noun,2-4 + nom.pl,-49.09376907348633,-49.67169952392578,8,8,1,-2.4640046060085297,3.2692966982722282,1
google/gemma-2-2b-it,numeral_noun_0103,numeral_noun,2-4 + nom.pl,-51.50639343261719,-53.996700286865234,7,7,1,0.8187427818775177,6.34947020187974,1
google/gemma-2-2b-it,numeral_noun_0104,numeral_noun,2-4 + nom.pl,-55.805519104003906,-56.74764633178711,7,7,1,3.797328233718872,-1.871475338935852,1
google/gemma-2-2b-it,numeral_noun_0105,numeral_noun,2-4 + nom.pl,-44.482215881347656,-41.20523452758789,6,6,0,-6.008660254999995,6.000866686925292,0
google/gemma-2-2b-it,numeral_noun_0106,numeral_noun,2-4 + nom.pl,-52.280879974365234,-52.66879653930664,6,5,1,-5.0074195601046085,3.384252555668354,0
google/gemma-2-2b-it,numeral_noun_0107,numeral_noun,2-4 + nom.pl,-40.533206939697266,-43.86777114868164,6,7,1,-4.592845726758242,0.7417087256908417,0
google/gemma-2-2b-it,numeral_noun_0108,numeral_noun,2-4 + nom.pl,-50.2553596496582,-52.70580291748047,8,8,1,-5.735973499715328,6.56042848713696,1
google/gemma-2-2b-it,numeral_noun_0109,numeral_noun,2-4 + nom.pl,-54.199951171875,-52.308868408203125,6,6,0,2.5052957832813263,4.855934999883175,1
google/gemma-2-2b-it,numeral_noun_0110,numeral_noun,2-4 + nom.pl,-57.7337646484375,-54.51976776123047,6,6,0,4.3621090948581696,3.9442919492721558,1
google/gemma-2-2b-it,numeral_noun_0111,numeral_noun,2-4 + nom.pl,-46.20199966430664,-51.836036682128906,7,7,1,2.0953101217746735,6.581803239881992,1
google/gemma-2-2b-it,numeral_noun_0112,numeral_noun,2-4 + nom.pl,-49.51508712768555,-46.326759338378906,6,7,0,-2.4500981122255325,4.67765449732542,1
google/gemma-2-2b-it,numeral_noun_0113,numeral_noun,2-4 + nom.pl,-50.460205078125,-54.63588333129883,8,8,1,-2.967090532183647,1.085523635149002,0
google/gemma-2-2b-it,numeral_noun_0114,numeral_noun,2-4 + nom.pl,-53.55356979370117,-52.521976470947266,7,6,0,-2.5994148552417755,5.716599408537149,1
google/gemma-2-2b-it,numeral_noun_0115,numeral_noun,2-4 + nom.pl,-50.81934356689453,-51.07666778564453,7,8,1,-3.159873977303505,6.0462473928928375,1
google/gemma-2-2b-it,numeral_noun_0116,numeral_noun,2-4 + nom.pl,-35.72576904296875,-40.9264030456543,6,6,1,6.596852511167526,7.52096645347774,1
google/gemma-2-2b-it,numeral_noun_0117,numeral_noun,2-4 + nom.pl,-49.901123046875,-55.27544403076172,8,8,1,5.909802317619324,7.216512855142355,1
google/gemma-2-2b-it,numeral_noun_0118,numeral_noun,2-4 + nom.pl,-52.05740737915039,-52.335113525390625,6,6,1,-5.448241390287876,3.475555509328842,0
google/gemma-2-2b-it,numeral_noun_0119,numeral_noun,2-4 + nom.pl,-50.159122467041016,-49.22674560546875,10,10,0,-3.373664788901806,-2.3379668593406677,0
google/gemma-2-2b-it,numeral_noun_0120,numeral_noun,2-4 + nom.pl,-44.56011962890625,-44.39881896972656,7,7,0,-3.9457111805677414,-0.7262305617332458,0
google/gemma-2-2b-it,numeral_noun_0121,numeral_noun,2-4 + nom.pl,-37.02397918701172,-43.57844161987305,6,6,1,2.497362196445465,7.44789869338274,1
google/gemma-2-2b-it,numeral_noun_0122,numeral_noun,2-4 + nom.pl,-42.0554084777832,-42.035255432128906,6,6,0,-0.045406341552734375,4.195241034030914,1
google/gemma-2-2b-it,numeral_noun_0123,numeral_noun,2-4 + nom.pl,-55.49724578857422,-54.29187774658203,7,6,0,1.8060131967067719,6.740774087607861,1
google/gemma-2-2b-it,numeral_noun_0124,numeral_noun,2-4 + nom.pl,-55.34933853149414,-57.97402572631836,7,7,1,-3.906679131090641,4.10334599763155,1
google/gemma-2-2b-it,numeral_noun_0125,numeral_noun,2-4 + nom.pl,-40.172607421875,-41.369747161865234,9,9,1,-1.1928615272045135,1.46287339925766,1
google/gemma-2-2b-it,numeral_noun_0126,numeral_noun,2-4 + nom.pl,-52.007568359375,-54.23242950439453,8,8,1,-5.090024784207344,6.665039982646704,1
google/gemma-2-2b-it,numeral_noun_0127,numeral_noun,2-4 + nom.pl,-55.530982971191406,-57.248512268066406,7,7,1,-6.057583000510931,6.314801350235939,1
google/gemma-2-2b-it,numeral_noun_0128,numeral_noun,2-4 + nom.pl,-54.07062911987305,-55.48316955566406,6,7,1,-5.142621200531721,3.788080155849457,0
google/gemma-2-2b-it,numeral_noun_0129,numeral_noun,2-4 + nom.pl,-53.843177795410156,-55.436519622802734,8,8,1,-6.622857024893165,5.584967689588666,0
google/gemma-2-2b-it,numeral_noun_0130,numeral_noun,2-4 + nom.pl,-49.757049560546875,-50.00857162475586,7,8,1,-1.287321150302887,3.801637589931488,1
google/gemma-2-2b-it,numeral_noun_0131,numeral_noun,2-4 + nom.pl,-51.05537414550781,-52.121620178222656,8,8,1,-6.590104844421148,5.103697009384632,0
google/gemma-2-2b-it,numeral_noun_0132,numeral_noun,2-4 + nom.pl,-42.80317687988281,-45.67621612548828,8,9,1,-3.2235526517033577,3.130695402622223,0
google/gemma-2-2b-it,numeral_noun_0133,numeral_noun,2-4 + nom.pl,-54.213890075683594,-56.65021514892578,6,6,1,-3.630014479160309,3.4762573838233948,0
google/gemma-2-2b-it,numeral_noun_0134,numeral_noun,2-4 + nom.pl,-46.72080993652344,-50.61587905883789,8,7,1,-4.822181575000286,2.000394806265831,0
google/gemma-2-2b-it,numeral_noun_0135,numeral_noun,2-4 + nom.pl,-52.87520980834961,-54.27796936035156,6,6,1,-0.28522491455078125,5.461105514317751,1
google/gemma-2-2b-it,numeral_noun_0136,numeral_noun,2-4 + nom.pl,-50.968971252441406,-53.51959991455078,8,8,1,-5.712993763387203,7.137893574312329,1
google/gemma-2-2b-it,numeral_noun_0137,numeral_noun,2-4 + nom.pl,-51.24982452392578,-53.71394348144531,6,6,1,-4.392395049333572,3.9014310091733932,0
google/gemma-2-2b-it,numeral_noun_0138,numeral_noun,2-4 + nom.pl,-54.69234848022461,-52.67462921142578,5,5,0,1.9291571974754333,4.241533301770687,1
google/gemma-2-2b-it,numeral_noun_0139,numeral_noun,2-4 + nom.pl,-41.25713348388672,-45.59192657470703,7,7,1,9.631633043289185,6.085202105343342,1
google/gemma-2-2b-it,numeral_noun_0140,numeral_noun,2-4 + nom.pl,-55.4134521484375,-59.968902587890625,7,8,1,-4.232669971883297,5.7892712987959385,1
google/gemma-2-2b-it,numeral_noun_0141,numeral_noun,2-4 + nom.pl,-47.45927429199219,-50.934226989746094,8,7,1,-5.6357061341404915,4.274719208478928,0
google/gemma-2-2b-it,numeral_noun_0142,numeral_noun,2-4 + nom.pl,-53.09586715698242,-53.44717788696289,6,5,1,-4.556667275726795,5.749159641563892,1
google/gemma-2-2b-it,numeral_noun_0143,numeral_noun,2-4 + nom.pl,-47.35841369628906,-48.24504852294922,7,7,1,-5.073432810604572,4.478669185191393,0
google/gemma-2-2b-it,numeral_noun_0144,numeral_noun,2-4 + nom.pl,-51.19432067871094,-52.614013671875,7,6,1,-0.3125629425048828,-0.5239696502685547,0
google/gemma-2-2b-it,numeral_noun_0145,numeral_noun,2-4 + nom.pl,-44.46472930908203,-34.688323974609375,5,5,0,0.5222434997558594,-0.167022705078125,1
google/gemma-2-2b-it,numeral_noun_0146,numeral_noun,2-4 + nom.pl,-52.450950622558594,-54.04616928100586,8,8,1,-4.186939142644405,3.385316789150238,0
google/gemma-2-2b-it,numeral_noun_0147,numeral_noun,2-4 + nom.pl,-48.08280563354492,-49.815391540527344,6,6,1,-5.084883810952306,4.400188475847244,0
google/gemma-2-2b-it,numeral_noun_0148,numeral_noun,2-4 + nom.pl,-50.26201629638672,-52.507606506347656,9,9,1,-4.83887274004519,0.39773374795913696,0
google/gemma-2-2b-it,numeral_noun_0149,numeral_noun,2-4 + nom.pl,-45.78900909423828,-48.02278137207031,8,9,1,-1.7427253127098083,-0.17684364318847656,0
google/gemma-2-2b-it,numeral_noun_0150,numeral_noun,5+ + gen.pl,-50.16365432739258,-54.07015609741211,10,10,1,6.471982225775719,7.095730988308787,1
google/gemma-2-2b-it,numeral_noun_0151,numeral_noun,5+ + gen.pl,-48.96580123901367,-53.549095153808594,7,7,1,6.4657231122255325,7.029311913996935,1
google/gemma-2-2b-it,numeral_noun_0152,numeral_noun,5+ + gen.pl,-51.04266357421875,-52.65656661987305,10,9,1,-2.514465257525444,2.2499122321605682,0
google/gemma-2-2b-it,numeral_noun_0153,numeral_noun,5+ + gen.pl,-51.018394470214844,-53.408485412597656,8,8,1,-4.87923226878047,6.001361763104796,1
google/gemma-2-2b-it,numeral_noun_0154,numeral_noun,5+ + gen.pl,-51.802913665771484,-58.69474792480469,8,8,1,-1.534370481967926,3.7561607360839844,1
google/gemma-2-2b-it,numeral_noun_0155,numeral_noun,5+ + gen.pl,-54.325584411621094,-59.02605438232422,8,8,1,9.466068238019943,6.597611382603645,1
google/gemma-2-2b-it,numeral_noun_0156,numeral_noun,5+ + gen.pl,-49.369667053222656,-50.452728271484375,7,7,1,-4.4707477651536465,7.964917352423072,1
google/gemma-2-2b-it,numeral_noun_0157,numeral_noun,5+ + gen.pl,-48.975799560546875,-56.943973541259766,8,7,1,1.1394195854663849,-3.9598817080259323,0
google/gemma-2-2b-it,numeral_noun_0158,numeral_noun,5+ + gen.pl,-53.72740173339844,-59.73265838623047,10,9,1,-5.986388061195612,7.073064900934696,1
google/gemma-2-2b-it,numeral_noun_0159,numeral_noun,5+ + gen.pl,-54.346099853515625,-57.74070358276367,11,10,1,-0.33026695251464844,6.86094961501658,1
google/gemma-2-2b-it,numeral_noun_0160,numeral_noun,5+ + gen.pl,-45.564796447753906,-49.99419021606445,12,12,1,1.6179046928882599,6.848620235919952,1
google/gemma-2-2b-it,numeral_noun_0161,numeral_noun,5+ + gen.pl,-48.8701057434082,-52.68330383300781,9,9,1,-0.02700042724609375,7.373292960226536,1
google/gemma-2-2b-it,numeral_noun_0162,numeral_noun,5+ + gen.pl,-52.89836883544922,-58.58479309082031,10,9,1,4.965208977460861,3.0220413506031036,1
google/gemma-2-2b-it,numeral_noun_0163,numeral_noun,5+ + gen.pl,-42.3575439453125,-50.826515197753906,10,10,1,7.360907629132271,8.949508924037218,1
google/gemma-2-2b-it,numeral_noun_0164,numeral_noun,5+ + gen.pl,-49.36247634887695,-52.89130401611328,8,7,1,5.981743782758713,-2.2621136605739594,1
google/gemma-2-2b-it,numeral_noun_0165,numeral_noun,5+ + gen.pl,-49.52906799316406,-52.60646057128906,9,9,1,-5.259747471660376,5.946912840008736,1
google/gemma-2-2b-it,numeral_noun_0166,numeral_noun,5+ + gen.pl,-47.38618469238281,-56.0030517578125,8,8,1,6.500094622373581,6.7215316873043776,1
google/gemma-2-2b-it,numeral_noun_0167,numeral_noun,5+ + gen.pl,-52.98643493652344,-57.68058776855469,7,7,1,-5.6080934926867485,6.318311721086502,1
google/gemma-2-2b-it,numeral_noun_0168,numeral_noun,5+ + gen.pl,-48.71501159667969,-54.73139190673828,8,8,1,4.641222059726715,9.291663838550448,1
google/gemma-2-2b-it,numeral_noun_0169,numeral_noun,5+ + gen.pl,-48.48278045654297,-52.064300537109375,9,8,1,1.892311155796051,1.4278640747070312,1
google/gemma-2-2b-it,numeral_noun_0170,numeral_noun,5+ + gen.pl,-46.95781326293945,-52.45294952392578,7,7,1,-1.4508094787597656,6.353268403559923,1
google/gemma-2-2b-it,numeral_noun_0171,numeral_noun,5+ + gen.pl,-53.41497039794922,-65.22356414794922,10,10,1,-6.200831223279238,-0.8706245422363281,0
google/gemma-2-2b-it,numeral_noun_0172,numeral_noun,5+ + gen.pl,-50.06187438964844,-59.27037811279297,8,8,1,-6.578975599259138,6.025177884846926,0
google/gemma-2-2b-it,numeral_noun_0173,numeral_noun,5+ + gen.pl,-53.27653503417969,-61.47691345214844,6,6,1,-0.6379662156105042,6.95257967337966,1
google/gemma-2-2b-it,numeral_noun_0174,numeral_noun,5+ + gen.pl,-49.836673736572266,-53.746307373046875,9,9,1,-2.8245410323143005,7.121593397110701,1
google/gemma-2-2b-it,numeral_noun_0175,numeral_noun,5+ + gen.pl,-50.672576904296875,-54.987037658691406,9,9,1,-0.12070465087890625,7.461273057386279,1
google/gemma-2-2b-it,numeral_noun_0176,numeral_noun,5+ + gen.pl,-49.04951095581055,-54.82212448120117,7,7,1,3.103766515851021,6.206400912255049,1
google/gemma-2-2b-it,numeral_noun_0177,numeral_noun,5+ + gen.pl,-47.071868896484375,-50.45360565185547,8,8,1,-4.2543260380625725,6.924997456371784,1
google/gemma-2-2b-it,numeral_noun_0178,numeral_noun,5+ + gen.pl,-60.73280334472656,-61.98957443237305,7,6,1,-1.9883785098791122,5.2377499639987946,1
google/gemma-2-2b-it,numeral_noun_0179,numeral_noun,5+ + gen.pl,-48.98223114013672,-50.94835662841797,11,10,1,8.285045176744461,6.336274191737175,1
google/gemma-2-2b-it,numeral_noun_0180,numeral_noun,5+ + gen.pl,-47.936058044433594,-55.572471618652344,7,7,1,8.543723568320274,6.418204501271248,1
google/gemma-2-2b-it,numeral_noun_0181,numeral_noun,5+ + gen.pl,-48.735408782958984,-56.00475311279297,9,8,1,-3.937740281224251,1.2669734954833984,0
google/gemma-2-2b-it,numeral_noun_0182,numeral_noun,5+ + gen.pl,-54.79448699951172,-59.798622131347656,8,8,1,1.6073436737060547,5.287784557789564,1
google/gemma-2-2b-it,numeral_noun_0183,numeral_noun,5+ + gen.pl,-47.665916442871094,-57.137611389160156,9,9,1,3.1786404252052307,4.907132908701897,1
google/gemma-2-2b-it,numeral_noun_0184,numeral_noun,5+ + gen.pl,-54.63001251220703,-61.88414001464844,8,7,1,-5.891407862305641,6.7524728905409575,1
google/gemma-2-2b-it,numeral_noun_0185,numeral_noun,5+ + gen.pl,-50.388526916503906,-58.846649169921875,8,8,1,0.34272581338882446,7.101156340911984,1
google/gemma-2-2b-it,numeral_noun_0186,numeral_noun,5+ + gen.pl,-54.68170166015625,-57.98259735107422,7,6,1,-3.5856361985206604,4.877952452749014,1
google/gemma-2-2b-it,numeral_noun_0187,numeral_noun,5+ + gen.pl,-56.210330963134766,-59.9544677734375,8,8,1,1.159294068813324,5.991438828408718,1
google/gemma-2-2b-it,numeral_noun_0188,numeral_noun,5+ + gen.pl,-54.536582946777344,-64.54757690429688,8,8,1,-3.524143300950527,2.255508378148079,0
google/gemma-2-2b-it,numeral_noun_0189,numeral_noun,5+ + gen.pl,-52.989501953125,-55.80061340332031,6,6,1,-6.254239903762937,7.403257271274924,1
google/gemma-2-2b-it,numeral_noun_0190,numeral_noun,5+ + gen.pl,-46.906944274902344,-55.548179626464844,7,7,1,-5.163668505847454,7.392701867967844,1
google/gemma-2-2b-it,numeral_noun_0191,numeral_noun,5+ + gen.pl,-50.524742126464844,-56.557403564453125,8,8,1,5.866917371749878,8.999557752162218,1
google/gemma-2-2b-it,numeral_noun_0192,numeral_noun,5+ + gen.pl,-48.518218994140625,-52.51960754394531,9,9,1,-3.525365725159645,7.452733926475048,1
google/gemma-2-2b-it,numeral_noun_0193,numeral_noun,5+ + gen.pl,-52.61993408203125,-56.397926330566406,7,7,1,1.3237456679344177,4.140793040394783,1
google/gemma-2-2b-it,numeral_noun_0194,numeral_noun,5+ + gen.pl,-53.32939910888672,-59.614295959472656,7,7,1,-0.2990589141845703,5.676574524492025,1
google/gemma-2-2b-it,numeral_noun_0195,numeral_noun,5+ + gen.pl,-55.05289077758789,-59.415992736816406,8,8,1,3.6763849556446075,6.769807083532214,1
google/gemma-2-2b-it,numeral_noun_0196,numeral_noun,5+ + gen.pl,-52.72492218017578,-56.371971130371094,8,8,1,1.0322532653808594,6.499815117567778,1
google/gemma-2-2b-it,numeral_noun_0197,numeral_noun,5+ + gen.pl,-41.45934295654297,-52.66698455810547,10,10,1,-8.806042469106615,6.8781202882528305,0
google/gemma-2-2b-it,numeral_noun_0198,numeral_noun,5+ + gen.pl,-46.43925094604492,-50.22657012939453,10,10,1,4.826669484376907,1.8702410757541656,1
google/gemma-2-2b-it,numeral_noun_0199,numeral_noun,5+ + gen.pl,-45.7100830078125,-55.427978515625,6,6,1,-4.477741274982691,7.007634282112122,1
google/gemma-2-2b-it,numeral_noun_0200,numeral_noun,5+ + gen.pl,-44.689170837402344,-53.1317138671875,10,10,1,3.994041547179222,8.67125322110951,1
google/gemma-2-2b-it,numeral_noun_0201,numeral_noun,5+ + gen.pl,-41.12110137939453,-46.45158004760742,11,11,1,7.037654802203178,4.628053769469261,1
google/gemma-2-2b-it,numeral_noun_0202,numeral_noun,5+ + gen.pl,-48.42348098754883,-59.62184143066406,7,6,1,5.284385830163956,-5.975685194134712,0
google/gemma-2-2b-it,numeral_noun_0203,numeral_noun,5+ + gen.pl,-51.28528594970703,-51.7355842590332,7,7,1,3.54471592605114,6.323844093829393,1
google/gemma-2-2b-it,numeral_noun_0204,numeral_noun,5+ + gen.pl,-55.50798797607422,-58.237327575683594,8,8,1,-2.7314129769802094,7.078874351456761,1
google/gemma-2-2b-it,numeral_noun_0205,numeral_noun,5+ + gen.pl,-51.36252212524414,-54.026702880859375,10,9,1,-1.2679061591625214,3.505466341972351,1
google/gemma-2-2b-it,numeral_noun_0206,numeral_noun,5+ + gen.pl,-56.3648567199707,-58.607521057128906,9,8,1,5.58966451883316,7.397796403616667,1
google/gemma-2-2b-it,numeral_noun_0207,numeral_noun,5+ + gen.pl,-46.994712829589844,-55.44166564941406,7,7,1,8.455573603510857,5.330181255936623,1
google/gemma-2-2b-it,numeral_noun_0208,numeral_noun,5+ + gen.pl,-53.584075927734375,-60.51115798950195,6,6,1,-2.1636733263731003,6.086019720882177,1
google/gemma-2-2b-it,numeral_noun_0209,numeral_noun,5+ + gen.pl,-53.94133377075195,-57.74420166015625,6,6,1,-6.475410487502813,6.356600826606154,0
google/gemma-2-2b-it,numeral_noun_0210,numeral_noun,5+ + gen.pl,-43.554649353027344,-51.039825439453125,7,7,1,-5.996917773038149,7.510003278031945,1
google/gemma-2-2b-it,numeral_noun_0211,numeral_noun,5+ + gen.pl,-47.843353271484375,-51.72002029418945,10,10,1,6.249519258737564,3.589613012969494,1
google/gemma-2-2b-it,numeral_noun_0212,numeral_noun,5+ + gen.pl,-46.676361083984375,-53.334449768066406,9,9,1,6.815940663218498,5.849822893738747,1
google/gemma-2-2b-it,numeral_noun_0213,numeral_noun,5+ + gen.pl,-49.79609680175781,-55.329254150390625,7,7,1,8.400761857628822,5.5542393028736115,1
google/gemma-2-2b-it,numeral_noun_0214,numeral_noun,5+ + gen.pl,-47.011962890625,-54.26290512084961,9,9,1,2.515466809272766,6.868571449071169,1
google/gemma-2-2b-it,numeral_noun_0215,numeral_noun,5+ + gen.pl,-45.79237747192383,-49.9066162109375,10,9,1,-0.6873263716697693,3.6988678723573685,1
google/gemma-2-2b-it,numeral_noun_0216,numeral_noun,5+ + gen.pl,-44.00531005859375,-51.73155975341797,9,9,1,3.5374325811862946,6.034347377717495,1
google/gemma-2-2b-it,numeral_noun_0217,numeral_noun,5+ + gen.pl,-49.63459777832031,-53.837955474853516,8,8,1,-3.529933884739876,5.166405521333218,1
google/gemma-2-2b-it,numeral_noun_0218,numeral_noun,5+ + gen.pl,-51.12281036376953,-58.05353546142578,9,9,1,-3.1703414991497993,5.089345742017031,1
google/gemma-2-2b-it,numeral_noun_0219,numeral_noun,5+ + gen.pl,-54.5227165222168,-59.23918151855469,9,9,1,-0.43455320596694946,5.771016214042902,1
google/gemma-2-2b-it,numeral_noun_0220,numeral_noun,5+ + gen.pl,-46.68430709838867,-55.11703872680664,9,9,1,4.545017063617706,7.973813811317086,1
google/gemma-2-2b-it,numeral_noun_0221,numeral_noun,5+ + gen.pl,-48.33845901489258,-56.21553421020508,9,9,1,-0.4462737441062927,5.755064133554697,1
google/gemma-2-2b-it,numeral_noun_0222,numeral_noun,5+ + gen.pl,-46.765159606933594,-58.00174331665039,9,8,1,6.890238925814629,-3.7165517061948776,1
google/gemma-2-2b-it,numeral_noun_0223,numeral_noun,5+ + gen.pl,-46.79445266723633,-52.506813049316406,11,10,1,-2.845491513609886,6.632131801918149,1
google/gemma-2-2b-it,numeral_noun_0224,numeral_noun,5+ + gen.pl,-54.19146728515625,-58.65663528442383,7,7,1,-2.9142378866672516,5.2278775461018085,1
google/gemma-2-2b-it,numeral_noun_0225,numeral_noun,5+ + gen.pl,-52.00047302246094,-55.85189437866211,10,9,1,4.86790157854557,5.290242120623589,1
google/gemma-2-2b-it,numeral_noun_0226,numeral_noun,5+ + gen.pl,-53.63629913330078,-58.824790954589844,6,6,1,-6.095354920253158,4.913998818024993,0
google/gemma-2-2b-it,numeral_noun_0227,numeral_noun,5+ + gen.pl,-48.68873596191406,-55.26018524169922,9,9,1,7.955039069056511,8.794766835868359,1
google/gemma-2-2b-it,numeral_noun_0228,numeral_noun,5+ + gen.pl,-42.955509185791016,-51.48431396484375,8,8,1,-7.673027822747827,7.838761243969202,1
google/gemma-2-2b-it,numeral_noun_0229,numeral_noun,5+ + gen.pl,-46.67417907714844,-50.92240905761719,12,11,1,-0.9469032287597656,6.224399423226714,1
google/gemma-2-2b-it,numeral_noun_0230,numeral_noun,5+ + gen.pl,-46.58592987060547,-56.21873474121094,7,6,1,7.029854014515877,-5.045018419623375,1
google/gemma-2-2b-it,numeral_noun_0231,numeral_noun,5+ + gen.pl,-54.78898620605469,-58.441749572753906,8,8,1,-5.690151158720255,8.140325012616813,1
google/gemma-2-2b-it,numeral_noun_0232,numeral_noun,5+ + gen.pl,-55.06219482421875,-60.15998077392578,9,9,1,-1.906236618757248,6.80522071942687,1
google/gemma-2-2b-it,numeral_noun_0233,numeral_noun,5+ + gen.pl,-52.515647888183594,-55.681129455566406,7,7,1,-4.152837760746479,6.902965744957328,1
google/gemma-2-2b-it,numeral_noun_0234,numeral_noun,5+ + gen.pl,-53.321922302246094,-60.72495651245117,9,9,1,-2.1479834616184235,-1.5028553009033203,0
google/gemma-2-2b-it,numeral_noun_0235,numeral_noun,5+ + gen.pl,-51.91086959838867,-57.591278076171875,9,9,1,7.601844817399979,7.636524096131325,1
google/gemma-2-2b-it,numeral_noun_0236,numeral_noun,5+ + gen.pl,-54.41398620605469,-65.00004577636719,9,9,1,-6.075058024376631,-3.623538911342621,0
google/gemma-2-2b-it,numeral_noun_0237,numeral_noun,5+ + gen.pl,-49.47922897338867,-50.543601989746094,8,8,1,2.838341638445854,7.247735898941755,1
google/gemma-2-2b-it,numeral_noun_0238,numeral_noun,5+ + gen.pl,-53.28966522216797,-56.145751953125,6,6,1,-4.947040785104036,6.290830774232745,1
google/gemma-2-2b-it,numeral_noun_0239,numeral_noun,5+ + gen.pl,-47.68303680419922,-52.52016830444336,9,9,1,5.635645627975464,4.610095974057913,1
google/gemma-2-2b-it,numeral_noun_0240,numeral_noun,5+ + gen.pl,-52.62751007080078,-56.758033752441406,7,7,1,5.159023255109787,6.4899367690086365,1
google/gemma-2-2b-it,numeral_noun_0241,numeral_noun,5+ + gen.pl,-51.3552360534668,-56.355552673339844,8,7,1,-0.39769744873046875,6.613393733277917,1
google/gemma-2-2b-it,numeral_noun_0242,numeral_noun,5+ + gen.pl,-54.63408660888672,-60.35234069824219,8,7,1,-4.95806322991848,6.632789425551891,1
google/gemma-2-2b-it,numeral_noun_0243,numeral_noun,5+ + gen.pl,-58.85113525390625,-53.750247955322266,6,6,0,-4.92264387011528,8.063480202108622,1
google/gemma-2-2b-it,numeral_noun_0244,numeral_noun,5+ + gen.pl,-56.08711624145508,-60.447608947753906,8,7,1,-4.033948823809624,8.03670228458941,1
google/gemma-2-2b-it,numeral_noun_0245,numeral_noun,5+ + gen.pl,-58.063079833984375,-61.45311737060547,9,9,1,-0.8045464158058167,5.506588838994503,1
google/gemma-2-2b-it,numeral_noun_0246,numeral_noun,5+ + gen.pl,-54.49148941040039,-60.62095642089844,6,6,1,-3.3961486369371414,7.722096252255142,1
google/gemma-2-2b-it,numeral_noun_0247,numeral_noun,5+ + gen.pl,-50.5987548828125,-55.85789108276367,10,10,1,2.7293597012758255,6.672092290595174,1
google/gemma-2-2b-it,numeral_noun_0248,numeral_noun,5+ + gen.pl,-51.894798278808594,-56.697593688964844,7,6,1,3.5305156111717224,6.367107477039099,1
google/gemma-2-2b-it,numeral_noun_0249,numeral_noun,5+ + gen.pl,-52.10816955566406,-56.34724426269531,9,8,1,-4.565843369811773,8.11053184978664,1
google/gemma-2-2b-it,numeral_noun_0250,numeral_noun,5+ + gen.pl,-39.3075065612793,-45.823402404785156,9,9,1,-6.513806451112032,8.628510158509016,1
google/gemma-2-2b-it,numeral_noun_0251,numeral_noun,5+ + gen.pl,-44.6815185546875,-50.095176696777344,10,10,1,0.4666880965232849,7.326288225129247,1
google/gemma-2-2b-it,numeral_noun_0252,numeral_noun,5+ + gen.pl,-52.512657165527344,-63.68203353881836,8,8,1,-6.536527698859572,6.600298028439283,1
google/gemma-2-2b-it,numeral_noun_0253,numeral_noun,5+ + gen.pl,-56.65238952636719,-59.83990478515625,7,7,1,-3.4639779180288315,1.0084171295166016,0
google/gemma-2-2b-it,numeral_noun_0254,numeral_noun,5+ + gen.pl,-47.459999084472656,-53.24625015258789,9,8,1,-6.17245209030807,2.6328486800193787,0
google/gemma-2-2b-it,numeral_noun_0255,numeral_noun,5+ + gen.pl,-45.29371643066406,-55.36369323730469,10,10,1,0.85845947265625,7.310615323483944,1
google/gemma-2-2b-it,numeral_noun_0256,numeral_noun,5+ + gen.pl,-56.837772369384766,-59.28166580200195,8,7,1,-2.968557372689247,5.84059040248394,1
google/gemma-2-2b-it,numeral_noun_0257,numeral_noun,5+ + gen.pl,-49.15122985839844,-55.85894775390625,10,9,1,2.325935274362564,3.9589043855667114,1
google/gemma-2-2b-it,numeral_noun_0258,numeral_noun,5+ + gen.pl,-52.2382698059082,-59.74396514892578,8,8,1,-4.551125410944223,7.432442456483841,1
google/gemma-2-2b-it,numeral_noun_0259,numeral_noun,5+ + gen.pl,-51.12016296386719,-54.59479522705078,8,8,1,3.274953931570053,7.720851667225361,1
google/gemma-2-2b-it,numeral_noun_0260,numeral_noun,5+ + gen.pl,-51.890167236328125,-60.64210891723633,7,7,1,7.820811420679092,6.982925636693835,1
google/gemma-2-2b-it,numeral_noun_0261,numeral_noun,5+ + gen.pl,-45.575523376464844,-54.32503128051758,9,9,1,6.000949785113335,7.096782751381397,1
google/gemma-2-2b-it,numeral_noun_0262,numeral_noun,5+ + gen.pl,-48.499454498291016,-51.9117317199707,9,9,1,-4.838986337184906,4.809327129274607,0
google/gemma-2-2b-it,numeral_noun_0263,numeral_noun,5+ + gen.pl,-47.441444396972656,-51.30479431152344,9,8,1,-4.696869019418955,6.599333539605141,1
google/gemma-2-2b-it,numeral_noun_0264,numeral_noun,5+ + gen.pl,-54.904823303222656,-57.028202056884766,6,6,1,-2.2059173732995987,6.530442163348198,1
google/gemma-2-2b-it,numeral_noun_0265,numeral_noun,5+ + gen.pl,-43.30804443359375,-47.887123107910156,11,10,1,-2.4755687713623047,4.646246828138828,1
google/gemma-2-2b-it,numeral_noun_0266,numeral_noun,5+ + gen.pl,-53.31477737426758,-57.865013122558594,7,6,1,-1.3890399932861328,4.777444735169411,1
google/gemma-2-2b-it,numeral_noun_0267,numeral_noun,5+ + gen.pl,-50.212669372558594,-53.51209259033203,10,10,1,-2.887512117624283,7.641246033832431,1
google/gemma-2-2b-it,numeral_noun_0268,numeral_noun,5+ + gen.pl,-47.097801208496094,-53.78581237792969,10,10,1,4.294083669781685,-2.7502585500478745,1
google/gemma-2-2b-it,numeral_noun_0269,numeral_noun,5+ + gen.pl,-47.24674987792969,-55.79492950439453,9,9,1,7.448957651853561,7.918196748942137,1
google/gemma-2-2b-it,numeral_noun_0270,numeral_noun,5+ + gen.pl,-54.29234313964844,-59.16878890991211,8,8,1,1.5920618772506714,6.776456950232387,1
google/gemma-2-2b-it,numeral_noun_0271,numeral_noun,5+ + gen.pl,-51.718109130859375,-54.12164306640625,9,8,1,-0.8293800950050354,7.2876560389995575,1
google/gemma-2-2b-it,numeral_noun_0272,numeral_noun,5+ + gen.pl,-56.91094970703125,-63.087738037109375,9,8,1,-2.768646240234375,6.045914765447378,1
google/gemma-2-2b-it,numeral_noun_0273,numeral_noun,5+ + gen.pl,-47.07220458984375,-50.93474578857422,8,8,1,-4.675637427717447,7.370749535039067,1
google/gemma-2-2b-it,numeral_noun_0274,numeral_noun,5+ + gen.pl,-48.48040771484375,-53.3787727355957,11,10,1,2.6053581684827805,4.562749687582254,1
google/gemma-2-2b-it,numeral_noun_0275,numeral_noun,5+ + gen.pl,-53.355533599853516,-55.183597564697266,9,8,1,-0.9244709312915802,5.887683924287558,1
google/gemma-2-2b-it,numeral_noun_0276,numeral_noun,5+ + gen.pl,-51.27705383300781,-53.5806999206543,11,10,1,5.064926967024803,6.310369566082954,1
google/gemma-2-2b-it,numeral_noun_0277,numeral_noun,5+ + gen.pl,-46.511680603027344,-51.02143096923828,10,10,1,0.33943742513656616,6.633464947342873,1
google/gemma-2-2b-it,numeral_noun_0278,numeral_noun,5+ + gen.pl,-46.85139846801758,-54.096710205078125,10,10,1,1.665437638759613,-1.7293281555175781,0
google/gemma-2-2b-it,numeral_noun_0279,numeral_noun,5+ + gen.pl,-48.25617980957031,-52.273345947265625,10,9,1,-4.881089150905609,7.896438816562295,1
google/gemma-2-2b-it,numeral_noun_0280,numeral_noun,5+ + gen.pl,-48.51921844482422,-55.070274353027344,7,7,1,5.573086857795715,3.435129202902317,1
google/gemma-2-2b-it,numeral_noun_0281,numeral_noun,5+ + gen.pl,-48.51274490356445,-54.908546447753906,8,8,1,-4.4515076354146,6.6019763965159655,1
google/gemma-2-2b-it,numeral_noun_0282,numeral_noun,5+ + gen.pl,-60.907379150390625,-60.52055358886719,7,6,0,-2.4207687228918076,5.600938856601715,1
google/gemma-2-2b-it,numeral_noun_0283,numeral_noun,5+ + gen.pl,-47.82423400878906,-52.05747985839844,10,10,1,-3.6252156123518944,5.980173084884882,1
google/gemma-2-2b-it,numeral_noun_0284,numeral_noun,5+ + gen.pl,-51.211997985839844,-56.58252716064453,8,8,1,8.86277312040329,7.450322240591049,1
google/gemma-2-2b-it,numeral_noun_0285,numeral_noun,5+ + gen.pl,-53.02167510986328,-55.02643585205078,9,8,1,-2.811613142490387,3.4179249927401543,1
google/gemma-2-2b-it,numeral_noun_0286,numeral_noun,5+ + gen.pl,-52.09675598144531,-57.5380973815918,8,8,1,-5.106195643544197,9.156827378086746,1
google/gemma-2-2b-it,numeral_noun_0287,numeral_noun,5+ + gen.pl,-49.28826141357422,-57.52332305908203,6,6,1,-4.642578165978193,7.0085993725806475,1
google/gemma-2-2b-it,numeral_noun_0288,numeral_noun,5+ + gen.pl,-62.331912994384766,-64.25545501708984,7,7,1,4.102581158280373,5.490586403757334,1
google/gemma-2-2b-it,numeral_noun_0289,numeral_noun,5+ + gen.pl,-54.13080978393555,-61.34209060668945,6,6,1,4.434438720345497,6.194834530353546,1
google/gemma-2-2b-it,numeral_noun_0290,numeral_noun,5+ + gen.pl,-53.291969299316406,-54.02458190917969,6,6,1,-5.850052949041128,7.7749663181602955,1
google/gemma-2-2b-it,numeral_noun_0291,numeral_noun,5+ + gen.pl,-47.53654479980469,-52.955352783203125,10,10,1,5.7243451327085495,7.030209619551897,1
google/gemma-2-2b-it,numeral_noun_0292,numeral_noun,5+ + gen.pl,-50.304283142089844,-54.972137451171875,7,7,1,6.978278398513794,1.9021968990564346,1
google/gemma-2-2b-it,numeral_noun_0293,numeral_noun,5+ + gen.pl,-49.77107620239258,-55.78034591674805,8,8,1,7.258268564939499,6.4606859385967255,1
google/gemma-2-2b-it,numeral_noun_0294,numeral_noun,5+ + gen.pl,-45.45820236206055,-48.29307556152344,9,9,1,0.18813514709472656,7.791241593658924,1
google/gemma-2-2b-it,numeral_noun_0295,numeral_noun,5+ + gen.pl,-53.2718505859375,-60.32268524169922,7,7,1,-0.6666946411132812,3.5674381628632545,1
google/gemma-2-2b-it,numeral_noun_0296,numeral_noun,5+ + gen.pl,-57.63671112060547,-61.06544494628906,9,8,1,-4.681080766022205,6.724356435239315,1
google/gemma-2-2b-it,numeral_noun_0297,numeral_noun,5+ + gen.pl,-49.193458557128906,-54.25543212890625,9,9,1,4.284432291984558,6.873479042202234,1
google/gemma-2-2b-it,numeral_noun_0298,numeral_noun,5+ + gen.pl,-49.15834426879883,-54.17641830444336,11,10,1,1.7402647733688354,4.859565552324057,1
google/gemma-2-2b-it,numeral_noun_0299,numeral_noun,5+ + gen.pl,-51.594329833984375,-57.43822479248047,11,10,1,1.4068679511547089,3.103174105286598,1
google/gemma-2-2b-it,verb_government_0000,verb_government,дякувати кому,-25.51250457763672,-31.646442413330078,8,8,1,-1.222623884677887,6.642657374963164,1
google/gemma-2-2b-it,verb_government_0001,verb_government,дякувати кому,-50.319915771484375,-48.78246307373047,8,7,0,2.1146087646484375,-3.392030820250511,0
google/gemma-2-2b-it,verb_government_0002,verb_government,дякувати кому,-43.804351806640625,-45.23797607421875,11,10,1,-5.704090319573879,-3.1669998466968536,0
google/gemma-2-2b-it,verb_government_0003,verb_government,дякувати кому,-55.59516906738281,-55.679481506347656,9,8,1,-2.3504771441221237,2.0701293498277664,0
google/gemma-2-2b-it,verb_government_0004,verb_government,дякувати кому,-46.65376663208008,-52.820186614990234,10,10,1,3.120852380990982,4.765700399875641,1
google/gemma-2-2b-it,verb_government_0005,verb_government,дякувати кому,-31.403154373168945,-33.23088073730469,9,8,1,-4.616793416440487,0.5588054656982422,0
google/gemma-2-2b-it,verb_government_0006,verb_government,вибачати кому,-42.632808685302734,-43.7892951965332,10,10,1,-8.424686936661601,8.19133179821074,0
google/gemma-2-2b-it,verb_government_0007,verb_government,вибачати кому,-49.75883102416992,-45.689788818359375,10,10,0,-5.792284034192562,5.200148545205593,0
google/gemma-2-2b-it,verb_government_0008,verb_government,вибачати кому,-44.25071716308594,-41.97675323486328,8,7,0,-3.885421819984913,1.6614685207605362,0
google/gemma-2-2b-it,verb_government_0009,verb_government,вибачати кому,-46.14746856689453,-43.889678955078125,12,12,0,-6.45081890001893,4.375030443072319,0
google/gemma-2-2b-it,verb_government_0010,verb_government,вибачати кому,-32.46051788330078,-29.108755111694336,8,7,0,-0.03128814697265625,0.7348270416259766,1
google/gemma-2-2b-it,verb_government_0011,verb_government,навчати чого,-40.773902893066406,-43.044219970703125,8,8,1,6.551068350672722,4.32459270209074,1
google/gemma-2-2b-it,verb_government_0012,verb_government,навчати чого,-65.66851806640625,-68.44257354736328,8,9,1,3.9782827347517014,3.5541554540395737,1
google/gemma-2-2b-it,verb_government_0013,verb_government,навчати чого,-61.56998825073242,-61.33427429199219,10,10,0,9.103071987628937,-9.521828576922417,0
google/gemma-2-2b-it,verb_government_0014,verb_government,навчати чого,-65.20089721679688,-64.03185272216797,9,10,0,7.126302629709244,6.697576640173793,1
google/gemma-2-2b-it,verb_government_0015,verb_government,вчитися чого,-45.886077880859375,-54.64015197753906,9,10,1,9.028365239501,0.4145069122314453,1
google/gemma-2-2b-it,verb_government_0016,verb_government,вчитися чого,-35.56464385986328,-33.965660095214844,7,7,0,6.251628860831261,-2.2699566334486008,1
google/gemma-2-2b-it,verb_government_0017,verb_government,вчитися чого,-46.31402587890625,-45.9428825378418,8,9,0,8.207963198423386,5.6105604618787766,1
google/gemma-2-2b-it,verb_government_0018,verb_government,вчитися чого,-49.95271301269531,-53.29562759399414,7,8,1,4.289274021983147,2.4272690415382385,1
google/gemma-2-2b-it,verb_government_0019,verb_government,опанувати що,-54.80927276611328,-56.54669189453125,8,8,1,-1.48850816488266,-3.479470208287239,0
google/gemma-2-2b-it,verb_government_0020,verb_government,опанувати що,-48.94832992553711,-52.537872314453125,8,9,1,5.002038881182671,-0.985296219587326,1
google/gemma-2-2b-it,verb_government_0021,verb_government,опанувати що,-48.2801513671875,-52.957000732421875,10,10,1,2.5135345458984375,2.3822040110826492,1
google/gemma-2-2b-it,verb_government_0022,verb_government,опанувати що,-56.0665397644043,-61.576961517333984,9,9,1,4.192275196313858,-5.89969827234745,0
google/gemma-2-2b-it,verb_government_0023,verb_government,оволодіти чим,-45.79845428466797,-49.85883331298828,8,8,1,7.639618873596191,2.7299879789352417,1
google/gemma-2-2b-it,verb_government_0024,verb_government,оволодіти чим,-57.615264892578125,-61.025447845458984,10,10,1,-4.082843706011772,5.916017387062311,1
google/gemma-2-2b-it,verb_government_0025,verb_government,оволодіти чим,-55.819374084472656,-55.74456024169922,10,9,0,2.1617296934127808,3.0406875759363174,1
google/gemma-2-2b-it,verb_government_0026,verb_government,хворіти на що,-43.253662109375,-50.53757095336914,9,8,1,5.4852829948067665,5.0859735906124115,1
google/gemma-2-2b-it,verb_government_0027,verb_government,хворіти на що,-42.339599609375,-47.15913391113281,10,10,1,6.762860119342804,7.15583055652678,1
google/gemma-2-2b-it,verb_government_0028,verb_government,хворіти на що,-53.86669158935547,-62.05946350097656,12,11,1,2.6413613110780716,5.071723148226738,1
google/gemma-2-2b-it,verb_government_0029,verb_government,одружитися з ким,-40.38204574584961,-43.29628372192383,10,10,1,-6.226151533424854,7.7475202940404415,1
google/gemma-2-2b-it,verb_government_0030,verb_government,одружитися з ким,-56.739261627197266,-58.86394119262695,11,10,1,-6.6407002452760935,6.8027408961206675,1
google/gemma-2-2b-it,verb_government_0031,verb_government,одружитися з ким,-52.965675354003906,-56.352840423583984,13,12,1,-6.498669840395451,5.73466507717967,0
google/gemma-2-2b-it,verb_government_0032,verb_government,сумувати за ким,-31.38370132446289,-38.80223846435547,7,7,1,6.537655860185623,6.448557082563639,1
google/gemma-2-2b-it,verb_government_0033,verb_government,сумувати за ким,-42.56376266479492,-43.899009704589844,9,9,1,5.85288804769516,8.588110953569412,1
google/gemma-2-2b-it,verb_government_0034,verb_government,сумувати за ким,-42.53362274169922,-46.26934814453125,8,7,1,1.2206153273582458,5.136835236102343,1
google/gemma-2-2b-it,verb_government_0035,verb_government,розмовляти мовою,-34.98949432373047,-37.60026550292969,9,10,1,4.867962047457695,8.323120393790305,1
google/gemma-2-2b-it,verb_government_0036,verb_government,розмовляти мовою,-48.01146697998047,-51.36309814453125,8,9,1,0.7665863633155823,6.0192412417382,1
google/gemma-2-2b-it,verb_government_0037,verb_government,розмовляти мовою,-37.78746795654297,-40.23390197753906,8,9,1,-1.5938014388084412,9.072008374147117,1
google/gemma-2-2b-it,verb_government_0038,verb_government,розмовляти мовою,-34.265472412109375,-37.652984619140625,9,10,1,-6.107752926647663,6.590372150763869,1
google/gemma-2-2b-it,verb_government_0039,verb_government,розмовляти мовою,-40.04695129394531,-44.75347137451172,9,10,1,-1.5339679718017578,4.933132195845246,1
google/gemma-2-2b-it,verb_government_0040,verb_government,розмовляти мовою,-38.329654693603516,-38.997467041015625,6,7,1,8.254500687122345,7.469318452291191,1
google/gemma-2-2b-it,verb_government_0041,verb_government,вибачати кому,-47.94218444824219,-46.73395538330078,7,7,0,-2.146154448390007,2.9879055470228195,1
google/gemma-2-2b-it,verb_government_0042,verb_government,навчати чого,-54.85771560668945,-53.32572937011719,12,12,0,-4.444454155862331,6.46739561855793,1
google/gemma-2-2b-it,verb_government_0043,verb_government,навчати чого,-56.684722900390625,-63.080692291259766,11,12,1,6.708267375826836,7.604204161092639,1
google/gemma-2-2b-it,verb_government_0044,verb_government,вчитися чого,-38.098812103271484,-42.42232131958008,8,9,1,8.070246636867523,1.7637481689453125,1
google/gemma-2-2b-it,verb_government_0045,verb_government,вчитися чого,-46.2518196105957,-48.97697067260742,8,9,1,5.672873377799988,-3.1018601208925247,1
google/gemma-2-2b-it,verb_government_0046,verb_government,опанувати що,-51.136417388916016,-53.20414733886719,9,9,1,4.869534507393837,-5.143122643232346,0
google/gemma-2-2b-it,verb_government_0047,verb_government,опанувати що,-47.15861511230469,-56.709686279296875,8,8,1,3.9668358862400055,-7.510986253619194,0
google/gemma-2-2b-it,verb_government_0048,verb_government,оволодіти чим,-59.071590423583984,-62.47341537475586,10,10,1,8.1439149081707,4.396660007536411,1
google/gemma-2-2b-it,verb_government_0049,verb_government,оволодіти чим,-71.98076629638672,-73.77961730957031,8,8,1,-3.6487922593951225,1.2933406829833984,0
google/gemma-2-2b-it,verb_government_0050,verb_government,оволодіти чим,-51.55059051513672,-55.09837341308594,8,8,1,8.289434909820557,4.713527452200651,1
google/gemma-2-2b-it,verb_government_0051,verb_government,хворіти на що,-44.14338684082031,-52.497764587402344,9,9,1,8.746874541044235,6.57691977918148,1
google/gemma-2-2b-it,verb_government_0052,verb_government,хворіти на що,-47.08537292480469,-50.27804183959961,10,9,1,7.472851574420929,0.6165504455566406,1
google/gemma-2-2b-it,verb_government_0053,verb_government,хворіти на що,-59.77389907836914,-63.46189498901367,11,10,1,-3.181468889117241,7.513558426871896,1
google/gemma-2-2b-it,verb_government_0054,verb_government,одружитися з ким,-49.81916809082031,-59.67926025390625,9,9,1,-7.327932383865118,6.81992894038558,0
google/gemma-2-2b-it,verb_government_0055,verb_government,одружитися з ким,-41.85111999511719,-45.96780014038086,10,10,1,-6.640995156019926,7.997499438002706,1
google/gemma-2-2b-it,verb_government_0056,verb_government,одружитися з ким,-61.6475944519043,-59.76313400268555,12,12,0,-7.227216545492411,8.089761264622211,1
google/gemma-2-2b-it,verb_government_0057,verb_government,сумувати за ким,-43.988426208496094,-47.16468048095703,9,9,1,1.4638366401195526,6.134255507960916,1
google/gemma-2-2b-it,verb_government_0058,verb_government,сумувати за ким,-39.5311164855957,-40.920135498046875,7,7,1,7.1169069185853004,6.952013101428747,1
google/gemma-2-2b-it,verb_government_0059,verb_government,сумувати за ким,-51.359439849853516,-51.24795913696289,9,9,0,-0.5994701385498047,6.765464840456843,1
google/gemma-2-2b-it,vocative_0000,vocative,vocative f,-42.67865753173828,-36.34313201904297,10,9,0,-7.668580101802945,-4.994144320487976,0
google/gemma-2-2b-it,vocative_0001,vocative,vocative m,-65.06403350830078,-53.021183013916016,10,9,0,-7.84754384867847,0.9144840240478516,0
google/gemma-2-2b-it,vocative_0002,vocative,vocative m,-43.78111267089844,-38.084712982177734,11,10,0,-6.77094841003418,5.692083142697811,0
google/gemma-2-2b-it,vocative_0003,vocative,vocative m,-50.972042083740234,-39.228614807128906,9,9,0,-7.104552468284965,4.779200658202171,0
google/gemma-2-2b-it,vocative_0004,vocative,vocative m,-57.292449951171875,-51.642906188964844,14,14,0,-7.438235357403755,2.4593716114759445,0
google/gemma-2-2b-it,vocative_0005,vocative,vocative m,-62.44659423828125,-53.986759185791016,14,14,0,-6.9459687396883965,3.6252011954784393,0
google/gemma-2-2b-it,vocative_0006,vocative,vocative m,-51.72991180419922,-40.48481750488281,12,12,0,-6.2148179188370705,-7.088751807808876,0
google/gemma-2-2b-it,vocative_0007,vocative,vocative f,-51.60755920410156,-42.66876983642578,9,8,0,-8.33081279695034,4.6450710371136665,0
google/gemma-2-2b-it,vocative_0008,vocative,vocative f,-56.7890739440918,-53.74560546875,10,9,0,-7.825642742216587,2.00314137339592,0
google/gemma-2-2b-it,vocative_0009,vocative,vocative f,-62.2757682800293,-58.9059944152832,9,8,0,-7.125759290531278,3.4346713572740555,0
google/gemma-2-2b-it,vocative_0010,vocative,vocative m,-51.44392395019531,-53.26677703857422,10,9,1,-7.741849126294255,3.9490679800510406,0
google/gemma-2-2b-it,vocative_0011,vocative,vocative f,-65.79251098632812,-58.86231994628906,11,11,0,-7.953817367553711,2.486732393503189,0
google/gemma-2-2b-it,vocative_0012,vocative,vocative f,-42.975990295410156,-34.73706817626953,11,10,0,-8.258292026817799,-3.612397253513336,0
google/gemma-2-2b-it,vocative_0013,vocative,vocative m,-41.233436584472656,-37.9520263671875,7,7,0,-8.614092106930912,3.766130343079567,0
google/gemma-2-2b-it,vocative_0014,vocative,vocative f,-48.22877502441406,-35.927391052246094,13,12,0,-7.553935943171382,-5.062281504273415,0
google/gemma-2-2b-it,vocative_0015,vocative,vocative m,-62.47916030883789,-61.40656280517578,14,13,0,-2.6000652462244034,2.6125011444091797,1
google/gemma-2-2b-it,vocative_0016,vocative,vocative m,-39.544673919677734,-34.77229309082031,10,9,0,-7.966416589915752,-1.5711841881275177,0
google/gemma-2-2b-it,vocative_0017,vocative,vocative f,-46.171470642089844,-39.93599319458008,9,9,0,-8.157288517802954,0.3638325333595276,0
google/gemma-2-2b-it,vocative_0018,vocative,vocative m,-40.576942443847656,-35.117881774902344,10,9,0,-7.989336960017681,6.489823300391436,0
google/gemma-2-2b-it,vocative_0019,vocative,vocative m,-46.154842376708984,-37.580047607421875,9,9,0,-7.493837293237448,-4.471095114946365,0
google/gemma-2-2b-it,vocative_0020,vocative,vocative f,-43.07777404785156,-38.957454681396484,8,8,0,-7.779489487409592,-6.303297936916351,0
google/gemma-2-2b-it,vocative_0021,vocative,vocative m,-56.37297821044922,-48.4463005065918,9,9,0,-5.486904330551624,3.5556764900684357,0
google/gemma-2-2b-it,vocative_0022,vocative,vocative f,-38.269317626953125,-33.788116455078125,9,9,0,-8.991475839167833,3.40745347738266,0
google/gemma-2-2b-it,vocative_0023,vocative,vocative m,-42.768516540527344,-38.00701141357422,10,9,0,-6.709498539566994,6.484622918069363,0
google/gemma-2-2b-it,vocative_0024,vocative,vocative m,-47.591209411621094,-47.77174377441406,13,12,1,-8.072377245873213,-7.155782535672188,0
google/gemma-2-2b-it,vocative_0025,vocative,vocative m,-47.6016845703125,-41.35747528076172,9,9,0,-6.4383695386350155,-2.1343974173069,0
google/gemma-2-2b-it,vocative_0026,vocative,vocative m,-58.959716796875,-52.05036163330078,10,10,0,-6.920422650873661,2.1617545783519745,0
google/gemma-2-2b-it,vocative_0027,vocative,vocative m,-39.96363067626953,-32.20500946044922,10,9,0,-0.9425163865089417,5.187744028866291,1
google/gemma-2-2b-it,vocative_0028,vocative,vocative f,-60.675323486328125,-55.1015625,12,11,0,-8.381858106702566,4.531943492591381,0
google/gemma-2-2b-it,vocative_0029,vocative,vocative f,-41.388404846191406,-36.44666290283203,9,9,0,-6.469879113137722,-0.0648956298828125,0
google/gemma-2-2b-it,vocative_0030,vocative,vocative f,-66.44697570800781,-59.37376403808594,11,11,0,-7.444218851625919,-0.29376220703125,0
google/gemma-2-2b-it,vocative_0031,vocative,vocative m,-59.13079071044922,-51.25608444213867,11,10,0,-7.234622174873948,4.361215732991695,0
google/gemma-2-2b-it,vocative_0032,vocative,vocative f,-46.46207809448242,-39.9453239440918,10,9,0,-7.498983308672905,2.535097196698189,0
google/gemma-2-2b-it,vocative_0033,vocative,vocative m,-61.447296142578125,-55.37462615966797,12,12,0,-7.01310745999217,5.9565408900380135,0
google/gemma-2-2b-it,vocative_0034,vocative,vocative f,-52.04130172729492,-46.10509490966797,9,9,0,-7.154468379914761,-0.8903274536132812,0
google/gemma-2-2b-it,vocative_0035,vocative,vocative m,-37.532554626464844,-33.869041442871094,10,9,0,-8.210048381239176,4.587052255868912,0
google/gemma-2-2b-it,vocative_0036,vocative,vocative m,-52.37236785888672,-44.80131912231445,7,7,0,-8.186182674020529,-1.0946120619773865,0
google/gemma-2-2b-it,vocative_0037,vocative,vocative m,-53.359317779541016,-47.809574127197266,11,10,0,-5.88518607057631,-3.9001969695091248,0
google/gemma-2-2b-it,vocative_0038,vocative,vocative m,-64.31002044677734,-54.878173828125,8,9,0,-3.00212100148201,3.003256842494011,1
google/gemma-2-2b-it,vocative_0039,vocative,vocative m,-45.08022689819336,-38.80885314941406,9,8,0,-6.8848189152777195,3.779957726597786,0
google/gemma-2-2b-it,vocative_0040,vocative,vocative m,-49.32787322998047,-50.1905517578125,10,9,1,-8.087588557042181,5.3396529369056225,0
google/gemma-2-2b-it,vocative_0041,vocative,vocative f,-44.831787109375,-40.313392639160156,9,9,0,-7.777828432619572,-4.404394149780273,0
google/gemma-2-2b-it,vocative_0042,vocative,vocative f,-42.66529083251953,-37.86768341064453,10,9,0,-8.97731376811862,-0.7628459930419922,0
google/gemma-2-2b-it,vocative_0043,vocative,vocative f,-71.00369262695312,-62.403236389160156,13,13,0,-6.414657639339566,2.7546843737363815,0
google/gemma-2-2b-it,vocative_0044,vocative,vocative m,-58.61258316040039,-50.5965576171875,10,9,0,-3.8536912202835083,6.024870716035366,1
google/gemma-2-2b-it,vocative_0045,vocative,vocative f,-79.42530822753906,-69.00665283203125,14,14,0,-6.5424767304211855,3.7067261710762978,0
google/gemma-2-2b-it,vocative_0046,vocative,vocative m,-63.02286148071289,-55.50541687011719,13,13,0,-6.495671056210995,5.003408271819353,0
google/gemma-2-2b-it,vocative_0047,vocative,vocative m,-51.00204849243164,-55.33181381225586,9,8,1,-3.324799433350563,0.960853636264801,0
google/gemma-2-2b-it,vocative_0048,vocative,vocative f,-64.17832946777344,-63.70221710205078,9,8,0,-7.2945402935147285,2.1746787428855896,0
google/gemma-2-2b-it,vocative_0049,vocative,vocative f,-58.46446990966797,-50.07749938964844,10,10,0,-7.751142513938248,3.0122033283114433,0
google/gemma-2-2b-it,vocative_0050,vocative,vocative f,-43.02375411987305,-39.325687408447266,10,9,0,-7.465124266222119,2.9835566580295563,0
google/gemma-2-2b-it,vocative_0051,vocative,vocative m,-52.19110107421875,-44.52440643310547,11,10,0,-6.861193895339966,4.5031519420444965,0
google/gemma-2-2b-it,vocative_0052,vocative,vocative f,-59.0093994140625,-54.65254211425781,12,11,0,-8.102348070591688,5.04629522562027,0
google/gemma-2-2b-it,vocative_0053,vocative,vocative f,-45.84611892700195,-37.08402633666992,7,6,0,-7.874487720429897,-2.739105314016342,0
google/gemma-2-2b-it,vocative_0054,vocative,vocative f,-46.597862243652344,-38.61864471435547,11,10,0,-8.00853001512587,-0.2086619734764099,0
google/gemma-2-2b-it,vocative_0055,vocative,vocative m,-54.64582824707031,-43.656028747558594,11,11,0,-5.975806383416057,-4.875785738229752,0
google/gemma-2-2b-it,vocative_0056,vocative,vocative m,-59.47908020019531,-55.8889045715332,9,7,0,-0.08697700500488281,1.863593965768814,1
google/gemma-2-2b-it,vocative_0057,vocative,vocative f,-64.63826751708984,-57.93335723876953,13,12,0,-5.170746795833111,-0.3436259627342224,0
google/gemma-2-2b-it,vocative_0058,vocative,vocative f,-58.90492248535156,-58.1710205078125,12,11,0,-6.8868046049028635,-8.482220128178596,0
google/gemma-2-2b-it,vocative_0059,vocative,vocative f,-62.67085266113281,-59.69083023071289,9,9,0,-6.960354709997773,-1.6864470839500427,0
google/gemma-2-2b-it,vocative_0060,vocative,vocative f,-50.77894592285156,-56.1788444519043,9,9,1,-7.587556079030037,4.943005658686161,0
google/gemma-2-2b-it,vocative_0061,vocative,vocative m,-45.05284881591797,-39.8177490234375,7,7,0,-8.576130393892527,-6.506646931171417,0
google/gemma-2-2b-it,vocative_0062,vocative,vocative m,-66.63815307617188,-54.32376480102539,12,10,0,-5.947806157171726,1.1464385986328125,0
google/gemma-2-2b-it,vocative_0063,vocative,vocative m,-57.49604034423828,-59.12256622314453,10,9,1,-7.3548859022557735,0.9267329573631287,0
google/gemma-2-2b-it,vocative_0064,vocative,vocative m,-53.18374252319336,-43.24458694458008,12,10,0,-6.109477946534753,-3.0285235047340393,0
google/gemma-2-2b-it,vocative_0065,vocative,vocative m,-44.525001525878906,-37.42386245727539,8,7,0,-8.157261868938804,1.3547821044921875,0
google/gemma-2-2b-it,vocative_0066,vocative,vocative m,-56.229618072509766,-53.793601989746094,11,11,0,-6.778500637039542,-2.432043105363846,0
google/gemma-2-2b-it,vocative_0067,vocative,vocative m,-63.609962463378906,-56.640419006347656,14,14,0,-7.310571510344744,4.5207729041576385,0
google/gemma-2-2b-it,vocative_0068,vocative,vocative f,-56.726348876953125,-55.07323455810547,13,13,0,-7.024800235405564,5.454916760325432,0
google/gemma-2-2b-it,vocative_0069,vocative,vocative f,-63.47306442260742,-59.95906066894531,12,12,0,-8.082317205145955,2.221485063433647,0
google/gemma-2-2b-it,vocative_0070,vocative,vocative m,-45.84535217285156,-52.42860412597656,12,11,1,-6.077264003455639,0.7526092231273651,0
google/gemma-2-2b-it,vocative_0071,vocative,vocative m,-58.349761962890625,-61.921112060546875,14,13,1,-6.60491562820971,5.855019379407167,0
google/gemma-2-2b-it,vocative_0072,vocative,vocative f,-43.71257019042969,-39.27140426635742,13,12,0,-7.6508265025913715,-4.4898097813129425,0
google/gemma-2-2b-it,vocative_0073,vocative,vocative m,-41.971561431884766,-35.192543029785156,10,10,0,-6.813077699393034,-5.8673162162303925,0
google/gemma-2-2b-it,vocative_0074,vocative,vocative m,-43.72564697265625,-39.82197570800781,8,7,0,-8.738795281387866,-4.8571107387542725,0
google/gemma-2-2b-it,vocative_0075,vocative,vocative m,-65.08259582519531,-54.5645751953125,8,8,0,-4.738179229199886,3.8275851160287857,0
google/gemma-2-2b-it,vocative_0076,vocative,vocative m,-58.544742584228516,-48.5035514831543,9,9,0,-7.327805612236261,4.26921097189188,0
google/gemma-2-2b-it,vocative_0077,vocative,vocative m,-53.553314208984375,-56.24950408935547,14,13,1,-3.896359294652939,0.8053455948829651,0
google/gemma-2-2b-it,vocative_0078,vocative,vocative f,-61.27198791503906,-56.36371994018555,11,10,0,-7.671153977513313,1.4053440392017365,0
google/gemma-2-2b-it,vocative_0079,vocative,vocative m,-44.32600402832031,-35.3827018737793,10,8,0,-4.678666993975639,1.6513022780418396,0
google/gemma-2-2b-it,vocative_0080,vocative,vocative f,-64.13397216796875,-51.21467590332031,14,13,0,-5.479345437139273,3.924121715128422,0
google/gemma-2-2b-it,vocative_0081,vocative,vocative f,-41.49005126953125,-39.118385314941406,10,10,0,-8.540635289624333,-4.964849561452866,0
google/gemma-2-2b-it,vocative_0082,vocative,vocative m,-66.0517578125,-54.65589904785156,8,8,0,-3.5423468947410583,2.045762926340103,0
google/gemma-2-2b-it,vocative_0083,vocative,vocative m,-47.080989837646484,-37.5968017578125,10,8,0,-7.740047359839082,5.340617246925831,0
google/gemma-2-2b-it,vocative_0084,vocative,vocative m,-66.59696197509766,-54.56256866455078,13,12,0,-5.661214608699083,1.7775381803512573,0
google/gemma-2-2b-it,vocative_0085,vocative,vocative f,-70.45562744140625,-60.04622268676758,15,14,0,-7.755293816328049,3.3575076162815094,0
google/gemma-2-2b-it,vocative_0086,vocative,vocative m,-62.996009826660156,-52.25564193725586,9,7,0,-3.2754115164279938,3.6036749184131622,1
google/gemma-2-2b-it,vocative_0087,vocative,vocative m,-50.7939338684082,-47.76629638671875,10,10,0,-7.582495903596282,4.0844457149505615,0
google/gemma-2-2b-it,vocative_0088,vocative,vocative m,-55.52470397949219,-59.56361770629883,10,9,1,-7.583395190536976,-2.8566922545433044,0
google/gemma-2-2b-it,vocative_0089,vocative,vocative f,-64.64535522460938,-63.744205474853516,9,9,0,-7.221090534701943,-4.790285989642143,0
google/gemma-2-2b-it,vocative_0090,vocative,vocative m,-51.974891662597656,-44.707122802734375,12,12,0,-6.791601108387113,0.09468841552734375,0
google/gemma-2-2b-it,vocative_0091,vocative,vocative f,-54.64491653442383,-47.88673400878906,12,12,0,-6.802887737751007,-7.614537224173546,0
google/gemma-2-2b-it,vocative_0092,vocative,vocative f,-59.54084777832031,-44.894615173339844,15,14,0,-7.531143043190241,3.542884901165962,0
google/gemma-2-2b-it,vocative_0093,vocative,vocative m,-56.482303619384766,-49.047725677490234,9,9,0,-5.7251940332353115,-2.494858682155609,0
google/gemma-2-2b-it,vocative_0094,vocative,vocative m,-64.235595703125,-51.07981872558594,11,10,0,-7.320181058719754,3.9263745471835136,0
google/gemma-2-2b-it,vocative_0095,vocative,vocative f,-42.94625473022461,-40.03633499145508,10,9,0,-7.721772380173206,4.41916961222887,0
google/gemma-2-2b-it,vocative_0096,vocative,vocative f,-46.4473876953125,-41.87165069580078,8,7,0,-8.905408131889999,0.23925209045410156,0
google/gemma-2-2b-it,vocative_0097,vocative,vocative f,-41.32862091064453,-36.05052947998047,9,8,0,-7.115078108385205,2.4504165798425674,0
google/gemma-2-2b-it,vocative_0098,vocative,vocative f,-48.033058166503906,-43.92441940307617,10,10,0,-8.513448353856802,6.217273760586977,0
google/gemma-2-2b-it,vocative_0099,vocative,vocative f,-43.52098846435547,-39.783077239990234,8,7,0,-8.06503641512245,-1.3046340346336365,0
google/gemma-2-2b-it,vocative_0100,vocative,vocative m,-63.036041259765625,-55.972023010253906,12,11,0,-5.592062160372734,6.332859814167023,1
google/gemma-2-2b-it,vocative_0101,vocative,vocative m,-59.385841369628906,-57.3505859375,15,14,0,-7.310204489156604,-0.08683967590332031,0
google/gemma-2-2b-it,vocative_0102,vocative,vocative m,-66.30307006835938,-58.904624938964844,14,13,0,-7.1620807237923145,4.356875620782375,0
google/gemma-2-2b-it,vocative_0103,vocative,vocative m,-54.57270812988281,-48.669063568115234,9,9,0,-7.995861085131764,1.3881550133228302,0
google/gemma-2-2b-it,vocative_0104,vocative,vocative m,-41.236297607421875,-36.248512268066406,9,9,0,-7.568491781130433,5.053847454488277,0
google/gemma-2-2b-it,vocative_0105,vocative,vocative m,-48.47871398925781,-44.654029846191406,12,12,0,-6.950149385258555,-1.4530028700828552,0
google/gemma-2-2b-it,vocative_0106,vocative,vocative f,-65.1655502319336,-60.24840545654297,14,14,0,-5.788169000297785,0.15134239196777344,0
google/gemma-2-2b-it,vocative_0107,vocative,vocative f,-53.64636993408203,-46.63568115234375,11,10,0,-6.673277864232659,-8.04314786195755,0
google/gemma-2-2b-it,vocative_0108,vocative,vocative m,-46.831214904785156,-39.52399444580078,8,8,0,-7.500776199623942,-4.689002260565758,0
google/gemma-2-2b-it,vocative_0109,vocative,vocative m,-51.236366271972656,-44.25640869140625,9,9,0,-7.933108102530241,2.1227244436740875,0
google/gemma-2-2b-it,vocative_0110,vocative,vocative m,-42.11961364746094,-38.49030303955078,10,10,0,-5.222694534808397,-3.881515711545944,0
google/gemma-2-2b-it,vocative_0111,vocative,vocative m,-52.27812957763672,-51.334861755371094,12,11,0,-7.497569963335991,-4.198007687926292,0
google/gemma-2-2b-it,vocative_0112,vocative,vocative m,-45.81928253173828,-39.672698974609375,9,9,0,-8.540911274030805,-2.4863442480564117,0
google/gemma-2-2b-it,vocative_0113,vocative,vocative m,-69.3750991821289,-52.916866302490234,13,13,0,-5.257446508854628,2.473873049020767,0
google/gemma-2-2b-it,vocative_0114,vocative,vocative m,-67.84370422363281,-60.07651901245117,11,11,0,-6.895896900445223,3.5416506975889206,0
google/gemma-2-2b-it,vocative_0115,vocative,vocative m,-59.90483093261719,-54.44702911376953,8,8,0,-3.7554512917995453,4.115612238645554,1
google/gemma-2-2b-it,vocative_0116,vocative,vocative m,-54.87040328979492,-51.07569885253906,12,11,0,-7.559074640274048,5.580643597990274,0
google/gemma-2-2b-it,vocative_0117,vocative,vocative m,-39.24213790893555,-35.65486526489258,10,9,0,-7.166293954476714,-0.04417228698730469,0
google/gemma-2-2b-it,vocative_0118,vocative,vocative m,-48.443328857421875,-42.11076736450195,11,11,0,-5.949571575969458,-0.8930435180664062,0
google/gemma-2-2b-it,vocative_0119,vocative,vocative m,-64.26936340332031,-56.77832794189453,11,11,0,-7.829433465376496,2.4804114550352097,0
google/gemma-2-2b-it,vocative_0120,vocative,vocative m,-54.764076232910156,-44.061309814453125,9,9,0,-7.288100354373455,3.6337891221046448,0
google/gemma-2-2b-it,vocative_0121,vocative,vocative m,-52.2640380859375,-45.133018493652344,9,9,0,-7.156400492414832,2.4947739243507385,0
google/gemma-2-2b-it,vocative_0122,vocative,vocative m,-45.94932556152344,-42.134864807128906,8,7,0,-7.851738009601831,5.6521597392857075,0
google/gemma-2-2b-it,vocative_0123,vocative,vocative f,-42.87932586669922,-37.14231872558594,10,9,0,-8.629819935187697,-6.572871059179306,0
google/gemma-2-2b-it,vocative_0124,vocative,vocative f,-71.8780746459961,-67.2547607421875,8,8,0,-6.796048117801547,-3.6000231951475143,0
google/gemma-2-2b-it,vocative_0125,vocative,vocative m,-40.74943542480469,-38.218528747558594,10,9,0,-7.249250404536724,5.122412823140621,0
google/gemma-2-2b-it,vocative_0126,vocative,vocative f,-61.13198471069336,-56.99997329711914,12,11,0,-7.413939423859119,4.921549655497074,0
google/gemma-2-2b-it,vocative_0127,vocative,vocative f,-62.40165710449219,-67.11263275146484,14,13,1,-6.781831925734878,1.3287582397460938,0
google/gemma-2-2b-it,vocative_0128,vocative,vocative m,-46.025787353515625,-39.16952133178711,9,8,0,-6.994211038574576,5.9450216591358185,0
google/gemma-2-2b-it,vocative_0129,vocative,vocative f,-49.717376708984375,-41.59272766113281,7,7,0,-8.518863659352064,-4.493300244212151,0
google/gemma-2-2b-it,vocative_0130,vocative,vocative m,-41.89524459838867,-36.96436309814453,7,7,0,-7.172623720020056,1.7214927673339844,0
google/gemma-2-2b-it,vocative_0131,vocative,vocative f,-61.22449493408203,-55.94377136230469,14,14,0,-6.394762109965086,3.4925957322120667,0
google/gemma-2-2b-it,vocative_0132,vocative,vocative m,-49.8372917175293,-40.84415817260742,7,7,0,-8.568649865686893,-0.8992787003517151,0
google/gemma-2-2b-it,vocative_0133,vocative,vocative m,-46.93336486816406,-41.75356674194336,12,12,0,-7.082198269665241,-5.9411963522434235,0
google/gemma-2-2b-it,vocative_0134,vocative,vocative f,-44.55284118652344,-36.42925262451172,11,10,0,-7.811561708338559,0.423713743686676,0
google/gemma-2-2b-it,vocative_0135,vocative,vocative f,-46.40553283691406,-36.56690979003906,7,7,0,-8.550029673613608,1.155344009399414,0
google/gemma-2-2b-it,vocative_0136,vocative,vocative m,-43.662296295166016,-39.327301025390625,9,8,0,-7.523447146639228,2.195236176252365,0
google/gemma-2-2b-it,vocative_0137,vocative,vocative m,-57.767601013183594,-51.41547775268555,12,12,0,-7.499342685565352,2.4997729510068893,0
google/gemma-2-2b-it,vocative_0138,vocative,vocative f,-43.28521728515625,-35.98843002319336,9,8,0,-8.036199007183313,1.0538196861743927,0
google/gemma-2-2b-it,vocative_0139,vocative,vocative f,-63.5584831237793,-67.39009094238281,9,8,1,-6.489136857911944,0.42816925048828125,0
google/gemma-2-2b-it,vocative_0140,vocative,vocative f,-54.74980926513672,-54.68505096435547,10,9,0,-6.280150536447763,-2.8760805279016495,0
google/gemma-2-2b-it,vocative_0141,vocative,vocative m,-57.829734802246094,-62.03754425048828,10,9,1,-6.946056496351957,4.296941615641117,0
google/gemma-2-2b-it,vocative_0142,vocative,vocative f,-67.95254516601562,-67.64490509033203,13,13,0,-6.319072872400284,-0.4301624298095703,0
google/gemma-2-2b-it,vocative_0143,vocative,vocative m,-40.837562561035156,-37.086334228515625,9,8,0,-7.096492620185018,-2.1034516394138336,0
google/gemma-2-2b-it,vocative_0144,vocative,vocative m,-58.92205047607422,-54.48291778564453,13,13,0,-7.5883753299713135,4.518227644264698,0
google/gemma-2-2b-it,vocative_0145,vocative,vocative f,-47.37798309326172,-42.59001159667969,10,9,0,-8.493866177275777,3.2088871151208878,0
google/gemma-2-2b-it,vocative_0146,vocative,vocative m,-70.03349304199219,-58.56285858154297,11,11,0,-7.082037067040801,0.4243431091308594,0
google/gemma-2-2b-it,vocative_0147,vocative,vocative m,-62.12038803100586,-51.618221282958984,9,9,0,-3.5419996976852417,0.9549827575683594,0
google/gemma-2-2b-it,vocative_0148,vocative,vocative m,-62.887367248535156,-60.00287628173828,9,8,0,-4.216260768473148,2.249618485569954,0
google/gemma-2-2b-it,vocative_0149,vocative,vocative f,-40.4913330078125,-36.303138732910156,9,9,0,-8.01184499077499,-7.993018716573715,0
google/gemma-2-2b-it,vocative_0150,vocative,vocative m,-61.01586151123047,-60.57115936279297,10,9,0,-3.7052441835403442,-0.7761021256446838,0
google/gemma-2-2b-it,vocative_0151,vocative,vocative f,-38.72392272949219,-36.848026275634766,10,10,0,-7.9435064643621445,-6.397310107946396,0
google/gemma-2-2b-it,vocative_0152,vocative,vocative f,-66.93760681152344,-65.11400604248047,10,10,0,-7.099722830578685,0.15315818786621094,0
google/gemma-2-2b-it,vocative_0153,vocative,vocative m,-61.465213775634766,-50.44932174682617,14,14,0,-5.122965659946203,1.401737242937088,0
google/gemma-2-2b-it,vocative_0154,vocative,vocative m,-44.07923889160156,-37.167457580566406,9,9,0,-7.60277852602303,-2.516549050807953,0
google/gemma-2-2b-it,vocative_0155,vocative,vocative f,-39.58119583129883,-35.019493103027344,10,9,0,-8.939524808898568,1.9036464393138885,0
google/gemma-2-2b-it,vocative_0156,vocative,vocative m,-61.0002555847168,-58.451332092285156,14,14,0,-5.936204127967358,4.320486888289452,0
google/gemma-2-2b-it,vocative_0157,vocative,vocative f,-43.49954605102539,-37.861289978027344,10,10,0,-7.827843790873885,-1.980217069387436,0
google/gemma-2-2b-it,vocative_0158,vocative,vocative f,-59.712501525878906,-52.037296295166016,13,13,0,-7.116070879623294,4.3983975648880005,0
google/gemma-2-2b-it,vocative_0159,vocative,vocative m,-50.59370803833008,-42.82979202270508,11,12,0,-5.458093639463186,1.7240104526281357,0
google/gemma-2-2b-it,vocative_0160,vocative,vocative f,-61.7613639831543,-56.34238052368164,10,10,0,-6.192310530692339,-4.985724374651909,0
google/gemma-2-2b-it,vocative_0161,vocative,vocative f,-61.34441375732422,-54.53014373779297,8,8,0,-7.649392245337367,3.620359316468239,0
google/gemma-2-2b-it,vocative_0162,vocative,vocative m,-39.6053581237793,-33.33924102783203,9,9,0,-5.647667948156595,3.393465079367161,0
google/gemma-2-2b-it,vocative_0163,vocative,vocative m,-41.807281494140625,-38.07719039916992,10,9,0,-6.918012846261263,-6.002494722604752,0
google/gemma-2-2b-it,vocative_0164,vocative,vocative f,-46.47259521484375,-38.41070556640625,9,8,0,-8.776434728875756,-1.8051834106445312,0
google/gemma-2-2b-it,vocative_0165,vocative,vocative m,-40.665122985839844,-36.26232147216797,10,9,0,-8.126961940899491,-5.299260854721069,0
google/gemma-2-2b-it,vocative_0166,vocative,vocative f,-70.90046691894531,-69.51878356933594,9,8,0,-7.394296508282423,-1.5489196479320526,0
google/gemma-2-2b-it,vocative_0167,vocative,vocative m,-44.162296295166016,-40.53834533691406,10,9,0,-7.010746214538813,5.763534780591726,0
google/gemma-2-2b-it,vocative_0168,vocative,vocative m,-62.64697265625,-54.78356170654297,14,14,0,-6.189381662756205,4.703588522970676,0
google/gemma-2-2b-it,vocative_0169,vocative,vocative f,-56.29613494873047,-53.30590057373047,11,10,0,-7.699408371001482,-1.9707756042480469,0
google/gemma-2-2b-it,vocative_0170,vocative,vocative m,-55.027950286865234,-59.084312438964844,8,8,1,-2.7564240247011185,1.3443145751953125,0
google/gemma-2-2b-it,vocative_0171,vocative,vocative f,-46.52413558959961,-41.11933517456055,7,7,0,-8.208571495488286,-0.5925846099853516,0
google/gemma-2-2b-it,vocative_0172,vocative,vocative m,-43.244873046875,-33.115379333496094,12,12,0,-7.762006960809231,-2.2056884765625,0
google/gemma-2-2b-it,vocative_0173,vocative,vocative m,-46.19105529785156,-42.3668327331543,12,12,0,-7.593510581180453,-0.8476448655128479,0
google/gemma-2-2b-it,vocative_0174,vocative,vocative f,-62.2918815612793,-56.25382995605469,12,11,0,-6.620055390521884,-0.3550548553466797,0
google/gemma-2-2b-it,vocative_0175,vocative,vocative m,-54.20976257324219,-49.682090759277344,12,11,0,-3.823619894683361,-1.4758796393871307,0
google/gemma-2-2b-it,vocative_0176,vocative,vocative m,-45.335975646972656,-37.36589813232422,10,10,0,-5.385772529989481,-7.166463643312454,0
google/gemma-2-2b-it,vocative_0177,vocative,vocative m,-46.74153137207031,-41.663963317871094,10,9,0,-7.142249908298254,-3.306292623281479,0
google/gemma-2-2b-it,vocative_0178,vocative,vocative f,-45.29750061035156,-39.790035247802734,10,9,0,-8.297708803787827,-4.7536763697862625,0
google/gemma-2-2b-it,vocative_0179,vocative,vocative m,-43.16181945800781,-38.12653350830078,11,10,0,-7.707495788112283,4.857381761074066,0
google/gemma-2-2b-it,vocative_0180,vocative,vocative m,-59.87816619873047,-55.226165771484375,8,8,0,-5.273972548544407,3.7254523783922195,0
google/gemma-2-2b-it,vocative_0181,vocative,vocative f,-58.759185791015625,-56.98190689086914,11,11,0,-7.47402011230588,-6.14778445661068,0
google/gemma-2-2b-it,vocative_0182,vocative,vocative f,-70.60979461669922,-70.55778503417969,14,13,0,-6.0082320086658,-6.105423793196678,0
google/gemma-2-2b-it,vocative_0183,vocative,vocative f,-62.35386276245117,-57.49309158325195,12,12,0,-7.587896345183253,2.0630301386117935,0
google/gemma-2-2b-it,vocative_0184,vocative,vocative f,-53.27123260498047,-44.09053039550781,13,12,0,-7.6529675126075745,-5.481399551033974,0
google/gemma-2-2b-it,vocative_0185,vocative,vocative f,-43.75544738769531,-39.036048889160156,10,9,0,-8.69155459664762,5.48667635768652,0
google/gemma-2-2b-it,vocative_0186,vocative,vocative m,-51.0725212097168,-43.85284423828125,11,10,0,-7.238523447886109,4.370638824999332,0
google/gemma-2-2b-it,vocative_0187,vocative,vocative m,-41.10911560058594,-34.954612731933594,9,8,0,-6.5571250803768635,-1.3867530524730682,0
google/gemma-2-2b-it,vocative_0188,vocative,vocative m,-58.67510223388672,-52.261600494384766,9,10,0,-5.5212305299937725,3.59764301776886,0
google/gemma-2-2b-it,vocative_0189,vocative,vocative m,-44.803680419921875,-41.42230987548828,7,6,0,-7.675743883475661,-0.6493588089942932,0
google/gemma-2-2b-it,vocative_0190,vocative,vocative f,-53.683021545410156,-49.6611442565918,13,12,0,-7.964127400889993,-2.1501370072364807,0
google/gemma-2-2b-it,vocative_0191,vocative,vocative m,-45.285804748535156,-39.532615661621094,13,12,0,-6.979712266474962,4.042866878211498,0
google/gemma-2-2b-it,vocative_0192,vocative,vocative m,-38.700592041015625,-34.855125427246094,9,9,0,-9.055648913607001,0.22478675842285156,0
google/gemma-2-2b-it,vocative_0193,vocative,vocative m,-60.682621002197266,-65.1422119140625,9,8,1,-3.8851287961006165,3.233985021710396,0
google/gemma-2-2b-it,vocative_0194,vocative,vocative f,-47.5809211730957,-38.66328048706055,7,6,0,-6.642700340598822,4.7727634236216545,0
google/gemma-2-2b-it,vocative_0195,vocative,vocative m,-57.87556076049805,-55.87781524658203,14,13,0,-7.255480784922838,5.9913855493068695,0
google/gemma-2-2b-it,vocative_0196,vocative,vocative f,-49.900691986083984,-42.60970687866211,11,11,0,-6.180059660226107,-6.331949234008789,0
google/gemma-2-2b-it,vocative_0197,vocative,vocative m,-43.02744674682617,-38.56418991088867,8,7,0,-7.810864616185427,6.675218699499965,0
google/gemma-2-2b-it,vocative_0198,vocative,vocative f,-59.71247100830078,-55.664268493652344,11,11,0,-7.434930924326181,5.248096507042646,0
google/gemma-2-2b-it,vocative_0199,vocative,vocative m,-51.50294494628906,-45.692665100097656,11,11,0,-5.546085450798273,-5.242692068219185,0
google/gemma-2-2b-it,vocative_0200,vocative,vocative m,-62.88744354248047,-64.95475006103516,14,13,1,-7.14813063852489,2.619113937020302,0
google/gemma-2-2b-it,vocative_0201,vocative,vocative m,-56.462249755859375,-50.045066833496094,12,11,0,-6.781310103833675,2.694437026977539,0
google/gemma-2-2b-it,vocative_0202,vocative,vocative m,-47.21446990966797,-42.83820343017578,8,7,0,-7.6798353008925915,-6.437151178717613,0
google/gemma-2-2b-it,vocative_0203,vocative,vocative m,-40.68946838378906,-36.316688537597656,9,9,0,-6.9416734129190445,4.933652892708778,0
google/gemma-2-2b-it,vocative_0204,vocative,vocative m,-45.16499710083008,-39.11433029174805,7,7,0,-8.732936277985573,5.337316647171974,0
google/gemma-2-2b-it,vocative_0205,vocative,vocative m,-45.29740524291992,-39.722110748291016,7,6,0,-8.310601647943258,-2.4518918097019196,0
google/gemma-2-2b-it,vocative_0206,vocative,vocative m,-51.94062805175781,-42.61848449707031,8,8,0,-8.507208190858364,-1.7889882326126099,0
google/gemma-2-2b-it,vocative_0207,vocative,vocative m,-44.655357360839844,-37.14444351196289,10,10,0,-6.628936028108001,3.445606142282486,0
google/gemma-2-2b-it,vocative_0208,vocative,vocative f,-58.162689208984375,-63.19934844970703,10,9,1,-7.356279224157333,-0.5383473038673401,0
google/gemma-2-2b-it,vocative_0209,vocative,vocative f,-46.54925537109375,-38.03163528442383,9,9,0,-8.617945168167353,-5.945190370082855,0
google/gemma-2-2b-it,vocative_0210,vocative,vocative m,-53.512306213378906,-50.30939483642578,12,11,0,-6.838304588571191,-3.912666380405426,0
google/gemma-2-2b-it,vocative_0211,vocative,vocative m,-47.424903869628906,-45.59502410888672,12,10,0,-1.6051598191261292,-5.935335278511047,0
google/gemma-2-2b-it,vocative_0212,vocative,vocative m,-59.685150146484375,-53.83671188354492,9,9,0,-5.011493489146233,0.4262924790382385,0
google/gemma-2-2b-it,vocative_0213,vocative,vocative m,-50.65028762817383,-40.168174743652344,10,10,0,-7.88331675902009,-0.3045368194580078,0
google/gemma-2-2b-it,vocative_0214,vocative,vocative f,-65.62773895263672,-53.40459442138672,15,14,0,-6.214118087664247,1.0867576599121094,0
google/gemma-2-2b-it,vocative_0215,vocative,vocative f,-41.52764892578125,-37.296939849853516,9,9,0,-8.166067315265536,5.060357972979546,0
google/gemma-2-2b-it,vocative_0216,vocative,vocative f,-62.452632904052734,-59.05218505859375,8,7,0,-6.1140669994056225,-2.9979648292064667,0
google/gemma-2-2b-it,vocative_0217,vocative,vocative m,-47.8758659362793,-48.80945587158203,12,11,1,-6.459156112745404,-2.7785052806138992,0
google/gemma-2-2b-it,vocative_0218,vocative,vocative m,-50.07911682128906,-57.06264877319336,10,9,1,-7.223706355318427,5.180899389088154,0
google/gemma-2-2b-it,vocative_0219,vocative,vocative m,-48.19005584716797,-39.37520980834961,10,10,0,-6.36680619046092,0.49175649881362915,0
google/gemma-2-2b-it,vocative_0220,vocative,vocative m,-58.57908630371094,-55.083770751953125,10,10,0,-6.186542727053165,-0.5828856825828552,0
google/gemma-2-2b-it,vocative_0221,vocative,vocative m,-43.09385681152344,-39.08834457397461,8,7,0,-8.337008118629456,1.6803226172924042,0
google/gemma-2-2b-it,vocative_0222,vocative,vocative m,-57.19042205810547,-53.52739715576172,11,10,0,-6.777258830145001,1.4434585869312286,0
google/gemma-2-2b-it,vocative_0223,vocative,vocative f,-38.38128662109375,-34.416839599609375,11,10,0,-8.76481126435101,-2.2764663100242615,0
google/gemma-2-2b-it,vocative_0224,vocative,vocative f,-67.40181732177734,-66.56757354736328,10,9,0,-6.910470772534609,-6.187842383980751,0
google/gemma-2-2b-it,vocative_0225,vocative,vocative f,-72.72723388671875,-68.33575439453125,8,8,0,-7.250423360615969,2.4053822606801987,0
google/gemma-2-2b-it,vocative_0226,vocative,vocative f,-45.01921081542969,-39.83259582519531,7,7,0,-8.121015820652246,-7.2299167811870575,0
google/gemma-2-2b-it,vocative_0227,vocative,vocative f,-63.01203155517578,-58.60740280151367,12,11,0,-7.832269599661231,-4.23424132168293,0
google/gemma-2-2b-it,vocative_0228,vocative,vocative f,-58.25364685058594,-59.46916961669922,8,8,1,-7.619662491604686,6.041035488247871,0
google/gemma-2-2b-it,vocative_0229,vocative,vocative f,-42.7779541015625,-40.75068664550781,8,7,0,-8.455416765064001,2.810525879263878,0
google/gemma-2-2b-it,vocative_0230,vocative,vocative m,-42.21595001220703,-38.157737731933594,9,8,0,-8.702996290288866,4.2523574605584145,0
google/gemma-2-2b-it,vocative_0231,vocative,vocative f,-69.63865661621094,-53.39813995361328,13,12,0,-7.725518239662051,5.958446346223354,0
google/gemma-2-2b-it,vocative_0232,vocative,vocative m,-55.94989013671875,-44.47734069824219,14,14,0,-7.423669880256057,4.537374302744865,0
google/gemma-2-2b-it,vocative_0233,vocative,vocative m,-48.470829010009766,-37.0583610534668,8,6,0,-8.094551904127002,3.329048201441765,0
google/gemma-2-2b-it,vocative_0234,vocative,vocative m,-62.17573547363281,-50.30181121826172,15,14,0,-6.71615881845355,5.876324612647295,0
google/gemma-2-2b-it,vocative_0235,vocative,vocative f,-53.172698974609375,-46.162994384765625,12,11,0,-7.524792505428195,-5.224897399544716,0
google/gemma-2-2b-it,vocative_0236,vocative,vocative m,-63.823944091796875,-55.62913513183594,8,8,0,-3.694449335336685,1.8557663559913635,0
google/gemma-2-2b-it,vocative_0237,vocative,vocative f,-45.66055679321289,-39.49976348876953,9,8,0,-7.855856055393815,1.304773360490799,0
google/gemma-2-2b-it,vocative_0238,vocative,vocative m,-62.47334289550781,-53.37260437011719,12,10,0,-7.365639727562666,6.027885336428881,0
google/gemma-2-2b-it,vocative_0239,vocative,vocative m,-48.97692108154297,-40.477760314941406,9,9,0,-7.697464117780328,3.03163143992424,0
google/gemma-2-2b-it,vocative_0240,vocative,vocative f,-45.76734924316406,-40.509376525878906,12,11,0,-4.974097099155188,-6.075496777892113,0
google/gemma-2-2b-it,vocative_0241,vocative,vocative m,-54.945091247558594,-50.509666442871094,12,11,0,-7.930007057264447,0.5000247955322266,0
google/gemma-2-2b-it,vocative_0242,vocative,vocative m,-58.727561950683594,-54.69512176513672,10,9,0,-3.5172825008630753,3.781392201781273,1
google/gemma-2-2b-it,vocative_0243,vocative,vocative f,-46.221290588378906,-40.21154022216797,10,10,0,-8.45906027033925,-0.2987480163574219,0
google/gemma-2-2b-it,vocative_0244,vocative,vocative m,-40.91135787963867,-35.1029167175293,9,9,0,-7.032755967229605,-6.673982635140419,0
google/gemma-2-2b-it,vocative_0245,vocative,vocative m,-39.112613677978516,-33.9598388671875,11,10,0,-7.547700757160783,4.718072094023228,0
google/gemma-2-2b-it,vocative_0246,vocative,vocative f,-56.65174102783203,-47.836265563964844,11,10,0,-7.011534782126546,-2.30112262070179,0
google/gemma-2-2b-it,vocative_0247,vocative,vocative f,-63.75895690917969,-59.81498336791992,10,10,0,-7.097605478018522,-2.1057453751564026,0
google/gemma-2-2b-it,vocative_0248,vocative,vocative m,-45.146202087402344,-37.28273010253906,10,9,0,-7.510133760049939,2.5343971103429794,0
google/gemma-2-2b-it,vocative_0249,vocative,vocative f,-50.19902038574219,-55.170684814453125,12,11,1,-7.780721876770258,-6.412404105067253,0
google/gemma-2-2b-it,vocative_0250,vocative,vocative m,-55.38655090332031,-50.08912658691406,11,11,0,-5.012628320604563,6.013753943145275,1
google/gemma-2-2b-it,vocative_0251,vocative,vocative m,-42.66420364379883,-37.18199920654297,9,9,0,-7.6674282141029835,3.275646299123764,0
google/gemma-2-2b-it,vocative_0252,vocative,vocative f,-58.62839126586914,-54.7822265625,11,11,0,-6.950202837586403,-7.964758366346359,0
google/gemma-2-2b-it,vocative_0253,vocative,vocative f,-56.11781311035156,-49.8065185546875,15,14,0,-7.27619918435812,2.691062867641449,0
google/gemma-2-2b-it,vocative_0254,vocative,vocative m,-56.881919860839844,-62.73234939575195,9,8,1,-3.9826107546687126,6.102320786565542,1
google/gemma-2-2b-it,vocative_0255,vocative,vocative f,-65.49769592285156,-58.97831726074219,11,10,0,-7.589560367166996,5.564315881580114,0
google/gemma-2-2b-it,vocative_0256,vocative,vocative m,-50.00505828857422,-37.3425407409668,8,6,0,-7.891548205167055,-0.8092537522315979,0
google/gemma-2-2b-it,vocative_0257,vocative,vocative f,-68.81656646728516,-57.04020309448242,14,14,0,-7.891704710200429,4.720065318048,0
google/gemma-2-2b-it,vocative_0258,vocative,vocative m,-56.61928939819336,-44.983516693115234,11,11,0,-6.342683756724,3.08165742456913,0
google/gemma-2-2b-it,vocative_0259,vocative,vocative m,-60.20487976074219,-57.59485626220703,14,12,0,-1.5982703864574432,0.6165790557861328,0
google/gemma-2-2b-it,vocative_0260,vocative,vocative f,-58.10259246826172,-55.00871276855469,10,10,0,-6.9883393459022045,-1.248468428850174,0
google/gemma-2-2b-it,vocative_0261,vocative,vocative f,-60.59194564819336,-59.23137664794922,12,11,0,-7.04227165132761,5.83060285449028,0
google/gemma-2-2b-it,vocative_0262,vocative,vocative f,-54.495174407958984,-47.33501434326172,12,12,0,-7.864431589841843,0.7810802459716797,0
google/gemma-2-2b-it,vocative_0263,vocative,vocative m,-45.26811599731445,-41.66963195800781,10,10,0,-7.060470566153526,5.545928984880447,0
google/gemma-2-2b-it,vocative_0264,vocative,vocative f,-60.25782012939453,-56.00464630126953,12,12,0,-8.240466669201851,5.298780247569084,0
google/gemma-2-2b-it,vocative_0265,vocative,vocative f,-52.048885345458984,-51.84147644042969,12,11,0,-6.799895208328962,-5.301972538232803,0
google/gemma-2-2b-it,vocative_0266,vocative,vocative m,-65.26734924316406,-52.97980499267578,13,13,0,-5.892722237855196,2.720262438058853,0
google/gemma-2-2b-it,vocative_0267,vocative,vocative m,-48.83892059326172,-37.94609069824219,8,7,0,-7.273555550724268,5.054065614938736,0
google/gemma-2-2b-it,vocative_0268,vocative,vocative m,-62.54384231567383,-66.96550750732422,14,13,1,-6.923311220481992,5.2895927876234055,0
google/gemma-2-2b-it,vocative_0269,vocative,vocative m,-54.30921936035156,-46.360008239746094,10,10,0,-6.448779189959168,-4.971590846776962,0
google/gemma-2-2b-it,vocative_0270,vocative,vocative m,-44.002891540527344,-37.50682067871094,8,8,0,-8.951040313579142,2.205667495727539,0
google/gemma-2-2b-it,vocative_0271,vocative,vocative m,-51.54646301269531,-41.34088897705078,7,7,0,-7.975807029753923,-1.8175526857376099,0
google/gemma-2-2b-it,vocative_0272,vocative,vocative m,-57.87773895263672,-52.11997604370117,9,9,0,-5.104593381285667,4.256870158016682,0
google/gemma-2-2b-it,vocative_0273,vocative,vocative f,-54.6661262512207,-58.6319465637207,14,12,1,-6.829063316807151,4.7452211901545525,0
google/gemma-2-2b-it,vocative_0274,vocative,vocative m,-49.788848876953125,-38.126708984375,10,8,0,-7.02749808318913,-1.079622209072113,0
google/gemma-2-2b-it,vocative_0275,vocative,vocative f,-58.28306198120117,-54.0234260559082,11,11,0,-6.876575388014317,1.0747547447681427,0
google/gemma-2-2b-it,vocative_0276,vocative,vocative f,-51.30509948730469,-55.581642150878906,10,8,1,-6.212888538837433,4.182103119790554,0
google/gemma-2-2b-it,vocative_0277,vocative,vocative m,-51.51564025878906,-49.20351028442383,9,9,0,-6.946576977148652,4.011434353888035,0
google/gemma-2-2b-it,vocative_0278,vocative,vocative f,-67.52262878417969,-62.22116470336914,14,14,0,-5.896328940987587,2.503465548157692,0
google/gemma-2-2b-it,vocative_0279,vocative,vocative f,-55.84059143066406,-41.9176025390625,11,10,0,-8.25477032829076,-1.4568691551685333,0
google/gemma-2-2b-it,vocative_0280,vocative,vocative m,-55.5120735168457,-50.072139739990234,10,9,0,-4.041515335440636,5.617361254990101,1
google/gemma-2-2b-it,vocative_0281,vocative,vocative m,-62.392730712890625,-51.792232513427734,9,9,0,-6.06490820646286,-1.5046768188476562,0
google/gemma-2-2b-it,vocative_0282,vocative,vocative f,-41.64519500732422,-33.06632614135742,9,9,0,-8.983256455510855,-1.429983139038086,0
google/gemma-2-2b-it,vocative_0283,vocative,vocative m,-56.33343505859375,-51.044464111328125,10,10,0,-7.3624380975961685,-1.3381042778491974,0
google/gemma-2-2b-it,vocative_0284,vocative,vocative m,-57.22721862792969,-58.34306335449219,9,8,1,-4.533660858869553,5.09860310703516,1
google/gemma-2-2b-it,vocative_0285,vocative,vocative m,-49.91835021972656,-38.41169738769531,10,9,0,-7.011061841621995,7.006525907665491,0
google/gemma-2-2b-it,vocative_0286,vocative,vocative m,-44.59521484375,-49.32133483886719,11,11,1,-5.66093822196126,-7.0403634905815125,0
google/gemma-2-2b-it,vocative_0287,vocative,vocative m,-40.099403381347656,-35.67231369018555,11,10,0,-7.575662428513169,6.004702404141426,0
google/gemma-2-2b-it,vocative_0288,vocative,vocative f,-64.87380981445312,-60.89521789550781,10,9,0,-7.9368322268128395,3.9246378764510155,0
google/gemma-2-2b-it,vocative_0289,vocative,vocative m,-45.8347053527832,-42.00094985961914,8,8,0,-7.809398712590337,2.3746661245822906,0
google/gemma-2-2b-it,vocative_0290,vocative,vocative f,-43.14463806152344,-37.93876647949219,7,7,0,-9.280084417201579,5.284517113119364,0
google/gemma-2-2b-it,vocative_0291,vocative,vocative f,-51.468528747558594,-48.36621856689453,12,12,0,-7.138385588303208,-5.8099717646837234,0
google/gemma-2-2b-it,vocative_0292,vocative,vocative m,-54.570960998535156,-50.20614242553711,11,11,0,-7.553277054801583,3.219343215227127,0
google/gemma-2-2b-it,vocative_0293,vocative,vocative m,-54.876976013183594,-49.20724868774414,12,11,0,-7.345815718173981,5.869205608963966,0
google/gemma-2-2b-it,vocative_0294,vocative,vocative m,-46.216453552246094,-38.36341094970703,10,10,0,-7.499477589502931,3.09942065179348,0
google/gemma-2-2b-it,vocative_0295,vocative,vocative m,-59.280311584472656,-51.064456939697266,12,12,0,-6.631063628941774,-1.0276355147361755,0
google/gemma-2-2b-it,vocative_0296,vocative,vocative m,-55.003299713134766,-55.61567687988281,9,8,1,-5.283638991415501,6.0672932378947735,1
google/gemma-2-2b-it,vocative_0297,vocative,vocative m,-62.96421813964844,-58.62897491455078,9,8,0,-2.247665524482727,2.7746125161647797,1
google/gemma-2-2b-it,vocative_0298,vocative,vocative f,-57.53214645385742,-50.14508056640625,11,11,0,-7.922770611941814,2.8708075881004333,0
google/gemma-2-2b-it,vocative_0299,vocative,vocative m,-68.52769470214844,-58.14994812011719,9,8,0,-3.6435889154672623,6.545252602547407,1
