model,uid,phenomenon,group,lp_good,lp_bad,ntok_good,ntok_bad,prob_correct,prompt_margin_ab,prompt_margin_ba,prompt_correct
google/gemma-3-1b-it,adjective_agreement_0000,adjective_agreement,"masc noun, neut adj",-46.560245513916016,-52.09718322753906,7,7,1,12.0334857702519,-13.235979437837614,0
google/gemma-3-1b-it,adjective_agreement_0001,adjective_agreement,"neut noun, femn adj",-39.39588165283203,-43.257110595703125,6,6,1,17.378313422204315,-15.837269067765646,1
google/gemma-3-1b-it,adjective_agreement_0002,adjective_agreement,"femn noun, masc adj",-43.61378479003906,-46.8099479675293,6,6,1,13.96985042095639,6.22124870843254,1
google/gemma-3-1b-it,adjective_agreement_0003,adjective_agreement,"femn noun, neut adj",-45.57603454589844,-54.95437240600586,7,7,1,19.75309860706716,-19.07529211044323,1
google/gemma-3-1b-it,adjective_agreement_0004,adjective_agreement,"neut noun, masc adj",-38.17284393310547,-40.9761848449707,7,7,1,12.247970461883597,-7.289386626856867,1
google/gemma-3-1b-it,adjective_agreement_0005,adjective_agreement,"neut noun, femn adj",-60.26219177246094,-57.19432067871094,6,6,0,12.940559148793227,2.03365708142519,1
google/gemma-3-1b-it,adjective_agreement_0006,adjective_agreement,"femn noun, neut adj",-39.24835968017578,-43.386722564697266,5,5,1,-1.1992111802101135,9.000284229085082,1
google/gemma-3-1b-it,adjective_agreement_0007,adjective_agreement,"femn noun, masc adj",-47.06328582763672,-49.906654357910156,9,10,1,-9.555071137845516,10.017194883868797,1
google/gemma-3-1b-it,adjective_agreement_0008,adjective_agreement,"femn noun, masc adj",-42.07659149169922,-48.6375732421875,5,5,1,15.73940038681576,9.248430064762942,1
google/gemma-3-1b-it,adjective_agreement_0009,adjective_agreement,"neut noun, masc adj",-53.19218826293945,-58.79815673828125,7,7,1,3.4019584357738495,-12.321925759334135,0
google/gemma-3-1b-it,adjective_agreement_0010,adjective_agreement,"masc noun, neut adj",-34.88777160644531,-47.7406005859375,8,8,1,9.255798702164611,11.249500513869862,1
google/gemma-3-1b-it,adjective_agreement_0011,adjective_agreement,"femn noun, masc adj",-46.31214904785156,-47.485530853271484,7,8,1,-7.723037660180125,-14.160319805158906,0
google/gemma-3-1b-it,adjective_agreement_0012,adjective_agreement,"masc noun, neut adj",-38.637168884277344,-43.457637786865234,11,11,1,1.952815979719162,-0.01873016357421875,1
google/gemma-3-1b-it,adjective_agreement_0013,adjective_agreement,"masc noun, neut adj",-32.21727752685547,-41.190486907958984,6,7,1,-9.239402779901866,11.670854569663788,1
google/gemma-3-1b-it,adjective_agreement_0014,adjective_agreement,"neut noun, femn adj",-47.624053955078125,-42.093772888183594,5,5,0,19.088779807152605,-16.229184389114607,1
google/gemma-3-1b-it,adjective_agreement_0015,adjective_agreement,"neut noun, masc adj",-40.2442741394043,-48.170562744140625,9,9,1,-6.891502469428815,7.670890924113337,1
google/gemma-3-1b-it,adjective_agreement_0016,adjective_agreement,"neut noun, femn adj",-39.88506317138672,-39.200836181640625,5,5,0,2.230590805411339,10.739009381548385,1
google/gemma-3-1b-it,adjective_agreement_0017,adjective_agreement,"neut noun, femn adj",-41.958900451660156,-48.283348083496094,7,6,1,3.1698646247386932,12.45037996828978,1
google/gemma-3-1b-it,adjective_agreement_0018,adjective_agreement,"neut noun, femn adj",-46.98762512207031,-45.18534851074219,5,5,0,-0.9775772094726562,6.749261700897478,1
google/gemma-3-1b-it,adjective_agreement_0019,adjective_agreement,"neut noun, masc adj",-42.639156341552734,-48.25141143798828,11,11,1,8.816852104457212,-6.058997881133109,1
google/gemma-3-1b-it,adjective_agreement_0020,adjective_agreement,"neut noun, masc adj",-43.01283645629883,-42.941253662109375,6,5,0,-9.1138935234776,-12.920059084900004,0
google/gemma-3-1b-it,adjective_agreement_0021,adjective_agreement,"masc noun, femn adj",-42.193424224853516,-47.02281188964844,6,6,1,12.54301106930734,9.324861775516183,1
google/gemma-3-1b-it,adjective_agreement_0022,adjective_agreement,"femn noun, masc adj",-45.141517639160156,-52.39418029785156,6,6,1,8.418361927077058,4.902562867850065,1
google/gemma-3-1b-it,adjective_agreement_0023,adjective_agreement,"femn noun, neut adj",-69.0500717163086,-56.56959915161133,6,7,0,7.8168410893995315,13.616115212780642,1
google/gemma-3-1b-it,adjective_agreement_0024,adjective_agreement,"femn noun, masc adj",-41.7501220703125,-41.76741409301758,7,6,1,4.71826150547713,-1.8077392429113388,1
google/gemma-3-1b-it,adjective_agreement_0025,adjective_agreement,"femn noun, neut adj",-34.75239181518555,-45.87889862060547,6,6,1,6.047540863277391,-3.627105774357915,1
google/gemma-3-1b-it,adjective_agreement_0026,adjective_agreement,"femn noun, neut adj",-43.75739288330078,-56.72311782836914,10,10,1,0.7221641540527344,5.508234074804932,1
google/gemma-3-1b-it,adjective_agreement_0027,adjective_agreement,"femn noun, masc adj",-52.414146423339844,-66.030029296875,7,7,1,0.41104888916015625,-10.289805889951822,0
google/gemma-3-1b-it,adjective_agreement_0028,adjective_agreement,"neut noun, masc adj",-42.858009338378906,-35.42973327636719,7,6,0,10.349514008157712,6.034053990384564,1
google/gemma-3-1b-it,adjective_agreement_0029,adjective_agreement,"masc noun, neut adj",-36.11789321899414,-47.12931823730469,6,7,1,-1.7624283134937286,-2.627037025988102,0
google/gemma-3-1b-it,adjective_agreement_0030,adjective_agreement,"femn noun, neut adj",-39.095184326171875,-43.341556549072266,5,5,1,7.721343854762381,6.700981370522641,1
google/gemma-3-1b-it,adjective_agreement_0031,adjective_agreement,"femn noun, masc adj",-46.453102111816406,-52.67792510986328,10,9,1,-2.2574082165956497,10.539527569664642,1
google/gemma-3-1b-it,adjective_agreement_0032,adjective_agreement,"masc noun, neut adj",-37.741539001464844,-48.48405456542969,7,8,1,0.12538909912109375,11.133568049026508,1
google/gemma-3-1b-it,adjective_agreement_0033,adjective_agreement,"femn noun, neut adj",-40.07963180541992,-47.53297424316406,6,7,1,16.148711204529263,14.363355756184319,1
google/gemma-3-1b-it,adjective_agreement_0034,adjective_agreement,"femn noun, masc adj",-32.93201446533203,-45.59202575683594,7,7,1,8.645425693393918,-1.2580604553222656,1
google/gemma-3-1b-it,adjective_agreement_0035,adjective_agreement,"femn noun, neut adj",-45.91212463378906,-63.14695739746094,9,9,1,12.106605052967097,3.170917622745037,1
google/gemma-3-1b-it,adjective_agreement_0036,adjective_agreement,"femn noun, neut adj",-43.696434020996094,-49.37118148803711,5,5,1,3.1092453226447105,2.535011373460293,1
google/gemma-3-1b-it,adjective_agreement_0037,adjective_agreement,"masc noun, femn adj",-50.96029281616211,-53.6157112121582,7,6,1,13.646751523019475,-15.763088583947479,0
google/gemma-3-1b-it,adjective_agreement_0038,adjective_agreement,"femn noun, masc adj",-53.16624450683594,-53.87774658203125,10,10,1,-2.333949953317642,5.820733814733103,1
google/gemma-3-1b-it,adjective_agreement_0039,adjective_agreement,"femn noun, masc adj",-36.531227111816406,-40.337623596191406,5,5,1,-13.102443338506419,10.502006655864534,0
google/gemma-3-1b-it,adjective_agreement_0040,adjective_agreement,"neut noun, femn adj",-51.72251892089844,-58.25593566894531,10,9,1,0.9531402587890625,12.386778246160247,1
google/gemma-3-1b-it,adjective_agreement_0041,adjective_agreement,"femn noun, masc adj",-37.80858612060547,-46.345035552978516,5,5,1,11.079986930035375,-5.7272338315378875,1
google/gemma-3-1b-it,adjective_agreement_0042,adjective_agreement,"femn noun, masc adj",-31.164594650268555,-41.52432632446289,6,6,1,-7.441932499932591,2.480201780796051,0
google/gemma-3-1b-it,adjective_agreement_0043,adjective_agreement,"masc noun, femn adj",-39.73607635498047,-42.6182746887207,6,6,1,1.7755889594554901,5.522699533961713,1
google/gemma-3-1b-it,adjective_agreement_0044,adjective_agreement,"neut noun, masc adj",-48.39521026611328,-46.796730041503906,11,11,0,4.860069383867085,0.5121650695800781,1
google/gemma-3-1b-it,adjective_agreement_0045,adjective_agreement,"masc noun, neut adj",-35.20365524291992,-43.473358154296875,7,7,1,7.6908606164797675,-3.3038329295814037,1
google/gemma-3-1b-it,adjective_agreement_0046,adjective_agreement,"neut noun, femn adj",-55.238243103027344,-51.6168327331543,6,6,0,17.288636446020064,-11.194015622253573,1
google/gemma-3-1b-it,adjective_agreement_0047,adjective_agreement,"neut noun, masc adj",-57.38665771484375,-44.22336959838867,8,8,0,-13.394210935044612,11.51140356189353,0
google/gemma-3-1b-it,adjective_agreement_0048,adjective_agreement,"neut noun, femn adj",-45.646514892578125,-46.86357879638672,6,5,1,-16.52087521562953,14.650661111127192,0
google/gemma-3-1b-it,adjective_agreement_0049,adjective_agreement,"femn noun, neut adj",-44.77214050292969,-45.38178634643555,8,8,1,20.055147767091512,-20.02442836761884,1
google/gemma-3-1b-it,adjective_agreement_0050,adjective_agreement,"masc noun, neut adj",-41.668052673339844,-55.791343688964844,9,10,1,-11.591598044207785,10.292663950327551,0
google/gemma-3-1b-it,adjective_agreement_0051,adjective_agreement,"masc noun, neut adj",-40.32830047607422,-52.027801513671875,10,10,1,-9.939321057099733,12.924327378008456,1
google/gemma-3-1b-it,adjective_agreement_0052,adjective_agreement,"femn noun, neut adj",-44.39816665649414,-58.2259521484375,7,7,1,-7.324376973090693,12.284831526769267,1
google/gemma-3-1b-it,adjective_agreement_0053,adjective_agreement,"femn noun, masc adj",-44.93332290649414,-48.19926071166992,10,9,1,-2.0876273810863495,9.45465130804223,1
google/gemma-3-1b-it,adjective_agreement_0054,adjective_agreement,"neut noun, masc adj",-43.38716125488281,-37.133094787597656,9,9,0,14.522873044014318,-10.121776700856572,1
google/gemma-3-1b-it,adjective_agreement_0055,adjective_agreement,"femn noun, masc adj",-46.32084655761719,-56.654396057128906,7,7,1,16.88138699531578,-16.179898619651965,1
google/gemma-3-1b-it,adjective_agreement_0056,adjective_agreement,"masc noun, femn adj",-35.91086959838867,-61.069740295410156,7,6,1,-13.234733939425496,13.747348785756913,1
google/gemma-3-1b-it,adjective_agreement_0057,adjective_agreement,"masc noun, femn adj",-49.930091857910156,-57.08749771118164,10,9,1,-8.783172153503983,-10.820881009340155,0
google/gemma-3-1b-it,adjective_agreement_0058,adjective_agreement,"masc noun, neut adj",-37.40555191040039,-47.45094299316406,7,6,1,-3.6929245237261057,9.746791604040482,1
google/gemma-3-1b-it,adjective_agreement_0059,adjective_agreement,"femn noun, neut adj",-39.90717315673828,-52.23369598388672,7,7,1,14.584689855577835,-10.395755768346135,1
google/gemma-3-1b-it,adjective_agreement_0060,adjective_agreement,"femn noun, neut adj",-45.14874267578125,-51.013648986816406,9,9,1,4.871681405231357,2.076110728085041,1
google/gemma-3-1b-it,adjective_agreement_0061,adjective_agreement,"masc noun, neut adj",-56.22804260253906,-64.03495788574219,7,6,1,10.05183065032179,-2.6162146627902985,1
google/gemma-3-1b-it,adjective_agreement_0062,adjective_agreement,"femn noun, neut adj",-38.78260803222656,-43.34387969970703,6,6,1,-6.635750020039268,9.254840384150157,1
google/gemma-3-1b-it,adjective_agreement_0063,adjective_agreement,"femn noun, neut adj",-43.83699035644531,-58.849945068359375,7,7,1,17.035468935968538,-13.564968228344014,1
google/gemma-3-1b-it,adjective_agreement_0064,adjective_agreement,"femn noun, masc adj",-44.40728759765625,-60.0013542175293,8,8,1,8.899440894267173,-14.187015771872211,0
google/gemma-3-1b-it,adjective_agreement_0065,adjective_agreement,"femn noun, masc adj",-45.25892639160156,-48.86048126220703,8,8,1,8.488533399780863,-15.011904001239373,0
google/gemma-3-1b-it,adjective_agreement_0066,adjective_agreement,"masc noun, neut adj",-38.73118591308594,-51.32666015625,7,7,1,3.760299786925316,-3.2786522917449474,1
google/gemma-3-1b-it,adjective_agreement_0067,adjective_agreement,"neut noun, masc adj",-34.780635833740234,-40.52458572387695,5,5,1,8.549976487178355,-13.240779519083617,0
google/gemma-3-1b-it,adjective_agreement_0068,adjective_agreement,"femn noun, neut adj",-39.24662399291992,-35.62080383300781,4,5,0,-0.7586975395679474,10.644466411496978,1
google/gemma-3-1b-it,adjective_agreement_0069,adjective_agreement,"femn noun, masc adj",-44.101036071777344,-53.18516159057617,10,10,1,-0.14871978759765625,4.447654933668673,1
google/gemma-3-1b-it,adjective_agreement_0070,adjective_agreement,"femn noun, neut adj",-37.99172592163086,-47.144065856933594,6,7,1,-13.301595688013549,15.095937609763496,1
google/gemma-3-1b-it,adjective_agreement_0071,adjective_agreement,"masc noun, neut adj",-37.2708740234375,-48.4007682800293,7,7,1,3.6498946212232113,14.010116934989128,1
google/gemma-3-1b-it,adjective_agreement_0072,adjective_agreement,"femn noun, masc adj",-40.988807678222656,-47.98667907714844,5,6,1,8.410606767356512,9.920017245414783,1
google/gemma-3-1b-it,adjective_agreement_0073,adjective_agreement,"masc noun, femn adj",-42.896453857421875,-46.429466247558594,11,11,1,-8.730434102501022,10.681223047678941,1
google/gemma-3-1b-it,adjective_agreement_0074,adjective_agreement,"masc noun, femn adj",-31.914827346801758,-37.55238342285156,7,7,1,-4.122390700504184,11.441531902317365,1
google/gemma-3-1b-it,adjective_agreement_0075,adjective_agreement,"neut noun, femn adj",-41.69220733642578,-43.85005187988281,6,6,1,12.265763878862344,5.238689513411373,1
google/gemma-3-1b-it,adjective_agreement_0076,adjective_agreement,"femn noun, masc adj",-59.07719039916992,-50.6058235168457,9,9,0,-7.909778707951773,9.746747770463116,1
google/gemma-3-1b-it,adjective_agreement_0077,adjective_agreement,"masc noun, neut adj",-31.733428955078125,-50.871803283691406,7,8,1,-9.499736909274361,-5.1768494178541005,0
google/gemma-3-1b-it,adjective_agreement_0078,adjective_agreement,"masc noun, femn adj",-34.894569396972656,-40.60871124267578,5,5,1,2.5902862325310707,13.442176938237026,1
google/gemma-3-1b-it,adjective_agreement_0079,adjective_agreement,"neut noun, femn adj",-37.57926940917969,-37.19916915893555,5,5,0,-6.373721964657307,13.47158469617716,1
google/gemma-3-1b-it,adjective_agreement_0080,adjective_agreement,"masc noun, femn adj",-30.407880783081055,-40.20951843261719,6,6,1,5.328006978146732,12.566354644470266,1
google/gemma-3-1b-it,adjective_agreement_0081,adjective_agreement,"masc noun, neut adj",-44.282352447509766,-48.380157470703125,7,7,1,17.97144663338804,-17.807143568992785,1
google/gemma-3-1b-it,adjective_agreement_0082,adjective_agreement,"femn noun, neut adj",-31.672279357910156,-48.089866638183594,6,6,1,-8.87743025875534,9.273691612412222,1
google/gemma-3-1b-it,adjective_agreement_0083,adjective_agreement,"femn noun, masc adj",-43.59200668334961,-42.795997619628906,7,7,0,12.701021194474379,-15.648571014406116,0
google/gemma-3-1b-it,adjective_agreement_0084,adjective_agreement,"masc noun, neut adj",-36.6743278503418,-42.688270568847656,7,7,1,11.150119900818027,-3.1008681282401085,1
google/gemma-3-1b-it,adjective_agreement_0085,adjective_agreement,"femn noun, neut adj",-47.44197082519531,-59.247779846191406,10,10,1,-11.07301521487534,10.388183842223953,0
google/gemma-3-1b-it,adjective_agreement_0086,adjective_agreement,"neut noun, masc adj",-48.79566955566406,-47.61469268798828,6,7,0,7.835304221487604,-15.858707070827222,0
google/gemma-3-1b-it,adjective_agreement_0087,adjective_agreement,"masc noun, femn adj",-47.723052978515625,-52.41487121582031,7,7,1,17.23377132415817,8.861055152883637,1
google/gemma-3-1b-it,adjective_agreement_0088,adjective_agreement,"neut noun, masc adj",-36.130088806152344,-56.629581451416016,6,7,1,-11.28326809945429,-11.101577758970961,0
google/gemma-3-1b-it,adjective_agreement_0089,adjective_agreement,"neut noun, femn adj",-32.428001403808594,-31.254528045654297,8,8,0,12.784839987760733,-12.864349007615147,0
google/gemma-3-1b-it,adjective_agreement_0090,adjective_agreement,"neut noun, femn adj",-44.963470458984375,-48.38176345825195,8,8,1,19.00553619861637,-18.535245180130232,1
google/gemma-3-1b-it,adjective_agreement_0091,adjective_agreement,"neut noun, femn adj",-43.16325378417969,-38.190391540527344,4,4,0,-8.324453087639995,3.4702759757637978,0
google/gemma-3-1b-it,adjective_agreement_0092,adjective_agreement,"femn noun, neut adj",-52.87490463256836,-62.107994079589844,7,7,1,17.53440952301071,-15.091556906701385,1
google/gemma-3-1b-it,adjective_agreement_0093,adjective_agreement,"femn noun, masc adj",-49.11854553222656,-60.85104751586914,7,7,1,14.487154245377951,-12.629304766666792,1
google/gemma-3-1b-it,adjective_agreement_0094,adjective_agreement,"neut noun, masc adj",-32.85835266113281,-36.13145446777344,5,5,1,1.3000793606042862,3.458919547498226,1
google/gemma-3-1b-it,adjective_agreement_0095,adjective_agreement,"femn noun, neut adj",-42.268775939941406,-51.564170837402344,7,7,1,-6.689377062604763,12.848556757275219,1
google/gemma-3-1b-it,adjective_agreement_0096,adjective_agreement,"femn noun, neut adj",-30.44110679626465,-38.165828704833984,6,6,1,7.742878175136866,6.123006884241477,1
google/gemma-3-1b-it,adjective_agreement_0097,adjective_agreement,"femn noun, neut adj",-41.58808135986328,-46.5172119140625,6,6,1,-4.274440906941891,13.7641999729276,1
google/gemma-3-1b-it,adjective_agreement_0098,adjective_agreement,"neut noun, femn adj",-53.49814224243164,-54.57021713256836,7,6,1,-16.39889669420245,-7.4321288443752564,0
google/gemma-3-1b-it,adjective_agreement_0099,adjective_agreement,"masc noun, neut adj",-48.25939178466797,-64.68144989013672,10,10,1,-9.784441412659362,11.748703136210679,1
google/gemma-3-1b-it,adjective_agreement_0100,adjective_agreement,"femn noun, neut adj",-41.15354919433594,-58.160404205322266,7,7,1,16.725500822067943,-11.651628732734025,1
google/gemma-3-1b-it,adjective_agreement_0101,adjective_agreement,"neut noun, femn adj",-47.394798278808594,-54.45800018310547,7,7,1,19.221371650826768,-19.392251372337512,0
google/gemma-3-1b-it,adjective_agreement_0102,adjective_agreement,"femn noun, masc adj",-32.15199279785156,-35.88645553588867,5,5,1,-10.929603369499091,10.622766428132309,0
google/gemma-3-1b-it,adjective_agreement_0103,adjective_agreement,"masc noun, neut adj",-40.069557189941406,-51.034481048583984,9,10,1,-11.197202807496069,11.610927706096845,1
google/gemma-3-1b-it,adjective_agreement_0104,adjective_agreement,"femn noun, neut adj",-44.26923370361328,-60.273399353027344,10,10,1,-9.248020545754116,10.59009971631167,1
google/gemma-3-1b-it,adjective_agreement_0105,adjective_agreement,"masc noun, femn adj",-56.55352783203125,-49.16825866699219,8,7,0,-9.14160681971407,12.712917567612749,1
google/gemma-3-1b-it,adjective_agreement_0106,adjective_agreement,"neut noun, femn adj",-32.54772186279297,-41.43762969970703,7,6,1,-11.983278275125485,10.069230679575412,0
google/gemma-3-1b-it,adjective_agreement_0107,adjective_agreement,"femn noun, masc adj",-44.11231994628906,-46.38185119628906,6,6,1,10.613739252416053,-17.234819531442326,0
google/gemma-3-1b-it,adjective_agreement_0108,adjective_agreement,"femn noun, masc adj",-44.43354797363281,-37.89839172363281,6,7,0,-12.878156662947731,14.859405875460652,1
google/gemma-3-1b-it,adjective_agreement_0109,adjective_agreement,"neut noun, femn adj",-40.44413757324219,-44.73102569580078,6,6,1,5.208244408946484,10.434236054243229,1
google/gemma-3-1b-it,adjective_agreement_0110,adjective_agreement,"femn noun, neut adj",-44.489986419677734,-50.24480438232422,7,7,1,12.034378409419332,13.098630429023615,1
google/gemma-3-1b-it,adjective_agreement_0111,adjective_agreement,"masc noun, neut adj",-28.15801239013672,-35.45343017578125,6,6,1,-10.26032067136839,10.878463271154033,1
google/gemma-3-1b-it,adjective_agreement_0112,adjective_agreement,"masc noun, neut adj",-38.743263244628906,-47.473087310791016,10,11,1,-10.246560587271233,11.738145358569454,1
google/gemma-3-1b-it,adjective_agreement_0113,adjective_agreement,"masc noun, femn adj",-47.51085662841797,-54.91040802001953,10,10,1,13.63999187947411,10.229244272020878,1
google/gemma-3-1b-it,adjective_agreement_0114,adjective_agreement,"masc noun, neut adj",-34.85658264160156,-38.2375602722168,8,7,1,10.097276807788148,-3.3213844783604145,1
google/gemma-3-1b-it,adjective_agreement_0115,adjective_agreement,"femn noun, masc adj",-28.044391632080078,-41.995750427246094,6,6,1,-2.5861243307590485,11.455559016842017,1
google/gemma-3-1b-it,adjective_agreement_0116,adjective_agreement,"masc noun, femn adj",-45.30299377441406,-48.161529541015625,6,6,1,17.12108838558322,11.301126839513017,1
google/gemma-3-1b-it,adjective_agreement_0117,adjective_agreement,"femn noun, masc adj",-43.96356964111328,-45.96980285644531,6,7,1,0.40402984619140625,-12.183596015018338,0
google/gemma-3-1b-it,adjective_agreement_0118,adjective_agreement,"femn noun, masc adj",-43.4969596862793,-49.37806701660156,6,6,1,3.488735117018223,13.083473096470698,1
google/gemma-3-1b-it,adjective_agreement_0119,adjective_agreement,"femn noun, masc adj",-45.48168182373047,-49.79571533203125,9,9,1,-5.733651971211657,10.433950818667654,1
google/gemma-3-1b-it,adjective_agreement_0120,adjective_agreement,"neut noun, femn adj",-54.7974853515625,-46.75541687011719,7,7,0,20.010382652294084,-14.632320165634837,1
google/gemma-3-1b-it,adjective_agreement_0121,adjective_agreement,"neut noun, masc adj",-41.16644287109375,-36.22416687011719,8,8,0,11.264736294847353,-16.073304414749373,0
google/gemma-3-1b-it,adjective_agreement_0122,adjective_agreement,"neut noun, femn adj",-42.94353103637695,-46.02762985229492,11,11,1,-3.0927848294377327,7.624158688413445,1
google/gemma-3-1b-it,adjective_agreement_0123,adjective_agreement,"masc noun, femn adj",-48.254417419433594,-53.74592590332031,7,7,1,16.235183238983268,-16.179231286048946,1
google/gemma-3-1b-it,adjective_agreement_0124,adjective_agreement,"neut noun, femn adj",-46.788108825683594,-50.74408721923828,9,9,1,-3.279972121119499,10.052007330901688,1
google/gemma-3-1b-it,adjective_agreement_0125,adjective_agreement,"femn noun, neut adj",-40.015682220458984,-43.43804168701172,6,7,1,9.397823337341833,15.176000356722398,1
google/gemma-3-1b-it,adjective_agreement_0126,adjective_agreement,"femn noun, neut adj",-44.406864166259766,-50.126197814941406,9,9,1,-1.1601294875144958,7.561323049769271,1
google/gemma-3-1b-it,adjective_agreement_0127,adjective_agreement,"femn noun, masc adj",-48.11973571777344,-55.65114212036133,6,7,1,17.105325579645296,-3.4968567490577698,1
google/gemma-3-1b-it,adjective_agreement_0128,adjective_agreement,"femn noun, neut adj",-38.11363220214844,-42.55863952636719,6,6,1,8.517486473327153,-11.985469579720757,0
google/gemma-3-1b-it,adjective_agreement_0129,adjective_agreement,"neut noun, femn adj",-39.857505798339844,-40.855735778808594,6,6,1,16.72430419930788,6.320339412428439,1
google/gemma-3-1b-it,adjective_agreement_0130,adjective_agreement,"masc noun, femn adj",-40.451316833496094,-49.23291015625,7,7,1,-8.675332806713413,11.535607815996627,1
google/gemma-3-1b-it,adjective_agreement_0131,adjective_agreement,"neut noun, masc adj",-40.604305267333984,-36.96015167236328,12,12,0,10.861065149521892,12.762407425740093,1
google/gemma-3-1b-it,adjective_agreement_0132,adjective_agreement,"neut noun, masc adj",-58.43560791015625,-60.248409271240234,8,9,1,7.976604284893256,-11.393716812250204,0
google/gemma-3-1b-it,adjective_agreement_0133,adjective_agreement,"neut noun, masc adj",-48.8638916015625,-50.513885498046875,10,10,1,8.285724794201087,-10.079699994483235,0
google/gemma-3-1b-it,adjective_agreement_0134,adjective_agreement,"femn noun, masc adj",-45.53335952758789,-49.434139251708984,10,9,1,-1.3459091484546661,6.960680090007372,1
google/gemma-3-1b-it,adjective_agreement_0135,adjective_agreement,"masc noun, femn adj",-38.073307037353516,-40.799766540527344,7,6,1,15.153562068941937,7.731693379901117,1
google/gemma-3-1b-it,adjective_agreement_0136,adjective_agreement,"neut noun, femn adj",-47.74794006347656,-53.79176330566406,10,10,1,2.0711251348257065,8.406233210116625,1
google/gemma-3-1b-it,adjective_agreement_0137,adjective_agreement,"femn noun, neut adj",-27.553970336914062,-42.09382629394531,7,7,1,4.583763096481562,3.6680603437125683,1
google/gemma-3-1b-it,adjective_agreement_0138,adjective_agreement,"masc noun, neut adj",-46.414207458496094,-53.28001022338867,10,10,1,-3.918323501944542,3.151653256267309,0
google/gemma-3-1b-it,adjective_agreement_0139,adjective_agreement,"femn noun, masc adj",-51.671302795410156,-52.87400817871094,9,10,1,-5.954940777970478,6.589698713854887,1
google/gemma-3-1b-it,adjective_agreement_0140,adjective_agreement,"neut noun, masc adj",-34.484832763671875,-28.00453758239746,7,7,0,-3.878017444163561,6.174728276673704,1
google/gemma-3-1b-it,adjective_agreement_0141,adjective_agreement,"femn noun, masc adj",-32.24879455566406,-42.06999969482422,7,7,1,8.627097743054037,5.2516061663627625,1
google/gemma-3-1b-it,adjective_agreement_0142,adjective_agreement,"neut noun, femn adj",-40.76472091674805,-48.08112335205078,6,6,1,-12.458227546594571,14.39924609897571,1
google/gemma-3-1b-it,adjective_agreement_0143,adjective_agreement,"femn noun, masc adj",-42.95172119140625,-53.04933166503906,10,10,1,-9.176403074292466,10.786217017885065,1
google/gemma-3-1b-it,adjective_agreement_0144,adjective_agreement,"femn noun, masc adj",-38.151161193847656,-61.32904815673828,7,8,1,-10.788713461421139,-8.029025849158643,0
google/gemma-3-1b-it,adjective_agreement_0145,adjective_agreement,"masc noun, femn adj",-39.35332489013672,-51.65519714355469,7,7,1,-9.142949858127395,15.004127026586502,1
google/gemma-3-1b-it,adjective_agreement_0146,adjective_agreement,"femn noun, neut adj",-39.40608215332031,-42.1911735534668,5,6,1,4.319305415265262,11.990158320644696,1
google/gemma-3-1b-it,adjective_agreement_0147,adjective_agreement,"femn noun, masc adj",-39.41448211669922,-34.22005844116211,4,5,0,-7.760826148849446,10.356273428813438,1
google/gemma-3-1b-it,adjective_agreement_0148,adjective_agreement,"femn noun, masc adj",-41.26103210449219,-49.95819091796875,7,7,1,13.252757668500408,-10.123657227522926,1
google/gemma-3-1b-it,adjective_agreement_0149,adjective_agreement,"neut noun, femn adj",-38.782508850097656,-37.375892639160156,5,5,0,4.712512869387865,-8.37339809347759,0
google/gemma-3-1b-it,adjective_agreement_0150,adjective_agreement,"masc noun, neut adj",-47.86126708984375,-65.30520629882812,7,7,1,-6.880142445792444,-0.6199455261230469,0
google/gemma-3-1b-it,adjective_agreement_0151,adjective_agreement,"femn noun, masc adj",-44.093936920166016,-42.515769958496094,5,6,0,9.307670716647408,15.092666626158461,1
google/gemma-3-1b-it,adjective_agreement_0152,adjective_agreement,"neut noun, masc adj",-39.689552307128906,-45.63357925415039,9,9,1,0.15372467041015625,9.748803863316425,1
google/gemma-3-1b-it,adjective_agreement_0153,adjective_agreement,"femn noun, masc adj",-29.490625381469727,-40.065040588378906,7,7,1,2.256759576499462,3.9889793787151575,1
google/gemma-3-1b-it,adjective_agreement_0154,adjective_agreement,"neut noun, femn adj",-42.354698181152344,-49.61736297607422,9,9,1,-0.6169967949390411,-3.2883644849061966,0
google/gemma-3-1b-it,adjective_agreement_0155,adjective_agreement,"masc noun, femn adj",-24.33452606201172,-41.97271728515625,6,5,1,-10.443151597304677,12.33730507225846,1
google/gemma-3-1b-it,adjective_agreement_0156,adjective_agreement,"neut noun, femn adj",-45.91667938232422,-52.250282287597656,11,11,1,8.118790075764991,6.148582242662087,1
google/gemma-3-1b-it,adjective_agreement_0157,adjective_agreement,"neut noun, femn adj",-46.98020553588867,-50.97224044799805,8,8,1,14.833178997039909,-8.808822762381169,1
google/gemma-3-1b-it,adjective_agreement_0158,adjective_agreement,"neut noun, femn adj",-51.383216857910156,-54.04731750488281,7,7,1,12.40501749517398,8.29824465024285,1
google/gemma-3-1b-it,adjective_agreement_0159,adjective_agreement,"femn noun, neut adj",-58.51708984375,-54.040626525878906,6,7,0,16.557834029197863,13.348489880707348,1
google/gemma-3-1b-it,adjective_agreement_0160,adjective_agreement,"masc noun, neut adj",-33.96767807006836,-39.9390754699707,5,6,1,-9.715517409451422,11.851714850574353,1
google/gemma-3-1b-it,adjective_agreement_0161,adjective_agreement,"neut noun, femn adj",-47.77836608886719,-49.70859909057617,12,12,1,12.037616491375047,3.3134689070284367,1
google/gemma-3-1b-it,adjective_agreement_0162,adjective_agreement,"femn noun, masc adj",-33.516258239746094,-39.85581588745117,5,6,1,7.120029301382601,3.5322494674474,1
google/gemma-3-1b-it,adjective_agreement_0163,adjective_agreement,"masc noun, neut adj",-32.518760681152344,-48.08033752441406,6,7,1,3.6609497163444757,-9.115619904041523,0
google/gemma-3-1b-it,adjective_agreement_0164,adjective_agreement,"masc noun, neut adj",-41.80250549316406,-52.79902267456055,6,7,1,16.65233194828039,-17.739089131355627,0
google/gemma-3-1b-it,adjective_agreement_0165,adjective_agreement,"femn noun, neut adj",-41.12596130371094,-42.52083206176758,5,5,1,6.383598564658314,-17.212261438371115,0
google/gemma-3-1b-it,adjective_agreement_0166,adjective_agreement,"femn noun, masc adj",-37.50909423828125,-45.565494537353516,6,7,1,10.60163843668306,1.7951430827379227,1
google/gemma-3-1b-it,adjective_agreement_0167,adjective_agreement,"femn noun, masc adj",-64.59559631347656,-51.48236083984375,9,9,0,-11.290851642232155,7.266153524629772,0
google/gemma-3-1b-it,adjective_agreement_0168,adjective_agreement,"femn noun, neut adj",-60.831092834472656,-64.98973846435547,10,11,1,-11.93574858897773,11.12896529401769,0
google/gemma-3-1b-it,adjective_agreement_0169,adjective_agreement,"neut noun, masc adj",-47.90458297729492,-47.31652069091797,9,8,0,-11.32340062885487,9.494459192064824,0
google/gemma-3-1b-it,adjective_agreement_0170,adjective_agreement,"femn noun, neut adj",-49.68446350097656,-47.16845703125,7,7,0,19.27224028110595,-18.287431597709663,1
google/gemma-3-1b-it,adjective_agreement_0171,adjective_agreement,"femn noun, masc adj",-45.246498107910156,-50.471824645996094,7,7,1,10.376583338398632,-11.827446103149668,0
google/gemma-3-1b-it,adjective_agreement_0172,adjective_agreement,"neut noun, femn adj",-43.30604553222656,-45.88264083862305,6,6,1,13.878005623842,11.252656705823028,1
google/gemma-3-1b-it,adjective_agreement_0173,adjective_agreement,"neut noun, femn adj",-52.392967224121094,-41.581382751464844,9,9,0,9.124069458484882,-2.434780217707157,1
google/gemma-3-1b-it,adjective_agreement_0174,adjective_agreement,"masc noun, neut adj",-43.95413589477539,-48.44272994995117,7,7,1,19.659539103508564,-7.542251493490767,1
google/gemma-3-1b-it,adjective_agreement_0175,adjective_agreement,"masc noun, neut adj",-33.41877746582031,-37.184913635253906,6,7,1,-11.068582774831157,11.52954626185965,1
google/gemma-3-1b-it,adjective_agreement_0176,adjective_agreement,"femn noun, masc adj",-34.23448181152344,-45.25078582763672,6,6,1,-6.548538302537054,11.902066707862105,1
google/gemma-3-1b-it,adjective_agreement_0177,adjective_agreement,"neut noun, femn adj",-42.576229095458984,-40.418033599853516,6,5,0,3.9461060166358948,10.46905720437644,1
google/gemma-3-1b-it,adjective_agreement_0178,adjective_agreement,"masc noun, femn adj",-52.826759338378906,-56.00898361206055,7,7,1,18.599998950971894,-3.942337028682232,1
google/gemma-3-1b-it,adjective_agreement_0179,adjective_agreement,"masc noun, femn adj",-39.170902252197266,-48.412193298339844,8,8,1,16.903554201126326,-6.60591146000661,1
google/gemma-3-1b-it,adjective_agreement_0180,adjective_agreement,"masc noun, neut adj",-34.156761169433594,-52.57298278808594,7,8,1,-5.0773050002753735,-11.428512811734436,0
google/gemma-3-1b-it,adjective_agreement_0181,adjective_agreement,"neut noun, femn adj",-44.94541931152344,-45.525604248046875,5,5,1,2.6353074088692665,8.340295733360108,1
google/gemma-3-1b-it,adjective_agreement_0182,adjective_agreement,"masc noun, neut adj",-43.513343811035156,-47.661781311035156,10,10,1,-3.450786631554365,5.3461150410585105,1
google/gemma-3-1b-it,adjective_agreement_0183,adjective_agreement,"femn noun, masc adj",-41.439971923828125,-49.764949798583984,7,7,1,6.181118160253391,-1.4923896491527557,1
google/gemma-3-1b-it,adjective_agreement_0184,adjective_agreement,"masc noun, femn adj",-56.237884521484375,-61.33843231201172,7,7,1,11.728317499204422,-9.504863265050517,1
google/gemma-3-1b-it,adjective_agreement_0185,adjective_agreement,"femn noun, masc adj",-45.6634407043457,-50.77770233154297,10,10,1,-10.598125373478979,11.130352196720196,1
google/gemma-3-1b-it,adjective_agreement_0186,adjective_agreement,"neut noun, masc adj",-40.51111602783203,-40.41865158081055,8,8,0,15.362995028496357,-7.343109344772529,1
google/gemma-3-1b-it,adjective_agreement_0187,adjective_agreement,"femn noun, masc adj",-59.6296501159668,-58.271854400634766,10,11,0,-9.370409291383112,5.26910410868004,0
google/gemma-3-1b-it,adjective_agreement_0188,adjective_agreement,"femn noun, masc adj",-43.49816131591797,-51.6452522277832,8,8,1,-9.29075423075119,7.111348876729608,0
google/gemma-3-1b-it,adjective_agreement_0189,adjective_agreement,"femn noun, neut adj",-36.38570785522461,-40.726898193359375,7,7,1,17.070847392082783,-18.345544815065296,0
google/gemma-3-1b-it,adjective_agreement_0190,adjective_agreement,"femn noun, neut adj",-39.83106231689453,-46.98792266845703,6,6,1,16.675404668136252,-4.93226259900257,1
google/gemma-3-1b-it,adjective_agreement_0191,adjective_agreement,"masc noun, neut adj",-50.968170166015625,-53.47149658203125,11,10,1,5.040592192672193,8.36654120971798,1
google/gemma-3-1b-it,adjective_agreement_0192,adjective_agreement,"femn noun, neut adj",-37.83415985107422,-54.03791809082031,7,7,1,4.53290936909616,-2.4878121092915535,1
google/gemma-3-1b-it,adjective_agreement_0193,adjective_agreement,"masc noun, femn adj",-45.59772491455078,-57.49951934814453,10,10,1,-7.432466382568236,7.309225256380159,0
google/gemma-3-1b-it,adjective_agreement_0194,adjective_agreement,"neut noun, femn adj",-59.45848846435547,-60.10993957519531,8,7,1,-15.434722542794589,8.152563502721023,0
google/gemma-3-1b-it,adjective_agreement_0195,adjective_agreement,"neut noun, femn adj",-46.28664016723633,-47.44042205810547,6,6,1,17.128363490109223,3.5401000026613474,1
google/gemma-3-1b-it,adjective_agreement_0196,adjective_agreement,"masc noun, neut adj",-56.48506164550781,-54.07897186279297,8,8,0,15.864263057708854,-6.153286105254665,1
google/gemma-3-1b-it,adjective_agreement_0197,adjective_agreement,"femn noun, masc adj",-38.83721923828125,-45.079429626464844,6,6,1,-7.453699078352656,-10.954912424283975,0
google/gemma-3-1b-it,adjective_agreement_0198,adjective_agreement,"neut noun, femn adj",-48.866493225097656,-50.178707122802734,9,9,1,18.515518307687444,-13.672123312951385,1
google/gemma-3-1b-it,adjective_agreement_0199,adjective_agreement,"femn noun, masc adj",-49.305908203125,-57.07499313354492,7,7,1,18.317979097376792,-11.606914043476536,1
google/gemma-3-1b-it,adjective_agreement_0200,adjective_agreement,"neut noun, femn adj",-57.1405143737793,-52.84656524658203,6,6,0,12.761951804170621,4.5532798785716295,1
google/gemma-3-1b-it,adjective_agreement_0201,adjective_agreement,"neut noun, femn adj",-47.869537353515625,-53.22891616821289,7,7,1,18.817606929100293,-12.574630737321058,1
google/gemma-3-1b-it,adjective_agreement_0202,adjective_agreement,"masc noun, neut adj",-37.55467987060547,-48.27650451660156,6,7,1,-8.683492559517617,14.21213328851627,1
google/gemma-3-1b-it,adjective_agreement_0203,adjective_agreement,"masc noun, neut adj",-40.15724182128906,-51.32512664794922,7,7,1,11.63309431081052,-10.00140726677273,1
google/gemma-3-1b-it,adjective_agreement_0204,adjective_agreement,"neut noun, femn adj",-41.77027893066406,-41.21973419189453,8,8,0,18.43009352684024,-12.263270854963594,1
google/gemma-3-1b-it,adjective_agreement_0205,adjective_agreement,"femn noun, neut adj",-39.34893035888672,-55.62786102294922,7,7,1,16.68077945709274,-12.126449942608815,1
google/gemma-3-1b-it,adjective_agreement_0206,adjective_agreement,"neut noun, femn adj",-43.035274505615234,-52.19103240966797,11,11,1,12.806602597281199,5.703916562721133,1
google/gemma-3-1b-it,adjective_agreement_0207,adjective_agreement,"femn noun, neut adj",-45.975311279296875,-67.161376953125,10,10,1,2.49562831223011,11.69132996078406,1
google/gemma-3-1b-it,adjective_agreement_0208,adjective_agreement,"neut noun, masc adj",-53.18623352050781,-54.61432647705078,8,9,1,11.554805874878184,3.712165728211403,1
google/gemma-3-1b-it,adjective_agreement_0209,adjective_agreement,"femn noun, masc adj",-37.146018981933594,-45.73891830444336,7,7,1,-7.687374115019338,13.410234094171756,1
google/gemma-3-1b-it,adjective_agreement_0210,adjective_agreement,"masc noun, femn adj",-48.81275177001953,-62.893463134765625,11,10,1,-8.55388876167126,9.761787086114055,1
google/gemma-3-1b-it,adjective_agreement_0211,adjective_agreement,"masc noun, neut adj",-38.409446716308594,-45.67594909667969,7,8,1,-0.7306098937988281,11.025958896610973,1
google/gemma-3-1b-it,adjective_agreement_0212,adjective_agreement,"femn noun, masc adj",-41.305076599121094,-57.375,7,7,1,-1.6302489787340164,2.548885405063629,1
google/gemma-3-1b-it,adjective_agreement_0213,adjective_agreement,"neut noun, femn adj",-39.34889221191406,-44.09920883178711,6,5,1,5.440940867178142,12.685386897086573,1
google/gemma-3-1b-it,adjective_agreement_0214,adjective_agreement,"neut noun, masc adj",-45.315185546875,-41.721038818359375,7,7,0,-10.297344211052405,10.858260871522361,1
google/gemma-3-1b-it,adjective_agreement_0215,adjective_agreement,"masc noun, femn adj",-37.62025451660156,-47.47517013549805,8,8,1,18.271619319915885,-7.440730983915273,1
google/gemma-3-1b-it,adjective_agreement_0216,adjective_agreement,"neut noun, masc adj",-35.291778564453125,-42.72132873535156,6,5,1,-12.292833091116336,5.295709504280239,0
google/gemma-3-1b-it,adjective_agreement_0217,adjective_agreement,"neut noun, femn adj",-45.21056365966797,-55.208953857421875,7,7,1,-7.278043819009326,12.137552069267258,1
google/gemma-3-1b-it,adjective_agreement_0218,adjective_agreement,"femn noun, neut adj",-46.253013610839844,-58.192466735839844,7,7,1,18.60449719429357,-13.952190756799041,1
google/gemma-3-1b-it,adjective_agreement_0219,adjective_agreement,"masc noun, neut adj",-47.31785583496094,-49.689613342285156,12,11,1,9.66388869529328,7.210794353741221,1
google/gemma-3-1b-it,adjective_agreement_0220,adjective_agreement,"masc noun, femn adj",-57.31017303466797,-61.8925666809082,10,9,1,-10.544168498046929,-1.237278014421463,0
google/gemma-3-1b-it,adjective_agreement_0221,adjective_agreement,"neut noun, masc adj",-42.784202575683594,-43.829811096191406,11,10,1,6.032810130389407,9.470367445246666,1
google/gemma-3-1b-it,adjective_agreement_0222,adjective_agreement,"femn noun, masc adj",-34.44688034057617,-47.83259582519531,7,7,1,-3.6959763150662184,10.109895234498254,1
google/gemma-3-1b-it,adjective_agreement_0223,adjective_agreement,"neut noun, masc adj",-36.26057434082031,-35.67076110839844,8,8,0,9.080779916759639,-7.9758604172675405,1
google/gemma-3-1b-it,adjective_agreement_0224,adjective_agreement,"masc noun, neut adj",-40.899925231933594,-48.32429504394531,7,7,1,13.791430950165818,5.302417519502342,1
google/gemma-3-1b-it,adjective_agreement_0225,adjective_agreement,"masc noun, neut adj",-39.459632873535156,-40.1593017578125,5,6,1,-12.567922354308394,13.435023904054106,1
google/gemma-3-1b-it,adjective_agreement_0226,adjective_agreement,"neut noun, femn adj",-52.61994934082031,-51.00959777832031,9,8,0,-15.104315042539383,-4.869674805086106,0
google/gemma-3-1b-it,adjective_agreement_0227,adjective_agreement,"femn noun, masc adj",-46.224639892578125,-51.592437744140625,9,9,1,-2.8666267432272434,8.207452835951699,1
google/gemma-3-1b-it,adjective_agreement_0228,adjective_agreement,"femn noun, masc adj",-31.247417449951172,-39.39915466308594,6,6,1,-9.836450603848789,7.877748634724412,0
google/gemma-3-1b-it,adjective_agreement_0229,adjective_agreement,"masc noun, neut adj",-48.83501434326172,-49.909122467041016,7,6,1,13.964763164521287,-6.118614258710295,1
google/gemma-3-1b-it,adjective_agreement_0230,adjective_agreement,"masc noun, femn adj",-46.71563720703125,-55.23905944824219,9,10,1,-7.76953698968282,6.161725816782564,0
google/gemma-3-1b-it,adjective_agreement_0231,adjective_agreement,"masc noun, femn adj",-37.61482620239258,-48.17806625366211,7,7,1,14.555784463882674,7.706285489839502,1
google/gemma-3-1b-it,adjective_agreement_0232,adjective_agreement,"masc noun, femn adj",-29.014795303344727,-35.190162658691406,7,7,1,11.75158655647465,10.40445483039366,1
google/gemma-3-1b-it,adjective_agreement_0233,adjective_agreement,"neut noun, masc adj",-37.488704681396484,-35.13105010986328,9,9,0,-2.8458099216222763,5.060913124587387,1
google/gemma-3-1b-it,adjective_agreement_0234,adjective_agreement,"masc noun, femn adj",-47.44939041137695,-58.40810012817383,7,7,1,18.976545929913982,-4.421458970755339,1
google/gemma-3-1b-it,adjective_agreement_0235,adjective_agreement,"masc noun, femn adj",-38.049171447753906,-48.479713439941406,10,9,1,-12.979999662813498,12.13026977069967,0
google/gemma-3-1b-it,adjective_agreement_0236,adjective_agreement,"masc noun, neut adj",-43.85148620605469,-51.262550354003906,6,5,1,-10.626980068576813,12.624892831416219,1
google/gemma-3-1b-it,adjective_agreement_0237,adjective_agreement,"masc noun, femn adj",-38.32345199584961,-38.39883041381836,6,5,1,-9.448662166432769,-14.41180801391647,0
google/gemma-3-1b-it,adjective_agreement_0238,adjective_agreement,"masc noun, femn adj",-40.21369552612305,-38.806114196777344,6,6,0,4.277271384373307,-2.109619162976742,1
google/gemma-3-1b-it,adjective_agreement_0239,adjective_agreement,"femn noun, masc adj",-37.401878356933594,-52.790653228759766,7,7,1,-3.684310970827937,7.3732450397801585,1
google/gemma-3-1b-it,adjective_agreement_0240,adjective_agreement,"femn noun, masc adj",-49.160186767578125,-50.928382873535156,8,9,1,10.300529123021988,12.598562600695004,1
google/gemma-3-1b-it,adjective_agreement_0241,adjective_agreement,"masc noun, femn adj",-42.31971740722656,-59.84441375732422,7,7,1,-10.969512464747822,10.42370570077037,0
google/gemma-3-1b-it,adjective_agreement_0242,adjective_agreement,"masc noun, femn adj",-43.723228454589844,-47.060630798339844,8,7,1,17.3925524951037,8.995672372650006,1
google/gemma-3-1b-it,adjective_agreement_0243,adjective_agreement,"masc noun, neut adj",-47.808197021484375,-46.60954666137695,8,8,0,14.039668917656513,0.19171905517578125,1
google/gemma-3-1b-it,adjective_agreement_0244,adjective_agreement,"neut noun, masc adj",-34.0382080078125,-37.576663970947266,5,4,1,-11.40094173153193,9.88997471996845,0
google/gemma-3-1b-it,adjective_agreement_0245,adjective_agreement,"neut noun, femn adj",-54.54296112060547,-50.58332061767578,6,6,0,15.101379156114945,4.756820910610259,1
google/gemma-3-1b-it,adjective_agreement_0246,adjective_agreement,"neut noun, masc adj",-32.25663757324219,-30.203170776367188,5,5,0,-13.488956573528412,8.288915712066228,0
google/gemma-3-1b-it,adjective_agreement_0247,adjective_agreement,"masc noun, neut adj",-48.77733612060547,-55.45147705078125,11,11,1,-7.273685631866101,3.5533713418990374,0
google/gemma-3-1b-it,adjective_agreement_0248,adjective_agreement,"masc noun, neut adj",-32.847137451171875,-38.781944274902344,6,6,1,-0.10524749755859375,-0.3620567321777344,0
google/gemma-3-1b-it,adjective_agreement_0249,adjective_agreement,"neut noun, femn adj",-42.2244873046875,-46.93889617919922,6,6,1,18.868596315662217,9.713454967204598,1
google/gemma-3-1b-it,adjective_agreement_0250,adjective_agreement,"neut noun, masc adj",-46.701263427734375,-45.62074279785156,11,12,0,9.879284264014132,0.32112884521484375,1
google/gemma-3-1b-it,adjective_agreement_0251,adjective_agreement,"femn noun, neut adj",-42.60303497314453,-51.585052490234375,5,5,1,15.549282193187764,-2.0976905450224876,1
google/gemma-3-1b-it,adjective_agreement_0252,adjective_agreement,"femn noun, neut adj",-50.7467155456543,-64.86990356445312,10,10,1,-10.980943390051834,10.752275205566548,0
google/gemma-3-1b-it,adjective_agreement_0253,adjective_agreement,"femn noun, neut adj",-46.26373291015625,-50.513023376464844,7,7,1,18.54672217370853,-19.819125056267353,0
google/gemma-3-1b-it,adjective_agreement_0254,adjective_agreement,"masc noun, femn adj",-47.62513732910156,-55.12522888183594,11,11,1,8.10565988952294,6.4440498310141265,1
google/gemma-3-1b-it,adjective_agreement_0255,adjective_agreement,"femn noun, neut adj",-38.960113525390625,-37.962867736816406,6,7,0,-0.7216148972511292,12.568011881074199,1
google/gemma-3-1b-it,adjective_agreement_0256,adjective_agreement,"neut noun, femn adj",-37.5722770690918,-47.92730712890625,6,5,1,-13.622283936070744,10.105417377664708,0
google/gemma-3-1b-it,adjective_agreement_0257,adjective_agreement,"neut noun, masc adj",-42.81205749511719,-43.41959762573242,9,9,1,15.175558090210416,-15.520994186401822,0
google/gemma-3-1b-it,adjective_agreement_0258,adjective_agreement,"masc noun, neut adj",-49.0172119140625,-56.9471549987793,10,10,1,-12.741690045302676,12.864160193916177,1
google/gemma-3-1b-it,adjective_agreement_0259,adjective_agreement,"neut noun, femn adj",-52.17283248901367,-54.68114471435547,7,7,1,16.20836210293237,-11.694074988557986,1
google/gemma-3-1b-it,adjective_agreement_0260,adjective_agreement,"neut noun, masc adj",-42.51372528076172,-42.12090301513672,11,11,0,8.142909810441779,-6.449856000952423,1
google/gemma-3-1b-it,adjective_agreement_0261,adjective_agreement,"masc noun, femn adj",-38.730228424072266,-43.12987518310547,7,6,1,0.10170745849609375,0.7537612318992615,1
google/gemma-3-1b-it,adjective_agreement_0262,adjective_agreement,"masc noun, femn adj",-45.58818817138672,-56.674835205078125,10,10,1,-7.861988103250042,12.382636800772161,1
google/gemma-3-1b-it,adjective_agreement_0263,adjective_agreement,"femn noun, masc adj",-38.66825866699219,-43.40843200683594,5,5,1,7.667808644793695,4.861122121568769,1
google/gemma-3-1b-it,adjective_agreement_0264,adjective_agreement,"femn noun, masc adj",-54.13960266113281,-46.106754302978516,9,9,0,-11.266637453081785,10.333093538240064,0
google/gemma-3-1b-it,adjective_agreement_0265,adjective_agreement,"masc noun, femn adj",-43.13034439086914,-45.774688720703125,6,6,1,-7.069921622169204,9.023370777169475,1
google/gemma-3-1b-it,adjective_agreement_0266,adjective_agreement,"masc noun, neut adj",-32.83832550048828,-43.61319351196289,6,6,1,-11.35290897149389,12.959941626744694,1
google/gemma-3-1b-it,adjective_agreement_0267,adjective_agreement,"femn noun, masc adj",-47.03404998779297,-47.093013763427734,8,8,1,-10.727775955325342,11.388722907577176,1
google/gemma-3-1b-it,adjective_agreement_0268,adjective_agreement,"masc noun, femn adj",-52.728973388671875,-59.1236572265625,7,7,1,10.471332669691037,-5.335834297351539,1
google/gemma-3-1b-it,adjective_agreement_0269,adjective_agreement,"femn noun, masc adj",-42.0469856262207,-31.649032592773438,5,6,0,-11.692470677066012,12.394836668114294,1
google/gemma-3-1b-it,adjective_agreement_0270,adjective_agreement,"masc noun, neut adj",-32.641883850097656,-37.52106857299805,8,8,1,4.238502632826567,0.13096237182617188,1
google/gemma-3-1b-it,adjective_agreement_0271,adjective_agreement,"femn noun, neut adj",-45.94252014160156,-50.48594665527344,8,8,1,0.362701416015625,13.168714049497794,1
google/gemma-3-1b-it,adjective_agreement_0272,adjective_agreement,"masc noun, neut adj",-42.80257797241211,-51.3584098815918,10,10,1,-11.011652253378998,9.246902147860965,0
google/gemma-3-1b-it,adjective_agreement_0273,adjective_agreement,"neut noun, masc adj",-48.17812728881836,-51.386810302734375,8,9,1,-10.42114104013308,10.408304590775515,0
google/gemma-3-1b-it,adjective_agreement_0274,adjective_agreement,"neut noun, femn adj",-45.449989318847656,-47.91789245605469,11,11,1,14.772090792656513,-1.7817917466163635,1
google/gemma-3-1b-it,adjective_agreement_0275,adjective_agreement,"femn noun, neut adj",-33.435646057128906,-54.64543151855469,7,7,1,15.76074600219772,-12.68874382973354,1
google/gemma-3-1b-it,adjective_agreement_0276,adjective_agreement,"neut noun, masc adj",-45.151268005371094,-45.24200439453125,9,9,1,-12.890789160868735,9.970417087664828,0
google/gemma-3-1b-it,adjective_agreement_0277,adjective_agreement,"femn noun, neut adj",-44.01049041748047,-50.23810577392578,5,5,1,7.97156137379352,-4.967327217105776,1
google/gemma-3-1b-it,adjective_agreement_0278,adjective_agreement,"masc noun, neut adj",-35.39756774902344,-52.40733337402344,5,6,1,-6.835403634002432,5.912674131570384,0
google/gemma-3-1b-it,adjective_agreement_0279,adjective_agreement,"masc noun, neut adj",-36.13978576660156,-43.11404800415039,6,7,1,-10.748268248564273,11.206758381471445,1
google/gemma-3-1b-it,adjective_agreement_0280,adjective_agreement,"masc noun, femn adj",-46.303585052490234,-53.96308135986328,10,10,1,-10.06569637657958,9.837007305628504,0
google/gemma-3-1b-it,adjective_agreement_0281,adjective_agreement,"femn noun, neut adj",-40.30603790283203,-50.579795837402344,11,11,1,-6.27120948000811,-8.132854624825995,0
google/gemma-3-1b-it,adjective_agreement_0282,adjective_agreement,"masc noun, femn adj",-45.6663703918457,-48.940895080566406,7,7,1,14.537887692451818,12.252235771014966,1
google/gemma-3-1b-it,adjective_agreement_0283,adjective_agreement,"masc noun, neut adj",-41.05264663696289,-49.62752914428711,10,10,1,1.9657898247241974,1.265491545200348,1
google/gemma-3-1b-it,adjective_agreement_0284,adjective_agreement,"neut noun, femn adj",-43.453006744384766,-47.59081268310547,6,6,1,18.495165944099767,-15.473671197891463,1
google/gemma-3-1b-it,adjective_agreement_0285,adjective_agreement,"femn noun, masc adj",-44.66032791137695,-51.05756378173828,5,5,1,7.116478059149813,7.073875562869944,1
google/gemma-3-1b-it,adjective_agreement_0286,adjective_agreement,"neut noun, femn adj",-50.09829330444336,-52.397727966308594,7,6,1,-15.109569788106455,11.998664976345026,0
google/gemma-3-1b-it,adjective_agreement_0287,adjective_agreement,"neut noun, femn adj",-42.463260650634766,-53.99689865112305,11,10,1,-10.323100575216813,11.15368247574952,1
google/gemma-3-1b-it,adjective_agreement_0288,adjective_agreement,"masc noun, neut adj",-39.6290283203125,-56.361854553222656,7,7,1,-6.486110462225042,14.066651821327468,1
google/gemma-3-1b-it,adjective_agreement_0289,adjective_agreement,"neut noun, masc adj",-50.70058059692383,-50.31520080566406,11,12,0,1.475391373038292,-9.925061942907632,0
google/gemma-3-1b-it,adjective_agreement_0290,adjective_agreement,"neut noun, femn adj",-39.05762481689453,-42.39927673339844,9,9,1,17.222857832911814,-13.205251455311782,1
google/gemma-3-1b-it,adjective_agreement_0291,adjective_agreement,"femn noun, neut adj",-51.31426239013672,-64.2081298828125,10,10,1,-6.948993708007038,11.58916122597293,1
google/gemma-3-1b-it,adjective_agreement_0292,adjective_agreement,"femn noun, masc adj",-41.86701202392578,-49.34668731689453,6,6,1,8.793491136922967,10.757874982693465,1
google/gemma-3-1b-it,adjective_agreement_0293,adjective_agreement,"masc noun, femn adj",-48.958740234375,-55.07394790649414,10,10,1,-7.399303334881552,7.121621867641807,0
google/gemma-3-1b-it,adjective_agreement_0294,adjective_agreement,"femn noun, masc adj",-50.35874938964844,-62.54309844970703,6,6,1,16.169000864035297,-9.377048138681857,1
google/gemma-3-1b-it,adjective_agreement_0295,adjective_agreement,"femn noun, neut adj",-31.42099952697754,-39.110107421875,5,5,1,10.281765103991347,9.82852162438212,1
google/gemma-3-1b-it,adjective_agreement_0296,adjective_agreement,"neut noun, femn adj",-34.39020538330078,-40.18114471435547,6,5,1,-10.914181116575492,14.668275714038828,1
google/gemma-3-1b-it,adjective_agreement_0297,adjective_agreement,"femn noun, masc adj",-47.508056640625,-48.06243896484375,7,8,1,-1.4509315937757492,-12.025291085275057,0
google/gemma-3-1b-it,adjective_agreement_0298,adjective_agreement,"femn noun, neut adj",-53.733524322509766,-53.25286102294922,6,6,0,19.295508146286693,-16.227014183998165,1
google/gemma-3-1b-it,adjective_agreement_0299,adjective_agreement,"neut noun, masc adj",-46.74897003173828,-38.55726623535156,6,6,0,-13.068748713492823,-9.59954023600585,0
google/gemma-3-1b-it,calques_0000,calques,subtle: брати участь,-34.128562927246094,-38.100921630859375,8,9,1,-12.805594921343072,14.919707775141433,1
google/gemma-3-1b-it,calques_0001,calques,subtle: брати участь,-34.90290832519531,-44.65611267089844,10,10,1,-10.86336542321078,13.240370155639539,1
google/gemma-3-1b-it,calques_0002,calques,subtle: брати участь,-40.95463943481445,-70.42766571044922,10,10,1,-12.198409917604295,11.018812062990037,0
google/gemma-3-1b-it,calques_0003,calques,subtle: брати участь,-41.4419059753418,-39.9721794128418,11,11,0,-13.114311456807627,14.94056916243153,1
google/gemma-3-1b-it,calques_0004,calques,subtle: вживати заходів,-57.23423767089844,-55.12886428833008,11,10,0,-9.58055509001133,7.028633328038268,0
google/gemma-3-1b-it,calques_0005,calques,subtle: вживати заходів,-51.99583435058594,-61.9368896484375,9,9,1,-7.431783514039125,10.957708240053762,1
google/gemma-3-1b-it,calques_0006,calques,subtle: вживати заходів,-46.30363082885742,-66.55048370361328,10,9,1,-5.0294323256239295,8.025041666609468,1
google/gemma-3-1b-it,calques_0007,calques,subtle: вживати заходів,-46.159889221191406,-50.45764923095703,9,8,1,-4.439678367227316,11.072462324074877,1
google/gemma-3-1b-it,calques_0008,calques,subtle: протягом,-48.41400146484375,-53.40587615966797,11,11,1,-2.923911962658167,8.379333290387876,1
google/gemma-3-1b-it,calques_0009,calques,subtle: протягом,-42.06989288330078,-56.35147476196289,8,10,1,-4.421653598546982,13.677875042234518,1
google/gemma-3-1b-it,calques_0010,calques,subtle: протягом,-57.106292724609375,-64.8495101928711,10,10,1,15.410400032997188,-6.106944898841903,1
google/gemma-3-1b-it,calques_0011,calques,subtle: протягом,-48.446495056152344,-50.65322494506836,7,9,1,5.898353404132649,3.9004630092531443,1
google/gemma-3-1b-it,calques_0012,calques,subtle: збігатися,-41.55029296875,-39.9608154296875,9,8,0,-0.5073051750659943,-6.031650342512876,0
google/gemma-3-1b-it,calques_0013,calques,subtle: збігатися,-49.452003479003906,-55.40310287475586,10,9,1,-11.178386694453366,5.207565530668944,0
google/gemma-3-1b-it,calques_0014,calques,subtle: збігатися,-39.193199157714844,-43.6542854309082,8,7,1,-7.002176363079343,6.5907800395507365,0
google/gemma-3-1b-it,calques_0015,calques,subtle: збігатися,-42.999908447265625,-50.41816711425781,9,8,1,-12.891893507050554,4.883125126361847,0
google/gemma-3-1b-it,calques_0016,calques,subtle: стосуватися,-49.19546890258789,-52.09086608886719,11,11,1,5.365524383727461,-13.217166900638858,0
google/gemma-3-1b-it,calques_0017,calques,subtle: стосуватися,-41.119781494140625,-43.988922119140625,7,7,1,12.571208596248198,-13.771447777753338,0
google/gemma-3-1b-it,calques_0018,calques,subtle: стосуватися,-37.934024810791016,-39.93016815185547,9,9,1,-7.2663820086745545,7.195568262715824,0
google/gemma-3-1b-it,calques_0019,calques,subtle: завдяки,-44.05010223388672,-61.60594940185547,9,10,1,-12.887783051191946,11.65149080851188,0
google/gemma-3-1b-it,calques_0020,calques,subtle: завдяки,-60.9210205078125,-84.03668975830078,13,14,1,-1.1121483445167542,-11.955547213577574,0
google/gemma-3-1b-it,calques_0021,calques,subtle: завдяки,-43.36286544799805,-56.35050964355469,8,9,1,10.810133099794257,-5.821391827659681,1
google/gemma-3-1b-it,calques_0022,calques,subtle: завдяки,-49.76423263549805,-61.482608795166016,12,13,1,18.221318721771354,-14.648958563804797,1
google/gemma-3-1b-it,calques_0023,calques,subtle: доводиться,-54.962677001953125,-61.5230827331543,11,10,1,-10.133602264373621,11.904305935975572,1
google/gemma-3-1b-it,calques_0024,calques,subtle: доводиться,-52.98723602294922,-61.874610900878906,8,9,1,0.43355560302734375,2.0154877454042435,1
google/gemma-3-1b-it,calques_0025,calques,subtle: доводиться,-56.4438591003418,-59.299503326416016,12,11,1,-12.128284338206868,11.535037640227529,0
google/gemma-3-1b-it,calques_0026,calques,subtle: доводиться,-43.802955627441406,-51.212364196777344,10,11,1,5.8024140992201865,10.20041060980293,1
google/gemma-3-1b-it,calques_0027,calques,subtle: наступний,-38.499332427978516,-59.70852279663086,10,12,1,14.649385094643549,0.07837295532226562,1
google/gemma-3-1b-it,calques_0028,calques,subtle: наступний,-56.58390808105469,-71.20769500732422,10,14,1,10.564270377584762,-10.000093580711109,1
google/gemma-3-1b-it,calques_0029,calques,subtle: наступний,-55.288848876953125,-72.33845520019531,11,13,1,-6.264145085820928,3.719074225053191,0
google/gemma-3-1b-it,calques_0030,calques,subtle: наступний,-49.509239196777344,-60.59026336669922,9,12,1,8.432743216588278,7.206979948969092,1
google/gemma-3-1b-it,calques_0031,calques,subtle: будь-який,-54.005470275878906,-66.68677520751953,12,10,1,-0.2623634338378906,13.430601478699828,1
google/gemma-3-1b-it,calques_0032,calques,subtle: будь-який,-37.011474609375,-74.12735748291016,11,9,1,4.812629912979901,9.55202293756156,1
google/gemma-3-1b-it,calques_0033,calques,subtle: будь-який,-34.763092041015625,-45.8501091003418,9,7,1,-0.247406005859375,6.638424051110633,1
google/gemma-3-1b-it,calques_0034,calques,subtle: виняток,-51.16240692138672,-63.662105560302734,13,14,1,-8.521210109203821,9.773351678217296,1
google/gemma-3-1b-it,calques_0035,calques,subtle: виняток,-38.725582122802734,-41.795448303222656,8,8,1,2.1896362006664276,-2.7316436916589737,0
google/gemma-3-1b-it,calques_0036,calques,subtle: виняток,-50.318885803222656,-57.08265686035156,9,9,1,17.785216212273212,6.497787439613603,1
google/gemma-3-1b-it,calques_0037,calques,subtle: щодо,-40.886138916015625,-48.19143295288086,11,12,1,5.1953775538131595,8.404794531466905,1
google/gemma-3-1b-it,calques_0038,calques,subtle: щодо,-51.70779037475586,-56.799415588378906,8,10,1,-1.5533428490161896,9.476623672715505,1
google/gemma-3-1b-it,calques_0039,calques,subtle: щодо,-57.63764953613281,-60.02361297607422,9,10,1,-12.991203546586803,13.189738989010948,1
google/gemma-3-1b-it,calques_0040,calques,subtle: вважати,-31.342254638671875,-49.09164810180664,9,9,1,13.58062887192682,8.842057844842202,1
google/gemma-3-1b-it,calques_0041,calques,subtle: вважати,-43.25765609741211,-56.79848861694336,11,11,1,12.178792834311935,11.602987172271241,1
google/gemma-3-1b-it,calques_0042,calques,subtle: вважати,-52.562957763671875,-56.99322509765625,9,9,1,11.15468752396373,8.710415159963304,1
google/gemma-3-1b-it,calques_0043,calques,subtle: вважати,-33.727603912353516,-46.442649841308594,8,8,1,4.498562009073794,9.833058838943543,1
google/gemma-3-1b-it,calques_0044,calques,subtle: наводити приклад,-49.42756652832031,-53.649620056152344,8,8,1,10.53658711947537,0.13132858276367188,1
google/gemma-3-1b-it,calques_0045,calques,subtle: наводити приклад,-26.43172264099121,-34.62834930419922,8,8,1,8.294678004196612,-13.647644400599802,0
google/gemma-3-1b-it,calques_0046,calques,subtle: наводити приклад,-70.09234619140625,-44.95903396606445,10,10,0,-8.605669400960323,10.644424797268584,1
google/gemma-3-1b-it,calques_0047,calques,subtle: укладати договір,-45.9812126159668,-35.38008117675781,9,8,0,-13.042565825773636,13.216449866173207,1
google/gemma-3-1b-it,calques_0048,calques,subtle: укладати договір,-46.1627311706543,-61.888458251953125,9,8,1,-12.321883798540512,13.58454287069253,1
google/gemma-3-1b-it,calques_0049,calques,subtle: укладати договір,-42.49428176879883,-46.0247917175293,8,7,1,-14.038097501019365,13.259595751984307,0
google/gemma-3-1b-it,calques_0050,calques,subtle: складати іспит,-40.559844970703125,-53.45786666870117,10,10,1,-12.07792055722166,10.987449174914218,0
google/gemma-3-1b-it,calques_0051,calques,subtle: складати іспит,-39.279937744140625,-45.493064880371094,10,10,1,-13.434892773866522,13.874015569954281,1
google/gemma-3-1b-it,calques_0052,calques,subtle: навчальний,-36.20433044433594,-41.591026306152344,5,6,1,-4.572906720452011,11.441723109372106,1
google/gemma-3-1b-it,calques_0053,calques,subtle: навчальний,-37.79288864135742,-49.249534606933594,8,9,1,4.979740006383508,9.126411330580595,1
google/gemma-3-1b-it,calques_0054,calques,subtle: навчальний,-46.401702880859375,-49.56386184692383,8,9,1,-11.216223001938488,9.922777059262444,0
google/gemma-3-1b-it,calques_0055,calques,subtle: зіставляти,-52.783660888671875,-52.899845123291016,8,8,1,-11.699207665551512,9.841886883281404,0
google/gemma-3-1b-it,calques_0056,calques,subtle: зіставляти,-48.842872619628906,-62.414947509765625,8,8,1,12.332568645490937,-8.293232353345957,1
google/gemma-3-1b-it,calques_0057,calques,subtle: зіставляти,-38.72602844238281,-36.88532638549805,10,10,0,-8.927907986566424,7.650249589292798,0
google/gemma-3-1b-it,calques_0058,calques,subtle: співпрацювати,-36.146087646484375,-54.16480255126953,9,11,1,8.29255262191873,15.292552709597203,1
google/gemma-3-1b-it,calques_0059,calques,subtle: співпрацювати,-45.15613555908203,-54.43912124633789,8,10,1,-13.556614042416186,17.040021538743076,1
google/gemma-3-1b-it,calques_0060,calques,subtle: перепрошую,-51.530826568603516,-74.36839294433594,10,11,1,-5.266204728279263,-0.29747772216796875,0
google/gemma-3-1b-it,calques_0061,calques,subtle: перепрошую,-51.193016052246094,-63.3443717956543,10,11,1,0.21925735473632812,-5.771305062808096,0
google/gemma-3-1b-it,calques_0062,calques,subtle: перепрошую,-44.79281234741211,-69.0247573852539,9,10,1,18.106868743896484,-17.400611877441406,1
google/gemma-3-1b-it,calques_0063,calques,subtle: захід,-42.31818771362305,-71.45992279052734,10,13,1,0.6352157592773438,8.694286614307202,1
google/gemma-3-1b-it,calques_0064,calques,subtle: захід,-54.79354476928711,-85.83987426757812,8,12,1,3.4115449152886868,-6.815063249785453,0
google/gemma-3-1b-it,calques_0065,calques,subtle: висновок,-41.333831787109375,-54.275596618652344,10,9,1,-5.841545223491266,13.288259391047177,1
google/gemma-3-1b-it,calques_0066,calques,subtle: висновок,-28.05498695373535,-34.69092559814453,8,7,1,1.3644523918628693,7.231853675737511,1
google/gemma-3-1b-it,calques_0067,calques,subtle: бути,-29.459449768066406,-43.695335388183594,6,7,1,2.662494756281376,9.263741980641498,1
google/gemma-3-1b-it,calques_0068,calques,subtle: бути,-39.42799377441406,-56.69703674316406,8,9,1,-9.387698778271442,3.1338005401194096,0
google/gemma-3-1b-it,calques_0069,calques,subtle: бути,-41.338680267333984,-44.837764739990234,7,8,1,-7.48886477726046,3.8999920543283224,0
google/gemma-3-1b-it,calques_0070,calques,subtle: становити,-43.92474365234375,-40.30074691772461,12,12,0,-11.927362680811711,6.595928316703066,0
google/gemma-3-1b-it,calques_0071,calques,subtle: становити,-56.40523147583008,-53.129539489746094,10,10,0,-11.534815075356164,13.119657278266459,1
google/gemma-3-1b-it,calques_0072,calques,subtle: становити,-42.48658752441406,-42.218788146972656,13,13,0,-10.283567827864317,10.486324591212906,1
google/gemma-3-1b-it,calques_0073,calques,subtle: ймовірно,-49.12950897216797,-55.009971618652344,10,10,1,-12.254960776186635,12.926567316311775,1
google/gemma-3-1b-it,calques_0074,calques,subtle: ймовірно,-23.7133846282959,-30.097549438476562,7,8,1,-9.920147184137022,11.060413363018597,1
google/gemma-3-1b-it,calques_0075,calques,subtle: ймовірно,-56.25199890136719,-60.743995666503906,10,11,1,-12.53496695150534,12.041729220436537,0
google/gemma-3-1b-it,calques_0076,calques,subtle: брати до уваги,-40.01374053955078,-35.835716247558594,9,9,0,-10.831979752110783,3.2145767882466316,0
google/gemma-3-1b-it,calques_0077,calques,subtle: брати до уваги,-43.149925231933594,-43.53362274169922,13,13,1,-11.353812933532026,12.557540774478184,1
google/gemma-3-1b-it,calques_0078,calques,subtle: порушити питання,-82.60831451416016,-53.67625045776367,9,10,0,-11.822459817085473,11.214234948385638,0
google/gemma-3-1b-it,calques_0079,calques,subtle: порушити питання,-56.68789291381836,-51.117042541503906,12,12,0,-12.497452140498353,10.263246775753942,0
google/gemma-3-1b-it,calques_0080,calques,subtle: оцінка,-38.524497985839844,-59.95188903808594,9,10,1,15.627843618392973,14.312164306706109,1
google/gemma-3-1b-it,calques_0081,calques,subtle: оцінка,-47.97520446777344,-66.98517608642578,8,9,1,11.546066165016782,-0.9784851372241974,1
google/gemma-3-1b-it,calques_0082,calques,subtle: бо (так як),-42.44427490234375,-42.862640380859375,12,13,1,-9.183885108635877,11.130212666590523,1
google/gemma-3-1b-it,calques_0083,calques,subtle: бо (так як),-61.72437286376953,-67.14871215820312,12,13,1,13.615184307107484,-12.258392334013479,1
google/gemma-3-1b-it,calques_0084,calques,subtle: досі,-30.126991271972656,-50.76879119873047,9,11,1,-11.61857056647932,9.133693228810444,0
google/gemma-3-1b-it,calques_0085,calques,subtle: досі,-40.39235305786133,-60.48715591430664,10,12,1,9.494747045646363,-10.918296814164933,0
google/gemma-3-1b-it,calques_0086,calques,subtle: незважаючи,-52.44373321533203,-52.824134826660156,14,15,1,17.372112393380803,13.095428825101408,1
google/gemma-3-1b-it,calques_0087,calques,subtle: незважаючи,-44.92149353027344,-51.602046966552734,15,16,1,-11.345836522428726,12.696483493382402,1
google/gemma-3-1b-it,calques_0088,calques,subtle: зрештою,-43.75989532470703,-64.33940887451172,9,10,1,5.219154191669077,7.07182315713726,1
google/gemma-3-1b-it,calques_0089,calques,subtle: принаймні,-51.09614562988281,-66.541748046875,9,10,1,3.2291145622730255,2.937046095728874,1
google/gemma-3-1b-it,calques_0090,calques,overt: отримувати,-28.46571159362793,-35.87566375732422,5,5,1,-11.139028440229595,14.366460323506544,1
google/gemma-3-1b-it,calques_0091,calques,overt: отримувати,-32.96082305908203,-45.51190185546875,8,8,1,-10.648317696173763,15.300336360956862,1
google/gemma-3-1b-it,calques_0092,calques,overt: отримувати,-33.51719284057617,-40.43607711791992,6,5,1,-10.641853004548466,12.825252652928611,1
google/gemma-3-1b-it,calques_0093,calques,overt: визначити,-37.01747131347656,-68.92201232910156,7,9,1,4.579990463331342,10.28523601697816,1
google/gemma-3-1b-it,calques_0094,calques,overt: визначити,-32.568450927734375,-56.522666931152344,7,9,1,14.095578670507166,10.157636769450619,1
google/gemma-3-1b-it,calques_0095,calques,overt: подобатися,-37.95191955566406,-50.586273193359375,9,8,1,-2.656055398285389,13.35841214721222,1
google/gemma-3-1b-it,calques_0096,calques,overt: подобатися,-36.29014205932617,-44.07377624511719,8,7,1,-11.904115907731466,12.372795232222416,1
google/gemma-3-1b-it,calques_0097,calques,overt: їсти,-38.68017578125,-53.11429214477539,9,9,1,-2.9390449076890945,13.06872403811576,1
google/gemma-3-1b-it,calques_0098,calques,overt: їсти,-38.751502990722656,-53.58152389526367,8,9,1,2.389873467385769,-9.583186748161097,0
google/gemma-3-1b-it,calques_0099,calques,overt: взагалі,-42.61222839355469,-24.181867599487305,7,5,0,-8.4946441797656,-0.254180908203125,0
google/gemma-3-1b-it,calques_0100,calques,overt: взагалі,-33.589866638183594,-36.45546340942383,10,8,1,-9.951326018053805,12.989475250391479,1
google/gemma-3-1b-it,calques_0101,calques,overt: звичайно,-23.021095275878906,-49.28523254394531,7,8,1,16.099580526351957,10.00975811824901,1
google/gemma-3-1b-it,calques_0102,calques,overt: дуже,-29.206039428710938,-37.745147705078125,5,5,1,-11.634517200582195,8.56208767654607,0
google/gemma-3-1b-it,calques_0103,calques,overt: бувай,-41.931583404541016,-41.179954528808594,7,7,0,3.7337340619415045,-9.58817708780407,0
google/gemma-3-1b-it,calques_0104,calques,overt: здаватися,-43.22806930541992,-57.323204040527344,9,10,1,4.9526404035277665,14.495115046964202,1
google/gemma-3-1b-it,calques_0105,calques,overt: заважати,-80.64288330078125,-62.33475875854492,9,8,0,13.625216960916077,-9.704246046108892,1
google/gemma-3-1b-it,calques_0106,calques,overt: заважати,-40.11944580078125,-73.47285461425781,8,8,1,-12.836553722358076,10.770645328506362,0
google/gemma-3-1b-it,calques_0107,calques,overt: виходити,-25.749645233154297,-37.93396759033203,6,6,1,8.834987651163829,11.577733755646477,1
google/gemma-3-1b-it,calques_0108,calques,overt: виходити,-52.305850982666016,-51.22893142700195,7,7,0,-13.453580618193882,12.544895053571963,0
google/gemma-3-1b-it,calques_0109,calques,overt: вистачати,-28.87718963623047,-39.87333297729492,9,7,1,-9.874763617524877,12.227292538511392,1
google/gemma-3-1b-it,calques_0110,calques,overt: вистачати,-82.69145202636719,-74.06603240966797,9,8,0,-10.875426772348874,13.624156714082346,1
google/gemma-3-1b-it,calques_0111,calques,overt: зараз,-34.69347381591797,-58.63594055175781,6,6,1,-2.804092302918434,12.37773346922404,1
google/gemma-3-1b-it,calques_0112,calques,overt: гаразд,-32.948394775390625,-34.751441955566406,9,8,1,14.340906143199845,-3.4980125967413187,1
google/gemma-3-1b-it,calques_0113,calques,overt: колишній,-41.32603073120117,-52.010929107666016,10,9,1,-11.58187270257622,13.341640353321054,1
google/gemma-3-1b-it,calques_0114,calques,subtle: стосуватися,-37.06465148925781,-43.95762252807617,11,11,1,-8.413957782380749,6.8082657845225185,0
google/gemma-3-1b-it,calques_0115,calques,subtle: будь-який,-31.653709411621094,-54.916866302490234,11,9,1,-0.179351806640625,12.713763714109518,1
google/gemma-3-1b-it,calques_0116,calques,subtle: виняток,-39.370269775390625,-44.38938522338867,9,9,1,-8.721870084860711,8.558124215662247,0
google/gemma-3-1b-it,calques_0117,calques,subtle: щодо,-34.48176574707031,-50.401039123535156,9,11,1,7.7524987204233184,14.27142941971033,1
google/gemma-3-1b-it,calques_0118,calques,subtle: наводити приклад,-35.391334533691406,-40.57401657104492,7,7,1,14.305120229721751,-14.287622332573505,1
google/gemma-3-1b-it,calques_0119,calques,subtle: укладати договір,-56.149078369140625,-66.893310546875,12,11,1,-6.951144940103404,11.58707070481978,1
google/gemma-3-1b-it,calques_0120,calques,subtle: складати іспит,-53.424842834472656,-51.471832275390625,12,12,0,-10.305349008136545,11.728145367305842,1
google/gemma-3-1b-it,calques_0121,calques,subtle: складати іспит,-47.17454147338867,-45.593997955322266,12,12,0,-12.70364594644343,12.749933244602289,1
google/gemma-3-1b-it,calques_0122,calques,subtle: навчальний,-51.427581787109375,-56.086631774902344,7,8,1,11.504928708163789,8.584308297693497,1
google/gemma-3-1b-it,calques_0123,calques,subtle: зіставляти,-48.09831237792969,-62.964385986328125,9,9,1,1.767726868391037,-9.072627551227924,0
google/gemma-3-1b-it,calques_0124,calques,subtle: співпрацювати,-29.964324951171875,-55.695587158203125,13,15,1,10.725860834423656,6.8828828684054315,1
google/gemma-3-1b-it,calques_0125,calques,subtle: співпрацювати,-30.810382843017578,-58.968406677246094,9,11,1,7.227920320001431,15.552093625079578,1
google/gemma-3-1b-it,calques_0126,calques,subtle: перепрошую,-62.60607147216797,-77.21812438964844,8,9,1,7.519783167459536,-13.841388463974681,0
google/gemma-3-1b-it,calques_0127,calques,subtle: захід,-43.44457244873047,-75.60536193847656,6,10,1,-5.520448769442737,-3.3232346028089523,0
google/gemma-3-1b-it,calques_0128,calques,subtle: захід,-41.660003662109375,-74.48368835449219,7,11,1,13.455135703090036,-12.365005612401546,1
google/gemma-3-1b-it,calques_0129,calques,subtle: висновок,-52.90601348876953,-56.86823654174805,10,9,1,7.564209001022391,6.057765914592892,1
google/gemma-3-1b-it,calques_0130,calques,subtle: висновок,-52.627418518066406,-55.99811935424805,7,6,1,-5.173122326377779,10.211565143225016,1
google/gemma-3-1b-it,calques_0131,calques,subtle: бути,-50.44864273071289,-56.286685943603516,11,12,1,-11.948864224839781,11.099933747151226,0
google/gemma-3-1b-it,calques_0132,calques,subtle: становити,-41.97223663330078,-47.46553039550781,10,10,1,-14.103250146083155,14.347968578511427,1
google/gemma-3-1b-it,calques_0133,calques,subtle: ймовірно,-44.22364044189453,-43.338008880615234,8,9,0,-13.544047833031073,10.919802074175095,0
google/gemma-3-1b-it,calques_0134,calques,subtle: брати до уваги,-52.622161865234375,-48.655311584472656,10,9,0,-8.646875046324567,5.383237621281296,0
google/gemma-3-1b-it,calques_0135,calques,subtle: брати до уваги,-45.57544708251953,-43.823768615722656,12,11,0,-10.288547042837308,9.885576506785583,0
google/gemma-3-1b-it,calques_0136,calques,subtle: порушити питання,-65.42650604248047,-62.81556701660156,11,12,0,-8.492003962368472,-10.869547128892009,0
google/gemma-3-1b-it,calques_0137,calques,subtle: порушити питання,-53.19029235839844,-46.12403106689453,8,9,0,-14.034165978463534,13.467052817364674,0
google/gemma-3-1b-it,calques_0138,calques,subtle: оцінка,-57.529014587402344,-81.82012176513672,11,12,1,-9.253429452946875,10.234785327644204,1
google/gemma-3-1b-it,calques_0139,calques,subtle: оцінка,-58.58409881591797,-69.16802215576172,9,10,1,13.58362984657424,-4.21429446991533,1
google/gemma-3-1b-it,calques_0140,calques,subtle: бо (так як),-48.253074645996094,-56.4839973449707,12,13,1,-5.78922254149802,10.729330423448118,1
google/gemma-3-1b-it,calques_0141,calques,subtle: бо (так як),-57.63463592529297,-58.782127380371094,12,13,1,-4.284717623144388,1.7159156650304794,0
google/gemma-3-1b-it,calques_0142,calques,subtle: досі,-54.61728286743164,-101.00843811035156,9,11,1,-7.174114313616883,-11.172497153393124,0
google/gemma-3-1b-it,calques_0143,calques,subtle: досі,-32.59687805175781,-44.38264465332031,9,11,1,9.515184524723736,-7.818298422527732,1
google/gemma-3-1b-it,calques_0144,calques,subtle: незважаючи,-44.05963134765625,-51.39967346191406,12,13,1,9.397403601527913,11.255827308734297,1
google/gemma-3-1b-it,calques_0145,calques,subtle: незважаючи,-47.58866882324219,-47.41377639770508,13,14,0,-8.832851085520815,11.14296567612837,1
google/gemma-3-1b-it,calques_0146,calques,subtle: зрештою,-51.439720153808594,-64.49111938476562,10,11,1,11.435125351028546,-5.456828993279487,1
google/gemma-3-1b-it,calques_0147,calques,subtle: зрештою,-44.33013153076172,-52.50591278076172,9,11,1,-3.1374283768236637,14.515806198360224,1
google/gemma-3-1b-it,calques_0148,calques,subtle: зрештою,-35.00083923339844,-58.18321990966797,11,12,1,13.75634992124651,-8.459280156646855,1
google/gemma-3-1b-it,calques_0149,calques,subtle: принаймні,-45.65071487426758,-68.92737579345703,10,11,1,5.761352653615177,-1.2975921332836151,1
google/gemma-3-1b-it,calques_0150,calques,subtle: принаймні,-45.17203140258789,-61.930030822753906,10,11,1,-2.6593476459383965,1.7591475993394852,0
google/gemma-3-1b-it,calques_0151,calques,subtle: принаймні,-48.23431396484375,-88.71119689941406,10,11,1,-4.962299478705972,8.001243659033207,1
google/gemma-3-1b-it,calques_0152,calques,overt: отримувати,-38.8070068359375,-46.59508514404297,8,7,1,-5.185070117935538,16.946280479453435,1
google/gemma-3-1b-it,calques_0153,calques,overt: визначити,-37.309532165527344,-69.437255859375,7,9,1,3.4552536979317665,7.512890076613985,1
google/gemma-3-1b-it,calques_0154,calques,overt: визначити,-31.044326782226562,-62.50986862182617,9,11,1,10.76208460358066,13.172961951040634,1
google/gemma-3-1b-it,calques_0155,calques,overt: подобатися,-39.256919860839844,-51.05511474609375,10,9,1,-11.406461359365494,11.65020978508619,1
google/gemma-3-1b-it,calques_0156,calques,overt: подобатися,-53.17391586303711,-53.436092376708984,9,8,1,-12.695657619071426,12.199401856792974,0
google/gemma-3-1b-it,calques_0157,calques,overt: їсти,-30.321048736572266,-45.330535888671875,6,7,1,1.015834778547287,-2.035621717572212,0
google/gemma-3-1b-it,calques_0158,calques,overt: їсти,-47.728607177734375,-56.67986297607422,8,9,1,-9.044977217679843,10.969648489437532,1
google/gemma-3-1b-it,calques_0159,calques,overt: взагалі,-32.07758331298828,-37.670440673828125,8,6,1,-10.048750095127616,10.859567762217921,1
google/gemma-3-1b-it,calques_0160,calques,overt: взагалі,-40.9704704284668,-48.61805725097656,9,7,1,-9.024602662277175,13.499311566406504,1
google/gemma-3-1b-it,calques_0161,calques,overt: звичайно,-32.891578674316406,-47.580970764160156,7,8,1,-13.417001605101177,1.2789573520421982,0
google/gemma-3-1b-it,calques_0162,calques,overt: звичайно,-32.18808364868164,-55.3529167175293,9,10,1,3.9632988050580025,13.130758414947195,1
google/gemma-3-1b-it,calques_0163,calques,overt: звичайно,-27.555343627929688,-49.168678283691406,9,10,1,-5.839431912172586,9.732759602120495,1
google/gemma-3-1b-it,calques_0164,calques,overt: дуже,-25.877519607543945,-43.155357360839844,6,6,1,-10.111356856410566,9.19508171651978,0
google/gemma-3-1b-it,calques_0165,calques,overt: дуже,-32.30604553222656,-57.00958251953125,7,7,1,-10.257759003929095,12.026077390122737,1
google/gemma-3-1b-it,calques_0166,calques,overt: дуже,-31.78928565979004,-40.65913391113281,5,4,1,-1.654659241437912,11.885143399367735,1
google/gemma-3-1b-it,calques_0167,calques,overt: бувай,-67.1484146118164,-54.516456604003906,9,9,0,3.408416748046875,-2.0113409906625748,1
google/gemma-3-1b-it,calques_0168,calques,overt: бувай,-29.843015670776367,-28.8216552734375,5,4,0,-9.297849307127763,-17.35318195828586,0
google/gemma-3-1b-it,calques_0169,calques,overt: бувай,-48.90916442871094,-46.97705078125,7,7,0,-6.467754368437454,-11.793541073928282,0
google/gemma-3-1b-it,calques_0170,calques,overt: здаватися,-34.74864959716797,-55.5665283203125,8,9,1,14.331590652469913,12.678548932952253,1
google/gemma-3-1b-it,calques_0171,calques,overt: здаватися,-36.84647750854492,-50.808265686035156,9,9,1,6.7135160226607695,9.233866112233954,1
google/gemma-3-1b-it,calques_0172,calques,overt: здаватися,-53.25853729248047,-57.20988464355469,13,13,1,-4.399429444223642,2.9981726557016373,0
google/gemma-3-1b-it,calques_0173,calques,overt: заважати,-53.708839416503906,-71.76492309570312,11,11,1,-6.500222968868911,5.012155723758042,0
google/gemma-3-1b-it,calques_0174,calques,overt: заважати,-43.50748825073242,-57.636634826660156,7,7,1,-2.670780211687088,-13.635341644288928,0
google/gemma-3-1b-it,calques_0175,calques,overt: виходити,-26.062328338623047,-40.722801208496094,7,7,1,-7.711231224384392,4.1154768243432045,0
google/gemma-3-1b-it,calques_0176,calques,overt: виходити,-43.330596923828125,-56.16267776489258,8,8,1,-7.253534343559295,10.642055070667993,1
google/gemma-3-1b-it,calques_0177,calques,overt: вистачати,-45.99605178833008,-56.024234771728516,7,5,1,-8.03275508194929,11.691539532454044,1
google/gemma-3-1b-it,calques_0178,calques,overt: вистачати,-41.09397506713867,-50.02595520019531,6,5,1,-3.8428955245763063,12.739163995182025,1
google/gemma-3-1b-it,calques_0179,calques,overt: зараз,-29.61065673828125,-34.781494140625,7,7,1,-9.664193877208163,14.858796596568027,1
google/gemma-3-1b-it,calques_0180,calques,overt: зараз,-29.649559020996094,-31.500879287719727,7,6,1,12.88462865352949,11.795156002295698,1
google/gemma-3-1b-it,calques_0181,calques,overt: зараз,-33.49675750732422,-35.66436004638672,8,8,1,1.2256012260913849,3.5041123498231173,1
google/gemma-3-1b-it,calques_0182,calques,overt: гаразд,-39.83491516113281,-45.685325622558594,8,7,1,11.450823068705176,6.456531707430258,1
google/gemma-3-1b-it,calques_0183,calques,overt: гаразд,-37.77446746826172,-40.52753829956055,8,7,1,13.181890726092888,9.380802519692224,1
google/gemma-3-1b-it,calques_0184,calques,overt: гаразд,-28.236804962158203,-26.907672882080078,8,7,0,4.584148317575455,4.265332979150116,1
google/gemma-3-1b-it,calques_0185,calques,overt: колишній,-47.144554138183594,-55.469200134277344,8,7,1,-10.06513929922221,13.039880991775135,1
google/gemma-3-1b-it,calques_0186,calques,overt: колишній,-43.907745361328125,-61.70639419555664,11,10,1,-3.453365409746766,10.675521733130154,1
google/gemma-3-1b-it,calques_0187,calques,overt: колишній,-71.18470764160156,-64.40321350097656,11,10,0,-2.514697916805744,11.711828470390174,1
google/gemma-3-1b-it,control_subject_verb_0000,control_subject_verb,past-tense gender,-69.9714126586914,-76.93284606933594,12,12,1,-5.353217930067331,-1.0880698561668396,0
google/gemma-3-1b-it,control_subject_verb_0001,control_subject_verb,past-tense gender,-49.073875427246094,-59.14277648925781,9,9,1,-5.296272145118564,-4.164592582732439,0
google/gemma-3-1b-it,control_subject_verb_0002,control_subject_verb,past-tense gender,-56.966026306152344,-56.85877227783203,8,8,0,-8.414695902611129,9.42655409645522,1
google/gemma-3-1b-it,control_subject_verb_0003,control_subject_verb,past-tense gender,-51.101898193359375,-56.318946838378906,9,9,1,-3.6320782769471407,4.19877250585705,1
google/gemma-3-1b-it,control_subject_verb_0004,control_subject_verb,past-tense gender,-69.23260498046875,-81.14004516601562,9,9,1,3.7074356954544783,-1.0381431579589844,1
google/gemma-3-1b-it,control_subject_verb_0005,control_subject_verb,past-tense gender,-60.12604904174805,-69.82521057128906,9,9,1,-9.409788141405443,6.822200924041681,0
google/gemma-3-1b-it,control_subject_verb_0006,control_subject_verb,past-tense gender,-48.21087646484375,-57.46921157836914,7,7,1,6.370250500156544,4.151378870010376,1
google/gemma-3-1b-it,control_subject_verb_0007,control_subject_verb,past-tense gender,-53.64490509033203,-65.21211242675781,9,10,1,8.436412835129886,13.17718899285319,1
google/gemma-3-1b-it,control_subject_verb_0008,control_subject_verb,past-tense gender,-70.59507751464844,-92.37928009033203,10,11,1,18.08672034740505,4.908123211469501,1
google/gemma-3-1b-it,control_subject_verb_0009,control_subject_verb,past-tense gender,-60.18673324584961,-60.36747360229492,11,11,1,-1.7049446254968643,-6.772441927343607,0
google/gemma-3-1b-it,control_subject_verb_0010,control_subject_verb,past-tense gender,-58.51524353027344,-69.81707000732422,11,11,1,-11.205131295057072,13.166015506718395,1
google/gemma-3-1b-it,control_subject_verb_0011,control_subject_verb,past-tense gender,-67.58158874511719,-78.33319091796875,9,9,1,9.225872402399546,-4.5168152982369065,1
google/gemma-3-1b-it,control_subject_verb_0012,control_subject_verb,past-tense gender,-66.81119537353516,-78.51631164550781,9,9,1,-9.421463376296742,11.478406429770985,1
google/gemma-3-1b-it,control_subject_verb_0013,control_subject_verb,past-tense gender,-70.06108093261719,-74.81210327148438,10,10,1,7.798648681346094,-0.07542037963867188,1
google/gemma-3-1b-it,control_subject_verb_0014,control_subject_verb,past-tense gender,-53.552642822265625,-57.72383117675781,8,9,1,17.108500838279895,13.66754758395291,1
google/gemma-3-1b-it,control_subject_verb_0015,control_subject_verb,past-tense gender,-52.85254669189453,-63.32659912109375,10,10,1,11.022011160992406,-17.02320241928112,0
google/gemma-3-1b-it,control_subject_verb_0016,control_subject_verb,past-tense gender,-61.10919952392578,-65.14019775390625,9,9,1,-5.565338155254722,-8.556468982176739,0
google/gemma-3-1b-it,control_subject_verb_0017,control_subject_verb,past-tense gender,-46.819557189941406,-57.318153381347656,8,8,1,-2.3923225551843643,10.933821083624935,1
google/gemma-3-1b-it,control_subject_verb_0018,control_subject_verb,past-tense gender,-70.03076934814453,-82.49827575683594,10,10,1,5.435424877330661,1.565933182835579,1
google/gemma-3-1b-it,control_subject_verb_0019,control_subject_verb,past-tense gender,-48.07990264892578,-70.32953643798828,8,9,1,17.884321451188498,12.477010256690846,1
google/gemma-3-1b-it,control_subject_verb_0020,control_subject_verb,past-tense gender,-42.26221466064453,-69.84821319580078,9,10,1,19.84635865688341,-4.454513534903526,1
google/gemma-3-1b-it,control_subject_verb_0021,control_subject_verb,past-tense gender,-67.29789733886719,-75.77900695800781,10,10,1,12.281902074826576,-14.243119955063548,0
google/gemma-3-1b-it,control_subject_verb_0022,control_subject_verb,past-tense gender,-53.06975173950195,-62.957908630371094,10,10,1,-8.408098638581578,12.241212726650701,1
google/gemma-3-1b-it,control_subject_verb_0023,control_subject_verb,past-tense gender,-56.308372497558594,-71.9091796875,10,10,1,-9.481508146316628,10.373659494136518,1
google/gemma-3-1b-it,control_subject_verb_0024,control_subject_verb,past-tense gender,-56.20372772216797,-64.79302978515625,9,9,1,-10.299251916359935,11.514179111411067,1
google/gemma-3-1b-it,control_subject_verb_0025,control_subject_verb,past-tense gender,-57.86651611328125,-64.3997802734375,11,11,1,15.709362387657336,-17.086871147156216,0
google/gemma-3-1b-it,control_subject_verb_0026,control_subject_verb,past-tense gender,-57.17290115356445,-65.39315795898438,10,10,1,13.446067452433226,-17.174128890037707,0
google/gemma-3-1b-it,control_subject_verb_0027,control_subject_verb,past-tense gender,-71.90533447265625,-87.39017486572266,9,9,1,9.339592222393549,9.976505640821415,1
google/gemma-3-1b-it,control_subject_verb_0028,control_subject_verb,past-tense gender,-46.74799346923828,-57.97987365722656,8,8,1,16.672833085073307,7.83884060147102,1
google/gemma-3-1b-it,control_subject_verb_0029,control_subject_verb,past-tense gender,-51.127220153808594,-61.92232131958008,10,10,1,-10.743664034147514,12.990192653014674,1
google/gemma-3-1b-it,control_subject_verb_0030,control_subject_verb,past-tense gender,-60.50774383544922,-69.65365600585938,11,11,1,6.101684457855299,-11.126197695850351,0
google/gemma-3-1b-it,control_subject_verb_0031,control_subject_verb,past-tense gender,-51.1507568359375,-58.409210205078125,8,8,1,-0.5035171508789062,9.362865465285722,1
google/gemma-3-1b-it,control_subject_verb_0032,control_subject_verb,past-tense gender,-78.92340850830078,-84.21284484863281,9,9,1,11.24194324025666,-14.652664422989119,0
google/gemma-3-1b-it,control_subject_verb_0033,control_subject_verb,past-tense gender,-48.683441162109375,-59.42010498046875,9,9,1,-5.959716755663976,-8.94630802544998,0
google/gemma-3-1b-it,control_subject_verb_0034,control_subject_verb,past-tense gender,-72.66688537597656,-76.49491119384766,11,11,1,-8.578180217766203,6.058471851283684,0
google/gemma-3-1b-it,control_subject_verb_0035,control_subject_verb,past-tense gender,-57.94017791748047,-66.283935546875,10,10,1,18.205928444862423,-19.674804329872188,0
google/gemma-3-1b-it,control_subject_verb_0036,control_subject_verb,past-tense gender,-48.314659118652344,-58.27183532714844,9,9,1,-11.022264363877184,8.445392757857917,0
google/gemma-3-1b-it,control_subject_verb_0037,control_subject_verb,past-tense gender,-61.01304244995117,-70.64876556396484,9,9,1,11.785395026268816,9.444189320129226,1
google/gemma-3-1b-it,control_subject_verb_0038,control_subject_verb,past-tense gender,-54.04322052001953,-61.50880432128906,9,9,1,14.76427865028404,-16.970393419265974,0
google/gemma-3-1b-it,control_subject_verb_0039,control_subject_verb,past-tense gender,-57.6479606628418,-66.10298919677734,9,9,1,17.85270214080856,-19.056990623474576,0
google/gemma-3-1b-it,control_subject_verb_0040,control_subject_verb,past-tense gender,-54.57435607910156,-58.41925811767578,8,8,1,4.540538829751313,0.11925125122070312,1
google/gemma-3-1b-it,control_subject_verb_0041,control_subject_verb,past-tense gender,-53.583831787109375,-62.32392883300781,9,9,1,12.893141150500924,1.2001801133155823,1
google/gemma-3-1b-it,control_subject_verb_0042,control_subject_verb,past-tense gender,-64.6739730834961,-77.82048797607422,9,9,1,14.571060538293182,-0.02307891845703125,1
google/gemma-3-1b-it,control_subject_verb_0043,control_subject_verb,past-tense gender,-65.62727355957031,-74.98160552978516,10,10,1,6.770149056101218,-14.692165136337962,0
google/gemma-3-1b-it,control_subject_verb_0044,control_subject_verb,past-tense gender,-53.57286834716797,-66.3783187866211,8,8,1,11.310647487813185,8.536866825656034,1
google/gemma-3-1b-it,control_subject_verb_0045,control_subject_verb,past-tense gender,-56.48657989501953,-60.37054443359375,9,9,1,-8.845079679478658,11.028688314145256,1
google/gemma-3-1b-it,control_subject_verb_0046,control_subject_verb,past-tense gender,-45.463558197021484,-59.59769821166992,10,10,1,-0.5422019958496094,6.880441772635095,1
google/gemma-3-1b-it,control_subject_verb_0047,control_subject_verb,past-tense gender,-57.944339752197266,-69.19793701171875,9,9,1,-2.9913025498390198,-4.280895210802555,0
google/gemma-3-1b-it,control_subject_verb_0048,control_subject_verb,past-tense gender,-65.1492919921875,-68.7710189819336,8,8,1,3.986709650605917,10.523115040155972,1
google/gemma-3-1b-it,control_subject_verb_0049,control_subject_verb,past-tense gender,-53.88478469848633,-60.58735275268555,8,8,1,1.3154259324073792,-1.7937774062156677,0
google/gemma-3-1b-it,control_subject_verb_0050,control_subject_verb,past-tense gender,-36.796287536621094,-49.178611755371094,9,9,1,12.34624516965414,10.14916958323738,1
google/gemma-3-1b-it,control_subject_verb_0051,control_subject_verb,past-tense gender,-63.45860290527344,-69.19596862792969,8,8,1,12.457821130763023,10.476024629730091,1
google/gemma-3-1b-it,control_subject_verb_0052,control_subject_verb,past-tense gender,-52.896141052246094,-63.2686767578125,11,11,1,10.344020486445515,4.993627776391804,1
google/gemma-3-1b-it,control_subject_verb_0053,control_subject_verb,past-tense gender,-58.04590606689453,-67.12275695800781,9,9,1,-8.906940476270393,9.309421545855002,1
google/gemma-3-1b-it,control_subject_verb_0054,control_subject_verb,past-tense gender,-62.53232955932617,-70.44677734375,10,10,1,5.584617386804894,-9.790462137872964,0
google/gemma-3-1b-it,control_subject_verb_0055,control_subject_verb,past-tense gender,-85.30227661132812,-92.97079467773438,11,11,1,-5.519554125610739,-11.637462854429032,0
google/gemma-3-1b-it,control_subject_verb_0056,control_subject_verb,past-tense gender,-70.74601745605469,-78.6289291381836,10,10,1,-3.067356124520302,4.1099854074418545,1
google/gemma-3-1b-it,control_subject_verb_0057,control_subject_verb,past-tense gender,-59.489994049072266,-67.69314575195312,10,10,1,6.2947732616448775,9.344164259455283,1
google/gemma-3-1b-it,control_subject_verb_0058,control_subject_verb,past-tense gender,-58.264686584472656,-64.72116088867188,9,9,1,6.337505237548612,-14.755771636963345,0
google/gemma-3-1b-it,control_subject_verb_0059,control_subject_verb,past-tense gender,-65.54046630859375,-71.21330261230469,10,10,1,-11.075339915081713,12.362804770953517,1
google/gemma-3-1b-it,control_subject_verb_0060,control_subject_verb,past-tense gender,-48.95899963378906,-59.09558868408203,9,9,1,-4.672046762891114,10.703879954198783,1
google/gemma-3-1b-it,control_subject_verb_0061,control_subject_verb,past-tense gender,-67.66241455078125,-76.01986694335938,12,12,1,1.4071464538574219,-12.741271615033611,0
google/gemma-3-1b-it,control_subject_verb_0062,control_subject_verb,past-tense gender,-69.53985595703125,-80.37862396240234,11,11,1,3.259689226746559,-12.699840545661573,0
google/gemma-3-1b-it,control_subject_verb_0063,control_subject_verb,past-tense gender,-85.08531951904297,-89.69462585449219,9,9,1,0.39194488525390625,-0.13922882080078125,1
google/gemma-3-1b-it,control_subject_verb_0064,control_subject_verb,past-tense gender,-51.3013916015625,-67.21580505371094,11,11,1,-1.2519378960132599,5.278347150422633,1
google/gemma-3-1b-it,control_subject_verb_0065,control_subject_verb,past-tense gender,-48.70616149902344,-64.55551147460938,9,9,1,10.825650811535525,7.699487600009888,1
google/gemma-3-1b-it,control_subject_verb_0066,control_subject_verb,past-tense gender,-55.939693450927734,-65.43899536132812,9,9,1,-1.7462158203125,12.391479254212754,1
google/gemma-3-1b-it,control_subject_verb_0067,control_subject_verb,past-tense gender,-65.80904388427734,-75.28917694091797,11,11,1,2.7703094109892845,11.582134486608993,1
google/gemma-3-1b-it,control_subject_verb_0068,control_subject_verb,past-tense gender,-54.14991760253906,-61.76685333251953,7,7,1,14.175971627236322,8.37928548749187,1
google/gemma-3-1b-it,control_subject_verb_0069,control_subject_verb,past-tense gender,-76.35892486572266,-88.22552490234375,9,9,1,4.543098486028612,5.297786602750421,1
google/gemma-3-1b-it,control_subject_verb_0070,control_subject_verb,past-tense gender,-52.21360778808594,-62.237586975097656,11,11,1,5.429504225030541,12.727266192876414,1
google/gemma-3-1b-it,control_subject_verb_0071,control_subject_verb,past-tense gender,-49.95689010620117,-59.30563735961914,11,11,1,-3.351978335529566,13.346126795093369,1
google/gemma-3-1b-it,control_subject_verb_0072,control_subject_verb,past-tense gender,-55.00420379638672,-66.17487335205078,9,9,1,-10.691501263601822,12.855980158203238,1
google/gemma-3-1b-it,control_subject_verb_0073,control_subject_verb,past-tense gender,-48.680694580078125,-60.398277282714844,8,8,1,-11.670133233776141,11.668721914604248,0
google/gemma-3-1b-it,control_subject_verb_0074,control_subject_verb,past-tense gender,-78.11312103271484,-94.43538665771484,10,10,1,-5.229591145645827,3.9316635094583035,0
google/gemma-3-1b-it,control_subject_verb_0075,control_subject_verb,past-tense gender,-46.982200622558594,-57.825035095214844,8,8,1,13.432640075830932,7.175889844365884,1
google/gemma-3-1b-it,control_subject_verb_0076,control_subject_verb,past-tense gender,-78.3484115600586,-91.09785461425781,11,11,1,-9.631855019775685,8.423572096478892,0
google/gemma-3-1b-it,control_subject_verb_0077,control_subject_verb,past-tense gender,-49.56059265136719,-58.24845886230469,9,9,1,9.654575111599115,-15.537140131000115,0
google/gemma-3-1b-it,control_subject_verb_0078,control_subject_verb,past-tense gender,-53.28271484375,-61.05216979980469,9,9,1,-2.5238647013902664,-8.640925900064758,0
google/gemma-3-1b-it,control_subject_verb_0079,control_subject_verb,past-tense gender,-46.68010330200195,-63.800315856933594,8,8,1,13.978662014033034,5.432985462248325,1
google/gemma-3-1b-it,control_subject_verb_0080,control_subject_verb,past-tense gender,-77.74479675292969,-81.95877075195312,10,10,1,6.834560379618779,-8.475841782594216,0
google/gemma-3-1b-it,control_subject_verb_0081,control_subject_verb,past-tense gender,-63.40289306640625,-72.83840942382812,9,9,1,17.5445238351831,-16.222882866859493,1
google/gemma-3-1b-it,control_subject_verb_0082,control_subject_verb,past-tense gender,-62.736473083496094,-70.30125427246094,11,11,1,6.401588624343276,-14.079110860825267,0
google/gemma-3-1b-it,control_subject_verb_0083,control_subject_verb,past-tense gender,-72.25125885009766,-76.36985778808594,11,11,1,8.726894630337483,-10.338897347988677,0
google/gemma-3-1b-it,control_subject_verb_0084,control_subject_verb,past-tense gender,-67.060546875,-77.08731079101562,10,10,1,-7.44338220678037,4.441444178111851,0
google/gemma-3-1b-it,control_subject_verb_0085,control_subject_verb,past-tense gender,-53.4526481628418,-65.76016235351562,8,8,1,15.3935109376946,9.20501352858264,1
google/gemma-3-1b-it,control_subject_verb_0086,control_subject_verb,past-tense gender,-53.82270812988281,-62.0848388671875,8,8,1,3.8270148299634457,-1.8413810282945633,1
google/gemma-3-1b-it,control_subject_verb_0087,control_subject_verb,past-tense gender,-50.10451889038086,-59.00337219238281,7,7,1,-1.645095869898796,0.24176406860351562,0
google/gemma-3-1b-it,control_subject_verb_0088,control_subject_verb,past-tense gender,-93.1142807006836,-104.4751968383789,10,10,1,1.9993781447410583,9.68343186936545,1
google/gemma-3-1b-it,control_subject_verb_0089,control_subject_verb,past-tense gender,-77.88089752197266,-73.70470428466797,11,11,0,12.091186285036656,-6.766399213694967,1
google/gemma-3-1b-it,control_subject_verb_0090,control_subject_verb,past-tense gender,-46.434017181396484,-59.790435791015625,8,8,1,15.758235812187763,7.789207327790791,1
google/gemma-3-1b-it,control_subject_verb_0091,control_subject_verb,past-tense gender,-49.17026138305664,-48.64490509033203,7,7,0,11.336853146640351,-5.643081732559949,1
google/gemma-3-1b-it,control_subject_verb_0092,control_subject_verb,past-tense gender,-45.164241790771484,-58.39910888671875,8,8,1,11.268157720716772,9.419366370711941,1
google/gemma-3-1b-it,control_subject_verb_0093,control_subject_verb,past-tense gender,-64.2358627319336,-77.30450439453125,10,10,1,-13.010465979874425,12.662076711900227,0
google/gemma-3-1b-it,control_subject_verb_0094,control_subject_verb,past-tense gender,-65.384033203125,-64.80435180664062,10,9,0,-9.671937947714468,-7.922401256219018,0
google/gemma-3-1b-it,control_subject_verb_0095,control_subject_verb,past-tense gender,-47.317291259765625,-58.42855453491211,8,9,1,7.159190959238913,14.967203140640777,1
google/gemma-3-1b-it,control_subject_verb_0096,control_subject_verb,past-tense gender,-44.843589782714844,-53.28398132324219,10,10,1,-11.740755320548487,12.612812162169575,1
google/gemma-3-1b-it,control_subject_verb_0097,control_subject_verb,past-tense gender,-56.42565155029297,-68.1148681640625,9,9,1,14.699577569982466,9.6479700862983,1
google/gemma-3-1b-it,control_subject_verb_0098,control_subject_verb,past-tense gender,-70.3236083984375,-84.1723861694336,9,9,1,2.6128424555063248,0.3550987243652344,1
google/gemma-3-1b-it,control_subject_verb_0099,control_subject_verb,past-tense gender,-74.75533294677734,-81.65332794189453,11,11,1,-12.699964046987589,8.509305985440733,0
google/gemma-3-1b-it,control_subject_verb_0100,control_subject_verb,past-tense gender,-62.90088653564453,-70.594970703125,9,9,1,-0.6146889328956604,7.186063617991749,1
google/gemma-3-1b-it,control_subject_verb_0101,control_subject_verb,past-tense gender,-58.73003387451172,-67.67390441894531,10,10,1,-11.3070927862409,4.8787804818712175,0
google/gemma-3-1b-it,control_subject_verb_0102,control_subject_verb,past-tense gender,-64.53726196289062,-72.3648681640625,10,10,1,-9.885367993010732,12.3900238278693,1
google/gemma-3-1b-it,control_subject_verb_0103,control_subject_verb,past-tense gender,-58.62587356567383,-64.93672180175781,9,9,1,8.550563831740874,11.166177275968948,1
google/gemma-3-1b-it,control_subject_verb_0104,control_subject_verb,past-tense gender,-61.9519157409668,-65.77825927734375,10,10,1,-5.423206456471235,-5.225750206969678,0
google/gemma-3-1b-it,control_subject_verb_0105,control_subject_verb,past-tense gender,-67.44342041015625,-70.80116271972656,11,11,1,11.608153820087864,-11.787139415773709,0
google/gemma-3-1b-it,control_subject_verb_0106,control_subject_verb,past-tense gender,-46.36558532714844,-52.14248275756836,8,8,1,4.856758096721023,-9.83058548126428,0
google/gemma-3-1b-it,control_subject_verb_0107,control_subject_verb,past-tense gender,-55.167808532714844,-76.45532989501953,10,11,1,19.43995988369005,6.637893733335659,1
google/gemma-3-1b-it,control_subject_verb_0108,control_subject_verb,past-tense gender,-56.781227111816406,-71.08763122558594,10,10,1,-10.885715009502746,13.320106387303895,1
google/gemma-3-1b-it,control_subject_verb_0109,control_subject_verb,past-tense gender,-62.70660400390625,-68.95756530761719,9,9,1,-4.12373748794198,2.966316305100918,0
google/gemma-3-1b-it,control_subject_verb_0110,control_subject_verb,past-tense gender,-47.92097854614258,-57.21056365966797,8,8,1,15.215210199356306,-10.910694122496352,1
google/gemma-3-1b-it,control_subject_verb_0111,control_subject_verb,past-tense gender,-69.25079345703125,-80.1908187866211,10,10,1,-7.291520958242472,10.898233056434037,1
google/gemma-3-1b-it,control_subject_verb_0112,control_subject_verb,past-tense gender,-53.251914978027344,-62.216209411621094,10,10,1,16.39673435688701,11.338214994797454,1
google/gemma-3-1b-it,control_subject_verb_0113,control_subject_verb,past-tense gender,-70.64682006835938,-82.16690063476562,10,10,1,1.255909025669098,9.628440750122536,1
google/gemma-3-1b-it,control_subject_verb_0114,control_subject_verb,past-tense gender,-63.65726852416992,-73.5497055053711,9,9,1,11.514907479356225,8.944099085289054,1
google/gemma-3-1b-it,control_subject_verb_0115,control_subject_verb,past-tense gender,-37.157325744628906,-55.260040283203125,8,8,1,13.05545067787807,-9.58486151946272,1
google/gemma-3-1b-it,control_subject_verb_0116,control_subject_verb,past-tense gender,-52.665794372558594,-60.584861755371094,9,9,1,-4.063865525647998,-5.216453574132174,0
google/gemma-3-1b-it,control_subject_verb_0117,control_subject_verb,past-tense gender,-72.048095703125,-78.99516296386719,10,10,1,14.823104858398892,-10.480590939927424,1
google/gemma-3-1b-it,control_subject_verb_0118,control_subject_verb,past-tense gender,-58.2352409362793,-66.98987579345703,10,10,1,15.473672509193477,-16.358491420745963,0
google/gemma-3-1b-it,control_subject_verb_0119,control_subject_verb,past-tense gender,-54.2955322265625,-57.521488189697266,8,8,1,12.487644076355082,2.7910958379507065,1
google/gemma-3-1b-it,control_subject_verb_0120,control_subject_verb,past-tense gender,-72.31739807128906,-82.96424865722656,10,10,1,6.907524017849937,8.920592805414344,1
google/gemma-3-1b-it,control_subject_verb_0121,control_subject_verb,past-tense gender,-99.78580474853516,-89.47901916503906,12,11,0,3.674400344491005,-19.568179726600704,0
google/gemma-3-1b-it,control_subject_verb_0122,control_subject_verb,past-tense gender,-62.72181701660156,-73.80343627929688,10,10,1,-1.926307663321495,1.8179740458726883,0
google/gemma-3-1b-it,control_subject_verb_0123,control_subject_verb,past-tense gender,-73.96513366699219,-73.80706787109375,10,9,0,-3.2853621803224087,-15.807458758354755,0
google/gemma-3-1b-it,control_subject_verb_0124,control_subject_verb,past-tense gender,-72.95008087158203,-81.90645599365234,9,9,1,8.328823357529473,4.561015849933028,1
google/gemma-3-1b-it,control_subject_verb_0125,control_subject_verb,past-tense gender,-72.02191162109375,-78.673583984375,12,12,1,-4.029479963704944,0.5681381821632385,0
google/gemma-3-1b-it,control_subject_verb_0126,control_subject_verb,past-tense gender,-53.09732437133789,-62.694664001464844,8,8,1,11.840393304852114,3.431102730333805,1
google/gemma-3-1b-it,control_subject_verb_0127,control_subject_verb,past-tense gender,-66.99885559082031,-76.87351989746094,9,9,1,-3.5618667118251324,-15.748328924179106,0
google/gemma-3-1b-it,control_subject_verb_0128,control_subject_verb,past-tense gender,-64.46641540527344,-74.54132080078125,10,10,1,-9.171668779032188,0.11243057250976562,0
google/gemma-3-1b-it,control_subject_verb_0129,control_subject_verb,past-tense gender,-49.94440841674805,-63.233604431152344,9,9,1,2.1311454623937607,8.83235361352854,1
google/gemma-3-1b-it,control_subject_verb_0130,control_subject_verb,past-tense gender,-60.006866455078125,-72.2274398803711,12,12,1,-11.413469078528578,13.04821598565104,1
google/gemma-3-1b-it,control_subject_verb_0131,control_subject_verb,past-tense gender,-44.19871139526367,-46.086578369140625,8,8,1,16.37101900577551,3.6496353428810835,1
google/gemma-3-1b-it,control_subject_verb_0132,control_subject_verb,past-tense gender,-54.98410415649414,-67.892822265625,11,11,1,-10.90218544358504,12.033643365542957,1
google/gemma-3-1b-it,control_subject_verb_0133,control_subject_verb,past-tense gender,-70.48961639404297,-80.776611328125,9,9,1,5.533016307279468,10.46721673491993,1
google/gemma-3-1b-it,control_subject_verb_0134,control_subject_verb,past-tense gender,-63.173797607421875,-71.13124084472656,9,9,1,-3.6702155601233244,-4.467281344346702,0
google/gemma-3-1b-it,control_subject_verb_0135,control_subject_verb,past-tense gender,-59.923370361328125,-76.22701263427734,9,10,1,20.671524882317158,-11.182483911613417,1
google/gemma-3-1b-it,control_subject_verb_0136,control_subject_verb,past-tense gender,-48.54961395263672,-59.045654296875,7,7,1,8.452667260178714,-8.774997842599987,0
google/gemma-3-1b-it,control_subject_verb_0137,control_subject_verb,past-tense gender,-63.0345344543457,-69.7839126586914,12,12,1,2.6242750883102417,0.8606643974781036,1
google/gemma-3-1b-it,control_subject_verb_0138,control_subject_verb,past-tense gender,-66.4900894165039,-73.35711669921875,11,11,1,-5.871273085474968,6.245582717470825,1
google/gemma-3-1b-it,control_subject_verb_0139,control_subject_verb,past-tense gender,-47.224609375,-64.70303344726562,11,11,1,-3.380428209900856,7.585452835075557,1
google/gemma-3-1b-it,control_subject_verb_0140,control_subject_verb,past-tense gender,-50.304298400878906,-60.96064758300781,8,8,1,14.827558398303154,9.425807842984796,1
google/gemma-3-1b-it,control_subject_verb_0141,control_subject_verb,past-tense gender,-60.25217056274414,-69.13944244384766,10,10,1,-3.0939713306725025,-3.5518989954143763,0
google/gemma-3-1b-it,control_subject_verb_0142,control_subject_verb,past-tense gender,-44.0062255859375,-50.870025634765625,9,9,1,-11.356296182788356,12.83402800688782,1
google/gemma-3-1b-it,control_subject_verb_0143,control_subject_verb,past-tense gender,-49.065826416015625,-58.53544616699219,8,8,1,9.740218998755154,-4.0912934467196465,1
google/gemma-3-1b-it,control_subject_verb_0144,control_subject_verb,past-tense gender,-63.5339469909668,-73.62834167480469,11,11,1,-10.239341977838194,10.142859937892354,0
google/gemma-3-1b-it,control_subject_verb_0145,control_subject_verb,past-tense gender,-51.79560089111328,-60.291404724121094,11,11,1,15.318409323692492,-16.504517793655623,0
google/gemma-3-1b-it,control_subject_verb_0146,control_subject_verb,past-tense gender,-45.21675491333008,-58.65901184082031,8,8,1,-4.777000358328223,10.032012587565987,1
google/gemma-3-1b-it,control_subject_verb_0147,control_subject_verb,past-tense gender,-58.72708511352539,-64.33779907226562,9,9,1,16.477053880691756,10.239464166050311,1
google/gemma-3-1b-it,control_subject_verb_0148,control_subject_verb,past-tense gender,-62.20358657836914,-70.94419860839844,12,12,1,15.744663238525845,-11.377234935831439,1
google/gemma-3-1b-it,control_subject_verb_0149,control_subject_verb,past-tense gender,-67.45060729980469,-76.4805908203125,10,10,1,6.06314084911719,-5.685875113354996,1
google/gemma-3-1b-it,control_subject_verb_0150,control_subject_verb,past-tense gender,-48.48958206176758,-59.08830261230469,7,7,1,8.380496647616383,5.248996824491769,1
google/gemma-3-1b-it,control_subject_verb_0151,control_subject_verb,past-tense gender,-65.50807189941406,-73.29285430908203,11,11,1,-9.83718514717475,8.338680538581684,0
google/gemma-3-1b-it,control_subject_verb_0152,control_subject_verb,past-tense gender,-56.73744201660156,-67.76419830322266,8,8,1,-2.222045809030533,-16.407246351242748,0
google/gemma-3-1b-it,control_subject_verb_0153,control_subject_verb,past-tense gender,-61.07178497314453,-71.30870056152344,8,8,1,14.28697800636428,-5.499427809845656,1
google/gemma-3-1b-it,control_subject_verb_0154,control_subject_verb,past-tense gender,-82.02732849121094,-84.42350006103516,11,10,1,-1.5490303188562393,-13.636260867120882,0
google/gemma-3-1b-it,control_subject_verb_0155,control_subject_verb,past-tense gender,-58.93345260620117,-61.50666046142578,9,9,1,9.578117492230376,6.2051164384465665,1
google/gemma-3-1b-it,control_subject_verb_0156,control_subject_verb,past-tense gender,-57.91381072998047,-65.44941711425781,8,8,1,10.210223913894879,11.761680603493005,1
google/gemma-3-1b-it,control_subject_verb_0157,control_subject_verb,past-tense gender,-58.480037689208984,-69.994384765625,9,9,1,15.787646889687494,9.44956780190114,1
google/gemma-3-1b-it,control_subject_verb_0158,control_subject_verb,past-tense gender,-55.050987243652344,-61.542640686035156,9,8,1,-10.796325804658409,-4.321376797743142,0
google/gemma-3-1b-it,control_subject_verb_0159,control_subject_verb,past-tense gender,-73.93984985351562,-76.73582458496094,11,10,1,12.087790966053035,-17.008824586868514,0
google/gemma-3-1b-it,control_subject_verb_0160,control_subject_verb,past-tense gender,-75.02154541015625,-81.55558013916016,11,10,1,18.775035977365178,-21.40758872032984,0
google/gemma-3-1b-it,control_subject_verb_0161,control_subject_verb,past-tense gender,-48.889068603515625,-56.36381530761719,8,8,1,1.580783799290657,-8.748401416451088,0
google/gemma-3-1b-it,control_subject_verb_0162,control_subject_verb,past-tense gender,-53.90576934814453,-63.599754333496094,9,9,1,-1.9531021863222122,3.7750282119959593,1
google/gemma-3-1b-it,control_subject_verb_0163,control_subject_verb,past-tense gender,-54.25437545776367,-62.49858856201172,8,8,1,13.119314193736955,10.398979431520274,1
google/gemma-3-1b-it,control_subject_verb_0164,control_subject_verb,past-tense gender,-82.275390625,-83.5619125366211,10,10,1,6.245575174572878,11.260425331027363,1
google/gemma-3-1b-it,control_subject_verb_0165,control_subject_verb,past-tense gender,-76.28245544433594,-84.62657165527344,12,12,1,-2.463764153420925,8.095421128615271,1
google/gemma-3-1b-it,control_subject_verb_0166,control_subject_verb,past-tense gender,-47.397605895996094,-55.585350036621094,8,8,1,9.944115043945203,8.299545615212992,1
google/gemma-3-1b-it,control_subject_verb_0167,control_subject_verb,past-tense gender,-55.53783416748047,-64.50691986083984,10,10,1,-6.324390338966623,8.589940829842817,1
google/gemma-3-1b-it,control_subject_verb_0168,control_subject_verb,past-tense gender,-59.66251754760742,-70.83304595947266,8,8,1,8.238280808436684,-2.156204327940941,1
google/gemma-3-1b-it,control_subject_verb_0169,control_subject_verb,past-tense gender,-45.57160949707031,-59.399497985839844,9,9,1,14.417293667821468,9.570756922868895,1
google/gemma-3-1b-it,control_subject_verb_0170,control_subject_verb,past-tense gender,-48.75157165527344,-65.81744384765625,9,9,1,6.311977493111044,6.413923046318814,1
google/gemma-3-1b-it,control_subject_verb_0171,control_subject_verb,past-tense gender,-66.73931884765625,-68.45327758789062,9,8,1,-11.214490657410352,-3.5868263002485037,0
google/gemma-3-1b-it,control_subject_verb_0172,control_subject_verb,past-tense gender,-51.169586181640625,-56.58169937133789,8,8,1,12.228759527224156,-13.119438052181977,0
google/gemma-3-1b-it,control_subject_verb_0173,control_subject_verb,past-tense gender,-63.02519226074219,-69.22893524169922,10,10,1,9.813293697126937,11.331945779471425,1
google/gemma-3-1b-it,control_subject_verb_0174,control_subject_verb,past-tense gender,-57.806007385253906,-69.1800308227539,10,10,1,-10.3655302538682,10.703145743387722,1
google/gemma-3-1b-it,control_subject_verb_0175,control_subject_verb,past-tense gender,-57.495384216308594,-62.68414306640625,9,9,1,13.275962829591663,-15.956915020943029,0
google/gemma-3-1b-it,control_subject_verb_0176,control_subject_verb,past-tense gender,-58.6080436706543,-67.74374389648438,12,12,1,-11.18832183246559,12.883422494473052,1
google/gemma-3-1b-it,control_subject_verb_0177,control_subject_verb,past-tense gender,-70.68179321289062,-81.3838882446289,9,9,1,6.432086811517365,-11.643329978031034,0
google/gemma-3-1b-it,control_subject_verb_0178,control_subject_verb,past-tense gender,-54.52989959716797,-67.06383514404297,9,9,1,8.000286517111817,7.891609160142252,1
google/gemma-3-1b-it,control_subject_verb_0179,control_subject_verb,past-tense gender,-51.85071563720703,-61.22383117675781,8,8,1,-1.5349197685718536,9.02509273297619,1
google/gemma-3-1b-it,control_subject_verb_0180,control_subject_verb,past-tense gender,-46.9787712097168,-53.11700439453125,7,7,1,15.426750421530414,9.479744212483638,1
google/gemma-3-1b-it,control_subject_verb_0181,control_subject_verb,past-tense gender,-68.8178939819336,-79.07499694824219,11,11,1,12.51989364624751,-14.22044181823776,0
google/gemma-3-1b-it,control_subject_verb_0182,control_subject_verb,past-tense gender,-51.75852966308594,-60.700706481933594,9,9,1,-8.657745272183092,8.445493254810572,0
google/gemma-3-1b-it,control_subject_verb_0183,control_subject_verb,past-tense gender,-60.664405822753906,-75.50728607177734,11,11,1,-9.783809546854172,11.29017472403575,1
google/gemma-3-1b-it,control_subject_verb_0184,control_subject_verb,past-tense gender,-45.724571228027344,-57.43931579589844,9,9,1,-5.748050705995411,-5.961391670629382,0
google/gemma-3-1b-it,control_subject_verb_0185,control_subject_verb,past-tense gender,-67.96017456054688,-73.51246643066406,11,11,1,-8.990829241767642,6.165386195993051,0
google/gemma-3-1b-it,control_subject_verb_0186,control_subject_verb,past-tense gender,-49.69992446899414,-59.16204071044922,10,10,1,1.1759300529956818,2.3455351889133453,1
google/gemma-3-1b-it,control_subject_verb_0187,control_subject_verb,past-tense gender,-57.616939544677734,-66.11235046386719,9,9,1,-0.6599769294261932,9.52208507830801,1
google/gemma-3-1b-it,control_subject_verb_0188,control_subject_verb,past-tense gender,-69.54265594482422,-74.33411407470703,11,11,1,-6.073158300016075,1.9580650925636292,0
google/gemma-3-1b-it,control_subject_verb_0189,control_subject_verb,past-tense gender,-37.4887809753418,-48.11485290527344,9,9,1,-8.780061783705605,10.816713581472868,1
google/gemma-3-1b-it,control_subject_verb_0190,control_subject_verb,past-tense gender,-71.84101867675781,-72.40806579589844,10,10,1,13.944656014443353,-14.134410858154752,0
google/gemma-3-1b-it,control_subject_verb_0191,control_subject_verb,past-tense gender,-44.62528991699219,-58.99280548095703,9,9,1,13.260934948942577,9.375161661795573,1
google/gemma-3-1b-it,control_subject_verb_0192,control_subject_verb,past-tense gender,-68.13119506835938,-73.70068359375,12,11,1,17.092770814895857,-13.205873012545453,1
google/gemma-3-1b-it,control_subject_verb_0193,control_subject_verb,past-tense gender,-66.76858520507812,-69.7046127319336,11,10,1,16.540610671043567,-20.42447614669811,0
google/gemma-3-1b-it,control_subject_verb_0194,control_subject_verb,past-tense gender,-56.896141052246094,-65.91792297363281,9,9,1,16.941912651062466,-15.60162389278429,1
google/gemma-3-1b-it,control_subject_verb_0195,control_subject_verb,past-tense gender,-62.355735778808594,-73.40383911132812,9,9,1,1.0254631340503693,-1.074638307094574,0
google/gemma-3-1b-it,control_subject_verb_0196,control_subject_verb,past-tense gender,-53.09369659423828,-63.43510437011719,10,10,1,13.22749853134701,12.29008448157947,1
google/gemma-3-1b-it,control_subject_verb_0197,control_subject_verb,past-tense gender,-66.91239166259766,-77.9359359741211,9,9,1,3.1150588244199753,5.271789711900055,1
google/gemma-3-1b-it,control_subject_verb_0198,control_subject_verb,past-tense gender,-72.45878601074219,-81.38299560546875,11,11,1,-4.520095930434763,-3.9094543270766735,0
google/gemma-3-1b-it,control_subject_verb_0199,control_subject_verb,past-tense gender,-54.75431823730469,-64.56729888916016,12,12,1,-10.14447022722743,13.605746865638139,1
google/gemma-3-1b-it,control_subject_verb_0200,control_subject_verb,past-tense gender,-80.03020477294922,-93.25543975830078,10,10,1,-7.051677739189472,-2.0479506701231003,0
google/gemma-3-1b-it,control_subject_verb_0201,control_subject_verb,past-tense gender,-52.315948486328125,-62.121337890625,10,10,1,15.838218450546293,-15.719371318817252,1
google/gemma-3-1b-it,control_subject_verb_0202,control_subject_verb,past-tense gender,-47.990135192871094,-56.350196838378906,9,8,1,-10.549986007448751,-14.779522061348302,0
google/gemma-3-1b-it,control_subject_verb_0203,control_subject_verb,past-tense gender,-42.950439453125,-54.728004455566406,8,8,1,-1.2281227111816406,7.50451641442487,1
google/gemma-3-1b-it,control_subject_verb_0204,control_subject_verb,past-tense gender,-42.36229705810547,-56.644371032714844,10,10,1,-9.174865496053826,10.741382720632828,1
google/gemma-3-1b-it,control_subject_verb_0205,control_subject_verb,past-tense gender,-57.533973693847656,-60.75419616699219,9,9,1,5.789317993912846,1.0406837463378906,1
google/gemma-3-1b-it,control_subject_verb_0206,control_subject_verb,past-tense gender,-55.22932052612305,-62.27141189575195,9,9,1,2.0910759791731834,-6.44452686351724,0
google/gemma-3-1b-it,control_subject_verb_0207,control_subject_verb,past-tense gender,-57.29897689819336,-68.94339752197266,10,10,1,-6.578430334920995,12.855087041989464,1
google/gemma-3-1b-it,control_subject_verb_0208,control_subject_verb,past-tense gender,-74.11587524414062,-81.85455322265625,10,10,1,0.6826858818531036,-14.096238851547923,0
google/gemma-3-1b-it,control_subject_verb_0209,control_subject_verb,past-tense gender,-64.41278839111328,-71.965087890625,10,10,1,-0.488067626953125,-5.657436500303447,0
google/gemma-3-1b-it,control_subject_verb_0210,control_subject_verb,past-tense gender,-55.456233978271484,-61.72215270996094,8,8,1,12.471340298663563,-4.600196675397456,1
google/gemma-3-1b-it,control_subject_verb_0211,control_subject_verb,past-tense gender,-53.07326889038086,-63.273704528808594,11,11,1,17.168646931648595,-19.29280567169235,0
google/gemma-3-1b-it,control_subject_verb_0212,control_subject_verb,past-tense gender,-62.093955993652344,-75.10393524169922,11,11,1,-6.517278732033446,11.45264649593446,1
google/gemma-3-1b-it,control_subject_verb_0213,control_subject_verb,past-tense gender,-68.19669342041016,-75.23553466796875,10,10,1,8.695365920008044,-12.958156466488617,0
google/gemma-3-1b-it,control_subject_verb_0214,control_subject_verb,past-tense gender,-59.876060485839844,-72.07266998291016,10,10,1,8.046661667554872,8.569216171628796,1
google/gemma-3-1b-it,control_subject_verb_0215,control_subject_verb,past-tense gender,-56.1488037109375,-66.93367004394531,11,11,1,-9.776551966744591,11.679473877913551,1
google/gemma-3-1b-it,control_subject_verb_0216,control_subject_verb,past-tense gender,-44.924903869628906,-54.21453094482422,8,8,1,-6.484382535214536,9.505087142213597,1
google/gemma-3-1b-it,control_subject_verb_0217,control_subject_verb,past-tense gender,-73.20071411132812,-80.28352355957031,9,9,1,2.539829358458519,10.663747669910663,1
google/gemma-3-1b-it,control_subject_verb_0218,control_subject_verb,past-tense gender,-64.89348602294922,-73.78190612792969,9,9,1,13.666206359867374,8.710870768554742,1
google/gemma-3-1b-it,control_subject_verb_0219,control_subject_verb,past-tense gender,-50.93750762939453,-55.1544303894043,8,8,1,4.7272072089836,8.452539833437186,1
google/gemma-3-1b-it,control_subject_verb_0220,control_subject_verb,past-tense gender,-73.7281494140625,-81.01626586914062,8,8,1,2.8002891205251217,8.7145196384663,1
google/gemma-3-1b-it,control_subject_verb_0221,control_subject_verb,past-tense gender,-48.27519989013672,-62.09172439575195,8,8,1,-8.63474074669648,11.043774010890047,1
google/gemma-3-1b-it,control_subject_verb_0222,control_subject_verb,past-tense gender,-61.197940826416016,-71.77706909179688,9,9,1,7.772590726817725,-9.332878474408062,0
google/gemma-3-1b-it,control_subject_verb_0223,control_subject_verb,past-tense gender,-60.10197830200195,-66.31800842285156,12,12,1,-7.775857916742098,9.544867997268739,1
google/gemma-3-1b-it,control_subject_verb_0224,control_subject_verb,past-tense gender,-49.809814453125,-57.51198196411133,9,9,1,7.29250335105462,-14.608564257622334,0
google/gemma-3-1b-it,control_subject_verb_0225,control_subject_verb,past-tense gender,-67.17385864257812,-78.93991088867188,12,11,1,15.246650934219588,-16.80420255661022,0
google/gemma-3-1b-it,control_subject_verb_0226,control_subject_verb,past-tense gender,-53.53797912597656,-64.61280822753906,9,9,1,4.834758521988988,11.109771371822717,1
google/gemma-3-1b-it,control_subject_verb_0227,control_subject_verb,past-tense gender,-65.75175476074219,-72.18716430664062,11,11,1,-10.627010108582908,10.02073669656238,0
google/gemma-3-1b-it,control_subject_verb_0228,control_subject_verb,past-tense gender,-55.527923583984375,-64.90919494628906,12,12,1,-2.5414923653006554,13.541937232294003,1
google/gemma-3-1b-it,control_subject_verb_0229,control_subject_verb,past-tense gender,-42.05773162841797,-47.98993682861328,7,7,1,14.874517440799991,8.809307480827556,1
google/gemma-3-1b-it,control_subject_verb_0230,control_subject_verb,past-tense gender,-72.17628479003906,-71.17794799804688,11,11,0,1.7297019958496094,5.247547078412026,1
google/gemma-3-1b-it,control_subject_verb_0231,control_subject_verb,past-tense gender,-53.82975769042969,-63.81181335449219,10,10,1,-2.8757399767637253,7.141628478537314,1
google/gemma-3-1b-it,control_subject_verb_0232,control_subject_verb,past-tense gender,-48.52656173706055,-58.9600830078125,7,7,1,15.174487710004314,9.963114031706937,1
google/gemma-3-1b-it,control_subject_verb_0233,control_subject_verb,past-tense gender,-57.62898635864258,-63.33826446533203,10,10,1,-8.781337995707872,10.503177883452736,1
google/gemma-3-1b-it,control_subject_verb_0234,control_subject_verb,past-tense gender,-63.92418670654297,-75.24858093261719,9,9,1,-11.297296047752752,-0.8395233750343323,0
google/gemma-3-1b-it,control_subject_verb_0235,control_subject_verb,past-tense gender,-58.60258102416992,-68.14603424072266,10,10,1,6.818679933669046,9.191551104202517,1
google/gemma-3-1b-it,control_subject_verb_0236,control_subject_verb,past-tense gender,-83.4010009765625,-76.94610595703125,11,10,0,3.2175179086625576,-17.286196947098006,0
google/gemma-3-1b-it,control_subject_verb_0237,control_subject_verb,past-tense gender,-49.07582473754883,-63.44635009765625,8,8,1,14.352679729475312,4.53380985558033,1
google/gemma-3-1b-it,control_subject_verb_0238,control_subject_verb,past-tense gender,-58.538063049316406,-64.03839111328125,9,9,1,10.21386337349395,-0.32802581787109375,1
google/gemma-3-1b-it,control_subject_verb_0239,control_subject_verb,past-tense gender,-60.92083740234375,-70.83533477783203,10,10,1,-4.618068860843778,12.47561597832373,1
google/gemma-3-1b-it,control_subject_verb_0240,control_subject_verb,past-tense gender,-48.59699249267578,-58.444580078125,7,7,1,-1.3404235690832138,8.37343446072191,1
google/gemma-3-1b-it,control_subject_verb_0241,control_subject_verb,past-tense gender,-55.461002349853516,-64.15079498291016,10,10,1,11.706661343609994,-8.817757021621219,1
google/gemma-3-1b-it,control_subject_verb_0242,control_subject_verb,past-tense gender,-66.7015380859375,-78.66940307617188,11,11,1,1.7438698261976242,5.4914667517878115,1
google/gemma-3-1b-it,control_subject_verb_0243,control_subject_verb,past-tense gender,-57.015193939208984,-64.72972869873047,9,9,1,-3.457885667681694,-3.3873900957405567,0
google/gemma-3-1b-it,control_subject_verb_0244,control_subject_verb,past-tense gender,-42.27278137207031,-54.888736724853516,10,10,1,-6.453977772383951,11.41858136942028,1
google/gemma-3-1b-it,control_subject_verb_0245,control_subject_verb,past-tense gender,-55.42070770263672,-64.40310668945312,10,10,1,-8.402725610911148,-7.499485169828404,0
google/gemma-3-1b-it,control_subject_verb_0246,control_subject_verb,past-tense gender,-78.35418701171875,-90.39314270019531,10,10,1,-7.151422400143929,12.555917859597685,1
google/gemma-3-1b-it,control_subject_verb_0247,control_subject_verb,past-tense gender,-67.15664672851562,-77.71713256835938,11,11,1,11.459163308202733,-5.512145788408816,1
google/gemma-3-1b-it,control_subject_verb_0248,control_subject_verb,past-tense gender,-64.64118194580078,-73.72769927978516,9,9,1,-5.990207819268107,9.65509009827656,1
google/gemma-3-1b-it,control_subject_verb_0249,control_subject_verb,past-tense gender,-50.68891906738281,-60.24238586425781,9,9,1,-2.273403123021126,6.963847979379352,1
google/gemma-3-1b-it,control_subject_verb_0250,control_subject_verb,past-tense gender,-60.857479095458984,-60.40088653564453,8,8,0,-6.37265213613864,-4.339744618162513,0
google/gemma-3-1b-it,control_subject_verb_0251,control_subject_verb,past-tense gender,-54.79819107055664,-70.37581634521484,9,9,1,-8.276672641193727,10.71641957846441,1
google/gemma-3-1b-it,control_subject_verb_0252,control_subject_verb,past-tense gender,-74.27963256835938,-83.94389343261719,9,9,1,-4.358398460783064,8.593570968223503,1
google/gemma-3-1b-it,control_subject_verb_0253,control_subject_verb,past-tense gender,-64.059326171875,-73.93233489990234,11,11,1,-10.163483025848109,12.18845164796221,1
google/gemma-3-1b-it,control_subject_verb_0254,control_subject_verb,past-tense gender,-61.926673889160156,-72.6875228881836,11,11,1,-7.9883878883265425,-2.382118299603462,0
google/gemma-3-1b-it,control_subject_verb_0255,control_subject_verb,past-tense gender,-89.30722045898438,-95.08736419677734,10,10,1,6.877571283723228,11.214215876862,1
google/gemma-3-1b-it,control_subject_verb_0256,control_subject_verb,past-tense gender,-42.92120361328125,-56.56696319580078,10,10,1,-8.285925321251852,8.698146723094396,1
google/gemma-3-1b-it,control_subject_verb_0257,control_subject_verb,past-tense gender,-67.4837875366211,-77.42242431640625,12,12,1,9.682067396264756,0.6608467102050781,1
google/gemma-3-1b-it,control_subject_verb_0258,control_subject_verb,past-tense gender,-51.39684295654297,-59.77503204345703,11,11,1,12.90911507607143,-14.877229571343037,0
google/gemma-3-1b-it,control_subject_verb_0259,control_subject_verb,past-tense gender,-60.6135139465332,-70.49740600585938,10,10,1,-2.8115807361900806,10.454347731152666,1
google/gemma-3-1b-it,control_subject_verb_0260,control_subject_verb,past-tense gender,-48.17948913574219,-65.18238830566406,9,10,1,12.608871459968213,13.87711882613803,1
google/gemma-3-1b-it,control_subject_verb_0261,control_subject_verb,past-tense gender,-50.00597381591797,-60.54515838623047,10,10,1,-8.317520417680498,-4.318565531633794,0
google/gemma-3-1b-it,control_subject_verb_0262,control_subject_verb,past-tense gender,-61.182579040527344,-70.70082092285156,8,8,1,-5.076835665851831,9.339934833056759,1
google/gemma-3-1b-it,control_subject_verb_0263,control_subject_verb,past-tense gender,-62.63426971435547,-70.2072525024414,9,9,1,6.704918063245714,-13.386646389962834,0
google/gemma-3-1b-it,control_subject_verb_0264,control_subject_verb,past-tense gender,-54.70412826538086,-66.46678161621094,11,11,1,-1.8312721252441406,8.799077647228842,1
google/gemma-3-1b-it,control_subject_verb_0265,control_subject_verb,past-tense gender,-55.74781036376953,-71.45318603515625,9,9,1,-11.442159892492782,13.805799365161874,1
google/gemma-3-1b-it,control_subject_verb_0266,control_subject_verb,past-tense gender,-61.36281204223633,-71.7648696899414,9,9,1,-0.9992218315601349,-11.22251129160577,0
google/gemma-3-1b-it,control_subject_verb_0267,control_subject_verb,past-tense gender,-48.58392333984375,-59.55488204956055,10,10,1,-11.451360941886378,0.16690826416015625,0
google/gemma-3-1b-it,control_subject_verb_0268,control_subject_verb,past-tense gender,-72.12248229980469,-79.37141418457031,8,8,1,6.330283920280635,10.517236949093785,1
google/gemma-3-1b-it,control_subject_verb_0269,control_subject_verb,past-tense gender,-53.64889907836914,-64.42356872558594,9,9,1,-7.962062671023887,-4.526405471377075,0
google/gemma-3-1b-it,control_subject_verb_0270,control_subject_verb,past-tense gender,-56.56941604614258,-68.6290283203125,12,12,1,-6.957874417770654,2.4065970554947853,0
google/gemma-3-1b-it,control_subject_verb_0271,control_subject_verb,past-tense gender,-80.72489929199219,-87.81231689453125,10,10,1,7.329235175100621,12.045091869069438,1
google/gemma-3-1b-it,control_subject_verb_0272,control_subject_verb,past-tense gender,-61.04930114746094,-69.99461364746094,10,10,1,-12.3045600655023,10.969349265524215,0
google/gemma-3-1b-it,control_subject_verb_0273,control_subject_verb,past-tense gender,-60.668766021728516,-68.68670654296875,11,11,1,-10.552446729168878,12.354954005910258,1
google/gemma-3-1b-it,control_subject_verb_0274,control_subject_verb,past-tense gender,-67.55611419677734,-74.31948852539062,10,10,1,-12.16246175816923,6.863140323548578,0
google/gemma-3-1b-it,control_subject_verb_0275,control_subject_verb,past-tense gender,-52.108558654785156,-64.01394653320312,9,9,1,4.303608143702149,9.694284801051253,1
google/gemma-3-1b-it,control_subject_verb_0276,control_subject_verb,past-tense gender,-53.15126037597656,-57.69215774536133,8,8,1,10.819347024171293,4.331161469221115,1
google/gemma-3-1b-it,control_subject_verb_0277,control_subject_verb,past-tense gender,-62.58073425292969,-70.42426300048828,9,9,1,-10.09939980715717,8.415634301520186,0
google/gemma-3-1b-it,control_subject_verb_0278,control_subject_verb,past-tense gender,-56.284698486328125,-66.37647247314453,9,9,1,-5.077015086077154,10.148534418811323,1
google/gemma-3-1b-it,control_subject_verb_0279,control_subject_verb,past-tense gender,-69.61480712890625,-79.65577697753906,12,12,1,14.328376770019986,-17.136371612550647,0
google/gemma-3-1b-it,control_subject_verb_0280,control_subject_verb,past-tense gender,-73.21322631835938,-85.28520202636719,10,10,1,2.5563393607735634,9.056944259922602,1
google/gemma-3-1b-it,control_subject_verb_0281,control_subject_verb,past-tense gender,-46.96689987182617,-60.58066177368164,9,9,1,-5.137534906156361,11.306961060705362,1
google/gemma-3-1b-it,control_subject_verb_0282,control_subject_verb,past-tense gender,-58.97578430175781,-65.2087173461914,8,9,1,5.563888749340549,14.563837170953775,1
google/gemma-3-1b-it,control_subject_verb_0283,control_subject_verb,past-tense gender,-73.39834594726562,-80.94918060302734,12,11,1,9.94568622231236,-12.180393219010512,0
google/gemma-3-1b-it,control_subject_verb_0284,control_subject_verb,past-tense gender,-63.57508850097656,-71.33958435058594,11,11,1,-6.658592004794627,-0.06534957885742188,0
google/gemma-3-1b-it,control_subject_verb_0285,control_subject_verb,past-tense gender,-63.65057373046875,-74.95863342285156,11,11,1,-2.897884365171194,-5.6418418504763395,0
google/gemma-3-1b-it,control_subject_verb_0286,control_subject_verb,past-tense gender,-59.39366149902344,-62.82624053955078,9,9,1,4.338684123940766,10.951967597618932,1
google/gemma-3-1b-it,control_subject_verb_0287,control_subject_verb,past-tense gender,-40.8990592956543,-47.500064849853516,8,8,1,-3.306945763528347,-1.2607001811265945,0
google/gemma-3-1b-it,control_subject_verb_0288,control_subject_verb,past-tense gender,-79.39529418945312,-78.0950927734375,11,10,0,13.380637764933226,-11.669750571292752,1
google/gemma-3-1b-it,control_subject_verb_0289,control_subject_verb,past-tense gender,-55.056190490722656,-68.48157501220703,10,10,1,-1.0203399658203125,-4.583778188563883,0
google/gemma-3-1b-it,control_subject_verb_0290,control_subject_verb,past-tense gender,-63.519866943359375,-76.1921615600586,9,9,1,4.81841276679188,-11.32197976121006,0
google/gemma-3-1b-it,control_subject_verb_0291,control_subject_verb,past-tense gender,-56.28605651855469,-66.46449279785156,10,10,1,11.116057872895908,-13.01321423054128,0
google/gemma-3-1b-it,control_subject_verb_0292,control_subject_verb,past-tense gender,-68.7684326171875,-79.17216491699219,10,10,1,-9.455684308035416,-11.310889840206983,0
google/gemma-3-1b-it,control_subject_verb_0293,control_subject_verb,past-tense gender,-52.75572204589844,-58.089874267578125,8,8,1,-8.49007573685958,-3.6862335670739412,0
google/gemma-3-1b-it,control_subject_verb_0294,control_subject_verb,past-tense gender,-53.01131057739258,-64.81613159179688,11,11,1,-9.767671234949376,12.146209240705502,1
google/gemma-3-1b-it,control_subject_verb_0295,control_subject_verb,past-tense gender,-72.9942626953125,-76.15083312988281,10,10,1,4.183387755416334,-8.602752225735458,0
google/gemma-3-1b-it,control_subject_verb_0296,control_subject_verb,past-tense gender,-53.11864471435547,-66.98680877685547,9,9,1,5.684375937329605,-9.68020653926942,0
google/gemma-3-1b-it,control_subject_verb_0297,control_subject_verb,past-tense gender,-55.050323486328125,-58.91724395751953,7,7,1,9.108646399261488,0.1027984619140625,1
google/gemma-3-1b-it,control_subject_verb_0298,control_subject_verb,past-tense gender,-38.445472717285156,-47.858707427978516,9,9,1,-6.136564287124202,10.085742957773618,1
google/gemma-3-1b-it,control_subject_verb_0299,control_subject_verb,past-tense gender,-69.79875946044922,-76.2863540649414,10,10,1,-5.231380391865969,9.327304848004133,1
google/gemma-3-1b-it,numeral_noun_0000,numeral_noun,2-4 + nom.pl,-39.997169494628906,-42.301353454589844,8,8,1,10.722149014754905,-11.185749173326258,0
google/gemma-3-1b-it,numeral_noun_0001,numeral_noun,2-4 + nom.pl,-44.050323486328125,-43.4996337890625,8,8,0,7.014972615346778,-10.768142581229768,0
google/gemma-3-1b-it,numeral_noun_0002,numeral_noun,2-4 + nom.pl,-60.127811431884766,-60.30073547363281,7,7,1,-10.29763367313717,9.273675821808865,0
google/gemma-3-1b-it,numeral_noun_0003,numeral_noun,2-4 + nom.pl,-45.776084899902344,-43.85458755493164,7,7,0,-2.823665525764227,10.74953234372515,1
google/gemma-3-1b-it,numeral_noun_0004,numeral_noun,2-4 + nom.pl,-32.227699279785156,-46.450653076171875,8,8,1,-1.861114576458931,10.299125910714793,1
google/gemma-3-1b-it,numeral_noun_0005,numeral_noun,2-4 + nom.pl,-59.88771057128906,-51.86705017089844,7,6,0,-4.147933749482036,11.250872019445524,1
google/gemma-3-1b-it,numeral_noun_0006,numeral_noun,2-4 + nom.pl,-47.52430725097656,-51.32554244995117,6,7,1,-10.825504304724745,13.452589035274286,1
google/gemma-3-1b-it,numeral_noun_0007,numeral_noun,2-4 + nom.pl,-44.95191955566406,-35.96747589111328,6,6,0,-5.28455903287977,0.22655487060546875,0
google/gemma-3-1b-it,numeral_noun_0008,numeral_noun,2-4 + nom.pl,-54.469871520996094,-56.90138626098633,10,10,1,-4.2702825758606195,5.395278982352465,1
google/gemma-3-1b-it,numeral_noun_0009,numeral_noun,2-4 + nom.pl,-46.70106506347656,-49.94340896606445,8,8,1,-5.502315321937203,10.224113107793528,1
google/gemma-3-1b-it,numeral_noun_0010,numeral_noun,2-4 + nom.pl,-38.53691864013672,-36.59550094604492,7,7,0,-10.18602157051646,13.073610664720036,1
google/gemma-3-1b-it,numeral_noun_0011,numeral_noun,2-4 + nom.pl,-50.0347900390625,-56.12551498413086,6,6,1,-9.278079679468647,10.956876287411433,1
google/gemma-3-1b-it,numeral_noun_0012,numeral_noun,2-4 + nom.pl,-52.65008544921875,-63.592193603515625,9,9,1,-5.780086558545008,6.530212296405807,1
google/gemma-3-1b-it,numeral_noun_0013,numeral_noun,2-4 + nom.pl,-43.4425163269043,-41.52461242675781,8,8,0,-4.479034210555255,8.079883867903845,1
google/gemma-3-1b-it,numeral_noun_0014,numeral_noun,2-4 + nom.pl,-44.96723175048828,-38.86833953857422,6,5,0,-10.066816696838941,9.645089634053875,0
google/gemma-3-1b-it,numeral_noun_0015,numeral_noun,2-4 + nom.pl,-38.766727447509766,-42.276153564453125,8,7,1,-1.0931397080421448,12.220395923073738,1
google/gemma-3-1b-it,numeral_noun_0016,numeral_noun,2-4 + nom.pl,-57.49189758300781,-59.16717529296875,6,6,1,-6.671392402611673,9.30962527570955,1
google/gemma-3-1b-it,numeral_noun_0017,numeral_noun,2-4 + nom.pl,-48.816001892089844,-50.80884552001953,8,7,1,-10.824376703461894,11.897374868956831,1
google/gemma-3-1b-it,numeral_noun_0018,numeral_noun,2-4 + nom.pl,-54.3302001953125,-55.56865692138672,7,7,1,-2.3499718606472015,3.0087853111326694,1
google/gemma-3-1b-it,numeral_noun_0019,numeral_noun,2-4 + nom.pl,-46.41549301147461,-51.816612243652344,9,9,1,6.857917625457048,5.696727720554918,1
google/gemma-3-1b-it,numeral_noun_0020,numeral_noun,2-4 + nom.pl,-42.6901969909668,-40.52248001098633,7,7,0,2.565223604440689,-6.713310386170633,0
google/gemma-3-1b-it,numeral_noun_0021,numeral_noun,2-4 + nom.pl,-38.50009536743164,-47.80601119995117,6,7,1,-12.51132918339863,12.11686682866275,0
google/gemma-3-1b-it,numeral_noun_0022,numeral_noun,2-4 + nom.pl,-49.09728240966797,-55.340362548828125,6,6,1,-9.453483125631465,9.851825251113041,1
google/gemma-3-1b-it,numeral_noun_0023,numeral_noun,2-4 + nom.pl,-43.47560119628906,-45.94584274291992,6,6,1,-15.721674323123807,15.803258538286173,1
google/gemma-3-1b-it,numeral_noun_0024,numeral_noun,2-4 + nom.pl,-48.4071159362793,-49.48371505737305,8,8,1,1.298206314444542,-6.140388308092952,0
google/gemma-3-1b-it,numeral_noun_0025,numeral_noun,2-4 + nom.pl,-41.802581787109375,-44.77615737915039,9,8,1,6.58383954432793,9.09153749064717,1
google/gemma-3-1b-it,numeral_noun_0026,numeral_noun,2-4 + nom.pl,-42.62061309814453,-44.75296401977539,8,8,1,1.82697294652462,8.726476924101007,1
google/gemma-3-1b-it,numeral_noun_0027,numeral_noun,2-4 + nom.pl,-44.44062042236328,-41.771827697753906,7,7,0,7.08273303223541,-0.14088058471679688,1
google/gemma-3-1b-it,numeral_noun_0028,numeral_noun,2-4 + nom.pl,-50.1413688659668,-44.346805572509766,8,8,0,-7.377407069376204,0.3258171081542969,0
google/gemma-3-1b-it,numeral_noun_0029,numeral_noun,2-4 + nom.pl,-41.927696228027344,-39.45681381225586,6,6,0,2.2501831352710724,-4.229869836941361,0
google/gemma-3-1b-it,numeral_noun_0030,numeral_noun,2-4 + nom.pl,-63.18791580200195,-79.2247543334961,10,10,1,7.984153567318572,-6.043933819048107,1
google/gemma-3-1b-it,numeral_noun_0031,numeral_noun,2-4 + nom.pl,-25.76107406616211,-31.794862747192383,8,7,1,-4.473228447139263,7.399322346784174,1
google/gemma-3-1b-it,numeral_noun_0032,numeral_noun,2-4 + nom.pl,-52.29344940185547,-48.68922424316406,8,8,0,1.999195009469986,-2.9395904429256916,0
google/gemma-3-1b-it,numeral_noun_0033,numeral_noun,2-4 + nom.pl,-50.22361373901367,-43.43390655517578,8,7,0,5.0024184989742935,10.045786025897542,1
google/gemma-3-1b-it,numeral_noun_0034,numeral_noun,2-4 + nom.pl,-45.81695556640625,-42.164039611816406,8,8,0,-13.35569596377536,11.878988268093963,0
google/gemma-3-1b-it,numeral_noun_0035,numeral_noun,2-4 + nom.pl,-45.28214645385742,-50.0401725769043,10,9,1,-8.676715512381634,11.950206876061202,1
google/gemma-3-1b-it,numeral_noun_0036,numeral_noun,2-4 + nom.pl,-33.847991943359375,-34.93437957763672,7,7,1,3.7096976786851883,-9.36877775589528,0
google/gemma-3-1b-it,numeral_noun_0037,numeral_noun,2-4 + nom.pl,-50.67184829711914,-62.368797302246094,9,10,1,-2.341896131634712,9.047088751540286,1
google/gemma-3-1b-it,numeral_noun_0038,numeral_noun,2-4 + nom.pl,-39.31007385253906,-44.803558349609375,10,10,1,-6.317882413393818,13.22860741643126,1
google/gemma-3-1b-it,numeral_noun_0039,numeral_noun,2-4 + nom.pl,-67.96571350097656,-58.33040237426758,8,8,0,-7.487859703134745,8.666255736825406,1
google/gemma-3-1b-it,numeral_noun_0040,numeral_noun,2-4 + nom.pl,-48.01239013671875,-53.553749084472656,9,9,1,-7.956020301033277,12.759941220348082,1
google/gemma-3-1b-it,numeral_noun_0041,numeral_noun,2-4 + nom.pl,-43.50922393798828,-43.768043518066406,7,7,1,3.6081772819161415,-4.117484955117106,0
google/gemma-3-1b-it,numeral_noun_0042,numeral_noun,2-4 + nom.pl,-44.081356048583984,-50.219505310058594,8,9,1,-9.223148712306283,11.894620776907686,1
google/gemma-3-1b-it,numeral_noun_0043,numeral_noun,2-4 + nom.pl,-45.55668258666992,-45.02516174316406,9,9,0,3.7841912135481834,10.67473960011921,1
google/gemma-3-1b-it,numeral_noun_0044,numeral_noun,2-4 + nom.pl,-46.67530059814453,-48.12574005126953,7,7,1,-8.602615394425811,11.111366392313357,1
google/gemma-3-1b-it,numeral_noun_0045,numeral_noun,2-4 + nom.pl,-45.277442932128906,-48.59524917602539,8,8,1,9.600849153968738,-1.3612327724695206,1
google/gemma-3-1b-it,numeral_noun_0046,numeral_noun,2-4 + nom.pl,-44.44525909423828,-46.97136306762695,8,8,1,5.305736458860338,-7.608055241231341,0
google/gemma-3-1b-it,numeral_noun_0047,numeral_noun,2-4 + nom.pl,-45.75504684448242,-47.80591583251953,10,10,1,-10.306371336751909,9.39353407501767,0
google/gemma-3-1b-it,numeral_noun_0048,numeral_noun,2-4 + nom.pl,-50.630592346191406,-61.74433517456055,8,8,1,-12.705947637921781,14.480388522178146,1
google/gemma-3-1b-it,numeral_noun_0049,numeral_noun,2-4 + nom.pl,-39.669761657714844,-49.775047302246094,7,7,1,-7.291671953746118,10.930623776337598,1
google/gemma-3-1b-it,numeral_noun_0050,numeral_noun,2-4 + nom.pl,-42.1446533203125,-41.279693603515625,6,6,0,5.667331720935181,-5.345413130708039,1
google/gemma-3-1b-it,numeral_noun_0051,numeral_noun,2-4 + nom.pl,-51.06135940551758,-55.851585388183594,8,8,1,-9.462837342456623,11.801397086841462,1
google/gemma-3-1b-it,numeral_noun_0052,numeral_noun,2-4 + nom.pl,-55.56109619140625,-70.62326049804688,9,9,1,5.691451993538067,6.648096109624021,1
google/gemma-3-1b-it,numeral_noun_0053,numeral_noun,2-4 + nom.pl,-48.963050842285156,-56.393890380859375,9,9,1,1.8578947931528091,7.747379404259846,1
google/gemma-3-1b-it,numeral_noun_0054,numeral_noun,2-4 + nom.pl,-43.97107696533203,-45.85954284667969,7,6,1,2.140743240714073,7.627010500524193,1
google/gemma-3-1b-it,numeral_noun_0055,numeral_noun,2-4 + nom.pl,-44.96617126464844,-48.307586669921875,8,9,1,-10.704223395681765,8.818895594071364,0
google/gemma-3-1b-it,numeral_noun_0056,numeral_noun,2-4 + nom.pl,-37.99462127685547,-41.941490173339844,7,8,1,-0.3097496032714844,13.230884791457356,1
google/gemma-3-1b-it,numeral_noun_0057,numeral_noun,2-4 + nom.pl,-40.68720626831055,-43.081459045410156,7,8,1,-1.435405671596527,13.020364405914734,1
google/gemma-3-1b-it,numeral_noun_0058,numeral_noun,2-4 + nom.pl,-47.265533447265625,-45.567413330078125,7,6,0,-4.266517871059477,11.882087589237926,1
google/gemma-3-1b-it,numeral_noun_0059,numeral_noun,2-4 + nom.pl,-43.15890884399414,-44.52520751953125,8,7,1,2.8966521434485912,5.606977247400209,1
google/gemma-3-1b-it,numeral_noun_0060,numeral_noun,2-4 + nom.pl,-38.80672836303711,-41.168731689453125,9,9,1,-9.318746575561818,8.764362235320732,0
google/gemma-3-1b-it,numeral_noun_0061,numeral_noun,2-4 + nom.pl,-24.185455322265625,-21.079050064086914,7,6,0,-14.201646328579955,11.03354108363419,0
google/gemma-3-1b-it,numeral_noun_0062,numeral_noun,2-4 + nom.pl,-45.461082458496094,-44.01274871826172,10,10,0,2.3271179497241974,1.9205132126808167,1
google/gemma-3-1b-it,numeral_noun_0063,numeral_noun,2-4 + nom.pl,-34.062828063964844,-36.47367858886719,8,8,1,-2.0852623730897903,-7.806484187109163,0
google/gemma-3-1b-it,numeral_noun_0064,numeral_noun,2-4 + nom.pl,-35.284725189208984,-33.121795654296875,6,6,0,-10.438451293608523,11.16534948721528,1
google/gemma-3-1b-it,numeral_noun_0065,numeral_noun,2-4 + nom.pl,-43.75710678100586,-43.761268615722656,7,7,1,11.308910727585499,0.7115784287452698,1
google/gemma-3-1b-it,numeral_noun_0066,numeral_noun,2-4 + nom.pl,-67.09394073486328,-68.30441284179688,8,8,1,-5.64890104602091,3.871761277318001,0
google/gemma-3-1b-it,numeral_noun_0067,numeral_noun,2-4 + nom.pl,-49.07624435424805,-54.185550689697266,8,8,1,1.5771217346191406,10.19306385739037,1
google/gemma-3-1b-it,numeral_noun_0068,numeral_noun,2-4 + nom.pl,-24.432525634765625,-18.035531997680664,7,6,0,-13.034904003416159,13.940019488538383,1
google/gemma-3-1b-it,numeral_noun_0069,numeral_noun,2-4 + nom.pl,-45.11499786376953,-47.17430877685547,10,10,1,6.19782655313611,0.049442291259765625,1
google/gemma-3-1b-it,numeral_noun_0070,numeral_noun,2-4 + nom.pl,-44.93540954589844,-48.66571807861328,7,7,1,-12.989034414764319,11.634021878675412,0
google/gemma-3-1b-it,numeral_noun_0071,numeral_noun,2-4 + nom.pl,-35.950462341308594,-47.03181457519531,8,9,1,-10.864171625733434,12.449926734516339,1
google/gemma-3-1b-it,numeral_noun_0072,numeral_noun,2-4 + nom.pl,-43.145179748535156,-50.952186584472656,9,9,1,7.440120751503855,-9.343345288514683,0
google/gemma-3-1b-it,numeral_noun_0073,numeral_noun,2-4 + nom.pl,-38.322662353515625,-51.292606353759766,7,8,1,-11.311149598259362,10.363477590064576,0
google/gemma-3-1b-it,numeral_noun_0074,numeral_noun,2-4 + nom.pl,-36.57661819458008,-35.4344482421875,8,8,0,-9.858842971625563,8.337330257432768,0
google/gemma-3-1b-it,numeral_noun_0075,numeral_noun,2-4 + nom.pl,-52.95848846435547,-53.744022369384766,7,7,1,-4.1743585942313075,2.383613631129265,0
google/gemma-3-1b-it,numeral_noun_0076,numeral_noun,2-4 + nom.pl,-36.798973083496094,-41.95110321044922,8,7,1,-0.8889961838722229,15.019132256715238,1
google/gemma-3-1b-it,numeral_noun_0077,numeral_noun,2-4 + nom.pl,-42.27778625488281,-43.03666687011719,8,8,1,-5.8322355565615,-3.2528381161391735,0
google/gemma-3-1b-it,numeral_noun_0078,numeral_noun,2-4 + nom.pl,-43.74082946777344,-46.282386779785156,8,8,1,-7.880565603001742,12.454852581367959,1
google/gemma-3-1b-it,numeral_noun_0079,numeral_noun,2-4 + nom.pl,-51.16615295410156,-55.57743835449219,8,8,1,11.089496731903637,-0.517337828874588,1
google/gemma-3-1b-it,numeral_noun_0080,numeral_noun,2-4 + nom.pl,-46.8089599609375,-38.68729782104492,6,6,0,-2.7258987575769424,9.429103856818983,1
google/gemma-3-1b-it,numeral_noun_0081,numeral_noun,2-4 + nom.pl,-69.58195495605469,-70.13965606689453,7,7,1,-6.51963991264347,7.373874529323075,1
google/gemma-3-1b-it,numeral_noun_0082,numeral_noun,2-4 + nom.pl,-50.11248016357422,-54.54693603515625,8,8,1,-12.609966635814999,-5.486377480905503,0
google/gemma-3-1b-it,numeral_noun_0083,numeral_noun,2-4 + nom.pl,-40.0633659362793,-39.91505432128906,10,10,0,-8.729499357796158,11.13352954468428,1
google/gemma-3-1b-it,numeral_noun_0084,numeral_noun,2-4 + nom.pl,-33.14872741699219,-33.46217727661133,9,9,1,-2.958534225821495,10.788480533432448,1
google/gemma-3-1b-it,numeral_noun_0085,numeral_noun,2-4 + nom.pl,-49.681427001953125,-53.027099609375,8,8,1,8.183350007020636,-5.639529982581735,1
google/gemma-3-1b-it,numeral_noun_0086,numeral_noun,2-4 + nom.pl,-54.54667282104492,-47.334136962890625,6,7,0,-2.7931079268455505,9.326639556195005,1
google/gemma-3-1b-it,numeral_noun_0087,numeral_noun,2-4 + nom.pl,-65.82962036132812,-64.67073059082031,7,7,0,-1.436721757054329,7.38244835450314,1
google/gemma-3-1b-it,numeral_noun_0088,numeral_noun,2-4 + nom.pl,-52.46910095214844,-51.493133544921875,7,7,0,-5.945121780270711,3.648567186668515,0
google/gemma-3-1b-it,numeral_noun_0089,numeral_noun,2-4 + nom.pl,-41.039894104003906,-37.80741882324219,7,6,0,10.299903512670426,-9.397848252156109,1
google/gemma-3-1b-it,numeral_noun_0090,numeral_noun,2-4 + nom.pl,-48.148345947265625,-53.816871643066406,9,8,1,-8.125344801723259,11.565042734424424,1
google/gemma-3-1b-it,numeral_noun_0091,numeral_noun,2-4 + nom.pl,-41.90178680419922,-43.2038459777832,9,9,1,2.9517212733626366,10.597457529180247,1
google/gemma-3-1b-it,numeral_noun_0092,numeral_noun,2-4 + nom.pl,-39.16548156738281,-42.216773986816406,9,9,1,-10.880313994595781,11.352824927867914,1
google/gemma-3-1b-it,numeral_noun_0093,numeral_noun,2-4 + nom.pl,-43.569061279296875,-52.53876495361328,7,8,1,11.130739569805883,-11.002799987993058,1
google/gemma-3-1b-it,numeral_noun_0094,numeral_noun,2-4 + nom.pl,-44.44566345214844,-51.16127014160156,8,8,1,-1.1140594780445099,4.3523485492914915,1
google/gemma-3-1b-it,numeral_noun_0095,numeral_noun,2-4 + nom.pl,-51.57688903808594,-40.19184112548828,6,5,0,-6.508672734722495,11.089667799351446,1
google/gemma-3-1b-it,numeral_noun_0096,numeral_noun,2-4 + nom.pl,-49.09684753417969,-59.04645538330078,8,8,1,-12.062092185631627,11.566160440903332,0
google/gemma-3-1b-it,numeral_noun_0097,numeral_noun,2-4 + nom.pl,-53.09849548339844,-48.448116302490234,9,9,0,-6.886194451595657,-0.17333984375,0
google/gemma-3-1b-it,numeral_noun_0098,numeral_noun,2-4 + nom.pl,-44.6723747253418,-48.79643249511719,8,8,1,10.127725482998358,-14.902008414278043,0
google/gemma-3-1b-it,numeral_noun_0099,numeral_noun,2-4 + nom.pl,-34.498043060302734,-39.94492721557617,7,6,1,-7.88270195532823,13.489835977810799,1
google/gemma-3-1b-it,numeral_noun_0100,numeral_noun,2-4 + nom.pl,-44.465396881103516,-50.256195068359375,8,9,1,11.35106074819123,-10.080692053856183,1
google/gemma-3-1b-it,numeral_noun_0101,numeral_noun,2-4 + nom.pl,-50.10092544555664,-56.87773895263672,9,9,1,-5.652208175044507,7.330476636183448,1
google/gemma-3-1b-it,numeral_noun_0102,numeral_noun,2-4 + nom.pl,-45.60447311401367,-41.16554260253906,8,8,0,-2.387996695935726,4.744216943159699,1
google/gemma-3-1b-it,numeral_noun_0103,numeral_noun,2-4 + nom.pl,-57.82189178466797,-68.05216979980469,7,8,1,-7.91622360466863,9.338386662173434,1
google/gemma-3-1b-it,numeral_noun_0104,numeral_noun,2-4 + nom.pl,-48.128211975097656,-48.739933013916016,8,8,1,13.25118994713057,7.933029246807564,1
google/gemma-3-1b-it,numeral_noun_0105,numeral_noun,2-4 + nom.pl,-56.533721923828125,-57.413841247558594,6,6,1,-7.444583983276971,5.830274395644665,0
google/gemma-3-1b-it,numeral_noun_0106,numeral_noun,2-4 + nom.pl,-42.944366455078125,-41.26111602783203,7,6,0,11.875341415441653,-5.08814232936129,1
google/gemma-3-1b-it,numeral_noun_0107,numeral_noun,2-4 + nom.pl,-60.32096862792969,-61.58850860595703,6,7,1,-9.727593907751725,10.037603501776175,1
google/gemma-3-1b-it,numeral_noun_0108,numeral_noun,2-4 + nom.pl,-55.1682014465332,-42.538787841796875,8,8,0,11.108173132077354,-7.274650577397551,1
google/gemma-3-1b-it,numeral_noun_0109,numeral_noun,2-4 + nom.pl,-54.312286376953125,-50.166160583496094,7,8,0,-2.0127562880516052,10.934684516934794,1
google/gemma-3-1b-it,numeral_noun_0110,numeral_noun,2-4 + nom.pl,-58.37358474731445,-55.88977813720703,6,7,0,-9.41192985852831,10.482248191998224,1
google/gemma-3-1b-it,numeral_noun_0111,numeral_noun,2-4 + nom.pl,-51.75751495361328,-58.573486328125,7,7,1,-4.237815693020821,12.331930399053817,1
google/gemma-3-1b-it,numeral_noun_0112,numeral_noun,2-4 + nom.pl,-71.42154693603516,-53.17664337158203,7,7,0,-12.291994333849289,11.176321270046174,0
google/gemma-3-1b-it,numeral_noun_0113,numeral_noun,2-4 + nom.pl,-38.38982009887695,-38.450218200683594,9,9,1,-7.060417085653171,12.91157496035521,1
google/gemma-3-1b-it,numeral_noun_0114,numeral_noun,2-4 + nom.pl,-46.68507385253906,-48.52317810058594,8,7,1,6.427018885617144,7.065075117570814,1
google/gemma-3-1b-it,numeral_noun_0115,numeral_noun,2-4 + nom.pl,-53.17965316772461,-47.737648010253906,8,8,0,-12.308021546414238,12.016502023521753,0
google/gemma-3-1b-it,numeral_noun_0116,numeral_noun,2-4 + nom.pl,-23.975006103515625,-28.37834930419922,6,6,1,-13.004964947960616,14.530503988709825,1
google/gemma-3-1b-it,numeral_noun_0117,numeral_noun,2-4 + nom.pl,-38.723243713378906,-49.21833038330078,8,8,1,-6.563232591608539,10.062914259688114,1
google/gemma-3-1b-it,numeral_noun_0118,numeral_noun,2-4 + nom.pl,-44.650447845458984,-42.8629150390625,7,7,0,1.8682022243738174,4.971385844517499,1
google/gemma-3-1b-it,numeral_noun_0119,numeral_noun,2-4 + nom.pl,-36.677669525146484,-37.5140380859375,10,10,1,0.9149818122386932,10.966135388014663,1
google/gemma-3-1b-it,numeral_noun_0120,numeral_noun,2-4 + nom.pl,-65.1543960571289,-62.859371185302734,7,7,0,-11.177198178746039,10.24589193562133,0
google/gemma-3-1b-it,numeral_noun_0121,numeral_noun,2-4 + nom.pl,-23.542522430419922,-30.029075622558594,6,6,1,-12.25675940547444,15.909265876009158,1
google/gemma-3-1b-it,numeral_noun_0122,numeral_noun,2-4 + nom.pl,-55.165679931640625,-50.59356689453125,7,6,0,-9.326040646905312,11.869079114727356,1
google/gemma-3-1b-it,numeral_noun_0123,numeral_noun,2-4 + nom.pl,-63.66706085205078,-54.42078399658203,7,6,0,5.729995883768424,9.029561772651505,1
google/gemma-3-1b-it,numeral_noun_0124,numeral_noun,2-4 + nom.pl,-43.7282600402832,-39.01983642578125,9,9,0,-3.304069470614195,2.7343521118164062,0
google/gemma-3-1b-it,numeral_noun_0125,numeral_noun,2-4 + nom.pl,-48.64677429199219,-46.576759338378906,9,9,0,12.452518820772184,9.09601748950081,1
google/gemma-3-1b-it,numeral_noun_0126,numeral_noun,2-4 + nom.pl,-42.082279205322266,-41.573516845703125,9,9,0,-6.3054352783365175,6.690166364423931,1
google/gemma-3-1b-it,numeral_noun_0127,numeral_noun,2-4 + nom.pl,-48.41289520263672,-47.786285400390625,7,7,0,-6.025226399535313,-1.202327698469162,0
google/gemma-3-1b-it,numeral_noun_0128,numeral_noun,2-4 + nom.pl,-44.00531005859375,-43.82658386230469,7,8,0,7.99791329872096,7.2907369416207075,1
google/gemma-3-1b-it,numeral_noun_0129,numeral_noun,2-4 + nom.pl,-64.2175064086914,-63.534156799316406,8,8,0,-10.209434629403404,6.570352609269321,0
google/gemma-3-1b-it,numeral_noun_0130,numeral_noun,2-4 + nom.pl,-47.41535568237305,-50.151390075683594,7,7,1,-3.896518722176552,11.290407062959275,1
google/gemma-3-1b-it,numeral_noun_0131,numeral_noun,2-4 + nom.pl,-47.31017303466797,-52.66819763183594,9,9,1,8.537292857887223,-7.01210790371988,1
google/gemma-3-1b-it,numeral_noun_0132,numeral_noun,2-4 + nom.pl,-51.719970703125,-52.9534912109375,9,9,1,-9.702594283189683,9.17119956685201,0
google/gemma-3-1b-it,numeral_noun_0133,numeral_noun,2-4 + nom.pl,-46.77177429199219,-51.24071502685547,7,7,1,-11.953600287810332,-2.6797372102737427,0
google/gemma-3-1b-it,numeral_noun_0134,numeral_noun,2-4 + nom.pl,-36.055328369140625,-37.24248504638672,7,7,1,-10.260444645842654,10.808768871385837,1
google/gemma-3-1b-it,numeral_noun_0135,numeral_noun,2-4 + nom.pl,-41.50180435180664,-42.756473541259766,7,8,1,5.435218910686672,-4.522745098918676,1
google/gemma-3-1b-it,numeral_noun_0136,numeral_noun,2-4 + nom.pl,-41.170005798339844,-39.980621337890625,9,9,0,-4.461141702719033,6.074276125058532,1
google/gemma-3-1b-it,numeral_noun_0137,numeral_noun,2-4 + nom.pl,-50.99833297729492,-54.786617279052734,7,7,1,-10.677446485056862,-11.623061895418687,0
google/gemma-3-1b-it,numeral_noun_0138,numeral_noun,2-4 + nom.pl,-55.04281234741211,-50.29286193847656,6,7,0,-4.942794745322317,8.210298470046837,1
google/gemma-3-1b-it,numeral_noun_0139,numeral_noun,2-4 + nom.pl,-30.598669052124023,-45.102088928222656,7,7,1,-9.369813566780067,11.277342081499228,1
google/gemma-3-1b-it,numeral_noun_0140,numeral_noun,2-4 + nom.pl,-71.050048828125,-61.864715576171875,8,8,0,-9.580672984200646,10.422675730922492,1
google/gemma-3-1b-it,numeral_noun_0141,numeral_noun,2-4 + nom.pl,-52.72380447387695,-56.94966125488281,8,7,1,4.4527169382199645,11.085071087227334,1
google/gemma-3-1b-it,numeral_noun_0142,numeral_noun,2-4 + nom.pl,-38.406105041503906,-42.58894348144531,7,6,1,1.5748214274644852,6.978359111002646,1
google/gemma-3-1b-it,numeral_noun_0143,numeral_noun,2-4 + nom.pl,-54.53684616088867,-49.05064392089844,7,7,0,-11.205524564309599,12.67383015179621,1
google/gemma-3-1b-it,numeral_noun_0144,numeral_noun,2-4 + nom.pl,-38.87763214111328,-39.149600982666016,7,6,1,-5.791658558649942,11.815450669564598,1
google/gemma-3-1b-it,numeral_noun_0145,numeral_noun,2-4 + nom.pl,-55.31642150878906,-36.01927185058594,5,6,0,-10.617721454327693,12.853372455741919,1
google/gemma-3-1b-it,numeral_noun_0146,numeral_noun,2-4 + nom.pl,-38.81682586669922,-38.97679901123047,8,8,1,-13.283245087674004,14.918304682461894,1
google/gemma-3-1b-it,numeral_noun_0147,numeral_noun,2-4 + nom.pl,-43.53117752075195,-37.20527267456055,7,7,0,0.8198584914207458,-5.323036034125835,0
google/gemma-3-1b-it,numeral_noun_0148,numeral_noun,2-4 + nom.pl,-38.37929153442383,-39.53948974609375,9,9,1,-11.475162626353267,14.275718689521455,1
google/gemma-3-1b-it,numeral_noun_0149,numeral_noun,2-4 + nom.pl,-51.72615051269531,-54.484588623046875,8,9,1,-6.826379745150916,9.430714020971209,1
google/gemma-3-1b-it,numeral_noun_0150,numeral_noun,5+ + gen.pl,-44.261966705322266,-45.513641357421875,10,10,1,8.762210739136208,11.408542752786161,1
google/gemma-3-1b-it,numeral_noun_0151,numeral_noun,5+ + gen.pl,-31.324722290039062,-49.68187713623047,7,8,1,-13.281145453907811,6.685302578378469,0
google/gemma-3-1b-it,numeral_noun_0152,numeral_noun,5+ + gen.pl,-42.89859390258789,-47.723297119140625,10,9,1,-13.74953115410608,12.429380779285566,0
google/gemma-3-1b-it,numeral_noun_0153,numeral_noun,5+ + gen.pl,-51.82456970214844,-48.18207550048828,8,8,0,-5.411277754232287,-1.0695075690746307,0
google/gemma-3-1b-it,numeral_noun_0154,numeral_noun,5+ + gen.pl,-46.31822967529297,-64.13516235351562,9,9,1,11.31327855595464,8.915311830642167,1
google/gemma-3-1b-it,numeral_noun_0155,numeral_noun,5+ + gen.pl,-33.537742614746094,-49.842708587646484,9,9,1,-13.532487511905856,14.910120129672578,1
google/gemma-3-1b-it,numeral_noun_0156,numeral_noun,5+ + gen.pl,-65.65131378173828,-67.82306671142578,7,7,1,-9.241382845430053,10.674947740229982,1
google/gemma-3-1b-it,numeral_noun_0157,numeral_noun,5+ + gen.pl,-37.7717170715332,-40.75220489501953,8,7,1,-9.897735600527085,13.36664938980175,1
google/gemma-3-1b-it,numeral_noun_0158,numeral_noun,5+ + gen.pl,-39.07524871826172,-48.99713134765625,11,10,1,8.054942658432992,6.5813559462549165,1
google/gemma-3-1b-it,numeral_noun_0159,numeral_noun,5+ + gen.pl,-70.25977325439453,-73.3905029296875,11,10,1,-9.152626174254692,8.893831629713532,0
google/gemma-3-1b-it,numeral_noun_0160,numeral_noun,5+ + gen.pl,-47.611900329589844,-51.13775634765625,12,12,1,7.551952381909359,8.760932700926787,1
google/gemma-3-1b-it,numeral_noun_0161,numeral_noun,5+ + gen.pl,-49.84539031982422,-52.691123962402344,9,9,1,17.51566481590274,8.237091102957493,1
google/gemma-3-1b-it,numeral_noun_0162,numeral_noun,5+ + gen.pl,-35.91011428833008,-48.387451171875,10,9,1,-6.250114676426165,12.839400768600171,1
google/gemma-3-1b-it,numeral_noun_0163,numeral_noun,5+ + gen.pl,-41.34379196166992,-52.99256134033203,10,10,1,5.560447461204603,1.3210258781909943,1
google/gemma-3-1b-it,numeral_noun_0164,numeral_noun,5+ + gen.pl,-48.62175750732422,-45.21369171142578,8,7,0,4.396595087833703,17.2273408174583,1
google/gemma-3-1b-it,numeral_noun_0165,numeral_noun,5+ + gen.pl,-51.29045867919922,-56.31697082519531,9,9,1,-6.197830277029425,1.673862487077713,0
google/gemma-3-1b-it,numeral_noun_0166,numeral_noun,5+ + gen.pl,-63.72954559326172,-77.29348754882812,8,8,1,-4.508701399900019,7.417777976952493,1
google/gemma-3-1b-it,numeral_noun_0167,numeral_noun,5+ + gen.pl,-47.569828033447266,-56.002410888671875,8,8,1,-1.9184607565402985,1.1488304138183594,0
google/gemma-3-1b-it,numeral_noun_0168,numeral_noun,5+ + gen.pl,-65.18929290771484,-72.67605590820312,8,8,1,4.041427748277783,6.283473951742053,1
google/gemma-3-1b-it,numeral_noun_0169,numeral_noun,5+ + gen.pl,-43.39664077758789,-54.1356201171875,9,8,1,-9.922933581256075,15.975145220761078,1
google/gemma-3-1b-it,numeral_noun_0170,numeral_noun,5+ + gen.pl,-71.50792694091797,-75.72379302978516,7,7,1,5.854919255711138,12.693828821438728,1
google/gemma-3-1b-it,numeral_noun_0171,numeral_noun,5+ + gen.pl,-60.45458984375,-72.69105529785156,10,10,1,3.4972877632826567,7.728630166762741,1
google/gemma-3-1b-it,numeral_noun_0172,numeral_noun,5+ + gen.pl,-43.966468811035156,-48.64594268798828,8,8,1,-2.646209716796875,0.7243271172046661,0
google/gemma-3-1b-it,numeral_noun_0173,numeral_noun,5+ + gen.pl,-43.823646545410156,-53.638038635253906,7,7,1,-7.107162278669421,5.149393254425377,0
google/gemma-3-1b-it,numeral_noun_0174,numeral_noun,5+ + gen.pl,-37.80621337890625,-42.61009979248047,9,9,1,-6.617275469005108,6.803951466456056,1
google/gemma-3-1b-it,numeral_noun_0175,numeral_noun,5+ + gen.pl,-50.194461822509766,-56.690521240234375,9,9,1,-0.2175750732421875,11.802757144092539,1
google/gemma-3-1b-it,numeral_noun_0176,numeral_noun,5+ + gen.pl,-69.42352294921875,-73.33336639404297,7,8,1,-11.724316001393163,8.154085450805724,0
google/gemma-3-1b-it,numeral_noun_0177,numeral_noun,5+ + gen.pl,-61.98662567138672,-68.48635864257812,8,8,1,-8.700361526862253,7.526187983166892,0
google/gemma-3-1b-it,numeral_noun_0178,numeral_noun,5+ + gen.pl,-52.44961929321289,-57.850711822509766,8,8,1,-3.191856276243925,10.449432616172999,1
google/gemma-3-1b-it,numeral_noun_0179,numeral_noun,5+ + gen.pl,-47.60972595214844,-59.86094665527344,11,11,1,-0.8951758742332458,11.201919080176594,1
google/gemma-3-1b-it,numeral_noun_0180,numeral_noun,5+ + gen.pl,-30.21025848388672,-39.418846130371094,7,7,1,-10.795205832917418,13.261803031180534,1
google/gemma-3-1b-it,numeral_noun_0181,numeral_noun,5+ + gen.pl,-92.58522033691406,-74.64028930664062,9,8,0,-11.129333378994488,12.80496621203929,1
google/gemma-3-1b-it,numeral_noun_0182,numeral_noun,5+ + gen.pl,-50.96952819824219,-55.275733947753906,9,9,1,-1.904674544930458,10.291299346754386,1
google/gemma-3-1b-it,numeral_noun_0183,numeral_noun,5+ + gen.pl,-36.46868133544922,-39.54911804199219,8,8,1,-9.035549305204768,9.898128275672207,1
google/gemma-3-1b-it,numeral_noun_0184,numeral_noun,5+ + gen.pl,-44.402015686035156,-56.83490753173828,9,8,1,6.301063315011561,4.240115998312831,1
google/gemma-3-1b-it,numeral_noun_0185,numeral_noun,5+ + gen.pl,-68.15902709960938,-84.14279174804688,8,8,1,-5.160291868727654,8.353210381057579,1
google/gemma-3-1b-it,numeral_noun_0186,numeral_noun,5+ + gen.pl,-57.107810974121094,-60.29507827758789,8,7,1,9.160331970379048,13.574047208418051,1
google/gemma-3-1b-it,numeral_noun_0187,numeral_noun,5+ + gen.pl,-52.57655334472656,-55.377410888671875,9,9,1,16.45468223094997,12.128253459963162,1
google/gemma-3-1b-it,numeral_noun_0188,numeral_noun,5+ + gen.pl,-58.71687316894531,-64.64802551269531,8,8,1,-3.6653632801026106,5.684543650364503,1
google/gemma-3-1b-it,numeral_noun_0189,numeral_noun,5+ + gen.pl,-55.75129318237305,-58.14511489868164,6,6,1,-11.272678619861836,9.85080684357672,0
google/gemma-3-1b-it,numeral_noun_0190,numeral_noun,5+ + gen.pl,-53.13014221191406,-62.12763214111328,7,7,1,-11.698720932388824,10.409382225159789,0
google/gemma-3-1b-it,numeral_noun_0191,numeral_noun,5+ + gen.pl,-68.21044921875,-70.16706085205078,8,8,1,-0.36107635498046875,4.583835489116609,1
google/gemma-3-1b-it,numeral_noun_0192,numeral_noun,5+ + gen.pl,-37.23558807373047,-41.30628967285156,9,9,1,-6.612907208385877,6.2956828529713675,0
google/gemma-3-1b-it,numeral_noun_0193,numeral_noun,5+ + gen.pl,-41.003318786621094,-51.971710205078125,8,8,1,0.46715542674064636,14.12686729923007,1
google/gemma-3-1b-it,numeral_noun_0194,numeral_noun,5+ + gen.pl,-51.166954040527344,-61.88569259643555,7,7,1,10.318739295616979,6.5781880440190434,1
google/gemma-3-1b-it,numeral_noun_0195,numeral_noun,5+ + gen.pl,-65.11497497558594,-71.23625183105469,8,8,1,1.9894522726535797,11.056821945683623,1
google/gemma-3-1b-it,numeral_noun_0196,numeral_noun,5+ + gen.pl,-45.70259094238281,-57.499839782714844,8,8,1,-2.6963769048452377,8.029990849696333,1
google/gemma-3-1b-it,numeral_noun_0197,numeral_noun,5+ + gen.pl,-52.408782958984375,-59.54387283325195,10,10,1,-7.058357146626804,-1.1938858330249786,0
google/gemma-3-1b-it,numeral_noun_0198,numeral_noun,5+ + gen.pl,-35.024662017822266,-48.13507843017578,10,10,1,-7.380477890081238,17.190200449695112,1
google/gemma-3-1b-it,numeral_noun_0199,numeral_noun,5+ + gen.pl,-46.369544982910156,-49.58647918701172,6,6,1,-12.461115003632585,12.691831827378337,1
google/gemma-3-1b-it,numeral_noun_0200,numeral_noun,5+ + gen.pl,-45.80998229980469,-57.075889587402344,10,10,1,6.597991800983436,0.01120758056640625,1
google/gemma-3-1b-it,numeral_noun_0201,numeral_noun,5+ + gen.pl,-38.47864532470703,-56.2745361328125,11,11,1,-11.104532249621116,15.893999338277354,1
google/gemma-3-1b-it,numeral_noun_0202,numeral_noun,5+ + gen.pl,-35.14051055908203,-46.52434539794922,7,6,1,4.297695233486593,11.04920721660892,1
google/gemma-3-1b-it,numeral_noun_0203,numeral_noun,5+ + gen.pl,-33.19659423828125,-40.83024597167969,7,7,1,-11.975370765008847,11.248210431171174,0
google/gemma-3-1b-it,numeral_noun_0204,numeral_noun,5+ + gen.pl,-51.24159240722656,-57.318634033203125,8,8,1,2.6354217901825905,4.419717690907419,1
google/gemma-3-1b-it,numeral_noun_0205,numeral_noun,5+ + gen.pl,-49.813087463378906,-56.22982406616211,10,9,1,14.766356945037955,13.844201922534921,1
google/gemma-3-1b-it,numeral_noun_0206,numeral_noun,5+ + gen.pl,-49.937782287597656,-55.69599914550781,9,9,1,-6.971221906482242,10.893045306675049,1
google/gemma-3-1b-it,numeral_noun_0207,numeral_noun,5+ + gen.pl,-33.146732330322266,-44.94432830810547,7,7,1,-12.033452988325735,14.353322744475008,1
google/gemma-3-1b-it,numeral_noun_0208,numeral_noun,5+ + gen.pl,-42.59489059448242,-50.911277770996094,7,7,1,-10.111997606349178,12.209237933380791,1
google/gemma-3-1b-it,numeral_noun_0209,numeral_noun,5+ + gen.pl,-42.797088623046875,-49.60125732421875,7,7,1,-3.8226432129740715,3.1640796028077602,0
google/gemma-3-1b-it,numeral_noun_0210,numeral_noun,5+ + gen.pl,-43.26087951660156,-45.420894622802734,6,7,1,-12.567786933232128,11.998024344869918,0
google/gemma-3-1b-it,numeral_noun_0211,numeral_noun,5+ + gen.pl,-35.927764892578125,-51.67357635498047,10,10,1,-12.774671207778738,16.604160312046588,1
google/gemma-3-1b-it,numeral_noun_0212,numeral_noun,5+ + gen.pl,-41.18557357788086,-46.57159423828125,9,9,1,-12.027862197683135,14.79551113746129,1
google/gemma-3-1b-it,numeral_noun_0213,numeral_noun,5+ + gen.pl,-33.95026397705078,-46.89639663696289,7,7,1,3.6994477212429047,4.9991034818813205,1
google/gemma-3-1b-it,numeral_noun_0214,numeral_noun,5+ + gen.pl,-35.36269760131836,-41.975563049316406,9,9,1,-1.7517662644386292,12.14305305650123,1
google/gemma-3-1b-it,numeral_noun_0215,numeral_noun,5+ + gen.pl,-44.61112976074219,-53.387596130371094,10,9,1,-3.024837564677,14.3328757286572,1
google/gemma-3-1b-it,numeral_noun_0216,numeral_noun,5+ + gen.pl,-47.402889251708984,-53.91577911376953,9,9,1,7.462390707223676,7.015693838649895,1
google/gemma-3-1b-it,numeral_noun_0217,numeral_noun,5+ + gen.pl,-39.67726135253906,-52.26345443725586,8,9,1,-13.468660354876192,8.531413818520377,0
google/gemma-3-1b-it,numeral_noun_0218,numeral_noun,5+ + gen.pl,-40.41315460205078,-54.80921173095703,10,10,1,7.238471887947526,-4.526935416273773,1
google/gemma-3-1b-it,numeral_noun_0219,numeral_noun,5+ + gen.pl,-58.34877014160156,-62.356231689453125,10,10,1,-6.086048042168841,11.505918623930484,1
google/gemma-3-1b-it,numeral_noun_0220,numeral_noun,5+ + gen.pl,-49.57689666748047,-56.68548583984375,9,9,1,5.372165833599865,2.653865709900856,1
google/gemma-3-1b-it,numeral_noun_0221,numeral_noun,5+ + gen.pl,-70.72871398925781,-79.07240295410156,9,9,1,4.155441080220044,3.0936356745660305,1
google/gemma-3-1b-it,numeral_noun_0222,numeral_noun,5+ + gen.pl,-39.491851806640625,-52.54151916503906,9,8,1,-3.774528432637453,10.250757493224228,1
google/gemma-3-1b-it,numeral_noun_0223,numeral_noun,5+ + gen.pl,-35.22467803955078,-45.795127868652344,11,10,1,-13.718707680742227,10.098842383718875,0
google/gemma-3-1b-it,numeral_noun_0224,numeral_noun,5+ + gen.pl,-48.74039077758789,-47.48019790649414,8,8,0,9.930507780391054,11.559540153193666,1
google/gemma-3-1b-it,numeral_noun_0225,numeral_noun,5+ + gen.pl,-49.24066925048828,-56.498619079589844,10,10,1,-11.229274394783715,13.259912254608935,1
google/gemma-3-1b-it,numeral_noun_0226,numeral_noun,5+ + gen.pl,-43.350120544433594,-50.10213088989258,7,7,1,-6.948707414907403,4.74768087733537,0
google/gemma-3-1b-it,numeral_noun_0227,numeral_noun,5+ + gen.pl,-36.244895935058594,-44.89838409423828,9,9,1,-7.824714516638778,10.721387388155563,1
google/gemma-3-1b-it,numeral_noun_0228,numeral_noun,5+ + gen.pl,-45.893592834472656,-54.067813873291016,8,8,1,-14.175604105210368,13.151127219547561,0
google/gemma-3-1b-it,numeral_noun_0229,numeral_noun,5+ + gen.pl,-46.603450775146484,-55.01451110839844,12,11,1,1.9776839464902878,0.8636589050292969,1
google/gemma-3-1b-it,numeral_noun_0230,numeral_noun,5+ + gen.pl,-38.653343200683594,-45.30884552001953,7,6,1,-7.137998815567698,12.909805672170478,1
google/gemma-3-1b-it,numeral_noun_0231,numeral_noun,5+ + gen.pl,-49.739097595214844,-56.47920227050781,8,8,1,-1.953708529472351,1.7576446235179901,0
google/gemma-3-1b-it,numeral_noun_0232,numeral_noun,5+ + gen.pl,-43.55206298828125,-58.60432434082031,11,11,1,-1.7737769782543182,5.438616019207984,1
google/gemma-3-1b-it,numeral_noun_0233,numeral_noun,5+ + gen.pl,-46.05908966064453,-52.260948181152344,8,8,1,2.9375039227306843,-10.448745370358665,0
google/gemma-3-1b-it,numeral_noun_0234,numeral_noun,5+ + gen.pl,-48.892173767089844,-56.20794677734375,9,9,1,-10.059000141001889,11.644967676704255,1
google/gemma-3-1b-it,numeral_noun_0235,numeral_noun,5+ + gen.pl,-45.918968200683594,-59.87144088745117,10,10,1,-10.44140625197906,13.907403826917289,1
google/gemma-3-1b-it,numeral_noun_0236,numeral_noun,5+ + gen.pl,-60.75536346435547,-70.5530776977539,9,9,1,3.0137978233397007,-1.4921226650476456,1
google/gemma-3-1b-it,numeral_noun_0237,numeral_noun,5+ + gen.pl,-35.32101058959961,-42.14794158935547,8,8,1,-10.784351706988673,13.311405182124872,1
google/gemma-3-1b-it,numeral_noun_0238,numeral_noun,5+ + gen.pl,-41.87619400024414,-46.1240234375,7,7,1,-0.6200523376464844,-9.933316708866187,0
google/gemma-3-1b-it,numeral_noun_0239,numeral_noun,5+ + gen.pl,-77.97982788085938,-93.32363891601562,9,9,1,-8.616701524530072,11.951806909120933,1
google/gemma-3-1b-it,numeral_noun_0240,numeral_noun,5+ + gen.pl,-70.3542251586914,-81.26803588867188,7,7,1,0.07514572143554688,7.950876426417381,1
google/gemma-3-1b-it,numeral_noun_0241,numeral_noun,5+ + gen.pl,-72.93240356445312,-82.61244201660156,8,7,1,-2.633236013352871,9.664157989689556,1
google/gemma-3-1b-it,numeral_noun_0242,numeral_noun,5+ + gen.pl,-42.7485237121582,-50.201412200927734,9,8,1,3.141811441630125,9.12932992644346,1
google/gemma-3-1b-it,numeral_noun_0243,numeral_noun,5+ + gen.pl,-57.1373291015625,-56.05438995361328,6,6,0,-7.473734081257135,8.33376102548209,1
google/gemma-3-1b-it,numeral_noun_0244,numeral_noun,5+ + gen.pl,-54.558509826660156,-56.553199768066406,8,7,1,-8.937089812636259,10.504200220690109,1
google/gemma-3-1b-it,numeral_noun_0245,numeral_noun,5+ + gen.pl,-49.06148147583008,-49.97787094116211,10,10,1,15.30643987655742,-12.160392880455674,1
google/gemma-3-1b-it,numeral_noun_0246,numeral_noun,5+ + gen.pl,-45.96055603027344,-51.214088439941406,7,7,1,5.521674875635654,7.0698739575454965,1
google/gemma-3-1b-it,numeral_noun_0247,numeral_noun,5+ + gen.pl,-85.02479553222656,-96.50523376464844,10,10,1,-5.335081210359931,8.951156880983035,1
google/gemma-3-1b-it,numeral_noun_0248,numeral_noun,5+ + gen.pl,-72.86900329589844,-62.541358947753906,7,6,0,-6.603616884443909,11.338178635603981,1
google/gemma-3-1b-it,numeral_noun_0249,numeral_noun,5+ + gen.pl,-72.60209655761719,-75.77957153320312,9,8,1,-5.443420477677137,6.87219256546814,1
google/gemma-3-1b-it,numeral_noun_0250,numeral_noun,5+ + gen.pl,-25.048797607421875,-32.80193328857422,8,9,1,-12.276995063471986,11.8241274360862,0
google/gemma-3-1b-it,numeral_noun_0251,numeral_noun,5+ + gen.pl,-47.00292205810547,-51.471275329589844,10,10,1,11.353038549503253,2.8658370599150658,1
google/gemma-3-1b-it,numeral_noun_0252,numeral_noun,5+ + gen.pl,-38.86479949951172,-44.256507873535156,8,8,1,0.964664489030838,-1.6914825737476349,0
google/gemma-3-1b-it,numeral_noun_0253,numeral_noun,5+ + gen.pl,-56.051734924316406,-67.26690673828125,7,7,1,-2.097732663154602,9.645370843980345,1
google/gemma-3-1b-it,numeral_noun_0254,numeral_noun,5+ + gen.pl,-68.4309310913086,-70.8698959350586,9,8,1,-8.130424194561783,12.838590145383932,1
google/gemma-3-1b-it,numeral_noun_0255,numeral_noun,5+ + gen.pl,-42.56865692138672,-44.692359924316406,9,9,1,-8.918382424279116,5.939369338098913,0
google/gemma-3-1b-it,numeral_noun_0256,numeral_noun,5+ + gen.pl,-58.625282287597656,-67.45248413085938,9,9,1,-3.6393164712935686,10.326263550952717,1
google/gemma-3-1b-it,numeral_noun_0257,numeral_noun,5+ + gen.pl,-37.17770767211914,-48.86229705810547,10,9,1,-11.335516095885396,14.124605178949423,1
google/gemma-3-1b-it,numeral_noun_0258,numeral_noun,5+ + gen.pl,-41.1833381652832,-50.57781219482422,9,9,1,-5.013498146086931,1.5511817634105682,0
google/gemma-3-1b-it,numeral_noun_0259,numeral_noun,5+ + gen.pl,-43.706451416015625,-53.432891845703125,8,8,1,-8.762893693696242,9.015685688224039,1
google/gemma-3-1b-it,numeral_noun_0260,numeral_noun,5+ + gen.pl,-71.28915405273438,-74.9487533569336,7,7,1,-11.054147720926267,9.629713061833172,0
google/gemma-3-1b-it,numeral_noun_0261,numeral_noun,5+ + gen.pl,-34.6534538269043,-45.12529754638672,9,9,1,3.3596267327666283,12.354988098475587,1
google/gemma-3-1b-it,numeral_noun_0262,numeral_noun,5+ + gen.pl,-42.6441535949707,-53.61328887939453,10,10,1,1.2559928894042969,13.584802159079118,1
google/gemma-3-1b-it,numeral_noun_0263,numeral_noun,5+ + gen.pl,-74.03125,-100.0886459350586,9,8,1,7.707458479068009,13.017047882169209,1
google/gemma-3-1b-it,numeral_noun_0264,numeral_noun,5+ + gen.pl,-51.875213623046875,-50.97615051269531,5,5,0,-13.62757659028648,13.572364330771961,0
google/gemma-3-1b-it,numeral_noun_0265,numeral_noun,5+ + gen.pl,-52.02336120605469,-56.16118621826172,11,10,1,-3.414882756769657,14.105730176404904,1
google/gemma-3-1b-it,numeral_noun_0266,numeral_noun,5+ + gen.pl,-45.552894592285156,-50.8365592956543,8,7,1,-6.750189020298421,-8.556606669022585,0
google/gemma-3-1b-it,numeral_noun_0267,numeral_noun,5+ + gen.pl,-48.42197036743164,-56.13402557373047,10,10,1,7.35562142462004,-4.773243053816259,1
google/gemma-3-1b-it,numeral_noun_0268,numeral_noun,5+ + gen.pl,-36.06404113769531,-53.95163345336914,10,10,1,-10.233629229820508,12.692239285377582,1
google/gemma-3-1b-it,numeral_noun_0269,numeral_noun,5+ + gen.pl,-36.648040771484375,-45.10173797607422,9,9,1,0.7523002624511719,8.71894814229745,1
google/gemma-3-1b-it,numeral_noun_0270,numeral_noun,5+ + gen.pl,-38.35210037231445,-46.85095977783203,8,8,1,-6.373981295386329,4.809684627689421,0
google/gemma-3-1b-it,numeral_noun_0271,numeral_noun,5+ + gen.pl,-75.63813018798828,-89.17465209960938,9,9,1,-6.22103098127991,10.476480366553005,1
google/gemma-3-1b-it,numeral_noun_0272,numeral_noun,5+ + gen.pl,-54.20390319824219,-62.058929443359375,9,8,1,-10.92918980279137,10.293501259624463,0
google/gemma-3-1b-it,numeral_noun_0273,numeral_noun,5+ + gen.pl,-65.63749694824219,-78.23771667480469,8,8,1,-7.212083881313447,7.77161394644645,1
google/gemma-3-1b-it,numeral_noun_0274,numeral_noun,5+ + gen.pl,-53.2523307800293,-57.459312438964844,11,10,1,-4.048179550096393,0.19157791137695312,0
google/gemma-3-1b-it,numeral_noun_0275,numeral_noun,5+ + gen.pl,-50.134674072265625,-51.29878234863281,9,8,1,14.281438350678513,13.46587979861215,1
google/gemma-3-1b-it,numeral_noun_0276,numeral_noun,5+ + gen.pl,-57.036766052246094,-72.1770248413086,11,11,1,6.817123417626135,9.908542396344274,1
google/gemma-3-1b-it,numeral_noun_0277,numeral_noun,5+ + gen.pl,-41.98554992675781,-68.64017486572266,10,10,1,10.360774636807037,4.1940041882917285,1
google/gemma-3-1b-it,numeral_noun_0278,numeral_noun,5+ + gen.pl,-47.210227966308594,-66.81037902832031,10,10,1,15.82690000534069,6.448196512181312,1
google/gemma-3-1b-it,numeral_noun_0279,numeral_noun,5+ + gen.pl,-62.80610656738281,-68.64924621582031,10,9,1,-3.203502591699362,3.7859878297895193,1
google/gemma-3-1b-it,numeral_noun_0280,numeral_noun,5+ + gen.pl,-37.34873580932617,-38.85042953491211,6,6,1,-12.526628257837729,12.875533581231139,1
google/gemma-3-1b-it,numeral_noun_0281,numeral_noun,5+ + gen.pl,-44.17243576049805,-52.515769958496094,9,9,1,0.7848891913890839,-4.204490692354739,0
google/gemma-3-1b-it,numeral_noun_0282,numeral_noun,5+ + gen.pl,-52.03350067138672,-55.72861862182617,8,8,1,-1.9783135205507278,8.417360107268905,1
google/gemma-3-1b-it,numeral_noun_0283,numeral_noun,5+ + gen.pl,-42.015872955322266,-53.341590881347656,10,11,1,-10.331497074872459,7.1987991917994805,0
google/gemma-3-1b-it,numeral_noun_0284,numeral_noun,5+ + gen.pl,-33.354400634765625,-53.22550964355469,9,9,1,-13.432147861058183,14.767784238059903,1
google/gemma-3-1b-it,numeral_noun_0285,numeral_noun,5+ + gen.pl,-50.39798355102539,-56.3049201965332,9,8,1,-2.096588209271431,13.679576873999395,1
google/gemma-3-1b-it,numeral_noun_0286,numeral_noun,5+ + gen.pl,-48.84251022338867,-45.45794677734375,8,8,0,-6.916479027830064,9.600196483908803,1
google/gemma-3-1b-it,numeral_noun_0287,numeral_noun,5+ + gen.pl,-44.47527313232422,-58.66072463989258,6,6,1,-9.189794428086316,12.880996465908538,1
google/gemma-3-1b-it,numeral_noun_0288,numeral_noun,5+ + gen.pl,-51.08961868286133,-52.582069396972656,8,8,1,17.51661849022139,-2.862674679607153,1
google/gemma-3-1b-it,numeral_noun_0289,numeral_noun,5+ + gen.pl,-44.874847412109375,-56.15599060058594,7,7,1,-3.3704091235995293,1.8174095451831818,0
google/gemma-3-1b-it,numeral_noun_0290,numeral_noun,5+ + gen.pl,-49.81436538696289,-54.9656867980957,6,6,1,-10.625860096723045,11.684013367659645,1
google/gemma-3-1b-it,numeral_noun_0291,numeral_noun,5+ + gen.pl,-41.29756164550781,-48.875343322753906,10,10,1,0.07962417602539062,10.60780513536156,1
google/gemma-3-1b-it,numeral_noun_0292,numeral_noun,5+ + gen.pl,-71.10621643066406,-76.27086639404297,7,7,1,-10.224897754451376,10.945840844098711,1
google/gemma-3-1b-it,numeral_noun_0293,numeral_noun,5+ + gen.pl,-35.62849807739258,-48.307167053222656,8,8,1,0.9641227722167969,12.299867630106746,1
google/gemma-3-1b-it,numeral_noun_0294,numeral_noun,5+ + gen.pl,-35.894203186035156,-44.923858642578125,9,9,1,-10.400905610091286,12.422860980626865,1
google/gemma-3-1b-it,numeral_noun_0295,numeral_noun,5+ + gen.pl,-50.257240295410156,-54.83683776855469,8,8,1,9.476967099515605,3.5608216412365437,1
google/gemma-3-1b-it,numeral_noun_0296,numeral_noun,5+ + gen.pl,-46.66550827026367,-57.128597259521484,10,9,1,0.040355682373046875,10.631664516447927,1
google/gemma-3-1b-it,numeral_noun_0297,numeral_noun,5+ + gen.pl,-44.01091766357422,-58.769378662109375,9,9,1,-10.188415531025385,14.289993524786041,1
google/gemma-3-1b-it,numeral_noun_0298,numeral_noun,5+ + gen.pl,-52.215232849121094,-54.35844421386719,11,10,1,14.467746853828771,-4.5783121371641755,1
google/gemma-3-1b-it,numeral_noun_0299,numeral_noun,5+ + gen.pl,-34.71914291381836,-46.30491638183594,11,10,1,-11.393776059947413,12.908414840938349,1
google/gemma-3-1b-it,verb_government_0000,verb_government,дякувати кому,-20.89694595336914,-26.508848190307617,8,8,1,5.489959871862084,-13.3113176822676,0
google/gemma-3-1b-it,verb_government_0001,verb_government,дякувати кому,-40.80723571777344,-43.3631477355957,7,7,1,-3.591213198378682,8.237255490123061,1
google/gemma-3-1b-it,verb_government_0002,verb_government,дякувати кому,-39.293304443359375,-40.413604736328125,10,9,1,-11.200775266126584,13.326774597244366,1
google/gemma-3-1b-it,verb_government_0003,verb_government,дякувати кому,-45.007652282714844,-41.465213775634766,9,8,0,8.788971316622337,-12.324653387082435,0
google/gemma-3-1b-it,verb_government_0004,verb_government,дякувати кому,-44.59659194946289,-47.9971923828125,9,9,1,-10.487462525663432,14.046926140866162,1
google/gemma-3-1b-it,verb_government_0005,verb_government,дякувати кому,-35.71946334838867,-34.08487319946289,8,8,0,19.596908569335938,-21.224422335624702,0
google/gemma-3-1b-it,verb_government_0006,verb_government,вибачати кому,-32.08980941772461,-32.16106414794922,11,10,1,10.801800132010612,-6.740028246538714,1
google/gemma-3-1b-it,verb_government_0007,verb_government,вибачати кому,-48.44304275512695,-57.41578674316406,10,10,1,11.957139611268758,-9.056510455389798,1
google/gemma-3-1b-it,verb_government_0008,verb_government,вибачати кому,-50.11537551879883,-46.51404571533203,8,7,0,-0.721126526594162,-6.843372319592163,0
google/gemma-3-1b-it,verb_government_0009,verb_government,вибачати кому,-40.251285552978516,-38.011436462402344,12,12,0,9.149990445286676,-10.33560550268885,0
google/gemma-3-1b-it,verb_government_0010,verb_government,вибачати кому,-55.10282516479492,-52.932186126708984,7,7,0,-6.128893037093803,-1.0982933044433594,0
google/gemma-3-1b-it,verb_government_0011,verb_government,навчати чого,-44.183204650878906,-44.477996826171875,8,8,1,-6.942691741744056,6.47695356735494,0
google/gemma-3-1b-it,verb_government_0012,verb_government,навчати чого,-45.04907989501953,-56.52947998046875,8,10,1,-5.830737874377519,8.063667288253782,1
google/gemma-3-1b-it,verb_government_0013,verb_government,навчати чого,-52.39703369140625,-51.95952606201172,9,9,0,-2.2524603828787804,7.540609472023789,1
google/gemma-3-1b-it,verb_government_0014,verb_government,навчати чого,-73.01109313964844,-74.1584243774414,8,9,1,-10.416768678172957,13.99183619161704,1
google/gemma-3-1b-it,verb_government_0015,verb_government,вчитися чого,-66.05949401855469,-69.69214630126953,9,10,1,-11.759328490799817,11.622474810035783,0
google/gemma-3-1b-it,verb_government_0016,verb_government,вчитися чого,-49.0035400390625,-52.12766647338867,7,7,1,-9.431738116196357,5.795949853956699,0
google/gemma-3-1b-it,verb_government_0017,verb_government,вчитися чого,-42.86869812011719,-49.72400665283203,9,10,1,-13.183970931517251,13.35993373823294,1
google/gemma-3-1b-it,verb_government_0018,verb_government,вчитися чого,-48.242225646972656,-58.55552291870117,7,9,1,-12.428268324918463,11.591527866956312,0
google/gemma-3-1b-it,verb_government_0019,verb_government,опанувати що,-41.71216583251953,-48.72705078125,8,8,1,4.36278925742954,6.608301225118339,1
google/gemma-3-1b-it,verb_government_0020,verb_government,опанувати що,-42.80215072631836,-52.22068405151367,9,8,1,-1.6122131198644638,2.2728997319936752,1
google/gemma-3-1b-it,verb_government_0021,verb_government,опанувати що,-43.802093505859375,-54.416324615478516,10,10,1,6.221420119982213,9.39028526378388,1
google/gemma-3-1b-it,verb_government_0022,verb_government,опанувати що,-54.84635925292969,-67.29500579833984,9,9,1,-7.26637095422484,4.119249166920781,0
google/gemma-3-1b-it,verb_government_0023,verb_government,оволодіти чим,-43.532012939453125,-51.855560302734375,8,8,1,-4.152202423661947,4.733779822476208,1
google/gemma-3-1b-it,verb_government_0024,verb_government,оволодіти чим,-43.23924255371094,-50.68402099609375,10,10,1,-5.779127358226106,3.1498718671500683,0
google/gemma-3-1b-it,verb_government_0025,verb_government,оволодіти чим,-50.962371826171875,-52.0283317565918,9,10,1,4.960445245727897,2.284298002719879,1
google/gemma-3-1b-it,verb_government_0026,verb_government,хворіти на що,-45.466278076171875,-47.05329132080078,9,8,1,-11.047723424504511,10.414814361472963,0
google/gemma-3-1b-it,verb_government_0027,verb_government,хворіти на що,-39.68280792236328,-42.66786193847656,10,9,1,-11.333501340071962,11.925235510345374,1
google/gemma-3-1b-it,verb_government_0028,verb_government,хворіти на що,-44.68623352050781,-58.181758880615234,11,10,1,3.507396686822176,8.94524767526309,1
google/gemma-3-1b-it,verb_government_0029,verb_government,одружитися з ким,-41.07925033569336,-46.831703186035156,10,10,1,-13.95044934795078,10.678348306624684,0
google/gemma-3-1b-it,verb_government_0030,verb_government,одружитися з ким,-50.949867248535156,-56.787109375,11,10,1,-10.643853791581932,10.280074961963692,0
google/gemma-3-1b-it,verb_government_0031,verb_government,одружитися з ким,-46.89490509033203,-79.41619873046875,13,12,1,-8.972856771928491,0.30405426025390625,0
google/gemma-3-1b-it,verb_government_0032,verb_government,сумувати за ким,-38.27886199951172,-38.03852081298828,7,6,0,-11.608237983979052,10.16804468947521,0
google/gemma-3-1b-it,verb_government_0033,verb_government,сумувати за ким,-52.78195571899414,-46.2253532409668,9,9,0,-7.714412808592897,11.555704356032948,1
google/gemma-3-1b-it,verb_government_0034,verb_government,сумувати за ким,-50.20587921142578,-45.26457214355469,8,7,0,-9.306966435833601,11.093375803386152,1
google/gemma-3-1b-it,verb_government_0035,verb_government,розмовляти мовою,-31.97553253173828,-36.86139678955078,9,10,1,-11.701722622525267,12.005029440289945,1
google/gemma-3-1b-it,verb_government_0036,verb_government,розмовляти мовою,-34.98749542236328,-35.96238708496094,8,9,1,-10.606475744280033,8.336973536439473,0
google/gemma-3-1b-it,verb_government_0037,verb_government,розмовляти мовою,-35.44590759277344,-37.993831634521484,8,9,1,-10.448683144069946,14.228239417234363,1
google/gemma-3-1b-it,verb_government_0038,verb_government,розмовляти мовою,-42.077693939208984,-51.61939239501953,9,10,1,3.1166192144155502,1.8137894123792648,1
google/gemma-3-1b-it,verb_government_0039,verb_government,розмовляти мовою,-46.140953063964844,-54.039329528808594,8,9,1,4.3162880670279264,1.1329765617847443,1
google/gemma-3-1b-it,verb_government_0040,verb_government,розмовляти мовою,-33.091285705566406,-37.50916290283203,6,7,1,-9.19302953366423,14.206363559056626,1
google/gemma-3-1b-it,verb_government_0041,verb_government,вибачати кому,-50.1246337890625,-45.276084899902344,7,7,0,-5.794712285278365,-2.624404899775982,0
google/gemma-3-1b-it,verb_government_0042,verb_government,навчати чого,-62.87321090698242,-56.198585510253906,12,12,0,10.45193505333009,4.90537281986326,1
google/gemma-3-1b-it,verb_government_0043,verb_government,навчати чого,-41.958740234375,-44.938751220703125,10,11,1,-9.734586966907955,11.069658647771575,1
google/gemma-3-1b-it,verb_government_0044,verb_government,вчитися чого,-53.98471450805664,-63.472984313964844,8,9,1,-7.1543789422139525,8.87587571592303,1
google/gemma-3-1b-it,verb_government_0045,verb_government,вчитися чого,-45.71601486206055,-48.81142807006836,8,9,1,-1.7618598639965057,-2.0166016072034836,0
google/gemma-3-1b-it,verb_government_0046,verb_government,опанувати що,-43.25390625,-62.372215270996094,9,9,1,-5.2724648313596845,8.65695014144876,1
google/gemma-3-1b-it,verb_government_0047,verb_government,опанувати що,-48.27199172973633,-68.07186889648438,9,9,1,4.501846360974014,3.3607329428195953,1
google/gemma-3-1b-it,verb_government_0048,verb_government,оволодіти чим,-59.332366943359375,-62.25951385498047,10,10,1,-9.847036490187747,10.996339448320214,1
google/gemma-3-1b-it,verb_government_0049,verb_government,оволодіти чим,-67.84497833251953,-67.0932388305664,9,9,0,-7.203193849534728,8.154237678740174,1
google/gemma-3-1b-it,verb_government_0050,verb_government,оволодіти чим,-44.291542053222656,-52.266693115234375,8,8,1,-0.9143868088722229,3.455341374501586,1
google/gemma-3-1b-it,verb_government_0051,verb_government,хворіти на що,-53.486907958984375,-57.09017562866211,9,9,1,-12.114893321042473,11.248881818421069,0
google/gemma-3-1b-it,verb_government_0052,verb_government,хворіти на що,-31.021474838256836,-38.14655303955078,10,9,1,-12.794538396570715,12.223918459465494,0
google/gemma-3-1b-it,verb_government_0053,verb_government,хворіти на що,-87.51504516601562,-91.31228637695312,11,10,1,-0.34827423095703125,10.374639755413227,1
google/gemma-3-1b-it,verb_government_0054,verb_government,одружитися з ким,-39.27492904663086,-50.67940902709961,11,10,1,-13.04854381172845,-12.936105966602554,0
google/gemma-3-1b-it,verb_government_0055,verb_government,одружитися з ким,-37.58062744140625,-51.36311721801758,10,10,1,-15.951170211446879,11.911441935153562,0
google/gemma-3-1b-it,verb_government_0056,verb_government,одружитися з ким,-47.66919708251953,-70.5494384765625,12,12,1,-0.8093223571777344,-11.366405844761175,0
google/gemma-3-1b-it,verb_government_0057,verb_government,сумувати за ким,-41.632850646972656,-46.46905517578125,10,10,1,-8.330663841683418,7.610734847956337,0
google/gemma-3-1b-it,verb_government_0058,verb_government,сумувати за ким,-50.72688674926758,-52.82805633544922,7,7,1,5.388607151340693,9.734994780039415,1
google/gemma-3-1b-it,verb_government_0059,verb_government,сумувати за ким,-49.725486755371094,-48.17051315307617,10,9,0,-9.847261790193443,7.006648864597082,0
google/gemma-3-1b-it,vocative_0000,vocative,vocative f,-48.74031448364258,-39.58458709716797,9,8,0,8.35843625444977,-19.455089569091797,0
google/gemma-3-1b-it,vocative_0001,vocative,vocative m,-57.82991027832031,-56.253807067871094,10,9,0,-2.5558395087718964,11.791801453131484,1
google/gemma-3-1b-it,vocative_0002,vocative,vocative m,-39.448970794677734,-30.84406280517578,11,10,0,7.435795004479587,10.322309852512262,1
google/gemma-3-1b-it,vocative_0003,vocative,vocative m,-41.68354797363281,-31.28264617919922,10,9,0,-11.53409230732359,13.549091339127699,1
google/gemma-3-1b-it,vocative_0004,vocative,vocative m,-70.04251098632812,-51.14878463745117,14,14,0,15.003416419029406,11.722469330095919,1
google/gemma-3-1b-it,vocative_0005,vocative,vocative m,-68.85285949707031,-61.75476837158203,14,14,0,4.179946686141193,1.2661590278148651,1
google/gemma-3-1b-it,vocative_0006,vocative,vocative m,-54.55292892456055,-45.5643424987793,13,13,0,12.117153286949815,-18.165864586830196,0
google/gemma-3-1b-it,vocative_0007,vocative,vocative f,-54.35637664794922,-51.68616485595703,9,8,0,-14.458385825190817,14.611845254913078,1
google/gemma-3-1b-it,vocative_0008,vocative,vocative f,-64.79521179199219,-57.45158004760742,10,9,0,-13.33355164551358,10.696012378622981,0
google/gemma-3-1b-it,vocative_0009,vocative,vocative f,-69.20458984375,-64.22389221191406,9,9,0,-12.065622449681541,5.264343108981848,0
google/gemma-3-1b-it,vocative_0010,vocative,vocative m,-62.94435501098633,-56.88883590698242,10,9,0,-4.668929945677519,11.869458914166898,1
google/gemma-3-1b-it,vocative_0011,vocative,vocative f,-68.72222900390625,-59.12763214111328,12,12,0,16.68764853477481,3.0925178974866867,1
google/gemma-3-1b-it,vocative_0012,vocative,vocative f,-50.92063903808594,-42.36457061767578,10,9,0,15.874902606010444,-18.684160232543945,0
google/gemma-3-1b-it,vocative_0013,vocative,vocative m,-47.19945526123047,-45.39952087402344,7,7,0,-11.115894436998133,11.778810501164116,1
google/gemma-3-1b-it,vocative_0014,vocative,vocative f,-49.89979553222656,-47.21657180786133,14,13,0,16.793983340263374,-21.40130615234375,0
google/gemma-3-1b-it,vocative_0015,vocative,vocative m,-77.16432189941406,-66.67407989501953,15,14,0,-3.2355918921530247,10.224983216914552,1
google/gemma-3-1b-it,vocative_0016,vocative,vocative m,-54.98602294921875,-42.237091064453125,9,7,0,17.224941134452827,10.7721351393011,1
google/gemma-3-1b-it,vocative_0017,vocative,vocative f,-33.39656066894531,-28.020078659057617,10,9,0,-9.39879560902773,-4.187328237108886,0
google/gemma-3-1b-it,vocative_0018,vocative,vocative m,-39.71858215332031,-43.426856994628906,9,8,1,15.6203000545502,7.833790028467774,1
google/gemma-3-1b-it,vocative_0019,vocative,vocative m,-43.956485748291016,-40.20542907714844,9,8,0,-7.540725512895733,9.140705354024249,1
google/gemma-3-1b-it,vocative_0020,vocative,vocative f,-54.35346984863281,-49.2308349609375,9,8,0,-15.645933151261488,9.292384629261505,0
google/gemma-3-1b-it,vocative_0021,vocative,vocative m,-79.29155731201172,-77.72572326660156,9,9,0,-1.5864143371582031,9.09930432823603,1
google/gemma-3-1b-it,vocative_0022,vocative,vocative f,-38.62264633178711,-41.46673583984375,8,8,1,-13.068723559435966,6.1727371762972325,0
google/gemma-3-1b-it,vocative_0023,vocative,vocative m,-35.45220184326172,-29.889911651611328,10,9,0,-1.7993392795324326,11.924371600218365,1
google/gemma-3-1b-it,vocative_0024,vocative,vocative m,-44.61741638183594,-44.47119903564453,15,14,0,19.307399630546577,-20.37264609336856,0
google/gemma-3-1b-it,vocative_0025,vocative,vocative m,-63.465843200683594,-45.10021209716797,8,8,0,6.401924318401143,-4.3713571690022945,1
google/gemma-3-1b-it,vocative_0026,vocative,vocative m,-67.83714294433594,-48.39701461791992,10,9,0,4.942943566013128,11.93502759981493,1
google/gemma-3-1b-it,vocative_0027,vocative,vocative m,-52.65242004394531,-40.19978332519531,9,8,0,0.2618408203125,-12.094486117380256,0
google/gemma-3-1b-it,vocative_0028,vocative,vocative f,-64.37387084960938,-52.181907653808594,13,12,0,-9.868129494112509,-17.96423840522789,0
google/gemma-3-1b-it,vocative_0029,vocative,vocative f,-40.06736373901367,-39.192169189453125,9,8,0,-10.576869608219567,-18.09273612499294,0
google/gemma-3-1b-it,vocative_0030,vocative,vocative f,-68.05693817138672,-70.78678131103516,12,12,1,4.104431111365557,-5.562507710186765,0
google/gemma-3-1b-it,vocative_0031,vocative,vocative m,-57.681968688964844,-54.95358657836914,12,11,0,10.116600395074784,-12.153778433814296,0
google/gemma-3-1b-it,vocative_0032,vocative,vocative f,-46.586181640625,-35.40961456298828,10,9,0,-5.668472204823047,0.06741714477539062,0
google/gemma-3-1b-it,vocative_0033,vocative,vocative m,-62.46356964111328,-52.9102897644043,13,13,0,-6.952713124046568,-17.03660738468176,0
google/gemma-3-1b-it,vocative_0034,vocative,vocative f,-51.78855514526367,-42.53827667236328,10,9,0,5.837150780949742,3.5984191242605448,1
google/gemma-3-1b-it,vocative_0035,vocative,vocative m,-41.4215087890625,-38.802818298339844,9,8,0,-13.494499206572073,13.817508935972,1
google/gemma-3-1b-it,vocative_0036,vocative,vocative m,-53.80646514892578,-40.530242919921875,8,7,0,-11.769471883831102,14.572933077824018,1
google/gemma-3-1b-it,vocative_0037,vocative,vocative m,-50.41297912597656,-47.92418670654297,13,12,0,17.898514986038435,-16.27999663352969,1
google/gemma-3-1b-it,vocative_0038,vocative,vocative m,-72.28105163574219,-69.18655395507812,8,9,0,-9.595061902902671,8.374265463382471,0
google/gemma-3-1b-it,vocative_0039,vocative,vocative m,-38.18122100830078,-30.410598754882812,9,8,0,-8.397819545891252,12.75142097476055,1
google/gemma-3-1b-it,vocative_0040,vocative,vocative m,-51.702781677246094,-45.753509521484375,10,9,0,-7.395481312472839,13.146734595575253,1
google/gemma-3-1b-it,vocative_0041,vocative,vocative f,-42.08767318725586,-34.07860565185547,9,9,0,-13.400220870983048,14.366771578793305,1
google/gemma-3-1b-it,vocative_0042,vocative,vocative f,-45.35661315917969,-38.215240478515625,9,8,0,-15.834112524992179,-17.893095850945087,0
google/gemma-3-1b-it,vocative_0043,vocative,vocative f,-52.55711364746094,-48.38569641113281,13,13,0,17.898648738861198,-17.329856634140043,1
google/gemma-3-1b-it,vocative_0044,vocative,vocative m,-74.3922119140625,-74.07913208007812,10,9,0,-8.905178200468072,11.348558068813873,1
google/gemma-3-1b-it,vocative_0045,vocative,vocative f,-51.75973892211914,-42.823448181152344,14,14,0,12.6755908727705,-12.830077886586196,0
google/gemma-3-1b-it,vocative_0046,vocative,vocative m,-70.50332641601562,-57.577125549316406,13,13,0,14.38244247436569,13.18981719019439,1
google/gemma-3-1b-it,vocative_0047,vocative,vocative m,-78.48182678222656,-65.82315063476562,9,8,0,-9.02489425089152,9.721002225327538,1
google/gemma-3-1b-it,vocative_0048,vocative,vocative f,-76.67371368408203,-68.64106750488281,9,8,0,-13.690004587208023,14.351436138178542,1
google/gemma-3-1b-it,vocative_0049,vocative,vocative f,-57.277774810791016,-63.67671203613281,10,10,1,-4.376434249803424,10.013083937446936,1
google/gemma-3-1b-it,vocative_0050,vocative,vocative f,-43.64909362792969,-31.705081939697266,10,8,0,-15.82016730308601,11.549197912284399,0
google/gemma-3-1b-it,vocative_0051,vocative,vocative m,-70.57105255126953,-57.27793884277344,11,10,0,-6.805542026879266,9.961612226907164,1
google/gemma-3-1b-it,vocative_0052,vocative,vocative f,-72.69725799560547,-61.9041748046875,13,12,0,-2.293109953403473,-5.641776880249381,0
google/gemma-3-1b-it,vocative_0053,vocative,vocative f,-51.77090835571289,-37.535667419433594,7,6,0,-14.161389946977579,-18.181881666184154,0
google/gemma-3-1b-it,vocative_0054,vocative,vocative f,-34.69567108154297,-29.811412811279297,11,10,0,-9.436248902602529,0.8788490295410156,0
google/gemma-3-1b-it,vocative_0055,vocative,vocative m,-50.563926696777344,-44.51902770996094,12,12,0,19.403710603714217,-20.238069534301758,0
google/gemma-3-1b-it,vocative_0056,vocative,vocative m,-73.8927001953125,-69.51698303222656,9,8,0,4.763111160136759,2.6645888835191727,1
google/gemma-3-1b-it,vocative_0057,vocative,vocative f,-54.72697448730469,-53.44035339355469,13,13,0,-9.422964460536605,-15.974183678627071,0
google/gemma-3-1b-it,vocative_0058,vocative,vocative f,-67.28126525878906,-54.84914016723633,14,13,0,-3.069675523787737,-19.551048278808594,0
google/gemma-3-1b-it,vocative_0059,vocative,vocative f,-68.46627807617188,-81.92813873291016,9,8,1,-10.487129332053883,10.51757621874276,1
google/gemma-3-1b-it,vocative_0060,vocative,vocative f,-54.6996955871582,-49.27001953125,9,9,0,5.600532443961129,-0.4062004089355469,1
google/gemma-3-1b-it,vocative_0061,vocative,vocative m,-48.153099060058594,-40.447914123535156,7,7,0,-0.5135688781738281,11.793514132632481,1
google/gemma-3-1b-it,vocative_0062,vocative,vocative m,-65.42716979980469,-62.52040100097656,12,11,0,17.154194951057775,-16.36000466346877,1
google/gemma-3-1b-it,vocative_0063,vocative,vocative m,-51.44184875488281,-54.761314392089844,10,9,1,-4.720951098948717,9.30707121600426,1
google/gemma-3-1b-it,vocative_0064,vocative,vocative m,-56.32440185546875,-51.262939453125,13,12,0,18.40620326995895,-18.692697525024414,0
google/gemma-3-1b-it,vocative_0065,vocative,vocative m,-50.759315490722656,-38.24532699584961,8,7,0,-6.629451563814655,7.853607257944532,1
google/gemma-3-1b-it,vocative_0066,vocative,vocative m,-63.972877502441406,-59.31431198120117,12,12,0,15.935586690902738,-15.923961520195014,1
google/gemma-3-1b-it,vocative_0067,vocative,vocative m,-73.70175170898438,-75.59368133544922,14,14,1,0.8919143974781036,-7.703201396507211,0
google/gemma-3-1b-it,vocative_0068,vocative,vocative f,-60.24730682373047,-44.785911560058594,13,13,0,18.91801822185517,-16.62197470664981,1
google/gemma-3-1b-it,vocative_0069,vocative,vocative f,-73.09178161621094,-58.58319854736328,13,13,0,5.878772830823436,-14.11388039588951,0
google/gemma-3-1b-it,vocative_0070,vocative,vocative m,-43.37640380859375,-44.23493576049805,13,12,1,18.71396875381572,-19.32623291015625,0
google/gemma-3-1b-it,vocative_0071,vocative,vocative m,-62.368263244628906,-58.50853729248047,14,13,0,8.57522215275094,3.186511941254139,1
google/gemma-3-1b-it,vocative_0072,vocative,vocative f,-38.29938507080078,-31.838626861572266,14,13,0,9.933105469932343,-17.913972616197952,0
google/gemma-3-1b-it,vocative_0073,vocative,vocative m,-42.913761138916016,-45.77125549316406,9,9,1,-9.506496075133327,13.495449185399593,1
google/gemma-3-1b-it,vocative_0074,vocative,vocative m,-45.878150939941406,-44.476966857910156,8,6,0,-2.3701478093862534,11.568256020698755,1
google/gemma-3-1b-it,vocative_0075,vocative,vocative m,-72.96456146240234,-67.17103576660156,8,8,0,-0.377227783203125,10.62255251505485,1
google/gemma-3-1b-it,vocative_0076,vocative,vocative m,-59.85807800292969,-52.29573440551758,9,9,0,1.8717461377382278,8.166164206690155,1
google/gemma-3-1b-it,vocative_0077,vocative,vocative m,-67.50411224365234,-55.96783447265625,14,13,0,-3.499843494966626,8.16991762901307,1
google/gemma-3-1b-it,vocative_0078,vocative,vocative f,-55.17921447753906,-52.39562225341797,12,11,0,-13.77045440692018,-17.793351292614034,0
google/gemma-3-1b-it,vocative_0079,vocative,vocative m,-47.02519989013672,-41.43802261352539,8,7,0,-10.95876920263072,-17.03337800502794,0
google/gemma-3-1b-it,vocative_0080,vocative,vocative f,-83.61245727539062,-57.403961181640625,14,13,0,-3.377925790846348,-13.285091042521117,0
google/gemma-3-1b-it,vocative_0081,vocative,vocative f,-42.87162399291992,-35.781864166259766,10,10,0,-11.389827609284112,11.060000896774,0
google/gemma-3-1b-it,vocative_0082,vocative,vocative m,-73.2838134765625,-68.50699615478516,8,8,0,1.257717102766037,7.431491798837669,1
google/gemma-3-1b-it,vocative_0083,vocative,vocative m,-50.54014587402344,-33.76349639892578,10,8,0,-13.17611312869849,12.879787325882262,0
google/gemma-3-1b-it,vocative_0084,vocative,vocative m,-59.63854217529297,-55.60182571411133,14,13,0,0.4284172058105469,9.999378566579253,1
google/gemma-3-1b-it,vocative_0085,vocative,vocative f,-71.00730895996094,-55.071678161621094,15,14,0,-8.830850853977608,12.343269467613936,1
google/gemma-3-1b-it,vocative_0086,vocative,vocative m,-74.15355682373047,-73.14279174804688,9,8,0,-5.688510728999972,11.15224993265474,1
google/gemma-3-1b-it,vocative_0087,vocative,vocative m,-63.40983200073242,-63.09744644165039,10,10,0,-6.486005680751987,-1.2359924018383026,0
google/gemma-3-1b-it,vocative_0088,vocative,vocative m,-80.32743835449219,-54.61216354370117,11,10,0,-6.895215958706103,11.427703738625496,1
google/gemma-3-1b-it,vocative_0089,vocative,vocative f,-60.18022537231445,-67.61862182617188,9,9,1,-6.770507812034339,4.9087295746430755,0
google/gemma-3-1b-it,vocative_0090,vocative,vocative m,-58.056922912597656,-40.735721588134766,13,12,0,18.199264883996307,-13.284145593644553,1
google/gemma-3-1b-it,vocative_0091,vocative,vocative f,-46.20613098144531,-45.34656524658203,13,12,0,20.24632430076602,-19.804867982864607,1
google/gemma-3-1b-it,vocative_0092,vocative,vocative f,-74.46041870117188,-69.54264831542969,15,14,0,6.183468086179346,-14.826114177703971,0
google/gemma-3-1b-it,vocative_0093,vocative,vocative m,-66.65037536621094,-54.20494842529297,10,10,0,-6.000961442478001,12.448108553977363,1
google/gemma-3-1b-it,vocative_0094,vocative,vocative m,-63.20001220703125,-59.36147689819336,12,11,0,1.5445900410413742,-1.7891197502613068,0
google/gemma-3-1b-it,vocative_0095,vocative,vocative f,-44.70906066894531,-36.315128326416016,10,10,0,-12.710138320951955,5.162410789635032,0
google/gemma-3-1b-it,vocative_0096,vocative,vocative f,-44.62626647949219,-40.35155487060547,8,7,0,-16.177890896798772,-14.512112021446399,0
google/gemma-3-1b-it,vocative_0097,vocative,vocative f,-46.85089111328125,-40.66010284423828,9,7,0,-12.960653066755185,-19.052051544189453,0
google/gemma-3-1b-it,vocative_0098,vocative,vocative f,-41.00932312011719,-32.93315124511719,10,10,0,-6.361976820742711,12.327384591161717,1
google/gemma-3-1b-it,vocative_0099,vocative,vocative f,-52.26350402832031,-40.572914123535156,8,6,0,-11.16921222223209,10.135591508005746,0
google/gemma-3-1b-it,vocative_0100,vocative,vocative m,-85.83477783203125,-63.26298522949219,13,12,0,18.728195071220405,-2.866455167531967,1
google/gemma-3-1b-it,vocative_0101,vocative,vocative m,-56.126991271972656,-51.837928771972656,16,15,0,0.7132530212402344,-16.257022500038204,0
google/gemma-3-1b-it,vocative_0102,vocative,vocative m,-58.22572326660156,-57.52919006347656,14,13,0,13.321788668634554,5.743103075772524,1
google/gemma-3-1b-it,vocative_0103,vocative,vocative m,-51.19541931152344,-54.25432205200195,9,9,1,-4.366386477835476,8.325195225246716,1
google/gemma-3-1b-it,vocative_0104,vocative,vocative m,-36.14686965942383,-33.87995147705078,9,9,0,-2.7100371569395065,9.515640023520973,1
google/gemma-3-1b-it,vocative_0105,vocative,vocative m,-59.0095100402832,-46.8419189453125,13,13,0,18.42327296733857,-19.486667513847358,0
google/gemma-3-1b-it,vocative_0106,vocative,vocative f,-63.28481674194336,-56.173988342285156,14,13,0,8.743075979728019,-13.094127416612992,0
google/gemma-3-1b-it,vocative_0107,vocative,vocative f,-39.57767105102539,-40.63758087158203,12,12,1,15.567786931991606,-18.059686303141234,0
google/gemma-3-1b-it,vocative_0108,vocative,vocative m,-60.952796936035156,-41.84416198730469,8,8,0,-12.163030505226743,13.224886059796518,1
google/gemma-3-1b-it,vocative_0109,vocative,vocative m,-44.001014709472656,-30.51198959350586,10,9,0,-12.363086819693308,13.753551840791715,1
google/gemma-3-1b-it,vocative_0110,vocative,vocative m,-48.6176872253418,-42.20901870727539,9,9,0,-13.476171374388286,0.16289901733398438,0
google/gemma-3-1b-it,vocative_0111,vocative,vocative m,-45.0192756652832,-45.017513275146484,13,12,0,18.148584961892084,-17.267603039748337,1
google/gemma-3-1b-it,vocative_0112,vocative,vocative m,-43.911643981933594,-31.806745529174805,9,9,0,-6.163265447132289,8.926342258710065,1
google/gemma-3-1b-it,vocative_0113,vocative,vocative m,-56.83501434326172,-50.746620178222656,13,13,0,11.690628409427518,-9.655838014798064,1
google/gemma-3-1b-it,vocative_0114,vocative,vocative m,-70.85469055175781,-58.61742401123047,12,12,0,17.334949493408203,-15.73828101158145,1
google/gemma-3-1b-it,vocative_0115,vocative,vocative m,-68.53389739990234,-61.85541534423828,8,8,0,1.1149406433105469,10.040525558732043,1
google/gemma-3-1b-it,vocative_0116,vocative,vocative m,-58.3847770690918,-54.901771545410156,13,12,0,13.661521673203197,3.1098366901278496,1
google/gemma-3-1b-it,vocative_0117,vocative,vocative m,-46.29704666137695,-38.44672393798828,9,8,0,5.355823312420398,-9.21967280406534,0
google/gemma-3-1b-it,vocative_0118,vocative,vocative m,-47.931617736816406,-43.84721755981445,12,12,0,17.82960498333182,-18.990337371826172,0
google/gemma-3-1b-it,vocative_0119,vocative,vocative m,-73.23375701904297,-59.1452751159668,13,12,0,14.608382701873893,-2.2741699293255806,1
google/gemma-3-1b-it,vocative_0120,vocative,vocative m,-41.91912078857422,-32.482383728027344,9,9,0,-9.375141386473842,13.899474620832734,1
google/gemma-3-1b-it,vocative_0121,vocative,vocative m,-48.483192443847656,-38.91663360595703,9,9,0,-13.288867831247444,16.876474022867797,1
google/gemma-3-1b-it,vocative_0122,vocative,vocative m,-51.37952423095703,-38.614601135253906,8,7,0,-14.490157961853129,15.547175884255921,1
google/gemma-3-1b-it,vocative_0123,vocative,vocative f,-52.31615447998047,-38.75116729736328,9,8,0,20.08800506591797,-12.925873160365427,1
google/gemma-3-1b-it,vocative_0124,vocative,vocative f,-67.22743225097656,-68.27012634277344,8,8,1,-12.99047053009781,12.323709726684683,0
google/gemma-3-1b-it,vocative_0125,vocative,vocative m,-34.08470916748047,-25.92821502685547,10,9,0,-12.412305474330424,13.981598258052145,1
google/gemma-3-1b-it,vocative_0126,vocative,vocative f,-69.05319213867188,-61.41596221923828,13,13,0,-5.224796373862773,-16.789224267005977,0
google/gemma-3-1b-it,vocative_0127,vocative,vocative f,-60.44782638549805,-50.948097229003906,14,13,0,15.204788327217443,-20.298274755477934,0
google/gemma-3-1b-it,vocative_0128,vocative,vocative m,-40.773834228515625,-32.76617431640625,9,8,0,-11.308130026032813,11.857046365811584,1
google/gemma-3-1b-it,vocative_0129,vocative,vocative f,-54.53438186645508,-43.548187255859375,7,7,0,-16.43251645565624,7.837219079781789,0
google/gemma-3-1b-it,vocative_0130,vocative,vocative m,-44.42008590698242,-35.97834014892578,7,7,0,-12.30934369570241,13.14311814312532,1
google/gemma-3-1b-it,vocative_0131,vocative,vocative f,-77.77965545654297,-53.5491943359375,14,14,0,-0.18523406982421875,2.3650971055030823,1
google/gemma-3-1b-it,vocative_0132,vocative,vocative m,-50.789947509765625,-41.53327560424805,7,6,0,-11.467687726121767,12.235922098338051,1
google/gemma-3-1b-it,vocative_0133,vocative,vocative m,-59.832725524902344,-44.13099670410156,13,13,0,18.888142943382434,-19.58910548686982,0
google/gemma-3-1b-it,vocative_0134,vocative,vocative f,-30.55784034729004,-30.71975326538086,11,10,1,2.9331587664783,0.4145393371582031,1
google/gemma-3-1b-it,vocative_0135,vocative,vocative f,-49.79254913330078,-39.27022171020508,7,7,0,-15.23602247238432,15.95445847511428,1
google/gemma-3-1b-it,vocative_0136,vocative,vocative m,-28.454105377197266,-29.63687515258789,10,8,1,-11.598310470682918,6.364345511421561,0
google/gemma-3-1b-it,vocative_0137,vocative,vocative m,-67.72976684570312,-60.694236755371094,13,13,0,-11.263637304475196,10.823429465937807,0
google/gemma-3-1b-it,vocative_0138,vocative,vocative f,-47.24998474121094,-40.70677185058594,9,8,0,-9.94875312045042,13.374303937002878,1
google/gemma-3-1b-it,vocative_0139,vocative,vocative f,-72.58990478515625,-68.0215072631836,9,8,0,-9.977118970797164,13.603000760106625,1
google/gemma-3-1b-it,vocative_0140,vocative,vocative f,-64.34251403808594,-56.87774658203125,10,9,0,-11.462535739148734,9.389884715448716,0
google/gemma-3-1b-it,vocative_0141,vocative,vocative m,-56.94422912597656,-57.93394470214844,10,10,1,-2.394603781402111,12.455955743917002,1
google/gemma-3-1b-it,vocative_0142,vocative,vocative f,-60.33757781982422,-56.38006591796875,13,13,0,6.591144671197981,-13.419555664064319,0
google/gemma-3-1b-it,vocative_0143,vocative,vocative m,-41.49882507324219,-42.202903747558594,9,7,1,-3.023441307246685,-10.417381287086755,0
google/gemma-3-1b-it,vocative_0144,vocative,vocative m,-54.700897216796875,-46.45353317260742,13,13,0,14.57299840450304,-8.673507228406379,1
google/gemma-3-1b-it,vocative_0145,vocative,vocative f,-43.15703582763672,-32.73905563354492,10,9,0,-10.988261819113177,1.0860556960105896,0
google/gemma-3-1b-it,vocative_0146,vocative,vocative m,-72.48594665527344,-56.3017578125,12,12,0,12.852084994320649,-16.31149244308483,0
google/gemma-3-1b-it,vocative_0147,vocative,vocative m,-75.95372009277344,-65.82928466796875,9,9,0,-9.853711729425413,9.871362332749413,1
google/gemma-3-1b-it,vocative_0148,vocative,vocative m,-90.30938720703125,-70.74021911621094,10,9,0,-8.587808395750471,12.582159400111777,1
google/gemma-3-1b-it,vocative_0149,vocative,vocative f,-54.06480407714844,-41.68500900268555,8,8,0,-12.302444338889472,14.219400048269108,1
google/gemma-3-1b-it,vocative_0150,vocative,vocative m,-69.65087890625,-70.1090316772461,11,10,1,-6.352712692227215,0.13191604614257812,0
google/gemma-3-1b-it,vocative_0151,vocative,vocative f,-48.188575744628906,-40.2904052734375,9,9,0,-8.213970105251065,-12.993191123011911,0
google/gemma-3-1b-it,vocative_0152,vocative,vocative f,-46.16593551635742,-43.67982482910156,10,10,0,3.7697448320686817,-6.9286918678553775,0
google/gemma-3-1b-it,vocative_0153,vocative,vocative m,-79.53514099121094,-64.9530258178711,14,14,0,-5.280261875595897,3.60697166249156,0
google/gemma-3-1b-it,vocative_0154,vocative,vocative m,-50.98500061035156,-43.0111198425293,8,7,0,-9.164569503373059,7.356258615676779,0
google/gemma-3-1b-it,vocative_0155,vocative,vocative f,-42.38115692138672,-39.18443298339844,9,8,0,-10.498145938545349,-17.72411513328555,0
google/gemma-3-1b-it,vocative_0156,vocative,vocative m,-65.78059387207031,-54.290428161621094,14,14,0,-5.36380746262148,2.635978803038597,0
google/gemma-3-1b-it,vocative_0157,vocative,vocative f,-51.6703987121582,-49.39931869506836,11,10,0,-12.84290671350982,12.919250130666569,1
google/gemma-3-1b-it,vocative_0158,vocative,vocative f,-62.455894470214844,-50.676841735839844,14,13,0,4.379657611250877,-13.18811392784346,0
google/gemma-3-1b-it,vocative_0159,vocative,vocative m,-44.284690856933594,-46.771629333496094,12,13,1,18.525206923484973,-17.446416854860217,1
google/gemma-3-1b-it,vocative_0160,vocative,vocative f,-60.59027099609375,-56.83091735839844,10,9,0,4.374408692121506,-14.32745742797897,0
google/gemma-3-1b-it,vocative_0161,vocative,vocative f,-72.465087890625,-55.16175079345703,9,8,0,-7.555881286913063,10.830736400061141,1
google/gemma-3-1b-it,vocative_0162,vocative,vocative m,-48.456764221191406,-42.870330810546875,8,8,0,-11.698463201835693,15.78725612166545,1
google/gemma-3-1b-it,vocative_0163,vocative,vocative m,-42.24284744262695,-42.22148895263672,9,8,0,-8.05892556454637,14.82812881474274,1
google/gemma-3-1b-it,vocative_0164,vocative,vocative f,-40.64567565917969,-38.20813751220703,9,8,0,-7.111559149867389,1.3129234611988068,0
google/gemma-3-1b-it,vocative_0165,vocative,vocative m,-46.94034194946289,-43.682552337646484,9,7,0,20.685773730278022,-10.01170301539969,1
google/gemma-3-1b-it,vocative_0166,vocative,vocative f,-94.26217651367188,-89.93594360351562,10,9,0,-14.42334175117503,11.59429967419237,0
google/gemma-3-1b-it,vocative_0167,vocative,vocative m,-38.512237548828125,-27.82660484313965,10,9,0,-11.247089147755105,13.441970348390896,1
google/gemma-3-1b-it,vocative_0168,vocative,vocative m,-63.095176696777344,-54.46169662475586,14,13,0,14.341407775879361,10.189037204887427,1
google/gemma-3-1b-it,vocative_0169,vocative,vocative f,-58.90024185180664,-49.174903869628906,11,10,0,-9.345515855660778,10.385127665678738,1
google/gemma-3-1b-it,vocative_0170,vocative,vocative m,-61.98558807373047,-61.93010711669922,8,8,0,-4.756092187017202,11.766668320356985,1
google/gemma-3-1b-it,vocative_0171,vocative,vocative f,-38.79621124267578,-39.77313995361328,8,7,1,-13.014857888291772,-4.096412776038051,0
google/gemma-3-1b-it,vocative_0172,vocative,vocative m,-60.15121078491211,-53.515621185302734,13,13,0,18.120846033097678,-18.07180404663086,1
google/gemma-3-1b-it,vocative_0173,vocative,vocative m,-51.32017517089844,-47.79252624511719,13,13,0,18.60968589782715,-19.04490268230439,0
google/gemma-3-1b-it,vocative_0174,vocative,vocative f,-62.65909194946289,-53.949676513671875,13,12,0,-9.3495196165386,-10.345821500344755,0
google/gemma-3-1b-it,vocative_0175,vocative,vocative m,-62.61421585083008,-48.82160186767578,14,13,0,18.506698250770626,-17.46591746807099,1
google/gemma-3-1b-it,vocative_0176,vocative,vocative m,-56.503211975097656,-41.70751953125,9,9,0,-10.826690316767781,11.33987998986413,1
google/gemma-3-1b-it,vocative_0177,vocative,vocative m,-36.590232849121094,-39.263954162597656,10,9,1,-14.038371920602913,14.642612457297673,1
google/gemma-3-1b-it,vocative_0178,vocative,vocative f,-46.01044845581055,-33.0171012878418,10,9,0,2.216266706585884,-14.546580791473502,0
google/gemma-3-1b-it,vocative_0179,vocative,vocative m,-47.445594787597656,-40.56788635253906,11,10,0,6.518493668292649,10.640605926979333,1
google/gemma-3-1b-it,vocative_0180,vocative,vocative m,-76.57061767578125,-63.48723220825195,8,8,0,-3.029827017337084,8.734703436100972,1
google/gemma-3-1b-it,vocative_0181,vocative,vocative f,-45.08610534667969,-39.207252502441406,12,12,0,18.18408107757614,-19.846229434013374,0
google/gemma-3-1b-it,vocative_0182,vocative,vocative f,-77.53778839111328,-62.150245666503906,15,14,0,-13.814966201798597,-15.204295873641996,0
google/gemma-3-1b-it,vocative_0183,vocative,vocative f,-74.55061340332031,-62.253753662109375,13,13,0,9.419604900816921,-18.15910685062414,0
google/gemma-3-1b-it,vocative_0184,vocative,vocative f,-45.853126525878906,-40.52680969238281,14,13,0,12.692924261097914,-20.800582766532905,0
google/gemma-3-1b-it,vocative_0185,vocative,vocative f,-36.060855865478516,-26.979122161865234,10,9,0,-9.480832699351595,13.439976096167811,1
google/gemma-3-1b-it,vocative_0186,vocative,vocative m,-56.635677337646484,-49.09124755859375,11,10,0,-2.5609322488307953,8.421249059625552,1
google/gemma-3-1b-it,vocative_0187,vocative,vocative m,-42.18402862548828,-39.0556526184082,8,7,0,-5.564960259012878,12.725673437211299,1
google/gemma-3-1b-it,vocative_0188,vocative,vocative m,-65.18793487548828,-56.18040084838867,9,10,0,3.7052041199058294,-3.630893623456359,1
google/gemma-3-1b-it,vocative_0189,vocative,vocative m,-41.66263961791992,-36.7117805480957,7,6,0,-12.467523336441445,13.148447275205399,1
google/gemma-3-1b-it,vocative_0190,vocative,vocative f,-53.295082092285156,-41.78643798828125,14,13,0,17.68391978740693,-15.908637881278999,1
google/gemma-3-1b-it,vocative_0191,vocative,vocative m,-50.092750549316406,-42.50213623046875,14,13,0,19.533897161483793,-18.550779342651367,1
google/gemma-3-1b-it,vocative_0192,vocative,vocative m,-44.94541931152344,-37.96017074584961,8,8,0,-8.745693221193505,7.288112768786959,0
google/gemma-3-1b-it,vocative_0193,vocative,vocative m,-70.581298828125,-74.74378967285156,9,9,1,-6.005386135773733,11.616438270040817,1
google/gemma-3-1b-it,vocative_0194,vocative,vocative f,-46.8448600769043,-39.35329055786133,8,6,0,-14.226236224197692,-5.297371128574014,0
google/gemma-3-1b-it,vocative_0195,vocative,vocative m,-68.3824462890625,-56.30415725708008,14,13,0,7.382362202450167,10.863769650788527,1
google/gemma-3-1b-it,vocative_0196,vocative,vocative f,-46.935306549072266,-32.300262451171875,13,12,0,19.588355898857124,-18.793679237366177,1
google/gemma-3-1b-it,vocative_0197,vocative,vocative m,-46.212989807128906,-42.299869537353516,8,7,0,3.5823098197579384,12.04408419137144,1
google/gemma-3-1b-it,vocative_0198,vocative,vocative f,-57.47320556640625,-62.19451904296875,12,12,1,13.006374001505492,-15.02820551395422,0
google/gemma-3-1b-it,vocative_0199,vocative,vocative m,-51.678592681884766,-45.33399963378906,13,13,0,18.00230348110216,-18.796045184135444,0
google/gemma-3-1b-it,vocative_0200,vocative,vocative m,-82.71925354003906,-60.459129333496094,15,14,0,0.8918915390968323,6.947223668103106,1
google/gemma-3-1b-it,vocative_0201,vocative,vocative m,-68.71246337890625,-56.42202377319336,13,12,0,7.663356772332918,-14.249180078506697,0
google/gemma-3-1b-it,vocative_0202,vocative,vocative m,-45.138832092285156,-48.40564727783203,8,7,1,-12.997981786767014,13.566407799752596,1
google/gemma-3-1b-it,vocative_0203,vocative,vocative m,-31.79754066467285,-27.259597778320312,9,9,0,-9.44346225681511,12.018642425613507,1
google/gemma-3-1b-it,vocative_0204,vocative,vocative m,-48.10064697265625,-40.95912170410156,7,7,0,-13.044843792950815,6.602092733955942,0
google/gemma-3-1b-it,vocative_0205,vocative,vocative m,-42.0491943359375,-39.75470733642578,8,6,0,-10.255054474924691,11.76432645330624,1
google/gemma-3-1b-it,vocative_0206,vocative,vocative m,-59.624855041503906,-42.56832504272461,7,7,0,-12.438807964365878,12.898021698087177,1
google/gemma-3-1b-it,vocative_0207,vocative,vocative m,-36.97523880004883,-29.302038192749023,10,10,0,1.769084945321083,13.815120697032853,1
google/gemma-3-1b-it,vocative_0208,vocative,vocative f,-59.00767135620117,-58.969024658203125,10,9,0,-4.934474720619619,-11.503822445923106,0
google/gemma-3-1b-it,vocative_0209,vocative,vocative f,-52.52802276611328,-43.58102035522461,8,8,0,-14.946364879649082,-0.2527275085449219,0
google/gemma-3-1b-it,vocative_0210,vocative,vocative m,-53.15037536621094,-44.70916748046875,13,12,0,18.86727702617646,-16.88994777202607,1
google/gemma-3-1b-it,vocative_0211,vocative,vocative m,-45.191184997558594,-43.811954498291016,13,12,0,19.113036990165718,-16.756120800973576,1
google/gemma-3-1b-it,vocative_0212,vocative,vocative m,-81.31129455566406,-64.02186584472656,9,9,0,-8.194869560160441,10.047308208901086,1
google/gemma-3-1b-it,vocative_0213,vocative,vocative m,-55.132747650146484,-33.45378112792969,9,9,0,-11.836358666500928,12.904123663953214,1
google/gemma-3-1b-it,vocative_0214,vocative,vocative f,-65.03741455078125,-59.884429931640625,15,14,0,-2.1751709654927254,-4.644706570543349,0
google/gemma-3-1b-it,vocative_0215,vocative,vocative f,-27.110450744628906,-33.28907775878906,9,9,1,-11.7103084326518,15.152154922489444,1
google/gemma-3-1b-it,vocative_0216,vocative,vocative f,-65.62090301513672,-67.11308288574219,8,8,1,-12.422775389393792,9.465972666723246,0
google/gemma-3-1b-it,vocative_0217,vocative,vocative m,-51.956817626953125,-43.65612030029297,13,12,0,19.504609823226957,-12.235114932072065,1
google/gemma-3-1b-it,vocative_0218,vocative,vocative m,-66.44137573242188,-51.83467102050781,10,9,0,0.5367813110351562,10.44647431472913,1
google/gemma-3-1b-it,vocative_0219,vocative,vocative m,-52.220436096191406,-35.273399353027344,10,10,0,-10.403764248836524,12.069029092916026,1
google/gemma-3-1b-it,vocative_0220,vocative,vocative m,-73.55950927734375,-55.735572814941406,10,10,0,-7.886276082484983,2.186069592833519,0
google/gemma-3-1b-it,vocative_0221,vocative,vocative m,-59.19378662109375,-39.26150894165039,8,6,0,-14.731160759931072,12.483913660176768,0
google/gemma-3-1b-it,vocative_0222,vocative,vocative m,-56.44820785522461,-57.806541442871094,13,11,1,17.299907922746115,-10.115951419720659,1
google/gemma-3-1b-it,vocative_0223,vocative,vocative f,-53.386741638183594,-54.8799934387207,10,9,1,7.4778975661611184,3.6790047343820333,1
google/gemma-3-1b-it,vocative_0224,vocative,vocative f,-77.74998474121094,-64.7385025024414,11,10,0,-14.769862771058797,3.9717749692499638,0
google/gemma-3-1b-it,vocative_0225,vocative,vocative f,-67.550048828125,-59.311126708984375,8,8,0,-3.4019623175263405,11.82234799874459,1
google/gemma-3-1b-it,vocative_0226,vocative,vocative f,-58.12791442871094,-45.69222640991211,7,7,0,-14.924382686624085,15.497453212740766,1
google/gemma-3-1b-it,vocative_0227,vocative,vocative f,-62.420719146728516,-61.340694427490234,13,12,0,-15.01459467488894,-5.06391893979162,0
google/gemma-3-1b-it,vocative_0228,vocative,vocative f,-67.80181884765625,-59.82861328125,8,8,0,-11.47974622295078,12.349022150468954,1
google/gemma-3-1b-it,vocative_0229,vocative,vocative f,-56.421913146972656,-46.382179260253906,8,8,0,-13.274664282832418,-8.40724148863228,0
google/gemma-3-1b-it,vocative_0230,vocative,vocative m,-51.447540283203125,-47.292137145996094,9,8,0,-7.647529719368322,12.950542688384758,1
google/gemma-3-1b-it,vocative_0231,vocative,vocative f,-89.28251647949219,-67.12712097167969,14,13,0,-6.178771750535816,-17.997665405273438,0
google/gemma-3-1b-it,vocative_0232,vocative,vocative m,-69.812744140625,-55.58302688598633,14,14,0,18.45703458786022,9.715114596489002,1
google/gemma-3-1b-it,vocative_0233,vocative,vocative m,-57.689208984375,-41.17913055419922,8,6,0,-10.253608346840338,15.161043286330369,1
google/gemma-3-1b-it,vocative_0234,vocative,vocative m,-74.49061584472656,-55.81255340576172,15,14,0,7.342136356222909,8.556901714211563,1
google/gemma-3-1b-it,vocative_0235,vocative,vocative f,-50.253536224365234,-47.67863082885742,13,13,0,20.443267822265625,-19.53473961353336,1
google/gemma-3-1b-it,vocative_0236,vocative,vocative m,-66.27293395996094,-71.31346130371094,9,9,1,-4.475288569927216,10.633659602081025,1
google/gemma-3-1b-it,vocative_0237,vocative,vocative f,-39.483001708984375,-30.617279052734375,9,8,0,-14.812816619884416,-19.21793735027314,0
google/gemma-3-1b-it,vocative_0238,vocative,vocative m,-68.5294418334961,-60.914222717285156,13,11,0,-10.140016318757262,-11.35346567637771,0
google/gemma-3-1b-it,vocative_0239,vocative,vocative m,-44.73072814941406,-31.351318359375,9,8,0,-14.14117991925059,12.36982548245578,0
google/gemma-3-1b-it,vocative_0240,vocative,vocative f,-53.66459655761719,-37.88417053222656,13,12,0,18.64935874938965,-20.41538608074189,0
google/gemma-3-1b-it,vocative_0241,vocative,vocative m,-56.50587463378906,-51.75008773803711,13,11,0,16.834337115287788,-13.828201293945767,1
google/gemma-3-1b-it,vocative_0242,vocative,vocative m,-86.24363708496094,-67.45321655273438,11,10,0,-6.929975650971755,5.810737446649,0
google/gemma-3-1b-it,vocative_0243,vocative,vocative f,-48.222068786621094,-38.227264404296875,10,10,0,3.776565559208393,1.8153991997241974,1
google/gemma-3-1b-it,vocative_0244,vocative,vocative m,-53.05632019042969,-41.34712219238281,8,8,0,3.1717682853341103,-11.111640811084726,0
google/gemma-3-1b-it,vocative_0245,vocative,vocative m,-43.488197326660156,-42.053871154785156,10,9,0,20.56078338623047,4.545684878714383,1
google/gemma-3-1b-it,vocative_0246,vocative,vocative f,-50.89820861816406,-48.6337890625,11,10,0,-0.5963287055492401,-16.746754765514424,0
google/gemma-3-1b-it,vocative_0247,vocative,vocative f,-67.4813003540039,-59.11857604980469,11,10,0,-6.27240739914123,1.9528044611215591,0
google/gemma-3-1b-it,vocative_0248,vocative,vocative m,-40.628395080566406,-29.270017623901367,10,9,0,-2.066261224448681,9.871940376135171,1
google/gemma-3-1b-it,vocative_0249,vocative,vocative f,-51.142433166503906,-38.07965087890625,13,12,0,19.14368939399742,-20.168819189071684,0
google/gemma-3-1b-it,vocative_0250,vocative,vocative m,-64.86030578613281,-60.77291488647461,12,12,0,18.889166474343256,-11.496723294311778,1
google/gemma-3-1b-it,vocative_0251,vocative,vocative m,-47.47784423828125,-39.550785064697266,8,8,0,-11.733854293939658,-11.48739993577874,0
google/gemma-3-1b-it,vocative_0252,vocative,vocative f,-46.06228256225586,-45.42283630371094,12,12,0,20.034088015556343,-18.38275444507633,1
google/gemma-3-1b-it,vocative_0253,vocative,vocative f,-68.56861877441406,-49.23788833618164,15,14,0,-11.73708927899861,-15.165974020958117,0
google/gemma-3-1b-it,vocative_0254,vocative,vocative m,-67.45899963378906,-65.36105346679688,9,8,0,-10.383840919406794,10.374314905508072,0
google/gemma-3-1b-it,vocative_0255,vocative,vocative f,-66.33985900878906,-55.89433288574219,13,11,0,3.4320641607046127,-16.250575423240832,0
google/gemma-3-1b-it,vocative_0256,vocative,vocative m,-48.30061721801758,-40.87382888793945,7,6,0,-14.07343053819659,12.28976070889621,0
google/gemma-3-1b-it,vocative_0257,vocative,vocative f,-70.98080444335938,-65.74223327636719,14,14,0,2.822692956775427,9.569972996308934,1
google/gemma-3-1b-it,vocative_0258,vocative,vocative m,-53.293094635009766,-47.67747497558594,12,12,0,18.178865194322952,-11.97803890707246,1
google/gemma-3-1b-it,vocative_0259,vocative,vocative m,-58.343719482421875,-56.45720672607422,14,13,0,-3.697681402787566,-15.582235097885814,0
google/gemma-3-1b-it,vocative_0260,vocative,vocative f,-71.16232299804688,-60.107139587402344,10,10,0,-6.607301605748944,-0.69012451171875,0
google/gemma-3-1b-it,vocative_0261,vocative,vocative f,-66.08415985107422,-57.098243713378906,13,11,0,3.0535889007151127,-9.245975141428062,0
google/gemma-3-1b-it,vocative_0262,vocative,vocative f,-49.617984771728516,-42.680850982666016,13,13,0,19.660770416259766,-21.352619171142578,0
google/gemma-3-1b-it,vocative_0263,vocative,vocative m,-47.58411407470703,-31.414005279541016,10,10,0,-13.065195441296964,3.3205947764217854,0
google/gemma-3-1b-it,vocative_0264,vocative,vocative f,-76.97329711914062,-55.22576141357422,13,13,0,-0.024311065673828125,10.128101113245066,1
google/gemma-3-1b-it,vocative_0265,vocative,vocative f,-54.77658462524414,-48.793182373046875,13,12,0,19.385366439819336,-20.314071655273438,0
google/gemma-3-1b-it,vocative_0266,vocative,vocative m,-65.25096893310547,-59.69041061401367,14,14,0,14.445327639580341,11.817604422782097,1
google/gemma-3-1b-it,vocative_0267,vocative,vocative m,-52.36250305175781,-40.26885986328125,8,7,0,-8.377710133616347,13.212655544331028,1
google/gemma-3-1b-it,vocative_0268,vocative,vocative m,-62.3519401550293,-54.76176071166992,14,14,0,10.151024223163404,-0.6115646660327911,1
google/gemma-3-1b-it,vocative_0269,vocative,vocative m,-59.27775573730469,-53.425079345703125,10,10,0,-10.34490776254097,-8.80994070720044,0
google/gemma-3-1b-it,vocative_0270,vocative,vocative m,-48.98955154418945,-39.838134765625,8,8,0,-12.535701632529708,14.232328057294353,1
google/gemma-3-1b-it,vocative_0271,vocative,vocative m,-45.53236389160156,-40.634498596191406,8,7,0,-11.691348672102322,13.67521309854692,1
google/gemma-3-1b-it,vocative_0272,vocative,vocative m,-71.57615661621094,-72.1824951171875,9,9,1,-9.867025139385078,5.0053519401699305,0
google/gemma-3-1b-it,vocative_0273,vocative,vocative f,-63.77183532714844,-57.8466796875,14,13,0,-9.788928630092414,-18.69827556610153,0
google/gemma-3-1b-it,vocative_0274,vocative,vocative m,-37.77081298828125,-30.75096893310547,9,8,0,-14.593507885939744,5.461509942542762,0
google/gemma-3-1b-it,vocative_0275,vocative,vocative f,-69.84855651855469,-53.2409782409668,13,12,0,-11.133207440896513,-15.802997112274284,0
google/gemma-3-1b-it,vocative_0276,vocative,vocative f,-68.70349884033203,-59.28369903564453,10,9,0,-12.873024225269546,-17.81840777397224,0
google/gemma-3-1b-it,vocative_0277,vocative,vocative m,-52.30781555175781,-47.55870819091797,9,9,0,9.096965796234144,0.7628783881664276,1
google/gemma-3-1b-it,vocative_0278,vocative,vocative f,-64.51437377929688,-64.48085021972656,15,14,0,-10.022863041274832,6.269195378874429,0
google/gemma-3-1b-it,vocative_0279,vocative,vocative f,-64.26383209228516,-58.04022216796875,11,10,0,-11.919700980311973,-9.559543254508753,0
google/gemma-3-1b-it,vocative_0280,vocative,vocative m,-68.7506103515625,-60.13553237915039,10,9,0,-8.694894926593406,9.353851085565111,1
google/gemma-3-1b-it,vocative_0281,vocative,vocative m,-59.57721710205078,-48.57182693481445,9,9,0,8.756225598612218,6.571376727661118,1
google/gemma-3-1b-it,vocative_0282,vocative,vocative f,-48.662776947021484,-38.733760833740234,8,8,0,-13.643594264989588,-8.257442150468705,0
google/gemma-3-1b-it,vocative_0283,vocative,vocative m,-72.77415466308594,-60.57319641113281,10,10,0,-8.541673922911286,11.071963906993915,1
google/gemma-3-1b-it,vocative_0284,vocative,vocative m,-79.80168151855469,-69.67005920410156,9,8,0,-10.14181471016127,11.969276428579178,1
google/gemma-3-1b-it,vocative_0285,vocative,vocative m,-42.935691833496094,-31.37990379333496,10,9,0,-0.7642555236816406,13.988145589841224,1
google/gemma-3-1b-it,vocative_0286,vocative,vocative m,-40.42371368408203,-42.85606384277344,12,12,1,19.454011440277213,-18.188379287719727,1
google/gemma-3-1b-it,vocative_0287,vocative,vocative m,-46.13902282714844,-41.49989700317383,10,9,0,11.012351513048998,14.41040074826742,1
google/gemma-3-1b-it,vocative_0288,vocative,vocative f,-72.75859069824219,-63.977760314941406,10,9,0,-10.784406784470775,12.755737662828324,1
google/gemma-3-1b-it,vocative_0289,vocative,vocative m,-58.061058044433594,-43.74260330200195,8,8,0,-14.289010882415823,12.872125983322803,0
google/gemma-3-1b-it,vocative_0290,vocative,vocative f,-38.4769401550293,-40.061866760253906,7,7,1,-14.428380489374831,14.300907135021134,0
google/gemma-3-1b-it,vocative_0291,vocative,vocative f,-59.05384063720703,-44.063175201416016,13,13,0,20.770498156547553,-19.477218508720405,1
google/gemma-3-1b-it,vocative_0292,vocative,vocative m,-61.60279846191406,-56.05788040161133,12,12,0,9.976306916374597,-5.332298481836915,1
google/gemma-3-1b-it,vocative_0293,vocative,vocative m,-57.32618713378906,-52.05419158935547,13,12,0,14.839984536171016,-4.558391391299665,1
google/gemma-3-1b-it,vocative_0294,vocative,vocative m,-37.680816650390625,-31.329524993896484,10,10,0,-10.045261026676599,13.790525674834953,1
google/gemma-3-1b-it,vocative_0295,vocative,vocative m,-58.845619201660156,-56.326622009277344,13,13,0,-5.598423075629398,1.5570907592773438,0
google/gemma-3-1b-it,vocative_0296,vocative,vocative m,-67.28811645507812,-62.96317672729492,9,8,0,-9.946354033716489,12.212865710593178,1
google/gemma-3-1b-it,vocative_0297,vocative,vocative m,-72.85928344726562,-68.10800170898438,9,8,0,-9.905996325767774,10.39179039159717,1
google/gemma-3-1b-it,vocative_0298,vocative,vocative f,-64.29985046386719,-59.978126525878906,12,12,0,19.096826076507682,-13.695449590683666,1
google/gemma-3-1b-it,vocative_0299,vocative,vocative m,-93.40127563476562,-82.89205169677734,10,9,0,-8.096685345110018,9.904850247134164,1
