model,uid,phenomenon,group,lp_good,lp_bad,ntok_good,ntok_bad,prob_correct,prompt_margin_ab,prompt_margin_ba,prompt_correct
google/gemma-3-1b-pt,adjective_agreement_0000,adjective_agreement,"masc noun, neut adj",-34.394020080566406,-42.957679748535156,7,7,1,0.7228336334228516,-0.7537403106689453,0
google/gemma-3-1b-pt,adjective_agreement_0001,adjective_agreement,"neut noun, femn adj",-35.59703063964844,-42.716041564941406,6,6,1,0.6907672882080078,-0.6875934600830078,1
google/gemma-3-1b-pt,adjective_agreement_0002,adjective_agreement,"femn noun, masc adj",-38.57525634765625,-40.50685119628906,6,6,1,0.4696178436279297,-0.449432373046875,1
google/gemma-3-1b-pt,adjective_agreement_0003,adjective_agreement,"femn noun, neut adj",-43.09872817993164,-44.679832458496094,7,7,1,0.5474529266357422,-0.5303936004638672,1
google/gemma-3-1b-pt,adjective_agreement_0004,adjective_agreement,"neut noun, masc adj",-38.89364242553711,-44.75470733642578,7,7,1,0.3869590759277344,-0.36026954650878906,1
google/gemma-3-1b-pt,adjective_agreement_0005,adjective_agreement,"neut noun, femn adj",-51.967769622802734,-58.6426887512207,6,6,1,0.10218429565429688,-0.15585708618164062,0
google/gemma-3-1b-pt,adjective_agreement_0006,adjective_agreement,"femn noun, neut adj",-48.794002532958984,-44.55792999267578,5,5,0,0.29155731201171875,-0.2252368927001953,1
google/gemma-3-1b-pt,adjective_agreement_0007,adjective_agreement,"femn noun, masc adj",-51.98760223388672,-54.821075439453125,9,10,1,0.19217872619628906,-0.20624923706054688,0
google/gemma-3-1b-pt,adjective_agreement_0008,adjective_agreement,"femn noun, masc adj",-41.43132019042969,-48.866939544677734,5,5,1,0.2683544158935547,-0.2822742462158203,0
google/gemma-3-1b-pt,adjective_agreement_0009,adjective_agreement,"neut noun, masc adj",-39.89580535888672,-41.67849349975586,7,7,1,0.3140697479248047,-0.32370758056640625,0
google/gemma-3-1b-pt,adjective_agreement_0010,adjective_agreement,"masc noun, neut adj",-35.401092529296875,-45.66226577758789,8,8,1,0.4588966369628906,-0.4987220764160156,0
google/gemma-3-1b-pt,adjective_agreement_0011,adjective_agreement,"femn noun, masc adj",-40.26459503173828,-42.531803131103516,7,8,1,0.7240161895751953,-0.6747303009033203,1
google/gemma-3-1b-pt,adjective_agreement_0012,adjective_agreement,"masc noun, neut adj",-47.12938690185547,-49.75055694580078,11,11,1,0.43045997619628906,-0.45201683044433594,0
google/gemma-3-1b-pt,adjective_agreement_0013,adjective_agreement,"masc noun, neut adj",-36.355438232421875,-45.790950775146484,6,7,1,0.3084545135498047,-0.37735557556152344,0
google/gemma-3-1b-pt,adjective_agreement_0014,adjective_agreement,"neut noun, femn adj",-43.015594482421875,-40.89264678955078,5,5,0,0.5585079193115234,-0.5604801177978516,0
google/gemma-3-1b-pt,adjective_agreement_0015,adjective_agreement,"neut noun, masc adj",-45.45811462402344,-49.86116027832031,9,9,1,0.4205341339111328,-0.4105052947998047,1
google/gemma-3-1b-pt,adjective_agreement_0016,adjective_agreement,"neut noun, femn adj",-35.96745681762695,-42.09572982788086,5,5,1,-0.05035972595214844,0.026124954223632812,0
google/gemma-3-1b-pt,adjective_agreement_0017,adjective_agreement,"neut noun, femn adj",-38.678253173828125,-45.66558074951172,7,6,1,0.48395538330078125,-0.4794483184814453,1
google/gemma-3-1b-pt,adjective_agreement_0018,adjective_agreement,"neut noun, femn adj",-40.37351989746094,-46.6818733215332,5,5,1,0.1360321044921875,-0.14288711547851562,0
google/gemma-3-1b-pt,adjective_agreement_0019,adjective_agreement,"neut noun, masc adj",-45.96711730957031,-47.91012191772461,11,11,1,0.4436225891113281,-0.44080162048339844,1
google/gemma-3-1b-pt,adjective_agreement_0020,adjective_agreement,"neut noun, masc adj",-38.42401885986328,-43.705413818359375,6,5,1,0.7133808135986328,-0.6374778747558594,1
google/gemma-3-1b-pt,adjective_agreement_0021,adjective_agreement,"masc noun, femn adj",-44.76593017578125,-51.941287994384766,6,6,1,0.11700820922851562,-0.12290000915527344,0
google/gemma-3-1b-pt,adjective_agreement_0022,adjective_agreement,"femn noun, masc adj",-40.932861328125,-49.768524169921875,6,6,1,0.43877601623535156,-0.4432563781738281,0
google/gemma-3-1b-pt,adjective_agreement_0023,adjective_agreement,"femn noun, neut adj",-44.630767822265625,-46.06361389160156,6,7,1,0.2988166809082031,-0.3934783935546875,0
google/gemma-3-1b-pt,adjective_agreement_0024,adjective_agreement,"femn noun, masc adj",-41.183990478515625,-46.578651428222656,7,6,1,0.7887496948242188,-0.7315502166748047,1
google/gemma-3-1b-pt,adjective_agreement_0025,adjective_agreement,"femn noun, neut adj",-43.150909423828125,-46.293113708496094,6,6,1,0.18744277954101562,-0.148681640625,1
google/gemma-3-1b-pt,adjective_agreement_0026,adjective_agreement,"femn noun, neut adj",-49.64048767089844,-54.54528045654297,10,10,1,0.18473052978515625,-0.2111968994140625,0
google/gemma-3-1b-pt,adjective_agreement_0027,adjective_agreement,"femn noun, masc adj",-42.2889404296875,-47.573204040527344,7,7,1,0.6729545593261719,-0.6509227752685547,1
google/gemma-3-1b-pt,adjective_agreement_0028,adjective_agreement,"neut noun, masc adj",-36.662933349609375,-43.929931640625,7,6,1,0.2953948974609375,-0.28514671325683594,1
google/gemma-3-1b-pt,adjective_agreement_0029,adjective_agreement,"masc noun, neut adj",-37.69697189331055,-39.099769592285156,6,7,1,0.3345050811767578,-0.3581047058105469,0
google/gemma-3-1b-pt,adjective_agreement_0030,adjective_agreement,"femn noun, neut adj",-47.97474670410156,-43.935516357421875,5,5,0,0.046844482421875,-0.0090179443359375,1
google/gemma-3-1b-pt,adjective_agreement_0031,adjective_agreement,"femn noun, masc adj",-45.83964538574219,-51.53111267089844,10,9,1,0.38420867919921875,-0.42018890380859375,0
google/gemma-3-1b-pt,adjective_agreement_0032,adjective_agreement,"masc noun, neut adj",-32.0853271484375,-41.69104766845703,7,8,1,0.6320571899414062,-0.7508335113525391,0
google/gemma-3-1b-pt,adjective_agreement_0033,adjective_agreement,"femn noun, neut adj",-34.02802658081055,-42.806358337402344,6,7,1,0.5225276947021484,-0.6053543090820312,0
google/gemma-3-1b-pt,adjective_agreement_0034,adjective_agreement,"femn noun, masc adj",-38.953739166259766,-43.28810119628906,7,7,1,0.25750160217285156,-0.24098968505859375,1
google/gemma-3-1b-pt,adjective_agreement_0035,adjective_agreement,"femn noun, neut adj",-52.65022277832031,-58.162322998046875,9,9,1,0.1789226531982422,-0.1635150909423828,1
google/gemma-3-1b-pt,adjective_agreement_0036,adjective_agreement,"femn noun, neut adj",-35.387229919433594,-43.48085021972656,5,5,1,0.3002452850341797,-0.3500690460205078,0
google/gemma-3-1b-pt,adjective_agreement_0037,adjective_agreement,"masc noun, femn adj",-38.091060638427734,-49.617820739746094,7,6,1,0.2058582305908203,-0.20975303649902344,0
google/gemma-3-1b-pt,adjective_agreement_0038,adjective_agreement,"femn noun, masc adj",-49.335330963134766,-51.12459182739258,10,10,1,0.4878425598144531,-0.4631462097167969,1
google/gemma-3-1b-pt,adjective_agreement_0039,adjective_agreement,"femn noun, masc adj",-37.088687896728516,-41.71583557128906,5,5,1,0.35837745666503906,-0.32953643798828125,1
google/gemma-3-1b-pt,adjective_agreement_0040,adjective_agreement,"neut noun, femn adj",-49.943138122558594,-52.71332550048828,10,9,1,0.4027843475341797,-0.3947334289550781,1
google/gemma-3-1b-pt,adjective_agreement_0041,adjective_agreement,"femn noun, masc adj",-36.24050521850586,-42.03681564331055,5,5,1,0.06209754943847656,-0.08409500122070312,0
google/gemma-3-1b-pt,adjective_agreement_0042,adjective_agreement,"femn noun, masc adj",-40.97129440307617,-44.79732131958008,6,6,1,0.15825843811035156,-0.1988506317138672,0
google/gemma-3-1b-pt,adjective_agreement_0043,adjective_agreement,"masc noun, femn adj",-37.233154296875,-42.93016815185547,6,6,1,0.32303428649902344,-0.3136100769042969,1
google/gemma-3-1b-pt,adjective_agreement_0044,adjective_agreement,"neut noun, masc adj",-50.28015899658203,-52.30015563964844,11,11,1,0.1993560791015625,-0.2122173309326172,0
google/gemma-3-1b-pt,adjective_agreement_0045,adjective_agreement,"masc noun, neut adj",-39.508522033691406,-40.390384674072266,7,7,1,0.015727996826171875,-0.021785736083984375,0
google/gemma-3-1b-pt,adjective_agreement_0046,adjective_agreement,"neut noun, femn adj",-58.62353515625,-57.05572509765625,6,6,0,0.23896408081054688,-0.22316551208496094,1
google/gemma-3-1b-pt,adjective_agreement_0047,adjective_agreement,"neut noun, masc adj",-44.30976486206055,-40.777584075927734,8,8,0,0.38527870178222656,-0.3776721954345703,1
google/gemma-3-1b-pt,adjective_agreement_0048,adjective_agreement,"neut noun, femn adj",-42.456275939941406,-48.679115295410156,6,5,1,0.2855663299560547,-0.24199867248535156,1
google/gemma-3-1b-pt,adjective_agreement_0049,adjective_agreement,"femn noun, neut adj",-41.44950866699219,-43.118186950683594,8,8,1,0.6775646209716797,-0.6512489318847656,1
google/gemma-3-1b-pt,adjective_agreement_0050,adjective_agreement,"masc noun, neut adj",-49.16324996948242,-52.11907196044922,9,10,1,0.10394096374511719,-0.1570720672607422,0
google/gemma-3-1b-pt,adjective_agreement_0051,adjective_agreement,"masc noun, neut adj",-48.60503387451172,-56.156944274902344,10,10,1,0.3436870574951172,-0.3651580810546875,0
google/gemma-3-1b-pt,adjective_agreement_0052,adjective_agreement,"femn noun, neut adj",-41.72412872314453,-44.29811096191406,7,7,1,0.3598194122314453,-0.41666412353515625,0
google/gemma-3-1b-pt,adjective_agreement_0053,adjective_agreement,"femn noun, masc adj",-47.44830322265625,-52.34861755371094,10,9,1,0.5539340972900391,-0.5362682342529297,1
google/gemma-3-1b-pt,adjective_agreement_0054,adjective_agreement,"neut noun, masc adj",-45.35987854003906,-46.74546813964844,9,9,1,0.29633522033691406,-0.29354286193847656,1
google/gemma-3-1b-pt,adjective_agreement_0055,adjective_agreement,"femn noun, masc adj",-41.21739959716797,-42.12836456298828,7,7,1,0.4290637969970703,-0.40154266357421875,1
google/gemma-3-1b-pt,adjective_agreement_0056,adjective_agreement,"masc noun, femn adj",-31.12683868408203,-45.316429138183594,7,6,1,0.7327671051025391,-0.7897720336914062,0
google/gemma-3-1b-pt,adjective_agreement_0057,adjective_agreement,"masc noun, femn adj",-51.92328643798828,-50.74286651611328,10,9,0,0.30245399475097656,-0.320037841796875,0
google/gemma-3-1b-pt,adjective_agreement_0058,adjective_agreement,"masc noun, neut adj",-40.434288024902344,-40.70067596435547,7,6,1,0.23084068298339844,-0.23189353942871094,0
google/gemma-3-1b-pt,adjective_agreement_0059,adjective_agreement,"femn noun, neut adj",-38.75912857055664,-45.90370559692383,7,7,1,0.3293895721435547,-0.3710784912109375,0
google/gemma-3-1b-pt,adjective_agreement_0060,adjective_agreement,"femn noun, neut adj",-45.75685119628906,-54.316383361816406,9,9,1,0.485626220703125,-0.5116539001464844,0
google/gemma-3-1b-pt,adjective_agreement_0061,adjective_agreement,"masc noun, neut adj",-37.26401901245117,-47.65370559692383,7,6,1,0.47141265869140625,-0.4552440643310547,1
google/gemma-3-1b-pt,adjective_agreement_0062,adjective_agreement,"femn noun, neut adj",-43.016475677490234,-47.39593505859375,6,6,1,0.531524658203125,-0.5223674774169922,1
google/gemma-3-1b-pt,adjective_agreement_0063,adjective_agreement,"femn noun, neut adj",-41.59040069580078,-48.86944580078125,7,7,1,0.4233207702636719,-0.4828624725341797,0
google/gemma-3-1b-pt,adjective_agreement_0064,adjective_agreement,"femn noun, masc adj",-37.44703674316406,-43.967628479003906,8,8,1,0.6818027496337891,-0.7088737487792969,0
google/gemma-3-1b-pt,adjective_agreement_0065,adjective_agreement,"femn noun, masc adj",-37.491249084472656,-40.11932373046875,8,8,1,0.7768516540527344,-0.8057689666748047,0
google/gemma-3-1b-pt,adjective_agreement_0066,adjective_agreement,"masc noun, neut adj",-36.56911849975586,-44.41835021972656,7,7,1,0.8464069366455078,-0.8995876312255859,0
google/gemma-3-1b-pt,adjective_agreement_0067,adjective_agreement,"neut noun, masc adj",-39.144264221191406,-49.08304214477539,5,5,1,0.37750244140625,-0.30397605895996094,1
google/gemma-3-1b-pt,adjective_agreement_0068,adjective_agreement,"femn noun, neut adj",-39.58686828613281,-41.3589973449707,4,5,1,0.14867019653320312,-0.2099761962890625,0
google/gemma-3-1b-pt,adjective_agreement_0069,adjective_agreement,"femn noun, masc adj",-49.3942756652832,-51.505958557128906,10,10,1,0.24747848510742188,-0.2344532012939453,1
google/gemma-3-1b-pt,adjective_agreement_0070,adjective_agreement,"femn noun, neut adj",-39.75909423828125,-42.976619720458984,6,7,1,0.4093971252441406,-0.46106719970703125,0
google/gemma-3-1b-pt,adjective_agreement_0071,adjective_agreement,"masc noun, neut adj",-35.603271484375,-42.33235168457031,7,7,1,0.4405326843261719,-0.47445106506347656,0
google/gemma-3-1b-pt,adjective_agreement_0072,adjective_agreement,"femn noun, masc adj",-49.155906677246094,-45.727561950683594,5,6,0,0.3093223571777344,-0.273406982421875,1
google/gemma-3-1b-pt,adjective_agreement_0073,adjective_agreement,"masc noun, femn adj",-48.25075149536133,-49.212562561035156,11,11,1,0.4486351013183594,-0.46408653259277344,0
google/gemma-3-1b-pt,adjective_agreement_0074,adjective_agreement,"masc noun, femn adj",-39.94121170043945,-43.405338287353516,7,7,1,0.4133167266845703,-0.44388771057128906,0
google/gemma-3-1b-pt,adjective_agreement_0075,adjective_agreement,"neut noun, femn adj",-39.539730072021484,-45.11913299560547,6,6,1,0.6977443695068359,-0.7392826080322266,0
google/gemma-3-1b-pt,adjective_agreement_0076,adjective_agreement,"femn noun, masc adj",-46.899898529052734,-49.36456298828125,9,9,1,0.22880172729492188,-0.2391986846923828,0
google/gemma-3-1b-pt,adjective_agreement_0077,adjective_agreement,"masc noun, neut adj",-32.30690002441406,-42.74335479736328,7,8,1,0.5243377685546875,-0.5159873962402344,1
google/gemma-3-1b-pt,adjective_agreement_0078,adjective_agreement,"masc noun, femn adj",-36.82623291015625,-45.4573974609375,5,5,1,0.31247901916503906,-0.3627357482910156,0
google/gemma-3-1b-pt,adjective_agreement_0079,adjective_agreement,"neut noun, femn adj",-41.698463439941406,-47.15431213378906,5,5,1,0.2526264190673828,-0.24618911743164062,1
google/gemma-3-1b-pt,adjective_agreement_0080,adjective_agreement,"masc noun, femn adj",-39.59154510498047,-43.82185363769531,6,6,1,0.2820281982421875,-0.3130226135253906,0
google/gemma-3-1b-pt,adjective_agreement_0081,adjective_agreement,"masc noun, neut adj",-38.778724670410156,-42.889923095703125,7,7,1,0.6164951324462891,-0.6298427581787109,0
google/gemma-3-1b-pt,adjective_agreement_0082,adjective_agreement,"femn noun, neut adj",-40.220951080322266,-47.11894226074219,6,6,1,0.4864311218261719,-0.4689006805419922,1
google/gemma-3-1b-pt,adjective_agreement_0083,adjective_agreement,"femn noun, masc adj",-42.81515121459961,-41.75457000732422,7,7,0,0.6438064575195312,-0.5885486602783203,1
google/gemma-3-1b-pt,adjective_agreement_0084,adjective_agreement,"masc noun, neut adj",-48.31836700439453,-56.132171630859375,7,7,1,0.30965614318847656,-0.3172187805175781,0
google/gemma-3-1b-pt,adjective_agreement_0085,adjective_agreement,"femn noun, neut adj",-49.23877716064453,-56.11822509765625,10,10,1,0.2631816864013672,-0.282318115234375,0
google/gemma-3-1b-pt,adjective_agreement_0086,adjective_agreement,"neut noun, masc adj",-36.446014404296875,-42.31572723388672,6,7,1,0.3976402282714844,-0.4555206298828125,0
google/gemma-3-1b-pt,adjective_agreement_0087,adjective_agreement,"masc noun, femn adj",-47.593231201171875,-47.66791534423828,7,7,1,0.5680732727050781,-0.5653533935546875,1
google/gemma-3-1b-pt,adjective_agreement_0088,adjective_agreement,"neut noun, masc adj",-38.8314208984375,-47.44713592529297,6,7,1,0.36135292053222656,-0.37705230712890625,0
google/gemma-3-1b-pt,adjective_agreement_0089,adjective_agreement,"neut noun, femn adj",-35.23994064331055,-42.393653869628906,8,8,1,0.18579673767089844,-0.1902313232421875,0
google/gemma-3-1b-pt,adjective_agreement_0090,adjective_agreement,"neut noun, femn adj",-36.73877716064453,-46.1030387878418,8,8,1,0.5084934234619141,-0.5326213836669922,0
google/gemma-3-1b-pt,adjective_agreement_0091,adjective_agreement,"neut noun, femn adj",-40.19562530517578,-45.37712097167969,4,4,1,0.3154945373535156,-0.30603790283203125,1
google/gemma-3-1b-pt,adjective_agreement_0092,adjective_agreement,"femn noun, neut adj",-43.91110610961914,-44.981910705566406,7,7,1,0.4728851318359375,-0.5004901885986328,0
google/gemma-3-1b-pt,adjective_agreement_0093,adjective_agreement,"femn noun, masc adj",-42.35197830200195,-48.12992858886719,7,7,1,0.5633316040039062,-0.5965194702148438,0
google/gemma-3-1b-pt,adjective_agreement_0094,adjective_agreement,"neut noun, masc adj",-31.112937927246094,-35.37359619140625,5,5,1,0.24437522888183594,-0.24474143981933594,0
google/gemma-3-1b-pt,adjective_agreement_0095,adjective_agreement,"femn noun, neut adj",-42.61029815673828,-47.686737060546875,7,7,1,0.48801231384277344,-0.4707965850830078,1
google/gemma-3-1b-pt,adjective_agreement_0096,adjective_agreement,"femn noun, neut adj",-34.59557342529297,-44.072940826416016,6,6,1,0.41892242431640625,-0.42229652404785156,0
google/gemma-3-1b-pt,adjective_agreement_0097,adjective_agreement,"femn noun, neut adj",-38.36180877685547,-44.5548210144043,6,6,1,0.4853477478027344,-0.5442180633544922,0
google/gemma-3-1b-pt,adjective_agreement_0098,adjective_agreement,"neut noun, femn adj",-49.75932312011719,-49.60197067260742,7,6,0,0.40526771545410156,-0.3737010955810547,1
google/gemma-3-1b-pt,adjective_agreement_0099,adjective_agreement,"masc noun, neut adj",-50.368614196777344,-56.779083251953125,10,10,1,0.016071319580078125,-0.054347991943359375,0
google/gemma-3-1b-pt,adjective_agreement_0100,adjective_agreement,"femn noun, neut adj",-35.435943603515625,-41.513031005859375,7,7,1,0.24395179748535156,-0.242340087890625,1
google/gemma-3-1b-pt,adjective_agreement_0101,adjective_agreement,"neut noun, femn adj",-40.127960205078125,-46.16386032104492,7,7,1,0.47447776794433594,-0.5233135223388672,0
google/gemma-3-1b-pt,adjective_agreement_0102,adjective_agreement,"femn noun, masc adj",-37.303565979003906,-45.243743896484375,5,5,1,0.34192848205566406,-0.3899669647216797,0
google/gemma-3-1b-pt,adjective_agreement_0103,adjective_agreement,"masc noun, neut adj",-43.482505798339844,-52.70737075805664,9,10,1,0.4712104797363281,-0.49442291259765625,0
google/gemma-3-1b-pt,adjective_agreement_0104,adjective_agreement,"femn noun, neut adj",-47.445247650146484,-54.595359802246094,10,10,1,0.11378097534179688,-0.11831283569335938,0
google/gemma-3-1b-pt,adjective_agreement_0105,adjective_agreement,"masc noun, femn adj",-42.36944580078125,-46.66477966308594,8,7,1,0.47437477111816406,-0.5234031677246094,0
google/gemma-3-1b-pt,adjective_agreement_0106,adjective_agreement,"neut noun, femn adj",-44.69974899291992,-48.734622955322266,7,6,1,0.24384498596191406,-0.2449169158935547,0
google/gemma-3-1b-pt,adjective_agreement_0107,adjective_agreement,"femn noun, masc adj",-42.04995346069336,-44.85517883300781,6,6,1,0.49309539794921875,-0.4927539825439453,1
google/gemma-3-1b-pt,adjective_agreement_0108,adjective_agreement,"femn noun, masc adj",-40.2066650390625,-39.02646255493164,6,7,0,0.49983978271484375,-0.5060977935791016,0
google/gemma-3-1b-pt,adjective_agreement_0109,adjective_agreement,"neut noun, femn adj",-40.544429779052734,-44.41046142578125,6,6,1,0.5583705902099609,-0.5794391632080078,0
google/gemma-3-1b-pt,adjective_agreement_0110,adjective_agreement,"femn noun, neut adj",-51.37554168701172,-54.262306213378906,7,7,1,0.45102691650390625,-0.4758434295654297,0
google/gemma-3-1b-pt,adjective_agreement_0111,adjective_agreement,"masc noun, neut adj",-41.1181755065918,-46.06504821777344,6,6,1,-0.23253822326660156,0.19524574279785156,0
google/gemma-3-1b-pt,adjective_agreement_0112,adjective_agreement,"masc noun, neut adj",-47.59140396118164,-52.99806213378906,10,11,1,0.41899681091308594,-0.45052337646484375,0
google/gemma-3-1b-pt,adjective_agreement_0113,adjective_agreement,"masc noun, femn adj",-51.59941101074219,-57.141483306884766,10,10,1,0.4978904724121094,-0.5148868560791016,0
google/gemma-3-1b-pt,adjective_agreement_0114,adjective_agreement,"masc noun, neut adj",-38.83876419067383,-42.9464111328125,8,7,1,0.4656505584716797,-0.4413261413574219,1
google/gemma-3-1b-pt,adjective_agreement_0115,adjective_agreement,"femn noun, masc adj",-35.07096481323242,-44.411983489990234,6,6,1,0.3614387512207031,-0.3946495056152344,0
google/gemma-3-1b-pt,adjective_agreement_0116,adjective_agreement,"masc noun, femn adj",-44.456539154052734,-48.37753677368164,6,6,1,0.3778362274169922,-0.39553070068359375,0
google/gemma-3-1b-pt,adjective_agreement_0117,adjective_agreement,"femn noun, masc adj",-36.62117385864258,-42.52326965332031,6,7,1,0.6748542785644531,-0.70306396484375,0
google/gemma-3-1b-pt,adjective_agreement_0118,adjective_agreement,"femn noun, masc adj",-39.801979064941406,-43.772552490234375,6,6,1,0.1938495635986328,-0.24745750427246094,0
google/gemma-3-1b-pt,adjective_agreement_0119,adjective_agreement,"femn noun, masc adj",-47.38459777832031,-54.3187255859375,9,9,1,0.36673736572265625,-0.4096813201904297,0
google/gemma-3-1b-pt,adjective_agreement_0120,adjective_agreement,"neut noun, femn adj",-45.538848876953125,-43.846107482910156,7,7,0,0.5517330169677734,-0.6196651458740234,0
google/gemma-3-1b-pt,adjective_agreement_0121,adjective_agreement,"neut noun, masc adj",-39.037567138671875,-37.63404083251953,8,8,0,0.7402420043945312,-0.7090206146240234,1
google/gemma-3-1b-pt,adjective_agreement_0122,adjective_agreement,"neut noun, femn adj",-48.077247619628906,-50.250396728515625,11,11,1,0.39070701599121094,-0.3788108825683594,1
google/gemma-3-1b-pt,adjective_agreement_0123,adjective_agreement,"masc noun, femn adj",-38.53279495239258,-46.89865493774414,7,7,1,0.11505126953125,-0.16211891174316406,0
google/gemma-3-1b-pt,adjective_agreement_0124,adjective_agreement,"neut noun, femn adj",-49.035003662109375,-54.705440521240234,9,9,1,0.08556556701660156,-0.053089141845703125,1
google/gemma-3-1b-pt,adjective_agreement_0125,adjective_agreement,"femn noun, neut adj",-46.76890563964844,-46.55046463012695,6,7,0,0.4048175811767578,-0.485809326171875,0
google/gemma-3-1b-pt,adjective_agreement_0126,adjective_agreement,"femn noun, neut adj",-45.04408645629883,-55.1276969909668,9,9,1,0.4498634338378906,-0.5034255981445312,0
google/gemma-3-1b-pt,adjective_agreement_0127,adjective_agreement,"femn noun, masc adj",-44.2735595703125,-43.69941711425781,6,7,0,0.26044654846191406,-0.2829170227050781,0
google/gemma-3-1b-pt,adjective_agreement_0128,adjective_agreement,"femn noun, neut adj",-49.91889953613281,-49.10540771484375,6,6,0,0.026790618896484375,-0.037357330322265625,0
google/gemma-3-1b-pt,adjective_agreement_0129,adjective_agreement,"neut noun, femn adj",-44.33055114746094,-45.523468017578125,6,6,1,0.323028564453125,-0.3248710632324219,0
google/gemma-3-1b-pt,adjective_agreement_0130,adjective_agreement,"masc noun, femn adj",-47.80801010131836,-53.10822296142578,7,7,1,0.1349506378173828,-0.14110183715820312,0
google/gemma-3-1b-pt,adjective_agreement_0131,adjective_agreement,"neut noun, masc adj",-49.18974685668945,-49.966373443603516,12,12,1,0.23654747009277344,-0.2026958465576172,1
google/gemma-3-1b-pt,adjective_agreement_0132,adjective_agreement,"neut noun, masc adj",-43.19258499145508,-53.13553237915039,8,9,1,0.4750995635986328,-0.4966869354248047,0
google/gemma-3-1b-pt,adjective_agreement_0133,adjective_agreement,"neut noun, masc adj",-48.76397705078125,-49.73273468017578,10,10,1,0.3493919372558594,-0.3273181915283203,1
google/gemma-3-1b-pt,adjective_agreement_0134,adjective_agreement,"femn noun, masc adj",-46.68532943725586,-51.074806213378906,10,9,1,0.3046894073486328,-0.31383514404296875,0
google/gemma-3-1b-pt,adjective_agreement_0135,adjective_agreement,"masc noun, femn adj",-40.4680061340332,-49.16905212402344,7,6,1,0.5330448150634766,-0.5376129150390625,0
google/gemma-3-1b-pt,adjective_agreement_0136,adjective_agreement,"neut noun, femn adj",-48.350006103515625,-51.404144287109375,10,10,1,0.39476585388183594,-0.38309288024902344,1
google/gemma-3-1b-pt,adjective_agreement_0137,adjective_agreement,"femn noun, neut adj",-35.875389099121094,-43.62559127807617,7,7,1,0.433319091796875,-0.47182464599609375,0
google/gemma-3-1b-pt,adjective_agreement_0138,adjective_agreement,"masc noun, neut adj",-50.443275451660156,-57.63258361816406,10,10,1,0.2987957000732422,-0.2948493957519531,1
google/gemma-3-1b-pt,adjective_agreement_0139,adjective_agreement,"femn noun, masc adj",-48.1212158203125,-55.024017333984375,9,10,1,0.47568511962890625,-0.463714599609375,1
google/gemma-3-1b-pt,adjective_agreement_0140,adjective_agreement,"neut noun, masc adj",-41.65441131591797,-40.82678985595703,7,7,0,0.48323631286621094,-0.46184349060058594,1
google/gemma-3-1b-pt,adjective_agreement_0141,adjective_agreement,"femn noun, masc adj",-37.04069900512695,-42.762210845947266,7,7,1,0.5854034423828125,-0.5385684967041016,1
google/gemma-3-1b-pt,adjective_agreement_0142,adjective_agreement,"neut noun, femn adj",-36.600250244140625,-43.95280838012695,6,6,1,0.3837757110595703,-0.3680267333984375,1
google/gemma-3-1b-pt,adjective_agreement_0143,adjective_agreement,"femn noun, masc adj",-50.64349365234375,-55.84772491455078,10,10,1,0.06303596496582031,-0.09124946594238281,0
google/gemma-3-1b-pt,adjective_agreement_0144,adjective_agreement,"femn noun, masc adj",-41.94145965576172,-50.052452087402344,7,8,1,0.6283397674560547,-0.5902862548828125,1
google/gemma-3-1b-pt,adjective_agreement_0145,adjective_agreement,"masc noun, femn adj",-37.48381042480469,-41.868263244628906,7,7,1,0.44103431701660156,-0.46854400634765625,0
google/gemma-3-1b-pt,adjective_agreement_0146,adjective_agreement,"femn noun, neut adj",-42.905853271484375,-47.46174240112305,5,6,1,-0.0438079833984375,-0.07332420349121094,0
google/gemma-3-1b-pt,adjective_agreement_0147,adjective_agreement,"femn noun, masc adj",-43.18742752075195,-48.10272216796875,4,5,1,0.18304443359375,-0.27707672119140625,0
google/gemma-3-1b-pt,adjective_agreement_0148,adjective_agreement,"femn noun, masc adj",-38.23786926269531,-44.636741638183594,7,7,1,0.6374588012695312,-0.6995792388916016,0
google/gemma-3-1b-pt,adjective_agreement_0149,adjective_agreement,"neut noun, femn adj",-37.11463928222656,-47.19865036010742,5,5,1,0.4480304718017578,-0.48079872131347656,0
google/gemma-3-1b-pt,adjective_agreement_0150,adjective_agreement,"masc noun, neut adj",-43.82109451293945,-51.14957046508789,7,7,1,0.3861961364746094,-0.38922882080078125,0
google/gemma-3-1b-pt,adjective_agreement_0151,adjective_agreement,"femn noun, masc adj",-42.587364196777344,-43.07430648803711,5,6,1,0.071014404296875,-0.02386474609375,1
google/gemma-3-1b-pt,adjective_agreement_0152,adjective_agreement,"neut noun, masc adj",-46.28936767578125,-53.62897872924805,9,9,1,0.43530845642089844,-0.3139839172363281,1
google/gemma-3-1b-pt,adjective_agreement_0153,adjective_agreement,"femn noun, masc adj",-38.36848068237305,-46.346412658691406,7,7,1,0.49126625061035156,-0.45197105407714844,1
google/gemma-3-1b-pt,adjective_agreement_0154,adjective_agreement,"neut noun, femn adj",-46.79046630859375,-53.212989807128906,9,9,1,0.4740486145019531,-0.4564857482910156,1
google/gemma-3-1b-pt,adjective_agreement_0155,adjective_agreement,"masc noun, femn adj",-34.90155029296875,-43.334503173828125,6,5,1,0.3745002746582031,-0.41663551330566406,0
google/gemma-3-1b-pt,adjective_agreement_0156,adjective_agreement,"neut noun, femn adj",-49.73307800292969,-54.15449523925781,11,11,1,0.29921531677246094,-0.2968120574951172,1
google/gemma-3-1b-pt,adjective_agreement_0157,adjective_agreement,"neut noun, femn adj",-44.17308044433594,-47.756500244140625,8,8,1,0.3640937805175781,-0.3780193328857422,0
google/gemma-3-1b-pt,adjective_agreement_0158,adjective_agreement,"neut noun, femn adj",-46.36756134033203,-50.293128967285156,7,7,1,0.5119171142578125,-0.5294227600097656,0
google/gemma-3-1b-pt,adjective_agreement_0159,adjective_agreement,"femn noun, neut adj",-46.39777374267578,-45.365753173828125,6,7,0,0.48722076416015625,-0.5773906707763672,0
google/gemma-3-1b-pt,adjective_agreement_0160,adjective_agreement,"masc noun, neut adj",-35.56532287597656,-43.92382049560547,5,6,1,0.3673839569091797,-0.46923828125,0
google/gemma-3-1b-pt,adjective_agreement_0161,adjective_agreement,"neut noun, femn adj",-50.34370040893555,-53.54365921020508,12,12,1,0.30144309997558594,-0.30687904357910156,0
google/gemma-3-1b-pt,adjective_agreement_0162,adjective_agreement,"femn noun, masc adj",-38.15257263183594,-45.497840881347656,5,6,1,0.3699798583984375,-0.3987998962402344,0
google/gemma-3-1b-pt,adjective_agreement_0163,adjective_agreement,"masc noun, neut adj",-37.39348602294922,-40.65442657470703,6,7,1,0.41977882385253906,-0.43505287170410156,0
google/gemma-3-1b-pt,adjective_agreement_0164,adjective_agreement,"masc noun, neut adj",-42.92528533935547,-48.64885711669922,6,7,1,0.7390079498291016,-0.7800865173339844,0
google/gemma-3-1b-pt,adjective_agreement_0165,adjective_agreement,"femn noun, neut adj",-41.98694610595703,-48.52655029296875,5,5,1,0.24944114685058594,-0.23004150390625,1
google/gemma-3-1b-pt,adjective_agreement_0166,adjective_agreement,"femn noun, masc adj",-43.57298278808594,-44.78276062011719,6,7,1,0.15271759033203125,-0.18567466735839844,0
google/gemma-3-1b-pt,adjective_agreement_0167,adjective_agreement,"femn noun, masc adj",-48.05299377441406,-49.597816467285156,9,9,1,0.45261192321777344,-0.4442615509033203,1
google/gemma-3-1b-pt,adjective_agreement_0168,adjective_agreement,"femn noun, neut adj",-49.0012321472168,-55.15843200683594,10,11,1,0.4770030975341797,-0.5264472961425781,0
google/gemma-3-1b-pt,adjective_agreement_0169,adjective_agreement,"neut noun, masc adj",-46.88984298706055,-53.23766326904297,9,8,1,0.5121059417724609,-0.46053123474121094,1
google/gemma-3-1b-pt,adjective_agreement_0170,adjective_agreement,"femn noun, neut adj",-41.50401306152344,-41.656097412109375,7,7,1,0.4478187561035156,-0.46683311462402344,0
google/gemma-3-1b-pt,adjective_agreement_0171,adjective_agreement,"femn noun, masc adj",-39.250999450683594,-43.095497131347656,7,7,1,0.4309844970703125,-0.45863914489746094,0
google/gemma-3-1b-pt,adjective_agreement_0172,adjective_agreement,"neut noun, femn adj",-38.949642181396484,-44.814735412597656,6,6,1,0.4682598114013672,-0.47922515869140625,0
google/gemma-3-1b-pt,adjective_agreement_0173,adjective_agreement,"neut noun, femn adj",-45.39105224609375,-48.07654571533203,9,9,1,0.42002296447753906,-0.4469184875488281,0
google/gemma-3-1b-pt,adjective_agreement_0174,adjective_agreement,"masc noun, neut adj",-41.25636291503906,-44.32734680175781,7,7,1,0.25566864013671875,-0.2620697021484375,0
google/gemma-3-1b-pt,adjective_agreement_0175,adjective_agreement,"masc noun, neut adj",-37.18335723876953,-41.71112823486328,6,7,1,0.2842998504638672,-0.34700775146484375,0
google/gemma-3-1b-pt,adjective_agreement_0176,adjective_agreement,"femn noun, masc adj",-37.99604415893555,-48.74430465698242,6,6,1,0.3693733215332031,-0.36897850036621094,1
google/gemma-3-1b-pt,adjective_agreement_0177,adjective_agreement,"neut noun, femn adj",-36.653865814208984,-42.694305419921875,6,5,1,0.6828231811523438,-0.660736083984375,1
google/gemma-3-1b-pt,adjective_agreement_0178,adjective_agreement,"masc noun, femn adj",-44.99007797241211,-46.33112716674805,7,7,1,0.7100181579589844,-0.7393398284912109,0
google/gemma-3-1b-pt,adjective_agreement_0179,adjective_agreement,"masc noun, femn adj",-39.845001220703125,-41.96126174926758,8,8,1,0.7196044921875,-0.7841072082519531,0
google/gemma-3-1b-pt,adjective_agreement_0180,adjective_agreement,"masc noun, neut adj",-37.83973693847656,-43.970558166503906,7,8,1,0.5928306579589844,-0.5701065063476562,1
google/gemma-3-1b-pt,adjective_agreement_0181,adjective_agreement,"neut noun, femn adj",-40.53956604003906,-44.955322265625,5,5,1,0.39898681640625,-0.37601661682128906,1
google/gemma-3-1b-pt,adjective_agreement_0182,adjective_agreement,"masc noun, neut adj",-45.15141677856445,-51.63193130493164,10,10,1,0.4661598205566406,-0.4884910583496094,0
google/gemma-3-1b-pt,adjective_agreement_0183,adjective_agreement,"femn noun, masc adj",-39.06263732910156,-43.43561935424805,7,7,1,0.7309799194335938,-0.6802597045898438,1
google/gemma-3-1b-pt,adjective_agreement_0184,adjective_agreement,"masc noun, femn adj",-43.94492721557617,-52.23077392578125,7,7,1,0.3838691711425781,-0.40860939025878906,0
google/gemma-3-1b-pt,adjective_agreement_0185,adjective_agreement,"femn noun, masc adj",-45.219703674316406,-51.318580627441406,10,10,1,0.41838645935058594,-0.47205352783203125,0
google/gemma-3-1b-pt,adjective_agreement_0186,adjective_agreement,"neut noun, masc adj",-36.451210021972656,-37.59022521972656,8,8,1,0.6111927032470703,-0.5922298431396484,1
google/gemma-3-1b-pt,adjective_agreement_0187,adjective_agreement,"femn noun, masc adj",-49.777862548828125,-51.929534912109375,10,11,1,0.5301284790039062,-0.462982177734375,1
google/gemma-3-1b-pt,adjective_agreement_0188,adjective_agreement,"femn noun, masc adj",-41.28838348388672,-45.13362121582031,8,8,1,0.5429534912109375,-0.59124755859375,0
google/gemma-3-1b-pt,adjective_agreement_0189,adjective_agreement,"femn noun, neut adj",-42.94434356689453,-49.05017852783203,7,7,1,0.2958412170410156,-0.3094520568847656,0
google/gemma-3-1b-pt,adjective_agreement_0190,adjective_agreement,"femn noun, neut adj",-37.86854553222656,-46.109619140625,6,6,1,0.6059780120849609,-0.6899662017822266,0
google/gemma-3-1b-pt,adjective_agreement_0191,adjective_agreement,"masc noun, neut adj",-50.38178253173828,-54.613365173339844,11,10,1,0.1669788360595703,-0.1717987060546875,0
google/gemma-3-1b-pt,adjective_agreement_0192,adjective_agreement,"femn noun, neut adj",-41.486412048339844,-44.709266662597656,7,7,1,0.3792533874511719,-0.3659954071044922,1
google/gemma-3-1b-pt,adjective_agreement_0193,adjective_agreement,"masc noun, femn adj",-47.766761779785156,-53.90186309814453,10,10,1,0.3961830139160156,-0.38501548767089844,1
google/gemma-3-1b-pt,adjective_agreement_0194,adjective_agreement,"neut noun, femn adj",-50.79375076293945,-49.48560333251953,8,7,0,0.5080642700195312,-0.4964027404785156,1
google/gemma-3-1b-pt,adjective_agreement_0195,adjective_agreement,"neut noun, femn adj",-36.613033294677734,-45.58983612060547,6,6,1,0.6723899841308594,-0.7384681701660156,0
google/gemma-3-1b-pt,adjective_agreement_0196,adjective_agreement,"masc noun, neut adj",-38.221275329589844,-42.76229476928711,8,8,1,0.3757953643798828,-0.4018115997314453,0
google/gemma-3-1b-pt,adjective_agreement_0197,adjective_agreement,"femn noun, masc adj",-43.655513763427734,-42.99942398071289,6,6,0,0.2969989776611328,-0.3069877624511719,0
google/gemma-3-1b-pt,adjective_agreement_0198,adjective_agreement,"neut noun, femn adj",-48.3981819152832,-44.75474548339844,9,9,0,0.5499172210693359,-0.5769195556640625,0
google/gemma-3-1b-pt,adjective_agreement_0199,adjective_agreement,"femn noun, masc adj",-41.329132080078125,-44.82291030883789,7,7,1,0.5587043762207031,-0.5996894836425781,0
google/gemma-3-1b-pt,adjective_agreement_0200,adjective_agreement,"neut noun, femn adj",-49.80038833618164,-49.84099578857422,6,6,1,0.5599555969238281,-0.5546646118164062,1
google/gemma-3-1b-pt,adjective_agreement_0201,adjective_agreement,"neut noun, femn adj",-43.993019104003906,-43.49767303466797,7,7,0,0.6259689331054688,-0.6479873657226562,0
google/gemma-3-1b-pt,adjective_agreement_0202,adjective_agreement,"masc noun, neut adj",-33.12221908569336,-41.51612091064453,6,7,1,0.5019283294677734,-0.6116790771484375,0
google/gemma-3-1b-pt,adjective_agreement_0203,adjective_agreement,"masc noun, neut adj",-36.18056869506836,-41.8482666015625,7,7,1,0.27852439880371094,-0.2839946746826172,0
google/gemma-3-1b-pt,adjective_agreement_0204,adjective_agreement,"neut noun, femn adj",-39.77533721923828,-41.43778991699219,8,8,1,0.7276268005371094,-0.7420787811279297,0
google/gemma-3-1b-pt,adjective_agreement_0205,adjective_agreement,"femn noun, neut adj",-37.8021240234375,-45.232330322265625,7,7,1,0.5319881439208984,-0.5765419006347656,0
google/gemma-3-1b-pt,adjective_agreement_0206,adjective_agreement,"neut noun, femn adj",-50.341773986816406,-54.117515563964844,11,11,1,0.39810943603515625,-0.4124717712402344,0
google/gemma-3-1b-pt,adjective_agreement_0207,adjective_agreement,"femn noun, neut adj",-49.82941436767578,-59.757896423339844,10,10,1,0.3534221649169922,-0.37592124938964844,0
google/gemma-3-1b-pt,adjective_agreement_0208,adjective_agreement,"neut noun, masc adj",-53.79773712158203,-44.359825134277344,8,9,0,0.2840690612792969,-0.2497234344482422,1
google/gemma-3-1b-pt,adjective_agreement_0209,adjective_agreement,"femn noun, masc adj",-47.45789337158203,-52.56681823730469,7,7,1,0.2501068115234375,-0.23623085021972656,1
google/gemma-3-1b-pt,adjective_agreement_0210,adjective_agreement,"masc noun, femn adj",-47.620906829833984,-53.62712860107422,11,10,1,0.4064006805419922,-0.4529914855957031,0
google/gemma-3-1b-pt,adjective_agreement_0211,adjective_agreement,"masc noun, neut adj",-35.002357482910156,-41.75270080566406,7,8,1,0.6052608489990234,-0.6999187469482422,0
google/gemma-3-1b-pt,adjective_agreement_0212,adjective_agreement,"femn noun, masc adj",-41.50847625732422,-48.098628997802734,7,7,1,0.5565643310546875,-0.5404949188232422,1
google/gemma-3-1b-pt,adjective_agreement_0213,adjective_agreement,"neut noun, femn adj",-38.981712341308594,-40.33433532714844,6,5,1,0.2837810516357422,-0.2423095703125,1
google/gemma-3-1b-pt,adjective_agreement_0214,adjective_agreement,"neut noun, masc adj",-48.45124053955078,-53.21199035644531,7,7,1,0.18804168701171875,-0.1996898651123047,0
google/gemma-3-1b-pt,adjective_agreement_0215,adjective_agreement,"masc noun, femn adj",-43.92205810546875,-49.543312072753906,8,8,1,0.4595069885253906,-0.4648914337158203,0
google/gemma-3-1b-pt,adjective_agreement_0216,adjective_agreement,"neut noun, masc adj",-38.85984420776367,-48.49297332763672,6,5,1,0.5293827056884766,-0.4844703674316406,1
google/gemma-3-1b-pt,adjective_agreement_0217,adjective_agreement,"neut noun, femn adj",-41.663330078125,-43.99470901489258,7,7,1,0.4994640350341797,-0.4991188049316406,1
google/gemma-3-1b-pt,adjective_agreement_0218,adjective_agreement,"femn noun, neut adj",-39.95380401611328,-43.41932678222656,7,7,1,0.5823879241943359,-0.5741367340087891,1
google/gemma-3-1b-pt,adjective_agreement_0219,adjective_agreement,"masc noun, neut adj",-50.0230712890625,-52.924015045166016,12,11,1,0.5163688659667969,-0.5006198883056641,1
google/gemma-3-1b-pt,adjective_agreement_0220,adjective_agreement,"masc noun, femn adj",-53.12952423095703,-57.06324768066406,10,9,1,-0.031841278076171875,-0.013292312622070312,0
google/gemma-3-1b-pt,adjective_agreement_0221,adjective_agreement,"neut noun, masc adj",-49.25525665283203,-52.45667266845703,11,10,1,0.4203987121582031,-0.4348583221435547,0
google/gemma-3-1b-pt,adjective_agreement_0222,adjective_agreement,"femn noun, masc adj",-48.03131866455078,-52.89646911621094,7,7,1,0.06592750549316406,-0.08597183227539062,0
google/gemma-3-1b-pt,adjective_agreement_0223,adjective_agreement,"neut noun, masc adj",-35.66868591308594,-36.904300689697266,8,8,1,0.04775428771972656,-0.05988121032714844,0
google/gemma-3-1b-pt,adjective_agreement_0224,adjective_agreement,"masc noun, neut adj",-38.29588317871094,-47.27259826660156,7,7,1,0.7454204559326172,-0.8104362487792969,0
google/gemma-3-1b-pt,adjective_agreement_0225,adjective_agreement,"masc noun, neut adj",-38.900718688964844,-41.40186309814453,5,6,1,-0.11077690124511719,0.03135108947753906,0
google/gemma-3-1b-pt,adjective_agreement_0226,adjective_agreement,"neut noun, femn adj",-45.16456985473633,-49.99504089355469,9,8,1,0.3641357421875,-0.3443145751953125,1
google/gemma-3-1b-pt,adjective_agreement_0227,adjective_agreement,"femn noun, masc adj",-46.31690216064453,-54.14306640625,9,9,1,0.2174205780029297,-0.2533912658691406,0
google/gemma-3-1b-pt,adjective_agreement_0228,adjective_agreement,"femn noun, masc adj",-39.30100631713867,-44.544212341308594,6,6,1,0.39864158630371094,-0.45677757263183594,0
google/gemma-3-1b-pt,adjective_agreement_0229,adjective_agreement,"masc noun, neut adj",-36.5455322265625,-44.00608444213867,7,6,1,0.7827587127685547,-0.7360992431640625,1
google/gemma-3-1b-pt,adjective_agreement_0230,adjective_agreement,"masc noun, femn adj",-48.56792449951172,-51.69905090332031,9,10,1,0.38886451721191406,-0.3871002197265625,1
google/gemma-3-1b-pt,adjective_agreement_0231,adjective_agreement,"masc noun, femn adj",-46.40754699707031,-52.331844329833984,7,7,1,0.44008636474609375,-0.42783164978027344,1
google/gemma-3-1b-pt,adjective_agreement_0232,adjective_agreement,"masc noun, femn adj",-39.710113525390625,-45.80577087402344,7,7,1,0.5006504058837891,-0.5238704681396484,0
google/gemma-3-1b-pt,adjective_agreement_0233,adjective_agreement,"neut noun, masc adj",-43.91887664794922,-47.812355041503906,9,9,1,0.12721824645996094,-0.13353729248046875,0
google/gemma-3-1b-pt,adjective_agreement_0234,adjective_agreement,"masc noun, femn adj",-37.268455505371094,-46.68311309814453,7,7,1,0.4151153564453125,-0.4511909484863281,0
google/gemma-3-1b-pt,adjective_agreement_0235,adjective_agreement,"masc noun, femn adj",-44.37029266357422,-50.7433967590332,10,9,1,0.4624042510986328,-0.47224998474121094,0
google/gemma-3-1b-pt,adjective_agreement_0236,adjective_agreement,"masc noun, neut adj",-41.55082702636719,-48.41578674316406,6,5,1,0.10809516906738281,-0.1389331817626953,0
google/gemma-3-1b-pt,adjective_agreement_0237,adjective_agreement,"masc noun, femn adj",-41.13698959350586,-43.50335693359375,6,5,1,0.17075157165527344,-0.2113361358642578,0
google/gemma-3-1b-pt,adjective_agreement_0238,adjective_agreement,"masc noun, femn adj",-41.29152297973633,-50.21186065673828,6,6,1,-0.20733070373535156,0.18079376220703125,0
google/gemma-3-1b-pt,adjective_agreement_0239,adjective_agreement,"femn noun, masc adj",-38.33808898925781,-43.64287567138672,7,7,1,0.3331718444824219,-0.4027137756347656,0
google/gemma-3-1b-pt,adjective_agreement_0240,adjective_agreement,"femn noun, masc adj",-50.85734558105469,-55.11000061035156,8,9,1,0.2968273162841797,-0.2965965270996094,1
google/gemma-3-1b-pt,adjective_agreement_0241,adjective_agreement,"masc noun, femn adj",-38.25112533569336,-43.85723114013672,7,7,1,0.17776107788085938,-0.20423126220703125,0
google/gemma-3-1b-pt,adjective_agreement_0242,adjective_agreement,"masc noun, femn adj",-36.502315521240234,-44.28966522216797,8,7,1,0.8683795928955078,-0.8971366882324219,0
google/gemma-3-1b-pt,adjective_agreement_0243,adjective_agreement,"masc noun, neut adj",-37.10835647583008,-44.14051818847656,8,8,1,0.44107818603515625,-0.4649696350097656,0
google/gemma-3-1b-pt,adjective_agreement_0244,adjective_agreement,"neut noun, masc adj",-36.20210266113281,-46.857460021972656,5,4,1,0.3979015350341797,-0.34964752197265625,1
google/gemma-3-1b-pt,adjective_agreement_0245,adjective_agreement,"neut noun, femn adj",-47.50522232055664,-44.98222351074219,6,6,0,0.4996623992919922,-0.48027610778808594,1
google/gemma-3-1b-pt,adjective_agreement_0246,adjective_agreement,"neut noun, masc adj",-38.92972946166992,-42.16868591308594,5,5,1,0.26980018615722656,-0.2725849151611328,0
google/gemma-3-1b-pt,adjective_agreement_0247,adjective_agreement,"masc noun, neut adj",-49.63102722167969,-54.146968841552734,11,11,1,0.2476215362548828,-0.2438030242919922,1
google/gemma-3-1b-pt,adjective_agreement_0248,adjective_agreement,"masc noun, neut adj",-31.832258224487305,-39.59345626831055,6,6,1,0.36644744873046875,-0.3975028991699219,0
google/gemma-3-1b-pt,adjective_agreement_0249,adjective_agreement,"neut noun, femn adj",-45.52589416503906,-48.82701110839844,6,6,1,0.12929916381835938,-0.12741661071777344,1
google/gemma-3-1b-pt,adjective_agreement_0250,adjective_agreement,"neut noun, masc adj",-53.88613510131836,-52.80995178222656,11,12,0,0.268524169921875,-0.2507133483886719,1
google/gemma-3-1b-pt,adjective_agreement_0251,adjective_agreement,"femn noun, neut adj",-41.312767028808594,-43.051170349121094,5,5,1,0.48999786376953125,-0.45996856689453125,1
google/gemma-3-1b-pt,adjective_agreement_0252,adjective_agreement,"femn noun, neut adj",-46.52723693847656,-52.24274444580078,10,10,1,0.5163593292236328,-0.5174579620361328,0
google/gemma-3-1b-pt,adjective_agreement_0253,adjective_agreement,"femn noun, neut adj",-43.961612701416016,-41.6619987487793,7,7,0,0.3776111602783203,-0.3779926300048828,0
google/gemma-3-1b-pt,adjective_agreement_0254,adjective_agreement,"masc noun, femn adj",-49.40977478027344,-52.142066955566406,11,11,1,0.4300060272216797,-0.4540271759033203,0
google/gemma-3-1b-pt,adjective_agreement_0255,adjective_agreement,"femn noun, neut adj",-41.54688262939453,-43.45630645751953,6,7,1,0.25897789001464844,-0.30507469177246094,0
google/gemma-3-1b-pt,adjective_agreement_0256,adjective_agreement,"neut noun, femn adj",-45.14203643798828,-48.64092254638672,6,5,1,0.14977073669433594,-0.10796928405761719,1
google/gemma-3-1b-pt,adjective_agreement_0257,adjective_agreement,"neut noun, masc adj",-35.947078704833984,-37.756168365478516,9,9,1,0.31414794921875,-0.33748435974121094,0
google/gemma-3-1b-pt,adjective_agreement_0258,adjective_agreement,"masc noun, neut adj",-55.70096969604492,-60.54257583618164,10,10,1,0.03887367248535156,-0.09467315673828125,0
google/gemma-3-1b-pt,adjective_agreement_0259,adjective_agreement,"neut noun, femn adj",-41.91918182373047,-45.131011962890625,7,7,1,0.5526351928710938,-0.6092300415039062,0
google/gemma-3-1b-pt,adjective_agreement_0260,adjective_agreement,"neut noun, masc adj",-48.96533966064453,-51.166038513183594,11,11,1,0.3475627899169922,-0.3326759338378906,1
google/gemma-3-1b-pt,adjective_agreement_0261,adjective_agreement,"masc noun, femn adj",-40.195465087890625,-44.71257019042969,7,6,1,0.31012916564941406,-0.3219413757324219,0
google/gemma-3-1b-pt,adjective_agreement_0262,adjective_agreement,"masc noun, femn adj",-47.62403106689453,-53.0609245300293,10,10,1,0.2713279724121094,-0.2715282440185547,0
google/gemma-3-1b-pt,adjective_agreement_0263,adjective_agreement,"femn noun, masc adj",-35.482852935791016,-41.22279357910156,5,5,1,0.5847434997558594,-0.6130084991455078,0
google/gemma-3-1b-pt,adjective_agreement_0264,adjective_agreement,"femn noun, masc adj",-49.527099609375,-52.49123001098633,9,9,1,0.26897430419921875,-0.27600860595703125,0
google/gemma-3-1b-pt,adjective_agreement_0265,adjective_agreement,"masc noun, femn adj",-41.763145446777344,-46.28996276855469,6,6,1,0.47818565368652344,-0.4705638885498047,1
google/gemma-3-1b-pt,adjective_agreement_0266,adjective_agreement,"masc noun, neut adj",-40.381507873535156,-50.78989791870117,6,6,1,0.07355499267578125,-0.089385986328125,0
google/gemma-3-1b-pt,adjective_agreement_0267,adjective_agreement,"femn noun, masc adj",-45.80371856689453,-53.466773986816406,8,8,1,0.43514251708984375,-0.5057849884033203,0
google/gemma-3-1b-pt,adjective_agreement_0268,adjective_agreement,"masc noun, femn adj",-35.92040252685547,-42.05656814575195,7,7,1,0.2405853271484375,-0.2843647003173828,0
google/gemma-3-1b-pt,adjective_agreement_0269,adjective_agreement,"femn noun, masc adj",-43.62286376953125,-45.311279296875,5,6,1,0.2577247619628906,-0.24268341064453125,1
google/gemma-3-1b-pt,adjective_agreement_0270,adjective_agreement,"masc noun, neut adj",-35.1693115234375,-38.67439651489258,8,8,1,0.4326057434082031,-0.46163177490234375,0
google/gemma-3-1b-pt,adjective_agreement_0271,adjective_agreement,"femn noun, neut adj",-47.562583923339844,-56.39112091064453,8,8,1,0.3135509490966797,-0.3006267547607422,1
google/gemma-3-1b-pt,adjective_agreement_0272,adjective_agreement,"masc noun, neut adj",-44.51850128173828,-50.7812614440918,10,10,1,0.5289382934570312,-0.5597038269042969,0
google/gemma-3-1b-pt,adjective_agreement_0273,adjective_agreement,"neut noun, masc adj",-52.0401611328125,-53.420082092285156,8,9,1,0.41379356384277344,-0.3932476043701172,1
google/gemma-3-1b-pt,adjective_agreement_0274,adjective_agreement,"neut noun, femn adj",-49.805572509765625,-53.992156982421875,11,11,1,0.38140869140625,-0.39769744873046875,0
google/gemma-3-1b-pt,adjective_agreement_0275,adjective_agreement,"femn noun, neut adj",-41.89081573486328,-51.111114501953125,7,7,1,0.19083023071289062,-0.19112396240234375,0
google/gemma-3-1b-pt,adjective_agreement_0276,adjective_agreement,"neut noun, masc adj",-46.99204635620117,-52.70800018310547,9,9,1,0.4020805358886719,-0.39789390563964844,1
google/gemma-3-1b-pt,adjective_agreement_0277,adjective_agreement,"femn noun, neut adj",-33.164485931396484,-40.92360305786133,5,5,1,0.33606529235839844,-0.3640727996826172,0
google/gemma-3-1b-pt,adjective_agreement_0278,adjective_agreement,"masc noun, neut adj",-42.55698013305664,-44.491737365722656,5,6,1,0.0051860809326171875,0.0076694488525390625,1
google/gemma-3-1b-pt,adjective_agreement_0279,adjective_agreement,"masc noun, neut adj",-39.318115234375,-42.15852737426758,6,7,1,0.08317375183105469,-0.14662933349609375,0
google/gemma-3-1b-pt,adjective_agreement_0280,adjective_agreement,"masc noun, femn adj",-48.17768096923828,-52.35057830810547,10,10,1,0.15818405151367188,-0.1670055389404297,0
google/gemma-3-1b-pt,adjective_agreement_0281,adjective_agreement,"femn noun, neut adj",-47.17413330078125,-55.550018310546875,11,11,1,0.3862037658691406,-0.3944873809814453,0
google/gemma-3-1b-pt,adjective_agreement_0282,adjective_agreement,"masc noun, femn adj",-42.918373107910156,-50.07511901855469,7,7,1,0.305511474609375,-0.30901527404785156,0
google/gemma-3-1b-pt,adjective_agreement_0283,adjective_agreement,"masc noun, neut adj",-48.136322021484375,-53.00859069824219,10,10,1,0.07563972473144531,-0.08767890930175781,0
google/gemma-3-1b-pt,adjective_agreement_0284,adjective_agreement,"neut noun, femn adj",-42.240325927734375,-48.05343246459961,6,6,1,0.6873264312744141,-0.6997718811035156,0
google/gemma-3-1b-pt,adjective_agreement_0285,adjective_agreement,"femn noun, masc adj",-40.35617446899414,-49.27992248535156,5,5,1,0.23557472229003906,-0.2693462371826172,0
google/gemma-3-1b-pt,adjective_agreement_0286,adjective_agreement,"neut noun, femn adj",-47.27522277832031,-45.7099723815918,7,6,0,0.5246944427490234,-0.5209636688232422,1
google/gemma-3-1b-pt,adjective_agreement_0287,adjective_agreement,"neut noun, femn adj",-50.384071350097656,-53.10921096801758,11,10,1,0.40902137756347656,-0.4013233184814453,1
google/gemma-3-1b-pt,adjective_agreement_0288,adjective_agreement,"masc noun, neut adj",-33.72213363647461,-47.45084762573242,7,7,1,0.39598655700683594,-0.44260406494140625,0
google/gemma-3-1b-pt,adjective_agreement_0289,adjective_agreement,"neut noun, masc adj",-50.759986877441406,-53.03041076660156,11,12,1,0.373626708984375,-0.3885498046875,0
google/gemma-3-1b-pt,adjective_agreement_0290,adjective_agreement,"neut noun, femn adj",-41.804439544677734,-42.76750564575195,9,9,1,0.6134929656982422,-0.6344680786132812,0
google/gemma-3-1b-pt,adjective_agreement_0291,adjective_agreement,"femn noun, neut adj",-48.86134338378906,-56.48041534423828,10,10,1,0.20662307739257812,-0.22193527221679688,0
google/gemma-3-1b-pt,adjective_agreement_0292,adjective_agreement,"femn noun, masc adj",-40.57054901123047,-47.495155334472656,6,6,1,0.2607154846191406,-0.30796051025390625,0
google/gemma-3-1b-pt,adjective_agreement_0293,adjective_agreement,"masc noun, femn adj",-53.8196907043457,-59.39869689941406,10,10,1,0.20121383666992188,-0.20406150817871094,0
google/gemma-3-1b-pt,adjective_agreement_0294,adjective_agreement,"femn noun, masc adj",-41.63703918457031,-48.63340377807617,6,6,1,0.5608444213867188,-0.5758056640625,0
google/gemma-3-1b-pt,adjective_agreement_0295,adjective_agreement,"femn noun, neut adj",-38.831886291503906,-48.86259841918945,5,5,1,0.3142280578613281,-0.36136436462402344,0
google/gemma-3-1b-pt,adjective_agreement_0296,adjective_agreement,"neut noun, femn adj",-35.76337432861328,-49.80908203125,6,5,1,0.5876312255859375,-0.5828399658203125,1
google/gemma-3-1b-pt,adjective_agreement_0297,adjective_agreement,"femn noun, masc adj",-41.43528747558594,-44.02362823486328,7,8,1,0.5806884765625,-0.6426105499267578,0
google/gemma-3-1b-pt,adjective_agreement_0298,adjective_agreement,"femn noun, neut adj",-46.87069320678711,-48.77058792114258,6,6,1,0.5008792877197266,-0.4677848815917969,1
google/gemma-3-1b-pt,adjective_agreement_0299,adjective_agreement,"neut noun, masc adj",-43.081703186035156,-40.22565460205078,6,6,0,0.5775184631347656,-0.5521602630615234,1
google/gemma-3-1b-pt,calques_0000,calques,subtle: брати участь,-31.825145721435547,-38.367897033691406,8,9,1,0.04891204833984375,-0.08525276184082031,0
google/gemma-3-1b-pt,calques_0001,calques,subtle: брати участь,-42.21891784667969,-46.97223663330078,10,10,1,0.04356956481933594,-0.1248779296875,0
google/gemma-3-1b-pt,calques_0002,calques,subtle: брати участь,-38.4694709777832,-45.273399353027344,10,10,1,0.2789897918701172,-0.2737579345703125,1
google/gemma-3-1b-pt,calques_0003,calques,subtle: брати участь,-38.48075485229492,-38.990623474121094,11,11,1,0.12055397033691406,-0.14397621154785156,0
google/gemma-3-1b-pt,calques_0004,calques,subtle: вживати заходів,-41.320472717285156,-47.631202697753906,11,10,1,0.15805625915527344,-0.15341567993164062,1
google/gemma-3-1b-pt,calques_0005,calques,subtle: вживати заходів,-40.97432327270508,-53.732879638671875,9,9,1,0.23955917358398438,-0.22910308837890625,1
google/gemma-3-1b-pt,calques_0006,calques,subtle: вживати заходів,-40.55702209472656,-48.50455093383789,10,9,1,0.083465576171875,-0.08215522766113281,1
google/gemma-3-1b-pt,calques_0007,calques,subtle: вживати заходів,-30.7042236328125,-43.94095230102539,9,8,1,0.21004676818847656,-0.22612571716308594,0
google/gemma-3-1b-pt,calques_0008,calques,subtle: протягом,-43.30933380126953,-49.24647521972656,11,11,1,0.1004486083984375,-0.05474281311035156,1
google/gemma-3-1b-pt,calques_0009,calques,subtle: протягом,-35.80193328857422,-40.2977409362793,8,10,1,0.3601799011230469,-0.4562053680419922,0
google/gemma-3-1b-pt,calques_0010,calques,subtle: протягом,-40.04195022583008,-48.033668518066406,10,10,1,0.3543663024902344,-0.3081798553466797,1
google/gemma-3-1b-pt,calques_0011,calques,subtle: протягом,-39.55801773071289,-43.685733795166016,7,9,1,0.3551464080810547,-0.4138031005859375,0
google/gemma-3-1b-pt,calques_0012,calques,subtle: збігатися,-35.64485549926758,-36.0036735534668,9,8,1,0.14800071716308594,-0.11139297485351562,1
google/gemma-3-1b-pt,calques_0013,calques,subtle: збігатися,-40.98613739013672,-44.145172119140625,10,9,1,0.13642501831054688,-0.12962722778320312,1
google/gemma-3-1b-pt,calques_0014,calques,subtle: збігатися,-32.59967041015625,-36.507537841796875,8,7,1,0.1864471435546875,-0.15604019165039062,1
google/gemma-3-1b-pt,calques_0015,calques,subtle: збігатися,-39.393699645996094,-40.29557800292969,9,8,1,0.08787155151367188,-0.06744384765625,1
google/gemma-3-1b-pt,calques_0016,calques,subtle: стосуватися,-53.45030975341797,-48.295562744140625,11,11,0,0.4418182373046875,-0.43692588806152344,1
google/gemma-3-1b-pt,calques_0017,calques,subtle: стосуватися,-37.860877990722656,-40.162574768066406,7,7,1,0.07769393920898438,-0.060855865478515625,1
google/gemma-3-1b-pt,calques_0018,calques,subtle: стосуватися,-34.059288024902344,-35.15665817260742,9,9,1,-0.02295684814453125,-0.012716293334960938,0
google/gemma-3-1b-pt,calques_0019,calques,subtle: завдяки,-40.69816207885742,-47.25292205810547,9,10,1,0.29137420654296875,-0.3430824279785156,0
google/gemma-3-1b-pt,calques_0020,calques,subtle: завдяки,-54.335899353027344,-60.298622131347656,13,14,1,0.22611236572265625,-0.20218276977539062,1
google/gemma-3-1b-pt,calques_0021,calques,subtle: завдяки,-39.714168548583984,-50.26062774658203,8,9,1,0.21552085876464844,-0.24628829956054688,0
google/gemma-3-1b-pt,calques_0022,calques,subtle: завдяки,-44.11145782470703,-52.94623565673828,12,13,1,0.27806854248046875,-0.2460765838623047,1
google/gemma-3-1b-pt,calques_0023,calques,subtle: доводиться,-50.70771789550781,-50.99247360229492,11,10,1,0.17918777465820312,-0.19519615173339844,0
google/gemma-3-1b-pt,calques_0024,calques,subtle: доводиться,-36.584693908691406,-41.107540130615234,8,9,1,0.007686614990234375,-0.03646087646484375,0
google/gemma-3-1b-pt,calques_0025,calques,subtle: доводиться,-43.670082092285156,-46.57550811767578,12,11,1,0.18424034118652344,-0.20586395263671875,0
google/gemma-3-1b-pt,calques_0026,calques,subtle: доводиться,-46.633644104003906,-50.470157623291016,10,11,1,0.12192726135253906,-0.1510467529296875,0
google/gemma-3-1b-pt,calques_0027,calques,subtle: наступний,-41.73834228515625,-46.88432693481445,10,12,1,0.06114387512207031,0.0121307373046875,1
google/gemma-3-1b-pt,calques_0028,calques,subtle: наступний,-36.02668762207031,-50.625587463378906,10,14,1,0.09554862976074219,-0.13105392456054688,0
google/gemma-3-1b-pt,calques_0029,calques,subtle: наступний,-54.8837890625,-52.23274230957031,11,13,0,0.1937236785888672,-0.09492111206054688,1
google/gemma-3-1b-pt,calques_0030,calques,subtle: наступний,-36.48112487792969,-42.5745735168457,9,12,1,0.33742713928222656,-0.38812255859375,0
google/gemma-3-1b-pt,calques_0031,calques,subtle: будь-який,-42.35317611694336,-50.228187561035156,12,10,1,0.4731311798095703,-0.5188236236572266,0
google/gemma-3-1b-pt,calques_0032,calques,subtle: будь-який,-36.09004211425781,-45.88418197631836,11,9,1,-0.20093727111816406,0.18471717834472656,0
google/gemma-3-1b-pt,calques_0033,calques,subtle: будь-який,-41.27311706542969,-52.28452682495117,9,7,1,0.43369102478027344,-0.3544750213623047,1
google/gemma-3-1b-pt,calques_0034,calques,subtle: виняток,-40.376930236816406,-43.48558044433594,13,14,1,0.08582115173339844,-0.10686492919921875,0
google/gemma-3-1b-pt,calques_0035,calques,subtle: виняток,-39.416622161865234,-41.131248474121094,8,8,1,0.3411426544189453,-0.3320331573486328,1
google/gemma-3-1b-pt,calques_0036,calques,subtle: виняток,-54.307456970214844,-57.460594177246094,9,9,1,0.37098121643066406,-0.27907752990722656,1
google/gemma-3-1b-pt,calques_0037,calques,subtle: щодо,-42.449951171875,-48.789798736572266,11,12,1,0.20622825622558594,-0.17697906494140625,1
google/gemma-3-1b-pt,calques_0038,calques,subtle: щодо,-43.02869415283203,-48.168739318847656,8,10,1,0.43471336364746094,-0.3991432189941406,1
google/gemma-3-1b-pt,calques_0039,calques,subtle: щодо,-54.048439025878906,-51.4228515625,9,10,0,0.2217998504638672,-0.15645217895507812,1
google/gemma-3-1b-pt,calques_0040,calques,subtle: вважати,-33.45072937011719,-42.27168273925781,9,9,1,0.3740520477294922,-0.38094139099121094,0
google/gemma-3-1b-pt,calques_0041,calques,subtle: вважати,-43.6452751159668,-57.17848587036133,11,11,1,0.37602996826171875,-0.3823413848876953,0
google/gemma-3-1b-pt,calques_0042,calques,subtle: вважати,-41.88207244873047,-56.33513641357422,9,9,1,0.37435340881347656,-0.4238243103027344,0
google/gemma-3-1b-pt,calques_0043,calques,subtle: вважати,-32.20293045043945,-39.952301025390625,8,8,1,0.4900474548339844,-0.4898185729980469,1
google/gemma-3-1b-pt,calques_0044,calques,subtle: наводити приклад,-44.20226287841797,-40.65629959106445,8,8,0,0.08787918090820312,-0.08222770690917969,1
google/gemma-3-1b-pt,calques_0045,calques,subtle: наводити приклад,-25.879213333129883,-33.63294219970703,8,8,1,0.06805992126464844,-0.16678619384765625,0
google/gemma-3-1b-pt,calques_0046,calques,subtle: наводити приклад,-51.55171203613281,-52.22113037109375,10,10,1,0.16804122924804688,-0.18052291870117188,0
google/gemma-3-1b-pt,calques_0047,calques,subtle: укладати договір,-34.9915771484375,-41.02781295776367,9,8,1,0.03549957275390625,-0.06380653381347656,0
google/gemma-3-1b-pt,calques_0048,calques,subtle: укладати договір,-49.597198486328125,-57.94207763671875,9,8,1,0.24827194213867188,-0.35605621337890625,0
google/gemma-3-1b-pt,calques_0049,calques,subtle: укладати договір,-33.37843322753906,-34.994285583496094,8,7,1,0.26863670349121094,-0.34888458251953125,0
google/gemma-3-1b-pt,calques_0050,calques,subtle: складати іспит,-44.27253723144531,-49.43853759765625,10,10,1,0.17167091369628906,-0.1597423553466797,1
google/gemma-3-1b-pt,calques_0051,calques,subtle: складати іспит,-35.45754623413086,-37.481170654296875,10,10,1,0.029827117919921875,-0.012493133544921875,1
google/gemma-3-1b-pt,calques_0052,calques,subtle: навчальний,-39.32722473144531,-40.71147155761719,5,6,1,0.041568756103515625,-0.045444488525390625,0
google/gemma-3-1b-pt,calques_0053,calques,subtle: навчальний,-25.735200881958008,-33.05027770996094,8,9,1,0.4222278594970703,-0.4162178039550781,1
google/gemma-3-1b-pt,calques_0054,calques,subtle: навчальний,-38.38304138183594,-45.47548294067383,8,9,1,-0.07809257507324219,0.09717750549316406,1
google/gemma-3-1b-pt,calques_0055,calques,subtle: зіставляти,-41.867347717285156,-48.33770751953125,8,8,1,0.2493896484375,-0.18755722045898438,1
google/gemma-3-1b-pt,calques_0056,calques,subtle: зіставляти,-52.375953674316406,-53.774085998535156,8,8,1,0.14803123474121094,-0.10029411315917969,1
google/gemma-3-1b-pt,calques_0057,calques,subtle: зіставляти,-40.986297607421875,-37.846824645996094,10,10,0,0.026824951171875,-0.1798229217529297,0
google/gemma-3-1b-pt,calques_0058,calques,subtle: співпрацювати,-37.921485900878906,-45.64093780517578,9,11,1,0.45479774475097656,-0.42795562744140625,1
google/gemma-3-1b-pt,calques_0059,calques,subtle: співпрацювати,-34.81603240966797,-43.17643737792969,8,10,1,0.5330085754394531,-0.5139064788818359,1
google/gemma-3-1b-pt,calques_0060,calques,subtle: перепрошую,-57.378562927246094,-44.46986770629883,10,11,0,0.2516059875488281,-0.24605560302734375,1
google/gemma-3-1b-pt,calques_0061,calques,subtle: перепрошую,-49.46013641357422,-36.450538635253906,10,11,0,0.4927387237548828,-0.4824180603027344,1
google/gemma-3-1b-pt,calques_0062,calques,subtle: перепрошую,-52.49470138549805,-41.72369384765625,9,10,0,0.1443634033203125,-0.18276405334472656,0
google/gemma-3-1b-pt,calques_0063,calques,subtle: захід,-38.442100524902344,-49.95126724243164,10,13,1,0.09977340698242188,-0.06444168090820312,1
google/gemma-3-1b-pt,calques_0064,calques,subtle: захід,-38.0299186706543,-56.56716537475586,8,12,1,0.1887054443359375,-0.22914505004882812,0
google/gemma-3-1b-pt,calques_0065,calques,subtle: висновок,-35.399871826171875,-41.3431396484375,10,9,1,0.09762382507324219,-0.16271591186523438,0
google/gemma-3-1b-pt,calques_0066,calques,subtle: висновок,-29.0497989654541,-32.6407356262207,8,7,1,0.034313201904296875,-0.04339027404785156,0
google/gemma-3-1b-pt,calques_0067,calques,subtle: бути,-31.199417114257812,-37.3494758605957,6,7,1,0.08185577392578125,-0.1400012969970703,0
google/gemma-3-1b-pt,calques_0068,calques,subtle: бути,-32.369693756103516,-36.19410705566406,8,9,1,0.30007171630859375,-0.3019523620605469,0
google/gemma-3-1b-pt,calques_0069,calques,subtle: бути,-36.563453674316406,-40.6639518737793,7,8,1,0.26270294189453125,-0.30783653259277344,0
google/gemma-3-1b-pt,calques_0070,calques,subtle: становити,-40.717437744140625,-34.6122932434082,12,12,0,0.20865440368652344,-0.17464065551757812,1
google/gemma-3-1b-pt,calques_0071,calques,subtle: становити,-51.782501220703125,-50.56236267089844,10,10,0,0.24044418334960938,-0.24547576904296875,0
google/gemma-3-1b-pt,calques_0072,calques,subtle: становити,-36.94573211669922,-43.79778289794922,13,13,1,0.04245758056640625,-0.030384063720703125,1
google/gemma-3-1b-pt,calques_0073,calques,subtle: ймовірно,-51.58102798461914,-48.65206527709961,10,10,0,0.16712379455566406,-0.20320510864257812,0
google/gemma-3-1b-pt,calques_0074,calques,subtle: ймовірно,-35.06407165527344,-39.082611083984375,7,8,1,0.2273120880126953,-0.22088241577148438,1
google/gemma-3-1b-pt,calques_0075,calques,subtle: ймовірно,-48.96278381347656,-52.31203079223633,10,11,1,0.012037277221679688,0.0299835205078125,1
google/gemma-3-1b-pt,calques_0076,calques,subtle: брати до уваги,-43.269554138183594,-44.038543701171875,9,9,1,0.32055091857910156,-0.33276939392089844,0
google/gemma-3-1b-pt,calques_0077,calques,subtle: брати до уваги,-42.6891975402832,-48.38569641113281,13,13,1,0.4154052734375,-0.4507255554199219,0
google/gemma-3-1b-pt,calques_0078,calques,subtle: порушити питання,-55.261661529541016,-45.74174118041992,9,10,0,0.05850028991699219,-0.020046234130859375,1
google/gemma-3-1b-pt,calques_0079,calques,subtle: порушити питання,-55.93181610107422,-50.62290573120117,12,12,0,0.1538867950439453,-0.1591930389404297,0
google/gemma-3-1b-pt,calques_0080,calques,subtle: оцінка,-34.42937088012695,-40.14909744262695,9,10,1,0.030071258544921875,-0.05517387390136719,0
google/gemma-3-1b-pt,calques_0081,calques,subtle: оцінка,-43.63068771362305,-41.73468017578125,8,9,0,0.3645782470703125,-0.346221923828125,1
google/gemma-3-1b-pt,calques_0082,calques,subtle: бо (так як),-37.00177001953125,-40.375083923339844,12,13,1,-0.06481170654296875,0.06465339660644531,0
google/gemma-3-1b-pt,calques_0083,calques,subtle: бо (так як),-54.35662078857422,-59.69023895263672,12,13,1,0.20623016357421875,-0.25298309326171875,0
google/gemma-3-1b-pt,calques_0084,calques,subtle: досі,-32.95690155029297,-36.12255096435547,9,11,1,0.18773460388183594,-0.15727806091308594,1
google/gemma-3-1b-pt,calques_0085,calques,subtle: досі,-37.08123016357422,-41.054969787597656,10,12,1,0.5253181457519531,-0.5070400238037109,1
google/gemma-3-1b-pt,calques_0086,calques,subtle: незважаючи,-47.26250076293945,-47.27379608154297,14,15,1,0.2856941223144531,-0.3145332336425781,0
google/gemma-3-1b-pt,calques_0087,calques,subtle: незважаючи,-37.31605529785156,-42.00263595581055,15,16,1,0.07651710510253906,-0.0986785888671875,0
google/gemma-3-1b-pt,calques_0088,calques,subtle: зрештою,-35.86986541748047,-40.31610870361328,9,10,1,0.24164772033691406,-0.2787437438964844,0
google/gemma-3-1b-pt,calques_0089,calques,subtle: принаймні,-46.14329528808594,-60.34233474731445,9,10,1,0.323089599609375,-0.3424415588378906,0
google/gemma-3-1b-pt,calques_0090,calques,overt: отримувати,-32.90473556518555,-38.99700164794922,5,5,1,0.2850494384765625,-0.3031597137451172,0
google/gemma-3-1b-pt,calques_0091,calques,overt: отримувати,-33.48693084716797,-40.32134246826172,8,8,1,0.35778045654296875,-0.39112091064453125,0
google/gemma-3-1b-pt,calques_0092,calques,overt: отримувати,-34.02811050415039,-36.23217010498047,6,5,1,0.052364349365234375,-0.09753608703613281,0
google/gemma-3-1b-pt,calques_0093,calques,overt: визначити,-36.67131805419922,-53.10877227783203,7,9,1,0.33444786071777344,-0.3382129669189453,0
google/gemma-3-1b-pt,calques_0094,calques,overt: визначити,-35.86848449707031,-56.91362380981445,7,9,1,0.03360748291015625,-0.037822723388671875,0
google/gemma-3-1b-pt,calques_0095,calques,overt: подобатися,-37.57204818725586,-38.835487365722656,9,8,1,0.2762470245361328,-0.27031707763671875,1
google/gemma-3-1b-pt,calques_0096,calques,overt: подобатися,-40.56981658935547,-46.99348068237305,8,7,1,0.12417411804199219,-0.1323375701904297,0
google/gemma-3-1b-pt,calques_0097,calques,overt: їсти,-36.430206298828125,-42.90218734741211,9,9,1,-0.06045722961425781,0.017528533935546875,0
google/gemma-3-1b-pt,calques_0098,calques,overt: їсти,-36.37672424316406,-44.41996765136719,8,9,1,0.2127704620361328,-0.2234649658203125,0
google/gemma-3-1b-pt,calques_0099,calques,overt: взагалі,-32.33760070800781,-25.399185180664062,7,5,0,0.2446002960205078,-0.2310638427734375,1
google/gemma-3-1b-pt,calques_0100,calques,overt: взагалі,-35.74322509765625,-41.8126220703125,10,8,1,0.12479400634765625,-0.10751152038574219,1
google/gemma-3-1b-pt,calques_0101,calques,overt: звичайно,-35.77406311035156,-49.00196075439453,7,8,1,0.390228271484375,-0.39774513244628906,0
google/gemma-3-1b-pt,calques_0102,calques,overt: дуже,-30.53887176513672,-39.779212951660156,5,5,1,0.09414863586425781,-0.0812225341796875,1
google/gemma-3-1b-pt,calques_0103,calques,overt: бувай,-41.45098876953125,-38.2341423034668,7,7,0,0.41686058044433594,-0.4249534606933594,0
google/gemma-3-1b-pt,calques_0104,calques,overt: здаватися,-43.80775451660156,-47.772010803222656,9,10,1,0.10854339599609375,-0.1329631805419922,0
google/gemma-3-1b-pt,calques_0105,calques,overt: заважати,-70.03853607177734,-55.70378875732422,9,8,0,0.37909507751464844,-0.3615379333496094,1
google/gemma-3-1b-pt,calques_0106,calques,overt: заважати,-40.60211181640625,-52.480262756347656,8,8,1,0.4116535186767578,-0.4963550567626953,0
google/gemma-3-1b-pt,calques_0107,calques,overt: виходити,-25.962528228759766,-35.40345001220703,6,6,1,0.2995433807373047,-0.3365459442138672,0
google/gemma-3-1b-pt,calques_0108,calques,overt: виходити,-29.21396255493164,-40.060630798339844,7,7,1,0.3273296356201172,-0.3764324188232422,0
google/gemma-3-1b-pt,calques_0109,calques,overt: вистачати,-33.08148193359375,-38.93409729003906,9,7,1,0.25189971923828125,-0.3010540008544922,0
google/gemma-3-1b-pt,calques_0110,calques,overt: вистачати,-60.903778076171875,-49.49420928955078,9,8,0,0.06475830078125,-0.09803009033203125,0
google/gemma-3-1b-pt,calques_0111,calques,overt: зараз,-40.03935241699219,-46.17729949951172,6,6,1,0.3159370422363281,-0.3370990753173828,0
google/gemma-3-1b-pt,calques_0112,calques,overt: гаразд,-38.67595672607422,-34.300453186035156,9,8,0,0.4984111785888672,-0.5285110473632812,0
google/gemma-3-1b-pt,calques_0113,calques,overt: колишній,-39.77516174316406,-49.016502380371094,10,9,1,0.20314407348632812,-0.2546863555908203,0
google/gemma-3-1b-pt,calques_0114,calques,subtle: стосуватися,-41.00260925292969,-42.872955322265625,11,11,1,0.25650978088378906,-0.25513648986816406,1
google/gemma-3-1b-pt,calques_0115,calques,subtle: будь-який,-36.073692321777344,-37.561466217041016,11,9,1,0.2134265899658203,-0.24821090698242188,0
google/gemma-3-1b-pt,calques_0116,calques,subtle: виняток,-36.19097137451172,-38.60476303100586,9,9,1,0.16310501098632812,-0.11496162414550781,1
google/gemma-3-1b-pt,calques_0117,calques,subtle: щодо,-38.482418060302734,-48.0006103515625,9,11,1,0.4561443328857422,-0.5022315979003906,0
google/gemma-3-1b-pt,calques_0118,calques,subtle: наводити приклад,-40.228973388671875,-40.092472076416016,7,7,0,0.1541881561279297,-0.25885009765625,0
google/gemma-3-1b-pt,calques_0119,calques,subtle: укладати договір,-55.27677917480469,-64.49156188964844,12,11,1,0.5876007080078125,-0.6236438751220703,0
google/gemma-3-1b-pt,calques_0120,calques,subtle: складати іспит,-41.47161102294922,-43.301658630371094,12,12,1,-0.09116744995117188,0.10678863525390625,1
google/gemma-3-1b-pt,calques_0121,calques,subtle: складати іспит,-46.01293182373047,-45.67401885986328,12,12,0,0.12319755554199219,-0.13464927673339844,0
google/gemma-3-1b-pt,calques_0122,calques,subtle: навчальний,-34.75054168701172,-44.69159698486328,7,8,1,-0.060131072998046875,-0.028476715087890625,0
google/gemma-3-1b-pt,calques_0123,calques,subtle: зіставляти,-42.39512634277344,-46.036354064941406,9,9,1,0.093109130859375,-0.13593292236328125,0
google/gemma-3-1b-pt,calques_0124,calques,subtle: співпрацювати,-37.587059020996094,-44.017948150634766,13,15,1,0.3922100067138672,-0.42084503173828125,0
google/gemma-3-1b-pt,calques_0125,calques,subtle: співпрацювати,-30.42230224609375,-37.50298309326172,9,11,1,0.5171184539794922,-0.4947242736816406,1
google/gemma-3-1b-pt,calques_0126,calques,subtle: перепрошую,-60.43785858154297,-51.24209976196289,8,9,0,0.31056976318359375,-0.2865276336669922,1
google/gemma-3-1b-pt,calques_0127,calques,subtle: захід,-40.374412536621094,-54.36621856689453,6,10,1,0.2066020965576172,-0.2308673858642578,0
google/gemma-3-1b-pt,calques_0128,calques,subtle: захід,-28.929290771484375,-41.03230667114258,7,11,1,0.14997291564941406,-0.1736774444580078,0
google/gemma-3-1b-pt,calques_0129,calques,subtle: висновок,-37.77534484863281,-44.45386505126953,10,9,1,0.14518165588378906,-0.17243576049804688,0
google/gemma-3-1b-pt,calques_0130,calques,subtle: висновок,-40.36420440673828,-50.58344268798828,7,6,1,0.08414840698242188,-0.10295867919921875,0
google/gemma-3-1b-pt,calques_0131,calques,subtle: бути,-41.09389877319336,-45.60023498535156,11,12,1,0.19149017333984375,-0.2054462432861328,0
google/gemma-3-1b-pt,calques_0132,calques,subtle: становити,-39.939796447753906,-40.45248031616211,10,10,1,0.050983428955078125,-0.054962158203125,0
google/gemma-3-1b-pt,calques_0133,calques,subtle: ймовірно,-45.27753448486328,-44.67145538330078,8,9,0,0.335601806640625,-0.3231372833251953,1
google/gemma-3-1b-pt,calques_0134,calques,subtle: брати до уваги,-36.98809051513672,-42.2859001159668,10,9,1,0.4276275634765625,-0.4056262969970703,1
google/gemma-3-1b-pt,calques_0135,calques,subtle: брати до уваги,-43.049922943115234,-43.650142669677734,12,11,1,0.2745857238769531,-0.2894630432128906,0
google/gemma-3-1b-pt,calques_0136,calques,subtle: порушити питання,-41.68960952758789,-39.57815170288086,11,12,0,0.1702880859375,-0.173431396484375,0
google/gemma-3-1b-pt,calques_0137,calques,subtle: порушити питання,-46.1026611328125,-42.552207946777344,8,9,0,0.15293312072753906,-0.1729907989501953,0
google/gemma-3-1b-pt,calques_0138,calques,subtle: оцінка,-50.68235778808594,-56.89683532714844,11,12,1,0.059612274169921875,-0.084259033203125,0
google/gemma-3-1b-pt,calques_0139,calques,subtle: оцінка,-44.30706024169922,-50.46243667602539,9,10,1,0.09159278869628906,-0.043819427490234375,1
google/gemma-3-1b-pt,calques_0140,calques,subtle: бо (так як),-43.11400604248047,-46.384918212890625,12,13,1,0.24184036254882812,-0.24464797973632812,0
google/gemma-3-1b-pt,calques_0141,calques,subtle: бо (так як),-52.65876007080078,-57.27722930908203,12,13,1,0.16495895385742188,-0.1864185333251953,0
google/gemma-3-1b-pt,calques_0142,calques,subtle: досі,-43.320762634277344,-49.24760437011719,9,11,1,0.3031005859375,-0.2946453094482422,1
google/gemma-3-1b-pt,calques_0143,calques,subtle: досі,-39.84102249145508,-45.31080627441406,9,11,1,0.21187400817871094,-0.20105934143066406,1
google/gemma-3-1b-pt,calques_0144,calques,subtle: незважаючи,-46.76690673828125,-49.45943832397461,12,13,1,0.12052536010742188,-0.2102222442626953,0
google/gemma-3-1b-pt,calques_0145,calques,subtle: незважаючи,-46.486141204833984,-49.13224792480469,13,14,1,0.2752342224121094,-0.33437156677246094,0
google/gemma-3-1b-pt,calques_0146,calques,subtle: зрештою,-37.66874313354492,-39.762847900390625,10,11,1,0.21790313720703125,-0.2641162872314453,0
google/gemma-3-1b-pt,calques_0147,calques,subtle: зрештою,-38.056819915771484,-42.85944747924805,9,11,1,0.10706901550292969,-0.06510734558105469,1
google/gemma-3-1b-pt,calques_0148,calques,subtle: зрештою,-39.21292495727539,-39.72783660888672,11,12,1,0.24538040161132812,-0.20270729064941406,1
google/gemma-3-1b-pt,calques_0149,calques,subtle: принаймні,-42.380043029785156,-59.210243225097656,10,11,1,0.3358345031738281,-0.2508087158203125,1
google/gemma-3-1b-pt,calques_0150,calques,subtle: принаймні,-48.0909309387207,-60.86083984375,10,11,1,0.3050518035888672,-0.3153972625732422,0
google/gemma-3-1b-pt,calques_0151,calques,subtle: принаймні,-42.70350646972656,-64.14421081542969,10,11,1,0.4024677276611328,-0.48378944396972656,0
google/gemma-3-1b-pt,calques_0152,calques,overt: отримувати,-34.01805114746094,-41.8635139465332,8,7,1,0.05255317687988281,-0.04195594787597656,1
google/gemma-3-1b-pt,calques_0153,calques,overt: визначити,-33.892520904541016,-50.8616943359375,7,9,1,0.2917671203613281,-0.24462318420410156,1
google/gemma-3-1b-pt,calques_0154,calques,overt: визначити,-40.434165954589844,-46.888973236083984,9,11,1,0.3540077209472656,-0.3728523254394531,0
google/gemma-3-1b-pt,calques_0155,calques,overt: подобатися,-34.06503677368164,-37.40315628051758,10,9,1,0.3524761199951172,-0.35515594482421875,0
google/gemma-3-1b-pt,calques_0156,calques,overt: подобатися,-41.118385314941406,-39.758262634277344,9,8,0,0.30626678466796875,-0.285308837890625,1
google/gemma-3-1b-pt,calques_0157,calques,overt: їсти,-35.96852111816406,-36.191680908203125,6,7,1,0.2680244445800781,-0.30094337463378906,0
google/gemma-3-1b-pt,calques_0158,calques,overt: їсти,-34.7159309387207,-40.07036209106445,8,9,1,0.41668701171875,-0.4453411102294922,0
google/gemma-3-1b-pt,calques_0159,calques,overt: взагалі,-38.1503791809082,-42.655426025390625,8,6,1,0.07488822937011719,-0.06658363342285156,1
google/gemma-3-1b-pt,calques_0160,calques,overt: взагалі,-54.60230255126953,-60.112632751464844,9,7,1,0.5933799743652344,-0.6445960998535156,0
google/gemma-3-1b-pt,calques_0161,calques,overt: звичайно,-33.66917419433594,-46.684669494628906,7,8,1,0.6071414947509766,-0.5296497344970703,1
google/gemma-3-1b-pt,calques_0162,calques,overt: звичайно,-32.54508972167969,-55.617950439453125,9,10,1,0.22207069396972656,-0.2045745849609375,1
google/gemma-3-1b-pt,calques_0163,calques,overt: звичайно,-32.167884826660156,-45.99519348144531,9,10,1,0.4628944396972656,-0.4530372619628906,1
google/gemma-3-1b-pt,calques_0164,calques,overt: дуже,-32.545066833496094,-40.27882766723633,6,6,1,0.266265869140625,-0.295684814453125,0
google/gemma-3-1b-pt,calques_0165,calques,overt: дуже,-34.354103088378906,-45.19649124145508,7,7,1,0.23862648010253906,-0.290252685546875,0
google/gemma-3-1b-pt,calques_0166,calques,overt: дуже,-24.700145721435547,-31.070556640625,5,4,1,-0.08481979370117188,0.11077499389648438,1
google/gemma-3-1b-pt,calques_0167,calques,overt: бувай,-44.737945556640625,-46.56294250488281,9,9,1,0.49599647521972656,-0.43469810485839844,1
google/gemma-3-1b-pt,calques_0168,calques,overt: бувай,-39.226356506347656,-31.872644424438477,5,4,0,0.22446632385253906,-0.2104625701904297,1
google/gemma-3-1b-pt,calques_0169,calques,overt: бувай,-41.30031967163086,-40.63463592529297,7,7,0,0.7103157043457031,-0.6206245422363281,1
google/gemma-3-1b-pt,calques_0170,calques,overt: здаватися,-36.047447204589844,-42.63133239746094,8,9,1,0.3312244415283203,-0.31866455078125,1
google/gemma-3-1b-pt,calques_0171,calques,overt: здаватися,-38.543922424316406,-43.30131530761719,9,9,1,0.328155517578125,-0.36063385009765625,0
google/gemma-3-1b-pt,calques_0172,calques,overt: здаватися,-49.13903045654297,-49.69905090332031,13,13,1,0.14835357666015625,-0.16922950744628906,0
google/gemma-3-1b-pt,calques_0173,calques,overt: заважати,-53.978275299072266,-61.704891204833984,11,11,1,0.2939910888671875,-0.3333778381347656,0
google/gemma-3-1b-pt,calques_0174,calques,overt: заважати,-41.912254333496094,-46.937469482421875,7,7,1,0.4984722137451172,-0.5314292907714844,0
google/gemma-3-1b-pt,calques_0175,calques,overt: виходити,-27.28485107421875,-37.04907989501953,7,7,1,0.0108795166015625,-0.0550537109375,0
google/gemma-3-1b-pt,calques_0176,calques,overt: виходити,-36.22282028198242,-40.229671478271484,8,8,1,0.09101104736328125,-0.11798667907714844,0
google/gemma-3-1b-pt,calques_0177,calques,overt: вистачати,-42.038246154785156,-37.246925354003906,7,5,0,0.5997047424316406,-0.6335906982421875,0
google/gemma-3-1b-pt,calques_0178,calques,overt: вистачати,-37.463462829589844,-41.64826583862305,6,5,1,0.2131500244140625,-0.2558250427246094,0
google/gemma-3-1b-pt,calques_0179,calques,overt: зараз,-34.12342834472656,-35.038841247558594,7,7,1,0.15766525268554688,-0.1884002685546875,0
google/gemma-3-1b-pt,calques_0180,calques,overt: зараз,-36.36748504638672,-37.094024658203125,7,6,1,0.2709064483642578,-0.32778358459472656,0
google/gemma-3-1b-pt,calques_0181,calques,overt: зараз,-32.202667236328125,-39.49638366699219,8,8,1,0.4132347106933594,-0.4296588897705078,0
google/gemma-3-1b-pt,calques_0182,calques,overt: гаразд,-37.71601104736328,-35.883583068847656,8,7,0,0.35621070861816406,-0.36437034606933594,0
google/gemma-3-1b-pt,calques_0183,calques,overt: гаразд,-49.36317443847656,-42.2287712097168,8,7,0,0.3639335632324219,-0.3430156707763672,1
google/gemma-3-1b-pt,calques_0184,calques,overt: гаразд,-34.9375,-29.927249908447266,8,7,0,0.3293800354003906,-0.32605743408203125,1
google/gemma-3-1b-pt,calques_0185,calques,overt: колишній,-45.05006408691406,-54.12134552001953,8,7,1,0.14060020446777344,-0.18997764587402344,0
google/gemma-3-1b-pt,calques_0186,calques,overt: колишній,-44.24066925048828,-61.419769287109375,11,10,1,0.5876178741455078,-0.7288837432861328,0
google/gemma-3-1b-pt,calques_0187,calques,overt: колишній,-43.1740608215332,-50.95130920410156,11,10,1,0.3278484344482422,-0.3742828369140625,0
google/gemma-3-1b-pt,control_subject_verb_0000,control_subject_verb,past-tense gender,-47.475650787353516,-52.33709716796875,12,12,1,0.38604736328125,-0.3883705139160156,0
google/gemma-3-1b-pt,control_subject_verb_0001,control_subject_verb,past-tense gender,-42.5096435546875,-48.2363395690918,9,9,1,0.3557872772216797,-0.3559455871582031,0
google/gemma-3-1b-pt,control_subject_verb_0002,control_subject_verb,past-tense gender,-43.26274108886719,-49.46861267089844,8,8,1,0.418212890625,-0.4010639190673828,1
google/gemma-3-1b-pt,control_subject_verb_0003,control_subject_verb,past-tense gender,-41.11634826660156,-46.08064270019531,9,9,1,0.2220916748046875,-0.21830177307128906,1
google/gemma-3-1b-pt,control_subject_verb_0004,control_subject_verb,past-tense gender,-53.121177673339844,-58.28402328491211,9,9,1,0.4150371551513672,-0.42959022521972656,0
google/gemma-3-1b-pt,control_subject_verb_0005,control_subject_verb,past-tense gender,-48.7152099609375,-51.914100646972656,9,9,1,0.4998359680175781,-0.4987316131591797,1
google/gemma-3-1b-pt,control_subject_verb_0006,control_subject_verb,past-tense gender,-41.70692825317383,-46.305328369140625,7,7,1,0.37909507751464844,-0.37544822692871094,1
google/gemma-3-1b-pt,control_subject_verb_0007,control_subject_verb,past-tense gender,-44.51910400390625,-52.53826141357422,9,10,1,0.20638656616210938,-0.26346778869628906,0
google/gemma-3-1b-pt,control_subject_verb_0008,control_subject_verb,past-tense gender,-48.62887954711914,-53.69353485107422,10,11,1,0.22449684143066406,-0.2587108612060547,0
google/gemma-3-1b-pt,control_subject_verb_0009,control_subject_verb,past-tense gender,-54.22718811035156,-59.489715576171875,11,11,1,0.45934295654296875,-0.45440673828125,1
google/gemma-3-1b-pt,control_subject_verb_0010,control_subject_verb,past-tense gender,-49.754417419433594,-54.63018035888672,11,11,1,0.5377426147460938,-0.5456256866455078,0
google/gemma-3-1b-pt,control_subject_verb_0011,control_subject_verb,past-tense gender,-47.91763687133789,-53.48806381225586,9,9,1,0.16867828369140625,-0.15917205810546875,1
google/gemma-3-1b-pt,control_subject_verb_0012,control_subject_verb,past-tense gender,-43.83006286621094,-48.222023010253906,9,9,1,0.4048633575439453,-0.4139270782470703,0
google/gemma-3-1b-pt,control_subject_verb_0013,control_subject_verb,past-tense gender,-42.36381530761719,-48.01692199707031,10,10,1,0.21511077880859375,-0.2111225128173828,1
google/gemma-3-1b-pt,control_subject_verb_0014,control_subject_verb,past-tense gender,-46.62411117553711,-56.07405090332031,8,9,1,0.09742164611816406,-0.17947769165039062,0
google/gemma-3-1b-pt,control_subject_verb_0015,control_subject_verb,past-tense gender,-44.66069793701172,-50.12000274658203,10,10,1,0.3837471008300781,-0.3831005096435547,1
google/gemma-3-1b-pt,control_subject_verb_0016,control_subject_verb,past-tense gender,-44.42668914794922,-48.036834716796875,9,9,1,0.3273468017578125,-0.2985095977783203,1
google/gemma-3-1b-pt,control_subject_verb_0017,control_subject_verb,past-tense gender,-41.36056900024414,-47.49664306640625,8,8,1,0.39679527282714844,-0.403900146484375,0
google/gemma-3-1b-pt,control_subject_verb_0018,control_subject_verb,past-tense gender,-53.57854461669922,-58.39299774169922,10,10,1,0.19608688354492188,-0.24390029907226562,0
google/gemma-3-1b-pt,control_subject_verb_0019,control_subject_verb,past-tense gender,-43.889892578125,-51.84614562988281,8,9,1,0.08845138549804688,-0.1529216766357422,0
google/gemma-3-1b-pt,control_subject_verb_0020,control_subject_verb,past-tense gender,-49.32795333862305,-55.43788146972656,9,10,1,0.16086196899414062,-0.20472145080566406,0
google/gemma-3-1b-pt,control_subject_verb_0021,control_subject_verb,past-tense gender,-44.88441467285156,-49.66423416137695,10,10,1,0.3384666442871094,-0.3305950164794922,1
google/gemma-3-1b-pt,control_subject_verb_0022,control_subject_verb,past-tense gender,-46.102664947509766,-54.27455520629883,10,10,1,0.3737468719482422,-0.36792945861816406,1
google/gemma-3-1b-pt,control_subject_verb_0023,control_subject_verb,past-tense gender,-46.809776306152344,-52.00883483886719,10,10,1,0.23331069946289062,-0.23862075805664062,0
google/gemma-3-1b-pt,control_subject_verb_0024,control_subject_verb,past-tense gender,-47.303810119628906,-50.142425537109375,9,9,1,0.1666889190673828,-0.17888450622558594,0
google/gemma-3-1b-pt,control_subject_verb_0025,control_subject_verb,past-tense gender,-44.9521369934082,-50.47370147705078,11,11,1,0.4070720672607422,-0.4077568054199219,0
google/gemma-3-1b-pt,control_subject_verb_0026,control_subject_verb,past-tense gender,-45.188594818115234,-49.972084045410156,10,10,1,0.37163543701171875,-0.37450599670410156,0
google/gemma-3-1b-pt,control_subject_verb_0027,control_subject_verb,past-tense gender,-40.69780731201172,-47.37476348876953,9,9,1,0.25748634338378906,-0.2889728546142578,0
google/gemma-3-1b-pt,control_subject_verb_0028,control_subject_verb,past-tense gender,-43.11505126953125,-48.01216125488281,8,8,1,0.3260345458984375,-0.30817604064941406,1
google/gemma-3-1b-pt,control_subject_verb_0029,control_subject_verb,past-tense gender,-45.91388702392578,-50.91023254394531,10,10,1,0.3197498321533203,-0.32770538330078125,0
google/gemma-3-1b-pt,control_subject_verb_0030,control_subject_verb,past-tense gender,-43.728424072265625,-48.77336120605469,11,11,1,0.4342308044433594,-0.43198204040527344,1
google/gemma-3-1b-pt,control_subject_verb_0031,control_subject_verb,past-tense gender,-42.166046142578125,-46.53759765625,8,8,1,0.18149185180664062,-0.19114112854003906,0
google/gemma-3-1b-pt,control_subject_verb_0032,control_subject_verb,past-tense gender,-52.718971252441406,-58.89017868041992,9,9,1,0.3980827331542969,-0.4269695281982422,0
google/gemma-3-1b-pt,control_subject_verb_0033,control_subject_verb,past-tense gender,-43.55854797363281,-49.86452102661133,9,9,1,0.11255836486816406,-0.10233306884765625,1
google/gemma-3-1b-pt,control_subject_verb_0034,control_subject_verb,past-tense gender,-45.99555206298828,-50.94096755981445,11,11,1,0.25126075744628906,-0.2839012145996094,0
google/gemma-3-1b-pt,control_subject_verb_0035,control_subject_verb,past-tense gender,-45.780574798583984,-50.62276840209961,10,10,1,0.48104095458984375,-0.48206138610839844,0
google/gemma-3-1b-pt,control_subject_verb_0036,control_subject_verb,past-tense gender,-45.79722595214844,-49.77113342285156,9,9,1,0.4507923126220703,-0.44681358337402344,1
google/gemma-3-1b-pt,control_subject_verb_0037,control_subject_verb,past-tense gender,-43.68757247924805,-52.03240203857422,9,9,1,0.29718780517578125,-0.3181343078613281,0
google/gemma-3-1b-pt,control_subject_verb_0038,control_subject_verb,past-tense gender,-44.97014617919922,-51.785945892333984,9,9,1,0.24860382080078125,-0.25214195251464844,0
google/gemma-3-1b-pt,control_subject_verb_0039,control_subject_verb,past-tense gender,-41.99447250366211,-47.150360107421875,9,9,1,0.2405414581298828,-0.24369239807128906,0
google/gemma-3-1b-pt,control_subject_verb_0040,control_subject_verb,past-tense gender,-48.20890808105469,-52.89533996582031,8,8,1,0.14179420471191406,-0.13071060180664062,1
google/gemma-3-1b-pt,control_subject_verb_0041,control_subject_verb,past-tense gender,-41.3814697265625,-45.27566146850586,9,9,1,0.16951942443847656,-0.1849079132080078,0
google/gemma-3-1b-pt,control_subject_verb_0042,control_subject_verb,past-tense gender,-50.10274124145508,-53.952308654785156,9,9,1,0.16281700134277344,-0.15090179443359375,1
google/gemma-3-1b-pt,control_subject_verb_0043,control_subject_verb,past-tense gender,-48.562042236328125,-55.97831726074219,10,10,1,0.33405303955078125,-0.3487110137939453,0
google/gemma-3-1b-pt,control_subject_verb_0044,control_subject_verb,past-tense gender,-45.199424743652344,-50.395668029785156,8,8,1,0.14252662658691406,-0.1574535369873047,0
google/gemma-3-1b-pt,control_subject_verb_0045,control_subject_verb,past-tense gender,-47.15989685058594,-48.600582122802734,9,9,1,0.3346271514892578,-0.33664512634277344,0
google/gemma-3-1b-pt,control_subject_verb_0046,control_subject_verb,past-tense gender,-42.59965133666992,-50.170867919921875,10,10,1,0.3717002868652344,-0.3979511260986328,0
google/gemma-3-1b-pt,control_subject_verb_0047,control_subject_verb,past-tense gender,-47.901981353759766,-52.04728698730469,9,9,1,0.26336669921875,-0.31270790100097656,0
google/gemma-3-1b-pt,control_subject_verb_0048,control_subject_verb,past-tense gender,-41.21587371826172,-46.474605560302734,8,8,1,0.204620361328125,-0.2310657501220703,0
google/gemma-3-1b-pt,control_subject_verb_0049,control_subject_verb,past-tense gender,-39.769287109375,-46.60076141357422,8,8,1,0.2373218536376953,-0.23345184326171875,1
google/gemma-3-1b-pt,control_subject_verb_0050,control_subject_verb,past-tense gender,-39.48456573486328,-45.743160247802734,9,9,1,0.18282699584960938,-0.20464324951171875,0
google/gemma-3-1b-pt,control_subject_verb_0051,control_subject_verb,past-tense gender,-43.01462173461914,-49.61670684814453,8,8,1,0.5332908630371094,-0.5654754638671875,0
google/gemma-3-1b-pt,control_subject_verb_0052,control_subject_verb,past-tense gender,-39.69974899291992,-45.48942565917969,11,11,1,0.5228691101074219,-0.5406570434570312,0
google/gemma-3-1b-pt,control_subject_verb_0053,control_subject_verb,past-tense gender,-48.32891845703125,-53.740936279296875,9,9,1,0.2446136474609375,-0.24048995971679688,1
google/gemma-3-1b-pt,control_subject_verb_0054,control_subject_verb,past-tense gender,-45.07236099243164,-49.94402313232422,10,10,1,0.2056884765625,-0.2044849395751953,1
google/gemma-3-1b-pt,control_subject_verb_0055,control_subject_verb,past-tense gender,-56.12385559082031,-63.36176681518555,11,11,1,0.17108154296875,-0.17894935607910156,0
google/gemma-3-1b-pt,control_subject_verb_0056,control_subject_verb,past-tense gender,-48.64437484741211,-53.20656204223633,10,10,1,0.22445106506347656,-0.2599067687988281,0
google/gemma-3-1b-pt,control_subject_verb_0057,control_subject_verb,past-tense gender,-43.690940856933594,-49.89751434326172,10,10,1,0.28189849853515625,-0.26828956604003906,1
google/gemma-3-1b-pt,control_subject_verb_0058,control_subject_verb,past-tense gender,-48.26490783691406,-54.37803649902344,9,9,1,0.24341583251953125,-0.2586994171142578,0
google/gemma-3-1b-pt,control_subject_verb_0059,control_subject_verb,past-tense gender,-46.91835021972656,-50.40718460083008,10,10,1,0.302978515625,-0.2894706726074219,1
google/gemma-3-1b-pt,control_subject_verb_0060,control_subject_verb,past-tense gender,-38.575225830078125,-43.32732009887695,9,9,1,0.29012489318847656,-0.2920665740966797,0
google/gemma-3-1b-pt,control_subject_verb_0061,control_subject_verb,past-tense gender,-51.844295501708984,-58.33884048461914,12,12,1,0.30718040466308594,-0.3185386657714844,0
google/gemma-3-1b-pt,control_subject_verb_0062,control_subject_verb,past-tense gender,-54.2401123046875,-62.12743377685547,11,11,1,0.2998313903808594,-0.3126792907714844,0
google/gemma-3-1b-pt,control_subject_verb_0063,control_subject_verb,past-tense gender,-44.01768493652344,-47.77824401855469,9,9,1,0.5037879943847656,-0.5211563110351562,0
google/gemma-3-1b-pt,control_subject_verb_0064,control_subject_verb,past-tense gender,-43.10920333862305,-50.29287338256836,11,11,1,0.7838039398193359,-0.801971435546875,0
google/gemma-3-1b-pt,control_subject_verb_0065,control_subject_verb,past-tense gender,-39.48146057128906,-44.98714065551758,9,9,1,0.31430816650390625,-0.32218170166015625,0
google/gemma-3-1b-pt,control_subject_verb_0066,control_subject_verb,past-tense gender,-52.04250717163086,-59.05436706542969,9,9,1,0.515655517578125,-0.5432300567626953,0
google/gemma-3-1b-pt,control_subject_verb_0067,control_subject_verb,past-tense gender,-52.11265563964844,-57.82715606689453,11,11,1,0.3793506622314453,-0.3932781219482422,0
google/gemma-3-1b-pt,control_subject_verb_0068,control_subject_verb,past-tense gender,-45.1112060546875,-47.884178161621094,7,7,1,0.19631385803222656,-0.17629051208496094,1
google/gemma-3-1b-pt,control_subject_verb_0069,control_subject_verb,past-tense gender,-47.611976623535156,-52.725059509277344,9,9,1,0.31487083435058594,-0.33743858337402344,0
google/gemma-3-1b-pt,control_subject_verb_0070,control_subject_verb,past-tense gender,-45.53540802001953,-50.85961151123047,11,11,1,0.59564208984375,-0.5706577301025391,1
google/gemma-3-1b-pt,control_subject_verb_0071,control_subject_verb,past-tense gender,-45.84455871582031,-53.67708969116211,11,11,1,0.4934101104736328,-0.4789600372314453,1
google/gemma-3-1b-pt,control_subject_verb_0072,control_subject_verb,past-tense gender,-39.870635986328125,-46.03001403808594,9,9,1,0.26329803466796875,-0.2534942626953125,1
google/gemma-3-1b-pt,control_subject_verb_0073,control_subject_verb,past-tense gender,-39.49045944213867,-45.76987075805664,8,8,1,0.116424560546875,-0.11913871765136719,0
google/gemma-3-1b-pt,control_subject_verb_0074,control_subject_verb,past-tense gender,-43.722251892089844,-48.65312957763672,10,10,1,0.3076019287109375,-0.34566688537597656,0
google/gemma-3-1b-pt,control_subject_verb_0075,control_subject_verb,past-tense gender,-41.24119567871094,-46.25595474243164,8,8,1,0.3585357666015625,-0.3788185119628906,0
google/gemma-3-1b-pt,control_subject_verb_0076,control_subject_verb,past-tense gender,-45.42827606201172,-49.79793930053711,11,11,1,0.5696830749511719,-0.5727405548095703,0
google/gemma-3-1b-pt,control_subject_verb_0077,control_subject_verb,past-tense gender,-44.770172119140625,-50.63899230957031,9,9,1,0.3009815216064453,-0.290557861328125,1
google/gemma-3-1b-pt,control_subject_verb_0078,control_subject_verb,past-tense gender,-48.986968994140625,-53.635231018066406,9,9,1,0.2980670928955078,-0.2811698913574219,1
google/gemma-3-1b-pt,control_subject_verb_0079,control_subject_verb,past-tense gender,-40.38349533081055,-45.58458709716797,8,8,1,0.18131637573242188,-0.19134902954101562,0
google/gemma-3-1b-pt,control_subject_verb_0080,control_subject_verb,past-tense gender,-43.88971710205078,-48.45082092285156,10,10,1,0.2590656280517578,-0.28815650939941406,0
google/gemma-3-1b-pt,control_subject_verb_0081,control_subject_verb,past-tense gender,-48.79164123535156,-51.69670104980469,9,9,1,0.22086143493652344,-0.21012306213378906,1
google/gemma-3-1b-pt,control_subject_verb_0082,control_subject_verb,past-tense gender,-50.07963562011719,-56.343536376953125,11,11,1,0.3429126739501953,-0.35605430603027344,0
google/gemma-3-1b-pt,control_subject_verb_0083,control_subject_verb,past-tense gender,-49.43951416015625,-52.69623565673828,11,11,1,0.36528968811035156,-0.35512351989746094,1
google/gemma-3-1b-pt,control_subject_verb_0084,control_subject_verb,past-tense gender,-45.953399658203125,-51.72651672363281,10,10,1,0.08736419677734375,-0.07154464721679688,1
google/gemma-3-1b-pt,control_subject_verb_0085,control_subject_verb,past-tense gender,-39.41931915283203,-45.0927734375,8,8,1,0.107666015625,-0.09252738952636719,1
google/gemma-3-1b-pt,control_subject_verb_0086,control_subject_verb,past-tense gender,-47.90977478027344,-53.08376693725586,8,8,1,0.28807830810546875,-0.2857398986816406,1
google/gemma-3-1b-pt,control_subject_verb_0087,control_subject_verb,past-tense gender,-40.01813888549805,-43.35157012939453,7,7,1,0.05334281921386719,-0.051326751708984375,1
google/gemma-3-1b-pt,control_subject_verb_0088,control_subject_verb,past-tense gender,-43.50241470336914,-49.23291778564453,10,10,1,0.5153255462646484,-0.5381011962890625,0
google/gemma-3-1b-pt,control_subject_verb_0089,control_subject_verb,past-tense gender,-48.16804504394531,-52.2847785949707,11,11,1,0.39863014221191406,-0.3791236877441406,1
google/gemma-3-1b-pt,control_subject_verb_0090,control_subject_verb,past-tense gender,-42.223472595214844,-47.880619049072266,8,8,1,0.1885547637939453,-0.19039344787597656,0
google/gemma-3-1b-pt,control_subject_verb_0091,control_subject_verb,past-tense gender,-42.351593017578125,-47.08332061767578,7,7,1,0.2027721405029297,-0.2044353485107422,0
google/gemma-3-1b-pt,control_subject_verb_0092,control_subject_verb,past-tense gender,-36.1480712890625,-42.40056610107422,8,8,1,0.10129737854003906,-0.1071319580078125,0
google/gemma-3-1b-pt,control_subject_verb_0093,control_subject_verb,past-tense gender,-56.568145751953125,-62.7900505065918,10,10,1,0.3457469940185547,-0.3544654846191406,0
google/gemma-3-1b-pt,control_subject_verb_0094,control_subject_verb,past-tense gender,-49.70083236694336,-50.833900451660156,10,9,1,0.01255035400390625,0.03679847717285156,1
google/gemma-3-1b-pt,control_subject_verb_0095,control_subject_verb,past-tense gender,-44.11927795410156,-53.009613037109375,8,9,1,0.22221946716308594,-0.27986907958984375,0
google/gemma-3-1b-pt,control_subject_verb_0096,control_subject_verb,past-tense gender,-39.689544677734375,-42.575164794921875,10,10,1,-0.06372261047363281,0.06445884704589844,1
google/gemma-3-1b-pt,control_subject_verb_0097,control_subject_verb,past-tense gender,-42.3128662109375,-45.21525573730469,9,9,1,0.18979644775390625,-0.20995140075683594,0
google/gemma-3-1b-pt,control_subject_verb_0098,control_subject_verb,past-tense gender,-44.215354919433594,-49.8187255859375,9,9,1,0.1916065216064453,-0.17310333251953125,1
google/gemma-3-1b-pt,control_subject_verb_0099,control_subject_verb,past-tense gender,-52.61395263671875,-58.226314544677734,11,11,1,0.3596229553222656,-0.3531684875488281,1
google/gemma-3-1b-pt,control_subject_verb_0100,control_subject_verb,past-tense gender,-42.819129943847656,-51.992774963378906,9,9,1,0.18761825561523438,-0.2071666717529297,0
google/gemma-3-1b-pt,control_subject_verb_0101,control_subject_verb,past-tense gender,-38.688262939453125,-44.935768127441406,10,10,1,0.08289337158203125,-0.06480598449707031,1
google/gemma-3-1b-pt,control_subject_verb_0102,control_subject_verb,past-tense gender,-47.644840240478516,-51.19488525390625,10,10,1,0.3603668212890625,-0.37291717529296875,0
google/gemma-3-1b-pt,control_subject_verb_0103,control_subject_verb,past-tense gender,-41.892696380615234,-46.15715026855469,9,9,1,0.28340911865234375,-0.2945690155029297,0
google/gemma-3-1b-pt,control_subject_verb_0104,control_subject_verb,past-tense gender,-47.84539031982422,-53.740875244140625,10,10,1,-0.2227611541748047,0.22878074645996094,1
google/gemma-3-1b-pt,control_subject_verb_0105,control_subject_verb,past-tense gender,-51.98922348022461,-51.215309143066406,11,11,0,0.3306121826171875,-0.31893348693847656,1
google/gemma-3-1b-pt,control_subject_verb_0106,control_subject_verb,past-tense gender,-41.13430404663086,-47.3191032409668,8,8,1,0.18626976013183594,-0.18127059936523438,1
google/gemma-3-1b-pt,control_subject_verb_0107,control_subject_verb,past-tense gender,-50.92908477783203,-61.496620178222656,10,11,1,0.3585529327392578,-0.38565635681152344,0
google/gemma-3-1b-pt,control_subject_verb_0108,control_subject_verb,past-tense gender,-48.56623840332031,-52.567100524902344,10,10,1,0.39897918701171875,-0.4103832244873047,0
google/gemma-3-1b-pt,control_subject_verb_0109,control_subject_verb,past-tense gender,-44.21432876586914,-49.33465576171875,9,9,1,0.1509265899658203,-0.1348590850830078,1
google/gemma-3-1b-pt,control_subject_verb_0110,control_subject_verb,past-tense gender,-42.76226806640625,-47.542030334472656,8,8,1,0.17919921875,-0.16353797912597656,1
google/gemma-3-1b-pt,control_subject_verb_0111,control_subject_verb,past-tense gender,-48.79201126098633,-54.16857147216797,10,10,1,0.0020847320556640625,-0.04759979248046875,0
google/gemma-3-1b-pt,control_subject_verb_0112,control_subject_verb,past-tense gender,-39.84931182861328,-45.43360137939453,10,10,1,0.2782478332519531,-0.2878589630126953,0
google/gemma-3-1b-pt,control_subject_verb_0113,control_subject_verb,past-tense gender,-44.16212844848633,-51.110511779785156,10,10,1,0.24267578125,-0.2567729949951172,0
google/gemma-3-1b-pt,control_subject_verb_0114,control_subject_verb,past-tense gender,-40.499290466308594,-47.44109344482422,9,9,1,0.4319953918457031,-0.4685535430908203,0
google/gemma-3-1b-pt,control_subject_verb_0115,control_subject_verb,past-tense gender,-40.365638732910156,-46.62303161621094,8,8,1,0.16513824462890625,-0.18890953063964844,0
google/gemma-3-1b-pt,control_subject_verb_0116,control_subject_verb,past-tense gender,-42.01121520996094,-45.61963653564453,9,9,1,0.2472858428955078,-0.26267242431640625,0
google/gemma-3-1b-pt,control_subject_verb_0117,control_subject_verb,past-tense gender,-52.542388916015625,-55.61455154418945,10,10,1,0.37958526611328125,-0.3697986602783203,1
google/gemma-3-1b-pt,control_subject_verb_0118,control_subject_verb,past-tense gender,-44.63309097290039,-50.70111846923828,10,10,1,0.11534500122070312,-0.11540603637695312,0
google/gemma-3-1b-pt,control_subject_verb_0119,control_subject_verb,past-tense gender,-43.85032653808594,-49.49567794799805,8,8,1,0.3308753967285156,-0.3390483856201172,0
google/gemma-3-1b-pt,control_subject_verb_0120,control_subject_verb,past-tense gender,-53.60218048095703,-62.25604248046875,10,10,1,0.40866851806640625,-0.41077232360839844,0
google/gemma-3-1b-pt,control_subject_verb_0121,control_subject_verb,past-tense gender,-52.015785217285156,-55.72765350341797,12,11,1,0.4056835174560547,-0.4010181427001953,1
google/gemma-3-1b-pt,control_subject_verb_0122,control_subject_verb,past-tense gender,-44.38203811645508,-47.48442840576172,10,10,1,0.6155662536621094,-0.5954399108886719,1
google/gemma-3-1b-pt,control_subject_verb_0123,control_subject_verb,past-tense gender,-53.03730773925781,-55.61180114746094,10,9,1,0.3175029754638672,-0.3194408416748047,0
google/gemma-3-1b-pt,control_subject_verb_0124,control_subject_verb,past-tense gender,-42.948638916015625,-48.748756408691406,9,9,1,0.2570037841796875,-0.276336669921875,0
google/gemma-3-1b-pt,control_subject_verb_0125,control_subject_verb,past-tense gender,-49.248817443847656,-53.33784103393555,12,12,1,0.5051174163818359,-0.5092182159423828,0
google/gemma-3-1b-pt,control_subject_verb_0126,control_subject_verb,past-tense gender,-46.490318298339844,-51.01512145996094,8,8,1,0.17680740356445312,-0.17228126525878906,1
google/gemma-3-1b-pt,control_subject_verb_0127,control_subject_verb,past-tense gender,-48.31816101074219,-50.901023864746094,9,9,1,0.4992713928222656,-0.47621726989746094,1
google/gemma-3-1b-pt,control_subject_verb_0128,control_subject_verb,past-tense gender,-49.14130401611328,-56.51300811767578,10,10,1,0.2504730224609375,-0.23856353759765625,1
google/gemma-3-1b-pt,control_subject_verb_0129,control_subject_verb,past-tense gender,-44.64241409301758,-49.23912048339844,9,9,1,0.1642913818359375,-0.18173789978027344,0
google/gemma-3-1b-pt,control_subject_verb_0130,control_subject_verb,past-tense gender,-44.31261444091797,-49.53697967529297,12,12,1,0.4435558319091797,-0.44534873962402344,0
google/gemma-3-1b-pt,control_subject_verb_0131,control_subject_verb,past-tense gender,-46.753841400146484,-51.818565368652344,8,8,1,0.296478271484375,-0.29562950134277344,1
google/gemma-3-1b-pt,control_subject_verb_0132,control_subject_verb,past-tense gender,-47.511898040771484,-52.80399703979492,11,11,1,0.4240436553955078,-0.42775917053222656,0
google/gemma-3-1b-pt,control_subject_verb_0133,control_subject_verb,past-tense gender,-40.38581848144531,-48.06424331665039,9,9,1,0.2014446258544922,-0.2088642120361328,0
google/gemma-3-1b-pt,control_subject_verb_0134,control_subject_verb,past-tense gender,-46.77898406982422,-52.809852600097656,9,9,1,0.24304580688476562,-0.2378826141357422,1
google/gemma-3-1b-pt,control_subject_verb_0135,control_subject_verb,past-tense gender,-51.51288986206055,-60.2912483215332,9,10,1,0.18352699279785156,-0.226654052734375,0
google/gemma-3-1b-pt,control_subject_verb_0136,control_subject_verb,past-tense gender,-36.974632263183594,-40.42774200439453,7,7,1,0.1965007781982422,-0.1908893585205078,1
google/gemma-3-1b-pt,control_subject_verb_0137,control_subject_verb,past-tense gender,-49.525169372558594,-48.342681884765625,12,12,0,0.3323936462402344,-0.33626747131347656,0
google/gemma-3-1b-pt,control_subject_verb_0138,control_subject_verb,past-tense gender,-48.603675842285156,-52.690155029296875,11,11,1,0.39748573303222656,-0.396575927734375,1
google/gemma-3-1b-pt,control_subject_verb_0139,control_subject_verb,past-tense gender,-53.43162536621094,-58.79218673706055,11,11,1,0.35201072692871094,-0.3550128936767578,0
google/gemma-3-1b-pt,control_subject_verb_0140,control_subject_verb,past-tense gender,-42.76110076904297,-48.840667724609375,8,8,1,0.10005378723144531,-0.11072921752929688,0
google/gemma-3-1b-pt,control_subject_verb_0141,control_subject_verb,past-tense gender,-43.37782287597656,-47.80112075805664,10,10,1,0.24814414978027344,-0.2706451416015625,0
google/gemma-3-1b-pt,control_subject_verb_0142,control_subject_verb,past-tense gender,-43.14479064941406,-46.534507751464844,9,9,1,0.2503013610839844,-0.254547119140625,0
google/gemma-3-1b-pt,control_subject_verb_0143,control_subject_verb,past-tense gender,-43.6653938293457,-49.423377990722656,8,8,1,0.3766021728515625,-0.36113739013671875,1
google/gemma-3-1b-pt,control_subject_verb_0144,control_subject_verb,past-tense gender,-46.69776916503906,-51.97484588623047,11,11,1,0.22440528869628906,-0.2184314727783203,1
google/gemma-3-1b-pt,control_subject_verb_0145,control_subject_verb,past-tense gender,-44.743873596191406,-51.06756591796875,11,11,1,0.33677101135253906,-0.3381061553955078,0
google/gemma-3-1b-pt,control_subject_verb_0146,control_subject_verb,past-tense gender,-40.28538513183594,-46.56391525268555,8,8,1,0.36144447326660156,-0.3571338653564453,1
google/gemma-3-1b-pt,control_subject_verb_0147,control_subject_verb,past-tense gender,-44.25436019897461,-50.282752990722656,9,9,1,0.6253528594970703,-0.6542282104492188,0
google/gemma-3-1b-pt,control_subject_verb_0148,control_subject_verb,past-tense gender,-51.04598617553711,-55.70026397705078,12,12,1,0.2841758728027344,-0.29254913330078125,0
google/gemma-3-1b-pt,control_subject_verb_0149,control_subject_verb,past-tense gender,-53.52494430541992,-57.550235748291016,10,10,1,0.3737316131591797,-0.39124488830566406,0
google/gemma-3-1b-pt,control_subject_verb_0150,control_subject_verb,past-tense gender,-41.91552734375,-46.504638671875,7,7,1,0.4213390350341797,-0.4075641632080078,1
google/gemma-3-1b-pt,control_subject_verb_0151,control_subject_verb,past-tense gender,-44.044639587402344,-48.33979034423828,11,11,1,0.3730278015136719,-0.34974098205566406,1
google/gemma-3-1b-pt,control_subject_verb_0152,control_subject_verb,past-tense gender,-50.71674346923828,-55.82050323486328,8,8,1,0.2059917449951172,-0.2529430389404297,0
google/gemma-3-1b-pt,control_subject_verb_0153,control_subject_verb,past-tense gender,-46.029701232910156,-51.64845275878906,8,8,1,0.19771385192871094,-0.22104454040527344,0
google/gemma-3-1b-pt,control_subject_verb_0154,control_subject_verb,past-tense gender,-56.45317840576172,-57.996437072753906,11,10,1,0.16997337341308594,-0.16280364990234375,1
google/gemma-3-1b-pt,control_subject_verb_0155,control_subject_verb,past-tense gender,-45.71552276611328,-50.092105865478516,9,9,1,0.2554912567138672,-0.2618427276611328,0
google/gemma-3-1b-pt,control_subject_verb_0156,control_subject_verb,past-tense gender,-47.58687973022461,-54.396446228027344,8,8,1,0.2896862030029297,-0.31458473205566406,0
google/gemma-3-1b-pt,control_subject_verb_0157,control_subject_verb,past-tense gender,-43.973655700683594,-48.429603576660156,9,9,1,0.22464942932128906,-0.23052978515625,0
google/gemma-3-1b-pt,control_subject_verb_0158,control_subject_verb,past-tense gender,-51.434181213378906,-53.491302490234375,9,8,1,0.09179496765136719,-0.04380607604980469,1
google/gemma-3-1b-pt,control_subject_verb_0159,control_subject_verb,past-tense gender,-59.00371551513672,-59.13238525390625,11,10,1,0.3928699493408203,-0.3942699432373047,0
google/gemma-3-1b-pt,control_subject_verb_0160,control_subject_verb,past-tense gender,-66.64863586425781,-66.05828857421875,11,10,0,0.20911407470703125,-0.21216964721679688,0
google/gemma-3-1b-pt,control_subject_verb_0161,control_subject_verb,past-tense gender,-37.26279830932617,-43.17015838623047,8,8,1,0.17690658569335938,-0.17015647888183594,1
google/gemma-3-1b-pt,control_subject_verb_0162,control_subject_verb,past-tense gender,-40.7345085144043,-44.67123031616211,9,9,1,0.405975341796875,-0.38759422302246094,1
google/gemma-3-1b-pt,control_subject_verb_0163,control_subject_verb,past-tense gender,-43.848419189453125,-47.013301849365234,8,8,1,0.4022502899169922,-0.39137840270996094,1
google/gemma-3-1b-pt,control_subject_verb_0164,control_subject_verb,past-tense gender,-45.01165008544922,-52.58256912231445,10,10,1,0.21212387084960938,-0.23114395141601562,0
google/gemma-3-1b-pt,control_subject_verb_0165,control_subject_verb,past-tense gender,-44.10252380371094,-49.001163482666016,12,12,1,0.37960052490234375,-0.3773059844970703,1
google/gemma-3-1b-pt,control_subject_verb_0166,control_subject_verb,past-tense gender,-38.83497619628906,-44.10176086425781,8,8,1,0.19173049926757812,-0.1667003631591797,1
google/gemma-3-1b-pt,control_subject_verb_0167,control_subject_verb,past-tense gender,-42.62469482421875,-46.067344665527344,10,10,1,0.32640838623046875,-0.3107185363769531,1
google/gemma-3-1b-pt,control_subject_verb_0168,control_subject_verb,past-tense gender,-42.284366607666016,-48.82139587402344,8,8,1,0.16846847534179688,-0.16384124755859375,1
google/gemma-3-1b-pt,control_subject_verb_0169,control_subject_verb,past-tense gender,-40.967124938964844,-46.57353973388672,9,9,1,0.2391948699951172,-0.25847625732421875,0
google/gemma-3-1b-pt,control_subject_verb_0170,control_subject_verb,past-tense gender,-43.0802116394043,-52.454280853271484,9,9,1,0.3424701690673828,-0.3663330078125,0
google/gemma-3-1b-pt,control_subject_verb_0171,control_subject_verb,past-tense gender,-52.29398727416992,-51.982730865478516,9,8,0,0.34292030334472656,-0.3101768493652344,1
google/gemma-3-1b-pt,control_subject_verb_0172,control_subject_verb,past-tense gender,-39.73979187011719,-43.367088317871094,8,8,1,0.11048316955566406,-0.12101936340332031,0
google/gemma-3-1b-pt,control_subject_verb_0173,control_subject_verb,past-tense gender,-47.95902633666992,-55.15818405151367,10,10,1,0.4623603820800781,-0.4786491394042969,0
google/gemma-3-1b-pt,control_subject_verb_0174,control_subject_verb,past-tense gender,-49.94580841064453,-58.04344177246094,10,10,1,0.3548851013183594,-0.3556232452392578,0
google/gemma-3-1b-pt,control_subject_verb_0175,control_subject_verb,past-tense gender,-51.00286102294922,-56.70507049560547,9,9,1,0.35169029235839844,-0.3760032653808594,0
google/gemma-3-1b-pt,control_subject_verb_0176,control_subject_verb,past-tense gender,-51.00071716308594,-53.97930908203125,12,12,1,0.4001922607421875,-0.4080810546875,0
google/gemma-3-1b-pt,control_subject_verb_0177,control_subject_verb,past-tense gender,-47.49760437011719,-51.59408187866211,9,9,1,0.21571731567382812,-0.2501716613769531,0
google/gemma-3-1b-pt,control_subject_verb_0178,control_subject_verb,past-tense gender,-43.39990997314453,-52.978057861328125,9,9,1,0.3930511474609375,-0.4170856475830078,0
google/gemma-3-1b-pt,control_subject_verb_0179,control_subject_verb,past-tense gender,-47.01939392089844,-50.82194900512695,8,8,1,0.19701385498046875,-0.1744518280029297,1
google/gemma-3-1b-pt,control_subject_verb_0180,control_subject_verb,past-tense gender,-40.1684455871582,-44.18500518798828,7,7,1,0.4990882873535156,-0.4849128723144531,1
google/gemma-3-1b-pt,control_subject_verb_0181,control_subject_verb,past-tense gender,-50.46239471435547,-56.690364837646484,11,11,1,0.3644828796386719,-0.3919258117675781,0
google/gemma-3-1b-pt,control_subject_verb_0182,control_subject_verb,past-tense gender,-47.17622375488281,-50.782562255859375,9,9,1,0.36298370361328125,-0.34605979919433594,1
google/gemma-3-1b-pt,control_subject_verb_0183,control_subject_verb,past-tense gender,-50.02886962890625,-54.55217742919922,11,11,1,0.4309196472167969,-0.4349517822265625,0
google/gemma-3-1b-pt,control_subject_verb_0184,control_subject_verb,past-tense gender,-44.117889404296875,-50.470367431640625,9,9,1,0.0927734375,-0.09705734252929688,0
google/gemma-3-1b-pt,control_subject_verb_0185,control_subject_verb,past-tense gender,-44.42958068847656,-49.71034622192383,11,11,1,-0.19549942016601562,0.22136497497558594,1
google/gemma-3-1b-pt,control_subject_verb_0186,control_subject_verb,past-tense gender,-42.914306640625,-47.46868896484375,10,10,1,0.3850669860839844,-0.3646259307861328,1
google/gemma-3-1b-pt,control_subject_verb_0187,control_subject_verb,past-tense gender,-43.135528564453125,-49.83792495727539,9,9,1,-0.11883926391601562,0.13959312438964844,1
google/gemma-3-1b-pt,control_subject_verb_0188,control_subject_verb,past-tense gender,-45.344337463378906,-49.7703742980957,11,11,1,0.3056182861328125,-0.31266212463378906,0
google/gemma-3-1b-pt,control_subject_verb_0189,control_subject_verb,past-tense gender,-39.71860885620117,-44.30247497558594,9,9,1,0.3444805145263672,-0.3183765411376953,1
google/gemma-3-1b-pt,control_subject_verb_0190,control_subject_verb,past-tense gender,-49.9310302734375,-54.030452728271484,10,10,1,0.2759513854980469,-0.25275611877441406,1
google/gemma-3-1b-pt,control_subject_verb_0191,control_subject_verb,past-tense gender,-40.514522552490234,-45.41813278198242,9,9,1,-0.16122817993164062,0.15307235717773438,0
google/gemma-3-1b-pt,control_subject_verb_0192,control_subject_verb,past-tense gender,-60.32710266113281,-60.2629508972168,12,11,0,0.30373573303222656,-0.3152179718017578,0
google/gemma-3-1b-pt,control_subject_verb_0193,control_subject_verb,past-tense gender,-55.411460876464844,-55.638973236083984,11,10,1,0.3162193298339844,-0.3228607177734375,0
google/gemma-3-1b-pt,control_subject_verb_0194,control_subject_verb,past-tense gender,-43.625022888183594,-49.71765899658203,9,9,1,0.10601043701171875,-0.09858512878417969,1
google/gemma-3-1b-pt,control_subject_verb_0195,control_subject_verb,past-tense gender,-44.99696350097656,-48.658050537109375,9,9,1,0.3245811462402344,-0.3014354705810547,1
google/gemma-3-1b-pt,control_subject_verb_0196,control_subject_verb,past-tense gender,-43.94362258911133,-46.491859436035156,10,10,1,0.2709808349609375,-0.29248046875,0
google/gemma-3-1b-pt,control_subject_verb_0197,control_subject_verb,past-tense gender,-43.72940444946289,-52.119590759277344,9,9,1,0.3503837585449219,-0.37441253662109375,0
google/gemma-3-1b-pt,control_subject_verb_0198,control_subject_verb,past-tense gender,-49.44015121459961,-56.78137969970703,11,11,1,0.2089099884033203,-0.21677780151367188,0
google/gemma-3-1b-pt,control_subject_verb_0199,control_subject_verb,past-tense gender,-44.291465759277344,-51.229644775390625,12,12,1,0.8499813079833984,-0.8252906799316406,1
google/gemma-3-1b-pt,control_subject_verb_0200,control_subject_verb,past-tense gender,-49.11516571044922,-54.79352569580078,10,10,1,0.23997116088867188,-0.2351818084716797,1
google/gemma-3-1b-pt,control_subject_verb_0201,control_subject_verb,past-tense gender,-43.643341064453125,-49.69945526123047,10,10,1,0.3290996551513672,-0.3326301574707031,0
google/gemma-3-1b-pt,control_subject_verb_0202,control_subject_verb,past-tense gender,-53.02276611328125,-53.899871826171875,9,8,1,0.2792816162109375,-0.2231884002685547,1
google/gemma-3-1b-pt,control_subject_verb_0203,control_subject_verb,past-tense gender,-40.30352783203125,-45.82521438598633,8,8,1,0.2296886444091797,-0.22078323364257812,1
google/gemma-3-1b-pt,control_subject_verb_0204,control_subject_verb,past-tense gender,-38.239524841308594,-42.58497619628906,10,10,1,-0.14029502868652344,0.12827491760253906,0
google/gemma-3-1b-pt,control_subject_verb_0205,control_subject_verb,past-tense gender,-49.10382843017578,-54.185096740722656,9,9,1,0.13777542114257812,-0.1346282958984375,1
google/gemma-3-1b-pt,control_subject_verb_0206,control_subject_verb,past-tense gender,-47.241249084472656,-51.463497161865234,9,9,1,0.36624908447265625,-0.36365509033203125,1
google/gemma-3-1b-pt,control_subject_verb_0207,control_subject_verb,past-tense gender,-49.19770050048828,-56.167335510253906,10,10,1,0.32155799865722656,-0.3348808288574219,0
google/gemma-3-1b-pt,control_subject_verb_0208,control_subject_verb,past-tense gender,-53.714847564697266,-58.955421447753906,10,10,1,0.2733879089355469,-0.28743934631347656,0
google/gemma-3-1b-pt,control_subject_verb_0209,control_subject_verb,past-tense gender,-47.648712158203125,-52.174068450927734,10,10,1,0.3404693603515625,-0.3348255157470703,1
google/gemma-3-1b-pt,control_subject_verb_0210,control_subject_verb,past-tense gender,-45.652801513671875,-49.721649169921875,8,8,1,0.187652587890625,-0.17339515686035156,1
google/gemma-3-1b-pt,control_subject_verb_0211,control_subject_verb,past-tense gender,-42.8523063659668,-48.11327362060547,11,11,1,0.39337158203125,-0.39214134216308594,1
google/gemma-3-1b-pt,control_subject_verb_0212,control_subject_verb,past-tense gender,-46.421653747558594,-53.127784729003906,11,11,1,-0.1100006103515625,0.10055923461914062,0
google/gemma-3-1b-pt,control_subject_verb_0213,control_subject_verb,past-tense gender,-41.256649017333984,-47.20886993408203,10,10,1,0.07150650024414062,-0.062107086181640625,1
google/gemma-3-1b-pt,control_subject_verb_0214,control_subject_verb,past-tense gender,-40.350990295410156,-46.9048957824707,10,10,1,0.36356353759765625,-0.3831901550292969,0
google/gemma-3-1b-pt,control_subject_verb_0215,control_subject_verb,past-tense gender,-48.40904235839844,-51.39341354370117,11,11,1,0.35394859313964844,-0.3714427947998047,0
google/gemma-3-1b-pt,control_subject_verb_0216,control_subject_verb,past-tense gender,-40.951255798339844,-46.910850524902344,8,8,1,0.17836380004882812,-0.17247962951660156,1
google/gemma-3-1b-pt,control_subject_verb_0217,control_subject_verb,past-tense gender,-53.687400817871094,-58.46028518676758,9,9,1,0.39338111877441406,-0.3962249755859375,0
google/gemma-3-1b-pt,control_subject_verb_0218,control_subject_verb,past-tense gender,-47.81889343261719,-51.51917266845703,9,9,1,0.41719818115234375,-0.43218231201171875,0
google/gemma-3-1b-pt,control_subject_verb_0219,control_subject_verb,past-tense gender,-43.8759765625,-49.98586654663086,8,8,1,0.4304389953613281,-0.46014404296875,0
google/gemma-3-1b-pt,control_subject_verb_0220,control_subject_verb,past-tense gender,-47.401275634765625,-52.28141784667969,8,8,1,0.2719287872314453,-0.3000068664550781,0
google/gemma-3-1b-pt,control_subject_verb_0221,control_subject_verb,past-tense gender,-40.292701721191406,-47.26617431640625,8,8,1,0.2542591094970703,-0.25000953674316406,1
google/gemma-3-1b-pt,control_subject_verb_0222,control_subject_verb,past-tense gender,-41.82707214355469,-47.851951599121094,9,9,1,0.3806114196777344,-0.4022502899169922,0
google/gemma-3-1b-pt,control_subject_verb_0223,control_subject_verb,past-tense gender,-46.39631652832031,-51.163414001464844,12,12,1,0.31363487243652344,-0.3147087097167969,0
google/gemma-3-1b-pt,control_subject_verb_0224,control_subject_verb,past-tense gender,-43.88274002075195,-49.956146240234375,9,9,1,0.28740882873535156,-0.2849140167236328,1
google/gemma-3-1b-pt,control_subject_verb_0225,control_subject_verb,past-tense gender,-60.56568145751953,-58.91964340209961,12,11,0,0.3954620361328125,-0.4077472686767578,0
google/gemma-3-1b-pt,control_subject_verb_0226,control_subject_verb,past-tense gender,-45.40208435058594,-52.149620056152344,9,9,1,0.5126457214355469,-0.5463027954101562,0
google/gemma-3-1b-pt,control_subject_verb_0227,control_subject_verb,past-tense gender,-46.2758903503418,-50.18023681640625,11,11,1,0.38491058349609375,-0.36194610595703125,1
google/gemma-3-1b-pt,control_subject_verb_0228,control_subject_verb,past-tense gender,-48.67619323730469,-55.66743850708008,12,12,1,0.4930095672607422,-0.4777488708496094,1
google/gemma-3-1b-pt,control_subject_verb_0229,control_subject_verb,past-tense gender,-45.21238327026367,-48.16990661621094,7,7,1,0.31377601623535156,-0.30051422119140625,1
google/gemma-3-1b-pt,control_subject_verb_0230,control_subject_verb,past-tense gender,-47.40184020996094,-50.63844680786133,11,11,1,0.373321533203125,-0.3530902862548828,1
google/gemma-3-1b-pt,control_subject_verb_0231,control_subject_verb,past-tense gender,-44.96611022949219,-50.00263214111328,10,10,1,0.3296089172363281,-0.3157634735107422,1
google/gemma-3-1b-pt,control_subject_verb_0232,control_subject_verb,past-tense gender,-41.41804885864258,-46.49192428588867,7,7,1,0.41008949279785156,-0.3897857666015625,1
google/gemma-3-1b-pt,control_subject_verb_0233,control_subject_verb,past-tense gender,-47.44002914428711,-55.204524993896484,10,10,1,0.5016651153564453,-0.5188102722167969,0
google/gemma-3-1b-pt,control_subject_verb_0234,control_subject_verb,past-tense gender,-52.22775650024414,-56.432796478271484,9,9,1,0.28660011291503906,-0.31340599060058594,0
google/gemma-3-1b-pt,control_subject_verb_0235,control_subject_verb,past-tense gender,-42.676963806152344,-49.30474090576172,10,10,1,0.3411293029785156,-0.3399772644042969,1
google/gemma-3-1b-pt,control_subject_verb_0236,control_subject_verb,past-tense gender,-51.17902374267578,-54.2242431640625,11,10,1,0.3225536346435547,-0.3247966766357422,0
google/gemma-3-1b-pt,control_subject_verb_0237,control_subject_verb,past-tense gender,-40.466033935546875,-46.86216354370117,8,8,1,0.12295913696289062,-0.1376190185546875,0
google/gemma-3-1b-pt,control_subject_verb_0238,control_subject_verb,past-tense gender,-44.85710144042969,-47.6929817199707,9,9,1,0.1847972869873047,-0.17302703857421875,1
google/gemma-3-1b-pt,control_subject_verb_0239,control_subject_verb,past-tense gender,-49.77317810058594,-54.07771301269531,10,10,1,0.2213287353515625,-0.20133209228515625,1
google/gemma-3-1b-pt,control_subject_verb_0240,control_subject_verb,past-tense gender,-38.17498779296875,-42.80580139160156,7,7,1,0.09409141540527344,-0.07830429077148438,1
google/gemma-3-1b-pt,control_subject_verb_0241,control_subject_verb,past-tense gender,-44.67283630371094,-49.399261474609375,10,10,1,0.07121658325195312,-0.061428070068359375,1
google/gemma-3-1b-pt,control_subject_verb_0242,control_subject_verb,past-tense gender,-47.265594482421875,-52.797691345214844,11,11,1,0.3110466003417969,-0.3578643798828125,0
google/gemma-3-1b-pt,control_subject_verb_0243,control_subject_verb,past-tense gender,-45.48316955566406,-48.38908386230469,9,9,1,0.22042274475097656,-0.19807052612304688,1
google/gemma-3-1b-pt,control_subject_verb_0244,control_subject_verb,past-tense gender,-46.37052536010742,-52.14685821533203,10,10,1,0.21060752868652344,-0.2513923645019531,0
google/gemma-3-1b-pt,control_subject_verb_0245,control_subject_verb,past-tense gender,-42.32780075073242,-48.16576385498047,10,10,1,0.1380615234375,-0.1288166046142578,1
google/gemma-3-1b-pt,control_subject_verb_0246,control_subject_verb,past-tense gender,-49.85944366455078,-55.86695098876953,10,10,1,0.28005409240722656,-0.2653007507324219,1
google/gemma-3-1b-pt,control_subject_verb_0247,control_subject_verb,past-tense gender,-52.272605895996094,-56.21152877807617,11,11,1,0.3525867462158203,-0.3668804168701172,0
google/gemma-3-1b-pt,control_subject_verb_0248,control_subject_verb,past-tense gender,-47.31108474731445,-53.91962432861328,9,9,1,0.49820899963378906,-0.5321598052978516,0
google/gemma-3-1b-pt,control_subject_verb_0249,control_subject_verb,past-tense gender,-47.268089294433594,-52.68403625488281,9,9,1,0.09569358825683594,-0.08216667175292969,1
google/gemma-3-1b-pt,control_subject_verb_0250,control_subject_verb,past-tense gender,-47.37113952636719,-50.36249542236328,8,8,1,0.35064125061035156,-0.32773590087890625,1
google/gemma-3-1b-pt,control_subject_verb_0251,control_subject_verb,past-tense gender,-48.82207489013672,-51.59191131591797,9,9,1,0.29105567932128906,-0.2968769073486328,0
google/gemma-3-1b-pt,control_subject_verb_0252,control_subject_verb,past-tense gender,-39.80985641479492,-46.22166061401367,9,9,1,0.10337066650390625,-0.10143089294433594,1
google/gemma-3-1b-pt,control_subject_verb_0253,control_subject_verb,past-tense gender,-47.321044921875,-50.712432861328125,11,11,1,0.4332561492919922,-0.43601417541503906,0
google/gemma-3-1b-pt,control_subject_verb_0254,control_subject_verb,past-tense gender,-49.854454040527344,-55.61355972290039,11,11,1,0.28838348388671875,-0.2786521911621094,1
google/gemma-3-1b-pt,control_subject_verb_0255,control_subject_verb,past-tense gender,-45.108314514160156,-51.754920959472656,10,10,1,0.2654552459716797,-0.25428199768066406,1
google/gemma-3-1b-pt,control_subject_verb_0256,control_subject_verb,past-tense gender,-45.130348205566406,-50.405067443847656,10,10,1,0.27899169921875,-0.27718162536621094,1
google/gemma-3-1b-pt,control_subject_verb_0257,control_subject_verb,past-tense gender,-52.27967834472656,-56.40900421142578,12,12,1,0.3031959533691406,-0.31064796447753906,0
google/gemma-3-1b-pt,control_subject_verb_0258,control_subject_verb,past-tense gender,-40.748416900634766,-45.6434440612793,11,11,1,0.33036231994628906,-0.332000732421875,0
google/gemma-3-1b-pt,control_subject_verb_0259,control_subject_verb,past-tense gender,-46.34063720703125,-49.29625701904297,10,10,1,0.6398048400878906,-0.6117401123046875,1
google/gemma-3-1b-pt,control_subject_verb_0260,control_subject_verb,past-tense gender,-43.55860137939453,-49.98468017578125,9,10,1,0.175811767578125,-0.2342243194580078,0
google/gemma-3-1b-pt,control_subject_verb_0261,control_subject_verb,past-tense gender,-48.60480499267578,-54.38195037841797,10,10,1,0.07395744323730469,-0.06617164611816406,1
google/gemma-3-1b-pt,control_subject_verb_0262,control_subject_verb,past-tense gender,-42.880531311035156,-48.65483474731445,8,8,1,0.3209400177001953,-0.31838226318359375,1
google/gemma-3-1b-pt,control_subject_verb_0263,control_subject_verb,past-tense gender,-46.53370666503906,-49.196624755859375,9,9,1,0.46897125244140625,-0.4874305725097656,0
google/gemma-3-1b-pt,control_subject_verb_0264,control_subject_verb,past-tense gender,-45.32403564453125,-51.54753112792969,11,11,1,0.4578113555908203,-0.47235870361328125,0
google/gemma-3-1b-pt,control_subject_verb_0265,control_subject_verb,past-tense gender,-51.27949142456055,-53.08894348144531,9,9,1,0.4834308624267578,-0.48769569396972656,0
google/gemma-3-1b-pt,control_subject_verb_0266,control_subject_verb,past-tense gender,-48.39461898803711,-52.61114501953125,9,9,1,0.46152305603027344,-0.4952106475830078,0
google/gemma-3-1b-pt,control_subject_verb_0267,control_subject_verb,past-tense gender,-46.54784393310547,-53.960079193115234,10,10,1,0.10362434387207031,-0.08558464050292969,1
google/gemma-3-1b-pt,control_subject_verb_0268,control_subject_verb,past-tense gender,-40.841278076171875,-46.65367126464844,8,8,1,0.24000167846679688,-0.2501678466796875,0
google/gemma-3-1b-pt,control_subject_verb_0269,control_subject_verb,past-tense gender,-49.0769157409668,-55.37373352050781,9,9,1,0.10295677185058594,-0.09354400634765625,1
google/gemma-3-1b-pt,control_subject_verb_0270,control_subject_verb,past-tense gender,-46.074703216552734,-51.743980407714844,12,12,1,0.44091033935546875,-0.4216041564941406,1
google/gemma-3-1b-pt,control_subject_verb_0271,control_subject_verb,past-tense gender,-47.45994567871094,-53.374732971191406,10,10,1,0.4479255676269531,-0.4562416076660156,0
google/gemma-3-1b-pt,control_subject_verb_0272,control_subject_verb,past-tense gender,-43.08597183227539,-48.5114860534668,10,10,1,-0.237396240234375,0.25344276428222656,1
google/gemma-3-1b-pt,control_subject_verb_0273,control_subject_verb,past-tense gender,-49.04878234863281,-53.52843475341797,11,11,1,0.46007537841796875,-0.46984100341796875,0
google/gemma-3-1b-pt,control_subject_verb_0274,control_subject_verb,past-tense gender,-56.13186264038086,-61.12841033935547,10,10,1,0.13403701782226562,-0.11354255676269531,1
google/gemma-3-1b-pt,control_subject_verb_0275,control_subject_verb,past-tense gender,-44.79656219482422,-49.10921096801758,9,9,1,0.2515449523925781,-0.25276947021484375,0
google/gemma-3-1b-pt,control_subject_verb_0276,control_subject_verb,past-tense gender,-48.76145553588867,-54.443546295166016,8,8,1,0.13427352905273438,-0.13336753845214844,1
google/gemma-3-1b-pt,control_subject_verb_0277,control_subject_verb,past-tense gender,-41.77122497558594,-45.05967712402344,9,9,1,0.1927814483642578,-0.2002086639404297,0
google/gemma-3-1b-pt,control_subject_verb_0278,control_subject_verb,past-tense gender,-42.635032653808594,-47.576297760009766,9,9,1,0.21715736389160156,-0.2206745147705078,0
google/gemma-3-1b-pt,control_subject_verb_0279,control_subject_verb,past-tense gender,-51.852474212646484,-58.673545837402344,12,12,1,0.27802276611328125,-0.2917461395263672,0
google/gemma-3-1b-pt,control_subject_verb_0280,control_subject_verb,past-tense gender,-47.266998291015625,-52.96185302734375,10,10,1,0.15107154846191406,-0.19106674194335938,0
google/gemma-3-1b-pt,control_subject_verb_0281,control_subject_verb,past-tense gender,-43.314640045166016,-49.71089172363281,9,9,1,0.29701995849609375,-0.3068981170654297,0
google/gemma-3-1b-pt,control_subject_verb_0282,control_subject_verb,past-tense gender,-49.75107192993164,-57.001991271972656,8,9,1,0.1366100311279297,-0.2115631103515625,0
google/gemma-3-1b-pt,control_subject_verb_0283,control_subject_verb,past-tense gender,-59.386627197265625,-58.476043701171875,12,11,0,0.35341835021972656,-0.3700084686279297,0
google/gemma-3-1b-pt,control_subject_verb_0284,control_subject_verb,past-tense gender,-42.600242614746094,-47.746944427490234,11,11,1,0.21306228637695312,-0.1910266876220703,1
google/gemma-3-1b-pt,control_subject_verb_0285,control_subject_verb,past-tense gender,-49.22622299194336,-56.66440200805664,11,11,1,0.3297309875488281,-0.346771240234375,0
google/gemma-3-1b-pt,control_subject_verb_0286,control_subject_verb,past-tense gender,-44.90087890625,-47.87186050415039,9,9,1,0.28112220764160156,-0.26287841796875,1
google/gemma-3-1b-pt,control_subject_verb_0287,control_subject_verb,past-tense gender,-38.55979919433594,-45.46698760986328,8,8,1,0.2863426208496094,-0.2825298309326172,1
google/gemma-3-1b-pt,control_subject_verb_0288,control_subject_verb,past-tense gender,-59.18077087402344,-56.86500930786133,11,10,0,0.4404144287109375,-0.4610557556152344,0
google/gemma-3-1b-pt,control_subject_verb_0289,control_subject_verb,past-tense gender,-50.71408462524414,-55.024566650390625,10,10,1,0.36079978942871094,-0.40141868591308594,0
google/gemma-3-1b-pt,control_subject_verb_0290,control_subject_verb,past-tense gender,-56.880680084228516,-61.13671875,9,9,1,0.2391376495361328,-0.2685089111328125,0
google/gemma-3-1b-pt,control_subject_verb_0291,control_subject_verb,past-tense gender,-48.75379943847656,-54.30718994140625,10,10,1,0.25631141662597656,-0.2537269592285156,1
google/gemma-3-1b-pt,control_subject_verb_0292,control_subject_verb,past-tense gender,-52.92210388183594,-60.390907287597656,10,10,1,0.07522392272949219,-0.06437492370605469,1
google/gemma-3-1b-pt,control_subject_verb_0293,control_subject_verb,past-tense gender,-46.81471252441406,-50.658267974853516,8,8,1,0.1949176788330078,-0.1812114715576172,1
google/gemma-3-1b-pt,control_subject_verb_0294,control_subject_verb,past-tense gender,-43.63994216918945,-48.718788146972656,11,11,1,0.38854217529296875,-0.3940105438232422,0
google/gemma-3-1b-pt,control_subject_verb_0295,control_subject_verb,past-tense gender,-45.41453552246094,-50.348960876464844,10,10,1,0.09412384033203125,-0.08957290649414062,1
google/gemma-3-1b-pt,control_subject_verb_0296,control_subject_verb,past-tense gender,-43.6741943359375,-49.782020568847656,9,9,1,0.3878345489501953,-0.38292884826660156,1
google/gemma-3-1b-pt,control_subject_verb_0297,control_subject_verb,past-tense gender,-40.585693359375,-45.56355285644531,7,7,1,0.22272872924804688,-0.2189617156982422,1
google/gemma-3-1b-pt,control_subject_verb_0298,control_subject_verb,past-tense gender,-41.226646423339844,-50.46165466308594,9,9,1,0.2732105255126953,-0.28864097595214844,0
google/gemma-3-1b-pt,control_subject_verb_0299,control_subject_verb,past-tense gender,-41.9598388671875,-49.4317512512207,10,10,1,0.15255165100097656,-0.1331348419189453,1
google/gemma-3-1b-pt,numeral_noun_0000,numeral_noun,2-4 + nom.pl,-40.417572021484375,-43.049949645996094,8,8,1,0.3403511047363281,-0.32375335693359375,1
google/gemma-3-1b-pt,numeral_noun_0001,numeral_noun,2-4 + nom.pl,-45.78343963623047,-47.20459747314453,8,8,1,0.12135887145996094,-0.11068153381347656,1
google/gemma-3-1b-pt,numeral_noun_0002,numeral_noun,2-4 + nom.pl,-35.92694091796875,-37.66474914550781,7,7,1,0.08177947998046875,-0.07574844360351562,1
google/gemma-3-1b-pt,numeral_noun_0003,numeral_noun,2-4 + nom.pl,-40.436553955078125,-39.86772918701172,7,7,0,0.2413959503173828,-0.24995803833007812,0
google/gemma-3-1b-pt,numeral_noun_0004,numeral_noun,2-4 + nom.pl,-41.451133728027344,-42.440589904785156,8,8,1,0.3321361541748047,-0.349822998046875,0
google/gemma-3-1b-pt,numeral_noun_0005,numeral_noun,2-4 + nom.pl,-37.11248016357422,-37.80693054199219,7,6,1,0.20067596435546875,-0.13806724548339844,1
google/gemma-3-1b-pt,numeral_noun_0006,numeral_noun,2-4 + nom.pl,-43.46092987060547,-41.36907958984375,6,7,0,-0.021795272827148438,-0.0006866455078125,0
google/gemma-3-1b-pt,numeral_noun_0007,numeral_noun,2-4 + nom.pl,-38.089027404785156,-31.307222366333008,6,6,0,-0.06907463073730469,0.07433128356933594,1
google/gemma-3-1b-pt,numeral_noun_0008,numeral_noun,2-4 + nom.pl,-47.898719787597656,-50.71250915527344,10,10,1,0.34598350524902344,-0.34613609313964844,0
google/gemma-3-1b-pt,numeral_noun_0009,numeral_noun,2-4 + nom.pl,-46.96430969238281,-50.583702087402344,8,8,1,0.3518333435058594,-0.39346885681152344,0
google/gemma-3-1b-pt,numeral_noun_0010,numeral_noun,2-4 + nom.pl,-45.71419906616211,-45.77325439453125,7,7,1,0.25038909912109375,-0.2712574005126953,0
google/gemma-3-1b-pt,numeral_noun_0011,numeral_noun,2-4 + nom.pl,-37.265533447265625,-40.11663818359375,6,6,1,-0.08926200866699219,0.06800460815429688,0
google/gemma-3-1b-pt,numeral_noun_0012,numeral_noun,2-4 + nom.pl,-40.629154205322266,-46.78814697265625,9,9,1,0.18240737915039062,-0.1824359893798828,0
google/gemma-3-1b-pt,numeral_noun_0013,numeral_noun,2-4 + nom.pl,-49.712257385253906,-49.25690460205078,8,8,0,-0.025251388549804688,0.024566650390625,0
google/gemma-3-1b-pt,numeral_noun_0014,numeral_noun,2-4 + nom.pl,-36.152099609375,-33.14759826660156,6,5,0,0.08252906799316406,-0.0004634857177734375,1
google/gemma-3-1b-pt,numeral_noun_0015,numeral_noun,2-4 + nom.pl,-44.703330993652344,-46.816123962402344,8,7,1,0.4230308532714844,-0.42113685607910156,1
google/gemma-3-1b-pt,numeral_noun_0016,numeral_noun,2-4 + nom.pl,-47.77111053466797,-50.80071258544922,6,6,1,0.09284782409667969,-0.04833793640136719,1
google/gemma-3-1b-pt,numeral_noun_0017,numeral_noun,2-4 + nom.pl,-43.6373291015625,-46.67129898071289,8,7,1,0.5100288391113281,-0.5474510192871094,0
google/gemma-3-1b-pt,numeral_noun_0018,numeral_noun,2-4 + nom.pl,-43.813507080078125,-44.16008758544922,7,7,1,-0.1698436737060547,0.16318702697753906,0
google/gemma-3-1b-pt,numeral_noun_0019,numeral_noun,2-4 + nom.pl,-46.81300354003906,-47.088897705078125,9,9,1,0.45810890197753906,-0.45322418212890625,1
google/gemma-3-1b-pt,numeral_noun_0020,numeral_noun,2-4 + nom.pl,-41.72909164428711,-42.455448150634766,7,7,1,0.17690086364746094,-0.16841697692871094,1
google/gemma-3-1b-pt,numeral_noun_0021,numeral_noun,2-4 + nom.pl,-41.04960250854492,-46.24644088745117,6,7,1,0.3632774353027344,-0.40306663513183594,0
google/gemma-3-1b-pt,numeral_noun_0022,numeral_noun,2-4 + nom.pl,-38.598636627197266,-41.6681022644043,6,6,1,-0.15750503540039062,0.13639068603515625,0
google/gemma-3-1b-pt,numeral_noun_0023,numeral_noun,2-4 + nom.pl,-43.21323776245117,-46.802703857421875,6,6,1,0.2892589569091797,-0.27098655700683594,1
google/gemma-3-1b-pt,numeral_noun_0024,numeral_noun,2-4 + nom.pl,-41.731510162353516,-42.54711151123047,8,8,1,0.4814472198486328,-0.469482421875,1
google/gemma-3-1b-pt,numeral_noun_0025,numeral_noun,2-4 + nom.pl,-44.126983642578125,-45.50860595703125,9,8,1,0.3135242462158203,-0.2952442169189453,1
google/gemma-3-1b-pt,numeral_noun_0026,numeral_noun,2-4 + nom.pl,-46.511940002441406,-46.292869567871094,8,8,0,0.5267200469970703,-0.5203361511230469,1
google/gemma-3-1b-pt,numeral_noun_0027,numeral_noun,2-4 + nom.pl,-45.705894470214844,-45.8772087097168,7,7,1,0.3173866271972656,-0.3209686279296875,0
google/gemma-3-1b-pt,numeral_noun_0028,numeral_noun,2-4 + nom.pl,-45.71474838256836,-46.23124313354492,8,8,1,0.15398788452148438,-0.14052963256835938,1
google/gemma-3-1b-pt,numeral_noun_0029,numeral_noun,2-4 + nom.pl,-43.772979736328125,-44.25690841674805,6,6,1,0.12890625,-0.07611465454101562,1
google/gemma-3-1b-pt,numeral_noun_0030,numeral_noun,2-4 + nom.pl,-53.91560363769531,-56.38111877441406,10,10,1,0.09300994873046875,-0.09932899475097656,0
google/gemma-3-1b-pt,numeral_noun_0031,numeral_noun,2-4 + nom.pl,-30.771278381347656,-32.09629821777344,8,7,1,0.4453144073486328,-0.4505157470703125,0
google/gemma-3-1b-pt,numeral_noun_0032,numeral_noun,2-4 + nom.pl,-47.22209167480469,-48.29714584350586,8,8,1,-0.13035964965820312,0.11508369445800781,0
google/gemma-3-1b-pt,numeral_noun_0033,numeral_noun,2-4 + nom.pl,-45.199462890625,-46.482784271240234,8,7,1,0.4773597717285156,-0.4557533264160156,1
google/gemma-3-1b-pt,numeral_noun_0034,numeral_noun,2-4 + nom.pl,-47.48672103881836,-46.89722442626953,8,8,0,0.2538909912109375,-0.24570274353027344,1
google/gemma-3-1b-pt,numeral_noun_0035,numeral_noun,2-4 + nom.pl,-45.32249450683594,-47.12367248535156,10,9,1,0.48691368103027344,-0.48838233947753906,0
google/gemma-3-1b-pt,numeral_noun_0036,numeral_noun,2-4 + nom.pl,-40.02366256713867,-40.64503479003906,7,7,1,0.2924766540527344,-0.2533226013183594,1
google/gemma-3-1b-pt,numeral_noun_0037,numeral_noun,2-4 + nom.pl,-49.06970977783203,-50.50165557861328,9,10,1,0.3944892883300781,-0.3981914520263672,0
google/gemma-3-1b-pt,numeral_noun_0038,numeral_noun,2-4 + nom.pl,-45.01565170288086,-46.660701751708984,10,10,1,0.39489173889160156,-0.390960693359375,1
google/gemma-3-1b-pt,numeral_noun_0039,numeral_noun,2-4 + nom.pl,-42.379150390625,-41.91868209838867,8,8,0,0.10223197937011719,-0.08028411865234375,1
google/gemma-3-1b-pt,numeral_noun_0040,numeral_noun,2-4 + nom.pl,-44.931663513183594,-48.16722106933594,9,9,1,0.44477081298828125,-0.4485435485839844,0
google/gemma-3-1b-pt,numeral_noun_0041,numeral_noun,2-4 + nom.pl,-46.33823013305664,-47.41068649291992,7,7,1,0.11269378662109375,-0.06088066101074219,1
google/gemma-3-1b-pt,numeral_noun_0042,numeral_noun,2-4 + nom.pl,-48.38961410522461,-49.58741760253906,8,9,1,0.5097274780273438,-0.5076084136962891,1
google/gemma-3-1b-pt,numeral_noun_0043,numeral_noun,2-4 + nom.pl,-48.44084548950195,-49.95135498046875,9,9,1,0.3893470764160156,-0.40415382385253906,0
google/gemma-3-1b-pt,numeral_noun_0044,numeral_noun,2-4 + nom.pl,-43.939945220947266,-46.68059539794922,7,7,1,0.45880126953125,-0.4924278259277344,0
google/gemma-3-1b-pt,numeral_noun_0045,numeral_noun,2-4 + nom.pl,-47.45092010498047,-47.49131393432617,8,8,1,0.2888450622558594,-0.28914642333984375,0
google/gemma-3-1b-pt,numeral_noun_0046,numeral_noun,2-4 + nom.pl,-45.61526107788086,-46.65391540527344,8,8,1,0.26502418518066406,-0.2518482208251953,1
google/gemma-3-1b-pt,numeral_noun_0047,numeral_noun,2-4 + nom.pl,-44.370948791503906,-45.352230072021484,10,10,1,0.36849021911621094,-0.3690452575683594,0
google/gemma-3-1b-pt,numeral_noun_0048,numeral_noun,2-4 + nom.pl,-39.901451110839844,-45.86118698120117,8,8,1,0.2716999053955078,-0.2722320556640625,0
google/gemma-3-1b-pt,numeral_noun_0049,numeral_noun,2-4 + nom.pl,-42.84036636352539,-47.311920166015625,7,7,1,0.19213104248046875,-0.19866561889648438,0
google/gemma-3-1b-pt,numeral_noun_0050,numeral_noun,2-4 + nom.pl,-43.20326232910156,-44.72103500366211,6,6,1,0.16719436645507812,-0.1282958984375,1
google/gemma-3-1b-pt,numeral_noun_0051,numeral_noun,2-4 + nom.pl,-45.931610107421875,-44.998687744140625,8,8,0,0.5445327758789062,-0.5737628936767578,0
google/gemma-3-1b-pt,numeral_noun_0052,numeral_noun,2-4 + nom.pl,-50.20420837402344,-57.339996337890625,9,9,1,0.43363189697265625,-0.4532623291015625,0
google/gemma-3-1b-pt,numeral_noun_0053,numeral_noun,2-4 + nom.pl,-49.377986907958984,-49.8463134765625,9,9,1,0.45425987243652344,-0.45418739318847656,1
google/gemma-3-1b-pt,numeral_noun_0054,numeral_noun,2-4 + nom.pl,-45.015377044677734,-47.27799606323242,7,6,1,0.3385505676269531,-0.26381492614746094,1
google/gemma-3-1b-pt,numeral_noun_0055,numeral_noun,2-4 + nom.pl,-42.65802001953125,-44.18644714355469,8,9,1,0.4193534851074219,-0.42642784118652344,0
google/gemma-3-1b-pt,numeral_noun_0056,numeral_noun,2-4 + nom.pl,-42.700706481933594,-43.37509536743164,7,8,1,0.2688121795654297,-0.27287864685058594,0
google/gemma-3-1b-pt,numeral_noun_0057,numeral_noun,2-4 + nom.pl,-44.60419464111328,-45.72603225708008,7,8,1,0.32547760009765625,-0.3246593475341797,1
google/gemma-3-1b-pt,numeral_noun_0058,numeral_noun,2-4 + nom.pl,-38.28111267089844,-38.220848083496094,7,6,0,0.3646240234375,-0.33452606201171875,1
google/gemma-3-1b-pt,numeral_noun_0059,numeral_noun,2-4 + nom.pl,-42.45216369628906,-43.18213653564453,8,7,1,0.4000873565673828,-0.3843231201171875,1
google/gemma-3-1b-pt,numeral_noun_0060,numeral_noun,2-4 + nom.pl,-41.291908264160156,-45.42283630371094,9,9,1,0.37453269958496094,-0.36658287048339844,1
google/gemma-3-1b-pt,numeral_noun_0061,numeral_noun,2-4 + nom.pl,-26.191913604736328,-25.36246109008789,7,6,0,0.5102176666259766,-0.4945030212402344,1
google/gemma-3-1b-pt,numeral_noun_0062,numeral_noun,2-4 + nom.pl,-44.567138671875,-45.979156494140625,10,10,1,0.5679912567138672,-0.5591106414794922,1
google/gemma-3-1b-pt,numeral_noun_0063,numeral_noun,2-4 + nom.pl,-40.76392364501953,-41.75818634033203,8,8,1,0.2351856231689453,-0.20550918579101562,1
google/gemma-3-1b-pt,numeral_noun_0064,numeral_noun,2-4 + nom.pl,-43.326271057128906,-41.10149002075195,6,6,0,0.21366500854492188,-0.21905899047851562,0
google/gemma-3-1b-pt,numeral_noun_0065,numeral_noun,2-4 + nom.pl,-47.77489471435547,-47.12561798095703,7,7,0,0.3643169403076172,-0.36264991760253906,1
google/gemma-3-1b-pt,numeral_noun_0066,numeral_noun,2-4 + nom.pl,-43.6618537902832,-45.57908630371094,8,8,1,0.08157157897949219,-0.07035446166992188,1
google/gemma-3-1b-pt,numeral_noun_0067,numeral_noun,2-4 + nom.pl,-45.689517974853516,-45.94154739379883,8,8,1,0.6128978729248047,-0.5997943878173828,1
google/gemma-3-1b-pt,numeral_noun_0068,numeral_noun,2-4 + nom.pl,-26.467212677001953,-24.464523315429688,7,6,0,0.4763202667236328,-0.469085693359375,1
google/gemma-3-1b-pt,numeral_noun_0069,numeral_noun,2-4 + nom.pl,-48.638648986816406,-51.033103942871094,10,10,1,0.22385406494140625,-0.2449474334716797,0
google/gemma-3-1b-pt,numeral_noun_0070,numeral_noun,2-4 + nom.pl,-44.74895477294922,-48.86421585083008,7,7,1,0.2947368621826172,-0.2777252197265625,1
google/gemma-3-1b-pt,numeral_noun_0071,numeral_noun,2-4 + nom.pl,-41.959503173828125,-40.836158752441406,8,9,0,0.2465076446533203,-0.24503326416015625,1
google/gemma-3-1b-pt,numeral_noun_0072,numeral_noun,2-4 + nom.pl,-41.562347412109375,-45.355899810791016,9,9,1,0.2918682098388672,-0.3038902282714844,0
google/gemma-3-1b-pt,numeral_noun_0073,numeral_noun,2-4 + nom.pl,-42.643802642822266,-43.19684600830078,7,8,1,0.2977943420410156,-0.3191089630126953,0
google/gemma-3-1b-pt,numeral_noun_0074,numeral_noun,2-4 + nom.pl,-43.21308135986328,-43.78834533691406,8,8,1,0.2967815399169922,-0.2734413146972656,1
google/gemma-3-1b-pt,numeral_noun_0075,numeral_noun,2-4 + nom.pl,-44.963417053222656,-43.85088348388672,7,7,0,-0.08207321166992188,0.07129096984863281,0
google/gemma-3-1b-pt,numeral_noun_0076,numeral_noun,2-4 + nom.pl,-40.413597106933594,-40.226173400878906,8,7,0,0.41667938232421875,-0.3826618194580078,1
google/gemma-3-1b-pt,numeral_noun_0077,numeral_noun,2-4 + nom.pl,-45.78301239013672,-48.04515075683594,8,8,1,0.19484519958496094,-0.17389678955078125,1
google/gemma-3-1b-pt,numeral_noun_0078,numeral_noun,2-4 + nom.pl,-48.27524185180664,-49.80830383300781,8,8,1,0.42566680908203125,-0.43564414978027344,0
google/gemma-3-1b-pt,numeral_noun_0079,numeral_noun,2-4 + nom.pl,-47.64533996582031,-53.31315231323242,8,8,1,0.5934524536132812,-0.5724048614501953,1
google/gemma-3-1b-pt,numeral_noun_0080,numeral_noun,2-4 + nom.pl,-39.74300765991211,-32.226924896240234,6,6,0,0.1270751953125,-0.12610816955566406,1
google/gemma-3-1b-pt,numeral_noun_0081,numeral_noun,2-4 + nom.pl,-48.484397888183594,-48.667701721191406,7,7,1,-0.18662452697753906,0.1875152587890625,1
google/gemma-3-1b-pt,numeral_noun_0082,numeral_noun,2-4 + nom.pl,-49.00138473510742,-49.45413589477539,8,8,1,0.2712993621826172,-0.2896862030029297,0
google/gemma-3-1b-pt,numeral_noun_0083,numeral_noun,2-4 + nom.pl,-43.44634246826172,-44.58056640625,10,10,1,0.2794914245605469,-0.2799873352050781,0
google/gemma-3-1b-pt,numeral_noun_0084,numeral_noun,2-4 + nom.pl,-44.950809478759766,-46.703006744384766,9,9,1,0.40440940856933594,-0.3785552978515625,1
google/gemma-3-1b-pt,numeral_noun_0085,numeral_noun,2-4 + nom.pl,-49.83738708496094,-48.71680450439453,8,8,0,0.1996326446533203,-0.19347572326660156,1
google/gemma-3-1b-pt,numeral_noun_0086,numeral_noun,2-4 + nom.pl,-45.69868087768555,-48.34494400024414,6,7,1,0.21069908142089844,-0.3343315124511719,0
google/gemma-3-1b-pt,numeral_noun_0087,numeral_noun,2-4 + nom.pl,-43.528343200683594,-41.95940017700195,7,7,0,0.05902099609375,-0.05188560485839844,1
google/gemma-3-1b-pt,numeral_noun_0088,numeral_noun,2-4 + nom.pl,-49.473052978515625,-47.69995880126953,7,7,0,-0.04541015625,0.04574775695800781,1
google/gemma-3-1b-pt,numeral_noun_0089,numeral_noun,2-4 + nom.pl,-41.577205657958984,-42.25278854370117,7,6,1,0.19723129272460938,-0.14011383056640625,1
google/gemma-3-1b-pt,numeral_noun_0090,numeral_noun,2-4 + nom.pl,-48.02678680419922,-51.901023864746094,9,8,1,0.3674507141113281,-0.4418621063232422,0
google/gemma-3-1b-pt,numeral_noun_0091,numeral_noun,2-4 + nom.pl,-45.965553283691406,-44.32038116455078,9,9,0,0.5394477844238281,-0.5494823455810547,0
google/gemma-3-1b-pt,numeral_noun_0092,numeral_noun,2-4 + nom.pl,-47.422237396240234,-46.86798095703125,9,9,0,0.2392253875732422,-0.23526573181152344,1
google/gemma-3-1b-pt,numeral_noun_0093,numeral_noun,2-4 + nom.pl,-46.287940979003906,-44.96453094482422,7,8,0,0.2513923645019531,-0.25870513916015625,0
google/gemma-3-1b-pt,numeral_noun_0094,numeral_noun,2-4 + nom.pl,-45.083187103271484,-49.707733154296875,8,8,1,0.010774612426757812,-0.010911941528320312,0
google/gemma-3-1b-pt,numeral_noun_0095,numeral_noun,2-4 + nom.pl,-41.120548248291016,-35.03340148925781,6,5,0,0.16858291625976562,-0.11100006103515625,1
google/gemma-3-1b-pt,numeral_noun_0096,numeral_noun,2-4 + nom.pl,-39.407859802246094,-45.857181549072266,8,8,1,0.2552947998046875,-0.2611103057861328,0
google/gemma-3-1b-pt,numeral_noun_0097,numeral_noun,2-4 + nom.pl,-50.57795715332031,-50.818870544433594,9,9,1,0.15896034240722656,-0.146759033203125,1
google/gemma-3-1b-pt,numeral_noun_0098,numeral_noun,2-4 + nom.pl,-48.1442985534668,-54.67618942260742,8,8,1,0.19546890258789062,-0.20425987243652344,0
google/gemma-3-1b-pt,numeral_noun_0099,numeral_noun,2-4 + nom.pl,-41.14558410644531,-42.918060302734375,7,6,1,0.22622299194335938,-0.26801109313964844,0
google/gemma-3-1b-pt,numeral_noun_0100,numeral_noun,2-4 + nom.pl,-46.09160614013672,-45.2017707824707,8,9,0,0.16965484619140625,-0.1631183624267578,1
google/gemma-3-1b-pt,numeral_noun_0101,numeral_noun,2-4 + nom.pl,-50.99220275878906,-54.95998764038086,9,9,1,0.21773910522460938,-0.24412155151367188,0
google/gemma-3-1b-pt,numeral_noun_0102,numeral_noun,2-4 + nom.pl,-43.822715759277344,-43.912208557128906,8,8,1,0.4012718200683594,-0.39269065856933594,1
google/gemma-3-1b-pt,numeral_noun_0103,numeral_noun,2-4 + nom.pl,-44.54469680786133,-45.02433776855469,7,8,1,0.0020923614501953125,-0.030080795288085938,0
google/gemma-3-1b-pt,numeral_noun_0104,numeral_noun,2-4 + nom.pl,-50.099853515625,-50.55997085571289,8,8,1,0.3612346649169922,-0.38487815856933594,0
google/gemma-3-1b-pt,numeral_noun_0105,numeral_noun,2-4 + nom.pl,-45.39805603027344,-41.60871887207031,6,6,0,-0.1951160430908203,0.20174217224121094,1
google/gemma-3-1b-pt,numeral_noun_0106,numeral_noun,2-4 + nom.pl,-43.21260070800781,-42.45473098754883,7,6,0,0.20214462280273438,-0.1450176239013672,1
google/gemma-3-1b-pt,numeral_noun_0107,numeral_noun,2-4 + nom.pl,-43.43134689331055,-49.90060806274414,6,7,1,0.0015735626220703125,0.012125015258789062,1
google/gemma-3-1b-pt,numeral_noun_0108,numeral_noun,2-4 + nom.pl,-50.46623229980469,-49.5843505859375,8,8,0,0.19465255737304688,-0.20461654663085938,0
google/gemma-3-1b-pt,numeral_noun_0109,numeral_noun,2-4 + nom.pl,-46.24577331542969,-49.99704360961914,7,8,1,0.2317333221435547,-0.2946624755859375,0
google/gemma-3-1b-pt,numeral_noun_0110,numeral_noun,2-4 + nom.pl,-47.112586975097656,-45.225440979003906,6,7,0,0.08415794372558594,-0.14333152770996094,0
google/gemma-3-1b-pt,numeral_noun_0111,numeral_noun,2-4 + nom.pl,-40.66850662231445,-44.946311950683594,7,7,1,0.3556861877441406,-0.35476112365722656,1
google/gemma-3-1b-pt,numeral_noun_0112,numeral_noun,2-4 + nom.pl,-48.649993896484375,-42.113338470458984,7,7,0,-0.033504486083984375,0.04679679870605469,1
google/gemma-3-1b-pt,numeral_noun_0113,numeral_noun,2-4 + nom.pl,-44.91645812988281,-45.959537506103516,9,9,1,0.3887958526611328,-0.37255096435546875,1
google/gemma-3-1b-pt,numeral_noun_0114,numeral_noun,2-4 + nom.pl,-47.09405517578125,-48.142765045166016,8,7,1,0.26177978515625,-0.20801162719726562,1
google/gemma-3-1b-pt,numeral_noun_0115,numeral_noun,2-4 + nom.pl,-43.810394287109375,-43.318145751953125,8,8,0,0.26617431640625,-0.26671791076660156,0
google/gemma-3-1b-pt,numeral_noun_0116,numeral_noun,2-4 + nom.pl,-25.508012771606445,-29.254100799560547,6,6,1,0.5293788909912109,-0.5455741882324219,0
google/gemma-3-1b-pt,numeral_noun_0117,numeral_noun,2-4 + nom.pl,-43.202880859375,-47.224082946777344,8,8,1,0.15522193908691406,-0.16408538818359375,0
google/gemma-3-1b-pt,numeral_noun_0118,numeral_noun,2-4 + nom.pl,-45.36798095703125,-45.96363067626953,7,7,1,0.22353172302246094,-0.23790359497070312,0
google/gemma-3-1b-pt,numeral_noun_0119,numeral_noun,2-4 + nom.pl,-45.20634841918945,-46.82178497314453,10,10,1,0.3438129425048828,-0.3227386474609375,1
google/gemma-3-1b-pt,numeral_noun_0120,numeral_noun,2-4 + nom.pl,-36.723594665527344,-38.23250961303711,7,7,1,0.026517868041992188,-0.012319564819335938,1
google/gemma-3-1b-pt,numeral_noun_0121,numeral_noun,2-4 + nom.pl,-25.231658935546875,-29.45514678955078,6,6,1,0.5540256500244141,-0.5714950561523438,0
google/gemma-3-1b-pt,numeral_noun_0122,numeral_noun,2-4 + nom.pl,-38.36973571777344,-38.60052490234375,7,6,1,0.15969276428222656,-0.09559249877929688,1
google/gemma-3-1b-pt,numeral_noun_0123,numeral_noun,2-4 + nom.pl,-47.02897262573242,-46.47704315185547,7,6,0,0.1369304656982422,-0.10629653930664062,1
google/gemma-3-1b-pt,numeral_noun_0124,numeral_noun,2-4 + nom.pl,-47.60961151123047,-50.128597259521484,9,9,1,0.33050537109375,-0.3170032501220703,1
google/gemma-3-1b-pt,numeral_noun_0125,numeral_noun,2-4 + nom.pl,-42.859405517578125,-41.8033447265625,9,9,0,0.6132068634033203,-0.6377029418945312,0
google/gemma-3-1b-pt,numeral_noun_0126,numeral_noun,2-4 + nom.pl,-46.0250244140625,-45.908241271972656,9,9,0,0.13464927673339844,-0.11425209045410156,1
google/gemma-3-1b-pt,numeral_noun_0127,numeral_noun,2-4 + nom.pl,-50.28942108154297,-50.003440856933594,7,7,0,-0.005672454833984375,0.010496139526367188,1
google/gemma-3-1b-pt,numeral_noun_0128,numeral_noun,2-4 + nom.pl,-46.892364501953125,-48.09584045410156,7,8,1,0.1926097869873047,-0.24789810180664062,0
google/gemma-3-1b-pt,numeral_noun_0129,numeral_noun,2-4 + nom.pl,-44.62953186035156,-48.00040054321289,8,8,1,-0.006923675537109375,-0.0013332366943359375,0
google/gemma-3-1b-pt,numeral_noun_0130,numeral_noun,2-4 + nom.pl,-43.201446533203125,-44.91691589355469,7,7,1,0.3189105987548828,-0.3068408966064453,1
google/gemma-3-1b-pt,numeral_noun_0131,numeral_noun,2-4 + nom.pl,-50.47221755981445,-50.48381423950195,9,9,1,0.13872146606445312,-0.14063072204589844,0
google/gemma-3-1b-pt,numeral_noun_0132,numeral_noun,2-4 + nom.pl,-44.74590301513672,-45.90956115722656,9,9,1,0.4782981872558594,-0.4798870086669922,0
google/gemma-3-1b-pt,numeral_noun_0133,numeral_noun,2-4 + nom.pl,-47.128578186035156,-47.27556610107422,7,7,1,0.3021583557128906,-0.312469482421875,0
google/gemma-3-1b-pt,numeral_noun_0134,numeral_noun,2-4 + nom.pl,-43.29643630981445,-43.023353576660156,7,7,0,0.27129173278808594,-0.2548065185546875,1
google/gemma-3-1b-pt,numeral_noun_0135,numeral_noun,2-4 + nom.pl,-44.675392150878906,-43.43136215209961,7,8,0,0.1837291717529297,-0.18143844604492188,1
google/gemma-3-1b-pt,numeral_noun_0136,numeral_noun,2-4 + nom.pl,-43.26470184326172,-44.3076057434082,9,9,1,0.05452728271484375,-0.030405044555664062,1
google/gemma-3-1b-pt,numeral_noun_0137,numeral_noun,2-4 + nom.pl,-46.9576416015625,-46.09849548339844,7,7,0,0.3396186828613281,-0.35802268981933594,0
google/gemma-3-1b-pt,numeral_noun_0138,numeral_noun,2-4 + nom.pl,-43.25522232055664,-48.08258056640625,6,7,1,0.2928886413574219,-0.37690162658691406,0
google/gemma-3-1b-pt,numeral_noun_0139,numeral_noun,2-4 + nom.pl,-35.17902374267578,-35.73616409301758,7,7,1,0.39560890197753906,-0.40302085876464844,0
google/gemma-3-1b-pt,numeral_noun_0140,numeral_noun,2-4 + nom.pl,-48.91804504394531,-47.69087600708008,8,8,0,0.0323333740234375,-0.0202178955078125,1
google/gemma-3-1b-pt,numeral_noun_0141,numeral_noun,2-4 + nom.pl,-43.18681335449219,-44.60326385498047,8,7,1,0.32966041564941406,-0.3124561309814453,1
google/gemma-3-1b-pt,numeral_noun_0142,numeral_noun,2-4 + nom.pl,-40.61297607421875,-43.7855224609375,7,6,1,0.17759132385253906,-0.20914268493652344,0
google/gemma-3-1b-pt,numeral_noun_0143,numeral_noun,2-4 + nom.pl,-42.60921859741211,-45.77113342285156,7,7,1,-0.0076751708984375,-0.0018329620361328125,0
google/gemma-3-1b-pt,numeral_noun_0144,numeral_noun,2-4 + nom.pl,-44.448516845703125,-45.812530517578125,7,6,1,0.40239906311035156,-0.3946533203125,1
google/gemma-3-1b-pt,numeral_noun_0145,numeral_noun,2-4 + nom.pl,-40.403133392333984,-33.897972106933594,5,6,0,0.03501701354980469,-0.14072418212890625,0
google/gemma-3-1b-pt,numeral_noun_0146,numeral_noun,2-4 + nom.pl,-44.490055084228516,-45.69377899169922,8,8,1,0.27198028564453125,-0.2711048126220703,1
google/gemma-3-1b-pt,numeral_noun_0147,numeral_noun,2-4 + nom.pl,-41.57379150390625,-41.91750717163086,7,7,1,0.16553306579589844,-0.15662193298339844,1
google/gemma-3-1b-pt,numeral_noun_0148,numeral_noun,2-4 + nom.pl,-44.142730712890625,-45.268341064453125,9,9,1,0.27042579650878906,-0.26955604553222656,1
google/gemma-3-1b-pt,numeral_noun_0149,numeral_noun,2-4 + nom.pl,-45.72145080566406,-47.39030456542969,8,9,1,0.5374794006347656,-0.5185718536376953,1
google/gemma-3-1b-pt,numeral_noun_0150,numeral_noun,5+ + gen.pl,-47.89266586303711,-48.475242614746094,10,10,1,0.3780803680419922,-0.4162883758544922,0
google/gemma-3-1b-pt,numeral_noun_0151,numeral_noun,5+ + gen.pl,-42.70188522338867,-49.804073333740234,7,8,1,0.45169639587402344,-0.5448207855224609,0
google/gemma-3-1b-pt,numeral_noun_0152,numeral_noun,5+ + gen.pl,-45.13823699951172,-50.0142822265625,10,9,1,0.17214584350585938,-0.17128944396972656,1
google/gemma-3-1b-pt,numeral_noun_0153,numeral_noun,5+ + gen.pl,-55.02519989013672,-56.862876892089844,8,8,1,0.2875080108642578,-0.2654266357421875,1
google/gemma-3-1b-pt,numeral_noun_0154,numeral_noun,5+ + gen.pl,-50.53348159790039,-55.688316345214844,9,9,1,0.1775989532470703,-0.17209625244140625,1
google/gemma-3-1b-pt,numeral_noun_0155,numeral_noun,5+ + gen.pl,-48.073760986328125,-56.161415100097656,9,9,1,0.39873504638671875,-0.4020557403564453,0
google/gemma-3-1b-pt,numeral_noun_0156,numeral_noun,5+ + gen.pl,-43.81388854980469,-48.01624298095703,7,7,1,0.11115837097167969,-0.10122108459472656,1
google/gemma-3-1b-pt,numeral_noun_0157,numeral_noun,5+ + gen.pl,-45.26283645629883,-52.03724670410156,8,7,1,0.2459125518798828,-0.24621963500976562,0
google/gemma-3-1b-pt,numeral_noun_0158,numeral_noun,5+ + gen.pl,-48.43489074707031,-55.10159683227539,11,10,1,-0.009294509887695312,0.0020847320556640625,0
google/gemma-3-1b-pt,numeral_noun_0159,numeral_noun,5+ + gen.pl,-44.103309631347656,-49.787696838378906,11,10,1,-0.14174461364746094,0.10952186584472656,0
google/gemma-3-1b-pt,numeral_noun_0160,numeral_noun,5+ + gen.pl,-47.80228805541992,-49.53234100341797,12,12,1,0.4189872741699219,-0.42693519592285156,0
google/gemma-3-1b-pt,numeral_noun_0161,numeral_noun,5+ + gen.pl,-46.42717742919922,-48.628326416015625,9,9,1,0.38680076599121094,-0.3966350555419922,0
google/gemma-3-1b-pt,numeral_noun_0162,numeral_noun,5+ + gen.pl,-48.2795524597168,-53.73301315307617,10,9,1,0.18561363220214844,-0.18526458740234375,1
google/gemma-3-1b-pt,numeral_noun_0163,numeral_noun,5+ + gen.pl,-46.23704147338867,-54.199546813964844,10,10,1,0.380950927734375,-0.3720855712890625,1
google/gemma-3-1b-pt,numeral_noun_0164,numeral_noun,5+ + gen.pl,-44.415122985839844,-48.45156478881836,8,7,1,0.3169841766357422,-0.3193683624267578,0
google/gemma-3-1b-pt,numeral_noun_0165,numeral_noun,5+ + gen.pl,-51.96767044067383,-53.50605773925781,9,9,1,0.24550437927246094,-0.2363567352294922,1
google/gemma-3-1b-pt,numeral_noun_0166,numeral_noun,5+ + gen.pl,-42.767295837402344,-51.506317138671875,8,8,1,-0.00665283203125,0.02622222900390625,1
google/gemma-3-1b-pt,numeral_noun_0167,numeral_noun,5+ + gen.pl,-50.713348388671875,-57.26324462890625,8,8,1,-0.1413249969482422,0.12670326232910156,0
google/gemma-3-1b-pt,numeral_noun_0168,numeral_noun,5+ + gen.pl,-39.105384826660156,-45.98009490966797,8,8,1,0.13447952270507812,-0.1391925811767578,0
google/gemma-3-1b-pt,numeral_noun_0169,numeral_noun,5+ + gen.pl,-42.778053283691406,-46.31730651855469,9,8,1,0.31186866760253906,-0.32316017150878906,0
google/gemma-3-1b-pt,numeral_noun_0170,numeral_noun,5+ + gen.pl,-44.185264587402344,-47.08969497680664,7,7,1,-0.1414165496826172,0.16044044494628906,1
google/gemma-3-1b-pt,numeral_noun_0171,numeral_noun,5+ + gen.pl,-51.43299102783203,-59.546356201171875,10,10,1,0.15649795532226562,-0.1533832550048828,1
google/gemma-3-1b-pt,numeral_noun_0172,numeral_noun,5+ + gen.pl,-46.74085998535156,-51.971832275390625,8,8,1,0.1434803009033203,-0.17040252685546875,0
google/gemma-3-1b-pt,numeral_noun_0173,numeral_noun,5+ + gen.pl,-46.596290588378906,-52.766197204589844,7,7,1,0.2414073944091797,-0.2359333038330078,1
google/gemma-3-1b-pt,numeral_noun_0174,numeral_noun,5+ + gen.pl,-46.811927795410156,-49.73583221435547,9,9,1,0.05175209045410156,-0.054157257080078125,0
google/gemma-3-1b-pt,numeral_noun_0175,numeral_noun,5+ + gen.pl,-49.55883026123047,-55.34614944458008,9,9,1,0.4325904846191406,-0.42183876037597656,1
google/gemma-3-1b-pt,numeral_noun_0176,numeral_noun,5+ + gen.pl,-42.876529693603516,-47.1112060546875,7,8,1,0.2759971618652344,-0.3324737548828125,0
google/gemma-3-1b-pt,numeral_noun_0177,numeral_noun,5+ + gen.pl,-42.2183837890625,-44.66595458984375,8,8,1,-0.10906219482421875,0.12028312683105469,1
google/gemma-3-1b-pt,numeral_noun_0178,numeral_noun,5+ + gen.pl,-50.275482177734375,-54.7033576965332,8,8,1,0.179229736328125,-0.21310997009277344,0
google/gemma-3-1b-pt,numeral_noun_0179,numeral_noun,5+ + gen.pl,-45.850433349609375,-52.18982696533203,11,11,1,0.3233928680419922,-0.31726646423339844,1
google/gemma-3-1b-pt,numeral_noun_0180,numeral_noun,5+ + gen.pl,-45.431339263916016,-53.39628601074219,7,7,1,0.2839775085449219,-0.2726268768310547,1
google/gemma-3-1b-pt,numeral_noun_0181,numeral_noun,5+ + gen.pl,-42.904632568359375,-48.21605682373047,9,8,1,-0.0049114227294921875,-0.0025177001953125,0
google/gemma-3-1b-pt,numeral_noun_0182,numeral_noun,5+ + gen.pl,-48.8844108581543,-51.6298828125,9,9,1,0.2980976104736328,-0.2995281219482422,0
google/gemma-3-1b-pt,numeral_noun_0183,numeral_noun,5+ + gen.pl,-43.996177673339844,-49.32764434814453,8,8,1,0.17103958129882812,-0.18355751037597656,0
google/gemma-3-1b-pt,numeral_noun_0184,numeral_noun,5+ + gen.pl,-49.42420196533203,-55.18171691894531,9,8,1,0.1491260528564453,-0.1569042205810547,0
google/gemma-3-1b-pt,numeral_noun_0185,numeral_noun,5+ + gen.pl,-44.43946838378906,-48.97761535644531,8,8,1,-0.0095062255859375,-0.03897666931152344,0
google/gemma-3-1b-pt,numeral_noun_0186,numeral_noun,5+ + gen.pl,-47.29930114746094,-51.600406646728516,8,7,1,0.27680206298828125,-0.261993408203125,1
google/gemma-3-1b-pt,numeral_noun_0187,numeral_noun,5+ + gen.pl,-55.532859802246094,-56.48946762084961,9,9,1,0.2594490051269531,-0.2816352844238281,0
google/gemma-3-1b-pt,numeral_noun_0188,numeral_noun,5+ + gen.pl,-51.71113586425781,-59.852935791015625,8,8,1,0.2608795166015625,-0.2619590759277344,0
google/gemma-3-1b-pt,numeral_noun_0189,numeral_noun,5+ + gen.pl,-46.7436408996582,-49.18659210205078,6,6,1,-0.06991195678710938,0.09002304077148438,1
google/gemma-3-1b-pt,numeral_noun_0190,numeral_noun,5+ + gen.pl,-37.0604362487793,-45.2640380859375,7,7,1,0.39545249938964844,-0.3967094421386719,0
google/gemma-3-1b-pt,numeral_noun_0191,numeral_noun,5+ + gen.pl,-41.9657096862793,-50.269927978515625,8,8,1,0.11399078369140625,-0.10960960388183594,1
google/gemma-3-1b-pt,numeral_noun_0192,numeral_noun,5+ + gen.pl,-46.557151794433594,-49.48269271850586,9,9,1,0.12380027770996094,-0.1292095184326172,0
google/gemma-3-1b-pt,numeral_noun_0193,numeral_noun,5+ + gen.pl,-48.44526290893555,-54.436126708984375,8,8,1,0.25089263916015625,-0.2506275177001953,1
google/gemma-3-1b-pt,numeral_noun_0194,numeral_noun,5+ + gen.pl,-43.56647872924805,-46.82331848144531,7,7,1,0.14878273010253906,-0.154754638671875,0
google/gemma-3-1b-pt,numeral_noun_0195,numeral_noun,5+ + gen.pl,-45.35423278808594,-47.52304458618164,8,8,1,0.1741962432861328,-0.1807842254638672,0
google/gemma-3-1b-pt,numeral_noun_0196,numeral_noun,5+ + gen.pl,-50.164283752441406,-55.911258697509766,8,8,1,0.48870277404785156,-0.49099159240722656,0
google/gemma-3-1b-pt,numeral_noun_0197,numeral_noun,5+ + gen.pl,-41.004112243652344,-50.263526916503906,10,10,1,0.17824363708496094,-0.18953323364257812,0
google/gemma-3-1b-pt,numeral_noun_0198,numeral_noun,5+ + gen.pl,-46.07020950317383,-51.98882293701172,10,10,1,0.2797393798828125,-0.261932373046875,1
google/gemma-3-1b-pt,numeral_noun_0199,numeral_noun,5+ + gen.pl,-37.893455505371094,-45.494422912597656,6,6,1,0.3648338317871094,-0.3647937774658203,1
google/gemma-3-1b-pt,numeral_noun_0200,numeral_noun,5+ + gen.pl,-47.47965621948242,-55.76506805419922,10,10,1,0.4230232238769531,-0.42232704162597656,1
google/gemma-3-1b-pt,numeral_noun_0201,numeral_noun,5+ + gen.pl,-42.355960845947266,-48.924068450927734,11,11,1,0.34665489196777344,-0.33468055725097656,1
google/gemma-3-1b-pt,numeral_noun_0202,numeral_noun,5+ + gen.pl,-47.35734558105469,-52.540035247802734,7,6,1,0.3479938507080078,-0.2728729248046875,1
google/gemma-3-1b-pt,numeral_noun_0203,numeral_noun,5+ + gen.pl,-46.95233154296875,-50.94561004638672,7,7,1,0.23036575317382812,-0.26699256896972656,0
google/gemma-3-1b-pt,numeral_noun_0204,numeral_noun,5+ + gen.pl,-53.097320556640625,-58.693302154541016,8,8,1,0.22462081909179688,-0.2267284393310547,0
google/gemma-3-1b-pt,numeral_noun_0205,numeral_noun,5+ + gen.pl,-49.34225082397461,-53.450801849365234,10,9,1,0.4427490234375,-0.43477439880371094,1
google/gemma-3-1b-pt,numeral_noun_0206,numeral_noun,5+ + gen.pl,-50.962100982666016,-55.68266677856445,9,9,1,0.4457111358642578,-0.4378643035888672,1
google/gemma-3-1b-pt,numeral_noun_0207,numeral_noun,5+ + gen.pl,-45.20417404174805,-53.17723846435547,7,7,1,0.2736358642578125,-0.2638072967529297,1
google/gemma-3-1b-pt,numeral_noun_0208,numeral_noun,5+ + gen.pl,-49.454254150390625,-54.355350494384766,7,7,1,0.18991470336914062,-0.20588302612304688,0
google/gemma-3-1b-pt,numeral_noun_0209,numeral_noun,5+ + gen.pl,-48.00245666503906,-50.378536224365234,7,7,1,0.034061431884765625,-0.024652481079101562,1
google/gemma-3-1b-pt,numeral_noun_0210,numeral_noun,5+ + gen.pl,-48.904273986816406,-54.2476692199707,6,7,1,0.2891407012939453,-0.30831336975097656,0
google/gemma-3-1b-pt,numeral_noun_0211,numeral_noun,5+ + gen.pl,-46.580413818359375,-52.11973190307617,10,10,1,0.2049236297607422,-0.1929168701171875,1
google/gemma-3-1b-pt,numeral_noun_0212,numeral_noun,5+ + gen.pl,-46.34821319580078,-50.31426239013672,9,9,1,0.35553932189941406,-0.3661689758300781,0
google/gemma-3-1b-pt,numeral_noun_0213,numeral_noun,5+ + gen.pl,-46.7747917175293,-53.774169921875,7,7,1,0.26244544982910156,-0.26038551330566406,1
google/gemma-3-1b-pt,numeral_noun_0214,numeral_noun,5+ + gen.pl,-43.41096115112305,-46.27324676513672,9,9,1,0.0218658447265625,-0.04188728332519531,0
google/gemma-3-1b-pt,numeral_noun_0215,numeral_noun,5+ + gen.pl,-42.076961517333984,-45.79093933105469,10,9,1,0.28383827209472656,-0.2943897247314453,0
google/gemma-3-1b-pt,numeral_noun_0216,numeral_noun,5+ + gen.pl,-44.51295471191406,-52.99479675292969,9,9,1,0.42998313903808594,-0.41843223571777344,1
google/gemma-3-1b-pt,numeral_noun_0217,numeral_noun,5+ + gen.pl,-45.06903839111328,-48.37506866455078,8,9,1,0.6356315612792969,-0.6871471405029297,0
google/gemma-3-1b-pt,numeral_noun_0218,numeral_noun,5+ + gen.pl,-47.36997985839844,-52.242042541503906,10,10,1,0.05177879333496094,-0.05158805847167969,1
google/gemma-3-1b-pt,numeral_noun_0219,numeral_noun,5+ + gen.pl,-51.29393768310547,-54.156036376953125,10,10,1,0.21047210693359375,-0.21464157104492188,0
google/gemma-3-1b-pt,numeral_noun_0220,numeral_noun,5+ + gen.pl,-46.962554931640625,-55.28856658935547,9,9,1,0.4499340057373047,-0.4427356719970703,1
google/gemma-3-1b-pt,numeral_noun_0221,numeral_noun,5+ + gen.pl,-42.540435791015625,-48.30934143066406,9,9,1,0.0006351470947265625,-0.011196136474609375,0
google/gemma-3-1b-pt,numeral_noun_0222,numeral_noun,5+ + gen.pl,-45.46799850463867,-50.02716827392578,9,8,1,0.2795734405517578,-0.23152732849121094,1
google/gemma-3-1b-pt,numeral_noun_0223,numeral_noun,5+ + gen.pl,-44.867103576660156,-51.65814971923828,11,10,1,0.23006629943847656,-0.2200164794921875,1
google/gemma-3-1b-pt,numeral_noun_0224,numeral_noun,5+ + gen.pl,-50.30005645751953,-51.74234390258789,8,8,1,0.1290740966796875,-0.14165306091308594,0
google/gemma-3-1b-pt,numeral_noun_0225,numeral_noun,5+ + gen.pl,-47.92792510986328,-54.81330108642578,10,10,1,0.16805076599121094,-0.18314170837402344,0
google/gemma-3-1b-pt,numeral_noun_0226,numeral_noun,5+ + gen.pl,-48.17411804199219,-51.3881950378418,7,7,1,0.044193267822265625,-0.032135009765625,1
google/gemma-3-1b-pt,numeral_noun_0227,numeral_noun,5+ + gen.pl,-44.07781219482422,-50.95505905151367,9,9,1,0.29073333740234375,-0.2836112976074219,1
google/gemma-3-1b-pt,numeral_noun_0228,numeral_noun,5+ + gen.pl,-44.00999450683594,-51.69450378417969,8,8,1,0.32643699645996094,-0.3318901062011719,0
google/gemma-3-1b-pt,numeral_noun_0229,numeral_noun,5+ + gen.pl,-47.100685119628906,-53.209022521972656,12,11,1,0.3325996398925781,-0.3339500427246094,0
google/gemma-3-1b-pt,numeral_noun_0230,numeral_noun,5+ + gen.pl,-47.590389251708984,-51.447776794433594,7,6,1,0.3267059326171875,-0.28043556213378906,1
google/gemma-3-1b-pt,numeral_noun_0231,numeral_noun,5+ + gen.pl,-53.92388916015625,-58.52446746826172,8,8,1,0.2265338897705078,-0.21676063537597656,1
google/gemma-3-1b-pt,numeral_noun_0232,numeral_noun,5+ + gen.pl,-48.58519744873047,-56.37715530395508,11,11,1,0.282623291015625,-0.2970600128173828,0
google/gemma-3-1b-pt,numeral_noun_0233,numeral_noun,5+ + gen.pl,-48.071170806884766,-52.532352447509766,8,8,1,0.1446056365966797,-0.17321205139160156,0
google/gemma-3-1b-pt,numeral_noun_0234,numeral_noun,5+ + gen.pl,-49.29669952392578,-57.2437744140625,9,9,1,0.18555068969726562,-0.1890411376953125,0
google/gemma-3-1b-pt,numeral_noun_0235,numeral_noun,5+ + gen.pl,-46.76868438720703,-55.05937576293945,10,10,1,0.5365772247314453,-0.5441799163818359,0
google/gemma-3-1b-pt,numeral_noun_0236,numeral_noun,5+ + gen.pl,-50.88531494140625,-58.84330749511719,9,9,1,0.1491832733154297,-0.14290809631347656,1
google/gemma-3-1b-pt,numeral_noun_0237,numeral_noun,5+ + gen.pl,-45.06349563598633,-49.26210021972656,8,8,1,0.26103973388671875,-0.28789520263671875,0
google/gemma-3-1b-pt,numeral_noun_0238,numeral_noun,5+ + gen.pl,-46.001529693603516,-50.3387336730957,7,7,1,0.19878005981445312,-0.23091506958007812,0
google/gemma-3-1b-pt,numeral_noun_0239,numeral_noun,5+ + gen.pl,-43.30591583251953,-50.21125793457031,9,9,1,0.0277252197265625,-0.027301788330078125,1
google/gemma-3-1b-pt,numeral_noun_0240,numeral_noun,5+ + gen.pl,-45.545467376708984,-51.68113708496094,7,7,1,0.12987136840820312,-0.14379501342773438,0
google/gemma-3-1b-pt,numeral_noun_0241,numeral_noun,5+ + gen.pl,-47.102115631103516,-52.689632415771484,8,7,1,0.12352371215820312,-0.1203155517578125,1
google/gemma-3-1b-pt,numeral_noun_0242,numeral_noun,5+ + gen.pl,-48.73675537109375,-54.52457046508789,9,8,1,0.12805747985839844,-0.13788223266601562,0
google/gemma-3-1b-pt,numeral_noun_0243,numeral_noun,5+ + gen.pl,-55.168540954589844,-48.238651275634766,6,6,0,-0.128814697265625,0.11732292175292969,0
google/gemma-3-1b-pt,numeral_noun_0244,numeral_noun,5+ + gen.pl,-48.606510162353516,-54.35163116455078,8,7,1,0.06271743774414062,-0.07630348205566406,0
google/gemma-3-1b-pt,numeral_noun_0245,numeral_noun,5+ + gen.pl,-53.06300354003906,-53.400360107421875,10,10,1,0.16250991821289062,-0.1842803955078125,0
google/gemma-3-1b-pt,numeral_noun_0246,numeral_noun,5+ + gen.pl,-48.90119171142578,-55.356727600097656,7,7,1,0.3223857879638672,-0.3126182556152344,1
google/gemma-3-1b-pt,numeral_noun_0247,numeral_noun,5+ + gen.pl,-44.947120666503906,-47.053199768066406,10,10,1,0.06351280212402344,-0.07460784912109375,0
google/gemma-3-1b-pt,numeral_noun_0248,numeral_noun,5+ + gen.pl,-47.30885314941406,-52.29571533203125,7,6,1,0.13150596618652344,-0.10153388977050781,1
google/gemma-3-1b-pt,numeral_noun_0249,numeral_noun,5+ + gen.pl,-45.67530822753906,-51.20647430419922,9,8,1,0.030872344970703125,-0.057964324951171875,0
google/gemma-3-1b-pt,numeral_noun_0250,numeral_noun,5+ + gen.pl,-31.27971076965332,-37.235286712646484,8,9,1,0.4083099365234375,-0.3921089172363281,1
google/gemma-3-1b-pt,numeral_noun_0251,numeral_noun,5+ + gen.pl,-50.22119140625,-51.058753967285156,10,10,1,0.5503158569335938,-0.5386543273925781,1
google/gemma-3-1b-pt,numeral_noun_0252,numeral_noun,5+ + gen.pl,-46.07635498046875,-51.14817810058594,8,8,1,0.0076351165771484375,-0.03698158264160156,0
google/gemma-3-1b-pt,numeral_noun_0253,numeral_noun,5+ + gen.pl,-47.01743698120117,-52.11912536621094,7,7,1,0.35759925842285156,-0.3787059783935547,0
google/gemma-3-1b-pt,numeral_noun_0254,numeral_noun,5+ + gen.pl,-39.546661376953125,-45.331485748291016,9,8,1,0.021146774291992188,-0.0198516845703125,1
google/gemma-3-1b-pt,numeral_noun_0255,numeral_noun,5+ + gen.pl,-47.27006530761719,-51.872623443603516,9,9,1,0.2681102752685547,-0.2534961700439453,1
google/gemma-3-1b-pt,numeral_noun_0256,numeral_noun,5+ + gen.pl,-53.45973587036133,-57.82737350463867,9,9,1,0.11617279052734375,-0.14554214477539062,0
google/gemma-3-1b-pt,numeral_noun_0257,numeral_noun,5+ + gen.pl,-47.696678161621094,-54.27286148071289,10,9,1,0.16870880126953125,-0.17299270629882812,0
google/gemma-3-1b-pt,numeral_noun_0258,numeral_noun,5+ + gen.pl,-46.24980163574219,-51.608924865722656,9,9,1,0.13762474060058594,-0.14743995666503906,0
google/gemma-3-1b-pt,numeral_noun_0259,numeral_noun,5+ + gen.pl,-45.931861877441406,-48.14585876464844,8,8,1,0.4702777862548828,-0.48894691467285156,0
google/gemma-3-1b-pt,numeral_noun_0260,numeral_noun,5+ + gen.pl,-45.37613296508789,-53.94176483154297,7,7,1,0.15743255615234375,-0.16639137268066406,0
google/gemma-3-1b-pt,numeral_noun_0261,numeral_noun,5+ + gen.pl,-42.753265380859375,-52.038787841796875,9,9,1,0.2708244323730469,-0.2539710998535156,1
google/gemma-3-1b-pt,numeral_noun_0262,numeral_noun,5+ + gen.pl,-47.73077392578125,-54.3817024230957,10,10,1,0.16762733459472656,-0.16286849975585938,1
google/gemma-3-1b-pt,numeral_noun_0263,numeral_noun,5+ + gen.pl,-40.654273986816406,-42.83250427246094,9,8,1,0.043239593505859375,-0.05572319030761719,0
google/gemma-3-1b-pt,numeral_noun_0264,numeral_noun,5+ + gen.pl,-44.69015884399414,-46.673667907714844,5,5,1,0.07001686096191406,-0.08263397216796875,0
google/gemma-3-1b-pt,numeral_noun_0265,numeral_noun,5+ + gen.pl,-48.04745101928711,-52.02040100097656,11,10,1,0.37694549560546875,-0.3527565002441406,1
google/gemma-3-1b-pt,numeral_noun_0266,numeral_noun,5+ + gen.pl,-50.396148681640625,-53.58769226074219,8,7,1,0.20206451416015625,-0.2610454559326172,0
google/gemma-3-1b-pt,numeral_noun_0267,numeral_noun,5+ + gen.pl,-52.29347229003906,-58.14104461669922,10,10,1,0.12879180908203125,-0.1316242218017578,0
google/gemma-3-1b-pt,numeral_noun_0268,numeral_noun,5+ + gen.pl,-45.06243896484375,-51.38371658325195,10,10,1,0.24466705322265625,-0.24734878540039062,0
google/gemma-3-1b-pt,numeral_noun_0269,numeral_noun,5+ + gen.pl,-44.79912567138672,-51.574005126953125,9,9,1,0.35030364990234375,-0.3509635925292969,0
google/gemma-3-1b-pt,numeral_noun_0270,numeral_noun,5+ + gen.pl,-49.758827209472656,-56.6495475769043,8,8,1,-0.04960060119628906,0.048145294189453125,0
google/gemma-3-1b-pt,numeral_noun_0271,numeral_noun,5+ + gen.pl,-45.00640106201172,-49.78228759765625,9,9,1,0.011142730712890625,-0.009714126586914062,1
google/gemma-3-1b-pt,numeral_noun_0272,numeral_noun,5+ + gen.pl,-44.87879180908203,-51.23674774169922,9,8,1,-0.04680633544921875,0.028728485107421875,0
google/gemma-3-1b-pt,numeral_noun_0273,numeral_noun,5+ + gen.pl,-42.608970642089844,-46.301124572753906,8,8,1,0.024492263793945312,-0.023990631103515625,1
google/gemma-3-1b-pt,numeral_noun_0274,numeral_noun,5+ + gen.pl,-46.77680969238281,-52.87610626220703,11,10,1,0.36487579345703125,-0.3658275604248047,0
google/gemma-3-1b-pt,numeral_noun_0275,numeral_noun,5+ + gen.pl,-52.43653106689453,-55.773380279541016,9,8,1,0.4621467590332031,-0.47876930236816406,0
google/gemma-3-1b-pt,numeral_noun_0276,numeral_noun,5+ + gen.pl,-46.486995697021484,-53.34769821166992,11,11,1,0.3850212097167969,-0.3811759948730469,1
google/gemma-3-1b-pt,numeral_noun_0277,numeral_noun,5+ + gen.pl,-46.156349182128906,-48.210205078125,10,10,1,0.326385498046875,-0.3402824401855469,0
google/gemma-3-1b-pt,numeral_noun_0278,numeral_noun,5+ + gen.pl,-47.34467697143555,-54.07671356201172,10,10,1,0.41184043884277344,-0.4113121032714844,1
google/gemma-3-1b-pt,numeral_noun_0279,numeral_noun,5+ + gen.pl,-41.524749755859375,-47.56346130371094,10,9,1,-0.039825439453125,0.014513015747070312,0
google/gemma-3-1b-pt,numeral_noun_0280,numeral_noun,5+ + gen.pl,-45.67707824707031,-50.00251007080078,6,6,1,0.20777320861816406,-0.22944259643554688,0
google/gemma-3-1b-pt,numeral_noun_0281,numeral_noun,5+ + gen.pl,-45.71631622314453,-51.50726318359375,9,9,1,0.1512012481689453,-0.178497314453125,0
google/gemma-3-1b-pt,numeral_noun_0282,numeral_noun,5+ + gen.pl,-50.947227478027344,-55.104644775390625,8,8,1,0.16518020629882812,-0.19404220581054688,0
google/gemma-3-1b-pt,numeral_noun_0283,numeral_noun,5+ + gen.pl,-45.03746032714844,-48.63351058959961,10,11,1,0.5474796295166016,-0.5734195709228516,0
google/gemma-3-1b-pt,numeral_noun_0284,numeral_noun,5+ + gen.pl,-47.79228973388672,-55.97781753540039,9,9,1,0.3917980194091797,-0.3990974426269531,0
google/gemma-3-1b-pt,numeral_noun_0285,numeral_noun,5+ + gen.pl,-50.118553161621094,-54.14313888549805,9,8,1,0.4816761016845703,-0.5056819915771484,0
google/gemma-3-1b-pt,numeral_noun_0286,numeral_noun,5+ + gen.pl,-51.336219787597656,-57.635963439941406,8,8,1,0.5489921569824219,-0.5455741882324219,1
google/gemma-3-1b-pt,numeral_noun_0287,numeral_noun,5+ + gen.pl,-37.049598693847656,-45.775230407714844,6,6,1,0.3963146209716797,-0.41223716735839844,0
google/gemma-3-1b-pt,numeral_noun_0288,numeral_noun,5+ + gen.pl,-54.96299362182617,-55.65459442138672,8,8,1,0.299560546875,-0.32163238525390625,0
google/gemma-3-1b-pt,numeral_noun_0289,numeral_noun,5+ + gen.pl,-46.7914924621582,-52.773223876953125,7,7,1,0.21235275268554688,-0.22013282775878906,0
google/gemma-3-1b-pt,numeral_noun_0290,numeral_noun,5+ + gen.pl,-43.45869064331055,-47.54972457885742,6,6,1,0.09748458862304688,-0.07429313659667969,1
google/gemma-3-1b-pt,numeral_noun_0291,numeral_noun,5+ + gen.pl,-50.27189636230469,-51.58863830566406,10,10,1,0.5304622650146484,-0.5383358001708984,0
google/gemma-3-1b-pt,numeral_noun_0292,numeral_noun,5+ + gen.pl,-42.9493522644043,-49.659996032714844,7,7,1,0.12898635864257812,-0.13179397583007812,0
google/gemma-3-1b-pt,numeral_noun_0293,numeral_noun,5+ + gen.pl,-44.68907928466797,-52.03105163574219,8,8,1,0.2709617614746094,-0.268524169921875,1
google/gemma-3-1b-pt,numeral_noun_0294,numeral_noun,5+ + gen.pl,-44.57300567626953,-49.34603500366211,9,9,1,0.23314666748046875,-0.2594146728515625,0
google/gemma-3-1b-pt,numeral_noun_0295,numeral_noun,5+ + gen.pl,-49.385108947753906,-49.6102409362793,8,8,1,0.24152374267578125,-0.2601165771484375,0
google/gemma-3-1b-pt,numeral_noun_0296,numeral_noun,5+ + gen.pl,-48.17609405517578,-53.87482833862305,10,9,1,0.07527923583984375,-0.09871864318847656,0
google/gemma-3-1b-pt,numeral_noun_0297,numeral_noun,5+ + gen.pl,-49.117523193359375,-54.621768951416016,9,9,1,0.43853187561035156,-0.4377708435058594,1
google/gemma-3-1b-pt,numeral_noun_0298,numeral_noun,5+ + gen.pl,-50.523292541503906,-54.02934265136719,11,10,1,0.3840293884277344,-0.39914703369140625,0
google/gemma-3-1b-pt,numeral_noun_0299,numeral_noun,5+ + gen.pl,-46.2010383605957,-52.19575500488281,11,10,1,0.16570091247558594,-0.1675395965576172,0
google/gemma-3-1b-pt,verb_government_0000,verb_government,дякувати кому,-25.267040252685547,-30.96849250793457,8,8,1,0.2581024169921875,-0.2737560272216797,0
google/gemma-3-1b-pt,verb_government_0001,verb_government,дякувати кому,-34.44861602783203,-35.68596649169922,7,7,1,0.4678173065185547,-0.44808197021484375,1
google/gemma-3-1b-pt,verb_government_0002,verb_government,дякувати кому,-36.23219299316406,-41.65760803222656,10,9,1,0.15134048461914062,-0.1494293212890625,1
google/gemma-3-1b-pt,verb_government_0003,verb_government,дякувати кому,-41.29292297363281,-44.81962203979492,9,8,1,0.2632465362548828,-0.30203819274902344,0
google/gemma-3-1b-pt,verb_government_0004,verb_government,дякувати кому,-38.84832763671875,-44.29928970336914,9,9,1,0.22798728942871094,-0.23174476623535156,0
google/gemma-3-1b-pt,verb_government_0005,verb_government,дякувати кому,-28.38492202758789,-30.82379150390625,8,8,1,0.3780956268310547,-0.3741931915283203,1
google/gemma-3-1b-pt,verb_government_0006,verb_government,вибачати кому,-40.96131134033203,-37.51300811767578,11,10,0,0.5437240600585938,-0.5256595611572266,1
google/gemma-3-1b-pt,verb_government_0007,verb_government,вибачати кому,-42.784305572509766,-39.27353286743164,10,10,0,0.4151134490966797,-0.42910194396972656,0
google/gemma-3-1b-pt,verb_government_0008,verb_government,вибачати кому,-37.50597381591797,-33.8194465637207,8,7,0,0.3193035125732422,-0.33769989013671875,0
google/gemma-3-1b-pt,verb_government_0009,verb_government,вибачати кому,-40.69362258911133,-38.762428283691406,12,12,0,0.5171165466308594,-0.5180759429931641,0
google/gemma-3-1b-pt,verb_government_0010,verb_government,вибачати кому,-34.96476364135742,-32.551109313964844,7,7,0,0.6907253265380859,-0.6356353759765625,1
google/gemma-3-1b-pt,verb_government_0011,verb_government,навчати чого,-40.24043273925781,-40.57771301269531,8,8,1,0.07762908935546875,-0.08829307556152344,0
google/gemma-3-1b-pt,verb_government_0012,verb_government,навчати чого,-49.55479431152344,-54.65496063232422,8,10,1,0.2419719696044922,-0.2742156982421875,0
google/gemma-3-1b-pt,verb_government_0013,verb_government,навчати чого,-51.20832443237305,-51.523799896240234,9,9,1,0.30008697509765625,-0.30356788635253906,0
google/gemma-3-1b-pt,verb_government_0014,verb_government,навчати чого,-54.45560836791992,-56.214988708496094,8,9,1,0.35558509826660156,-0.3677864074707031,0
google/gemma-3-1b-pt,verb_government_0015,verb_government,вчитися чого,-46.83903503417969,-50.9102668762207,9,10,1,0.28580284118652344,-0.33422088623046875,0
google/gemma-3-1b-pt,verb_government_0016,verb_government,вчитися чого,-52.84718704223633,-50.971168518066406,7,7,0,0.39410972595214844,-0.41280364990234375,0
google/gemma-3-1b-pt,verb_government_0017,verb_government,вчитися чого,-36.978092193603516,-41.79027557373047,9,10,1,0.12019538879394531,-0.1478271484375,0
google/gemma-3-1b-pt,verb_government_0018,verb_government,вчитися чого,-39.181209564208984,-40.65142059326172,7,9,1,0.24952316284179688,-0.2702369689941406,0
google/gemma-3-1b-pt,verb_government_0019,verb_government,опанувати що,-41.69354248046875,-42.8067512512207,8,8,1,0.2199554443359375,-0.23598670959472656,0
google/gemma-3-1b-pt,verb_government_0020,verb_government,опанувати що,-48.170814514160156,-55.486663818359375,9,8,1,0.2654075622558594,-0.3060016632080078,0
google/gemma-3-1b-pt,verb_government_0021,verb_government,опанувати що,-41.1418571472168,-41.867950439453125,10,10,1,0.178192138671875,-0.17251968383789062,1
google/gemma-3-1b-pt,verb_government_0022,verb_government,опанувати що,-41.91646194458008,-46.77987289428711,9,9,1,-0.00963592529296875,-0.001934051513671875,0
google/gemma-3-1b-pt,verb_government_0023,verb_government,оволодіти чим,-38.350711822509766,-43.3621940612793,8,8,1,0.0483856201171875,-0.05234527587890625,0
google/gemma-3-1b-pt,verb_government_0024,verb_government,оволодіти чим,-43.07596206665039,-48.562992095947266,10,10,1,0.34256553649902344,-0.3589801788330078,0
google/gemma-3-1b-pt,verb_government_0025,verb_government,оволодіти чим,-51.90822219848633,-53.71796417236328,9,10,1,0.24150466918945312,-0.23570823669433594,1
google/gemma-3-1b-pt,verb_government_0026,verb_government,хворіти на що,-34.77061080932617,-35.600242614746094,9,8,1,0.5804347991943359,-0.5809574127197266,0
google/gemma-3-1b-pt,verb_government_0027,verb_government,хворіти на що,-33.56410598754883,-37.25261306762695,10,9,1,-0.018049240112304688,0.07087135314941406,1
google/gemma-3-1b-pt,verb_government_0028,verb_government,хворіти на що,-40.44990158081055,-45.276100158691406,11,10,1,0.1865406036376953,-0.18913841247558594,0
google/gemma-3-1b-pt,verb_government_0029,verb_government,одружитися з ким,-33.61339569091797,-33.14540100097656,10,10,0,0.07901191711425781,-0.09898567199707031,0
google/gemma-3-1b-pt,verb_government_0030,verb_government,одружитися з ким,-43.47768783569336,-44.73046112060547,11,10,1,0.29121971130371094,-0.3101310729980469,0
google/gemma-3-1b-pt,verb_government_0031,verb_government,одружитися з ким,-43.569549560546875,-45.50975036621094,13,12,1,0.012529373168945312,-0.029375076293945312,0
google/gemma-3-1b-pt,verb_government_0032,verb_government,сумувати за ким,-35.829444885253906,-40.751522064208984,7,6,1,0.5496730804443359,-0.5781478881835938,0
google/gemma-3-1b-pt,verb_government_0033,verb_government,сумувати за ким,-40.75402069091797,-43.753875732421875,9,9,1,0.39514732360839844,-0.42411231994628906,0
google/gemma-3-1b-pt,verb_government_0034,verb_government,сумувати за ким,-41.50925064086914,-45.102691650390625,8,7,1,0.5410346984863281,-0.5450668334960938,0
google/gemma-3-1b-pt,verb_government_0035,verb_government,розмовляти мовою,-29.58905029296875,-34.598777770996094,9,10,1,0.10404586791992188,-0.11714935302734375,0
google/gemma-3-1b-pt,verb_government_0036,verb_government,розмовляти мовою,-38.2960205078125,-40.57853317260742,8,9,1,0.2717723846435547,-0.2861652374267578,0
google/gemma-3-1b-pt,verb_government_0037,verb_government,розмовляти мовою,-33.36831283569336,-37.88193893432617,8,9,1,0.33350181579589844,-0.3587837219238281,0
google/gemma-3-1b-pt,verb_government_0038,verb_government,розмовляти мовою,-37.531986236572266,-39.22332000732422,9,10,1,0.11219596862792969,-0.10390090942382812,1
google/gemma-3-1b-pt,verb_government_0039,verb_government,розмовляти мовою,-39.06163024902344,-42.32193374633789,8,9,1,0.41007041931152344,-0.4241218566894531,0
google/gemma-3-1b-pt,verb_government_0040,verb_government,розмовляти мовою,-30.764469146728516,-34.19281768798828,6,7,1,-0.05841064453125,0.025209426879882812,0
google/gemma-3-1b-pt,verb_government_0041,verb_government,вибачати кому,-37.79969024658203,-35.077964782714844,7,7,0,0.3623619079589844,-0.39255714416503906,0
google/gemma-3-1b-pt,verb_government_0042,verb_government,навчати чого,-51.200111389160156,-48.59001922607422,12,12,0,0.6927261352539062,-0.6968097686767578,0
google/gemma-3-1b-pt,verb_government_0043,verb_government,навчати чого,-46.031227111816406,-48.14476013183594,10,11,1,0.48532676696777344,-0.5100822448730469,0
google/gemma-3-1b-pt,verb_government_0044,verb_government,вчитися чого,-60.31678009033203,-62.780799865722656,8,9,1,0.311248779296875,-0.3985710144042969,0
google/gemma-3-1b-pt,verb_government_0045,verb_government,вчитися чого,-37.55604553222656,-38.575531005859375,8,9,1,0.34886932373046875,-0.3835277557373047,0
google/gemma-3-1b-pt,verb_government_0046,verb_government,опанувати що,-39.92466354370117,-48.10895919799805,9,9,1,0.22758865356445312,-0.23543930053710938,0
google/gemma-3-1b-pt,verb_government_0047,verb_government,опанувати що,-36.342926025390625,-39.87225341796875,9,9,1,0.06142234802246094,-0.05571174621582031,1
google/gemma-3-1b-pt,verb_government_0048,verb_government,оволодіти чим,-44.649478912353516,-49.132171630859375,10,10,1,0.3570537567138672,-0.3389301300048828,1
google/gemma-3-1b-pt,verb_government_0049,verb_government,оволодіти чим,-48.76438903808594,-51.478858947753906,9,9,1,-0.014448165893554688,0.0007419586181640625,0
google/gemma-3-1b-pt,verb_government_0050,verb_government,оволодіти чим,-45.10514450073242,-49.78604507446289,8,8,1,0.18868446350097656,-0.18276214599609375,1
google/gemma-3-1b-pt,verb_government_0051,verb_government,хворіти на що,-36.11482238769531,-38.425804138183594,9,9,1,-0.11512947082519531,0.11739158630371094,1
google/gemma-3-1b-pt,verb_government_0052,verb_government,хворіти на що,-32.21939468383789,-33.90370178222656,10,9,1,0.5166206359863281,-0.49182701110839844,1
google/gemma-3-1b-pt,verb_government_0053,verb_government,хворіти на що,-58.33869552612305,-61.01292419433594,11,10,1,0.165802001953125,-0.1734027862548828,0
google/gemma-3-1b-pt,verb_government_0054,verb_government,одружитися з ким,-60.07978057861328,-69.55734252929688,11,10,1,0.18173789978027344,-0.2025432586669922,0
google/gemma-3-1b-pt,verb_government_0055,verb_government,одружитися з ким,-34.78092575073242,-39.32307815551758,10,10,1,0.07489395141601562,-0.060588836669921875,1
google/gemma-3-1b-pt,verb_government_0056,verb_government,одружитися з ким,-43.06476593017578,-42.34840774536133,12,12,0,0.12991905212402344,-0.14696502685546875,0
google/gemma-3-1b-pt,verb_government_0057,verb_government,сумувати за ким,-36.043643951416016,-37.3406982421875,10,10,1,0.193939208984375,-0.1866436004638672,1
google/gemma-3-1b-pt,verb_government_0058,verb_government,сумувати за ким,-50.6450309753418,-48.61561965942383,7,7,0,0.35750389099121094,-0.41481781005859375,0
google/gemma-3-1b-pt,verb_government_0059,verb_government,сумувати за ким,-38.20671463012695,-42.24706268310547,10,9,1,0.2908134460449219,-0.3196907043457031,0
google/gemma-3-1b-pt,vocative_0000,vocative,vocative f,-38.93535232543945,-31.154050827026367,9,8,0,0.2310009002685547,-0.21762847900390625,1
google/gemma-3-1b-pt,vocative_0001,vocative,vocative m,-47.458194732666016,-41.03601837158203,10,9,0,0.21105575561523438,-0.05284690856933594,1
google/gemma-3-1b-pt,vocative_0002,vocative,vocative m,-41.029380798339844,-35.85681915283203,11,10,0,0.3844757080078125,-0.33733367919921875,1
google/gemma-3-1b-pt,vocative_0003,vocative,vocative m,-40.83048629760742,-36.249786376953125,10,9,0,0.2587757110595703,-0.237457275390625,1
google/gemma-3-1b-pt,vocative_0004,vocative,vocative m,-68.88194274902344,-63.14579772949219,14,14,0,-0.1239013671875,0.1318206787109375,1
google/gemma-3-1b-pt,vocative_0005,vocative,vocative m,-69.59420776367188,-64.1964340209961,14,14,0,0.7876949310302734,-0.7752132415771484,1
google/gemma-3-1b-pt,vocative_0006,vocative,vocative m,-51.4154167175293,-41.69352722167969,13,13,0,0.3138542175292969,-0.31349754333496094,1
google/gemma-3-1b-pt,vocative_0007,vocative,vocative f,-37.457679748535156,-28.83204460144043,9,8,0,0.7377033233642578,-0.6886520385742188,1
google/gemma-3-1b-pt,vocative_0008,vocative,vocative f,-62.37826919555664,-57.17879104614258,10,9,0,-0.050373077392578125,0.047943115234375,0
google/gemma-3-1b-pt,vocative_0009,vocative,vocative f,-67.87229919433594,-63.00686264038086,9,9,0,0.3447837829589844,-0.26484107971191406,1
google/gemma-3-1b-pt,vocative_0010,vocative,vocative m,-44.20222473144531,-40.738643646240234,10,9,0,0.26244354248046875,-0.2553119659423828,1
google/gemma-3-1b-pt,vocative_0011,vocative,vocative f,-50.62976837158203,-44.149566650390625,12,12,0,0.49373817443847656,-0.47519874572753906,1
google/gemma-3-1b-pt,vocative_0012,vocative,vocative f,-30.133453369140625,-28.90127944946289,10,9,0,0.3479156494140625,-0.3269805908203125,1
google/gemma-3-1b-pt,vocative_0013,vocative,vocative m,-34.269081115722656,-27.876201629638672,7,7,0,0.7100448608398438,-0.7030391693115234,1
google/gemma-3-1b-pt,vocative_0014,vocative,vocative f,-49.59523391723633,-38.66593551635742,14,13,0,0.40581512451171875,-0.4143505096435547,0
google/gemma-3-1b-pt,vocative_0015,vocative,vocative m,-70.23931121826172,-62.27661895751953,15,14,0,0.3151988983154297,-0.2846527099609375,1
google/gemma-3-1b-pt,vocative_0016,vocative,vocative m,-30.01626205444336,-31.221790313720703,9,7,1,0.27054786682128906,-0.2057361602783203,1
google/gemma-3-1b-pt,vocative_0017,vocative,vocative f,-35.8988037109375,-32.237300872802734,10,9,0,0.2970104217529297,-0.2824974060058594,1
google/gemma-3-1b-pt,vocative_0018,vocative,vocative m,-31.2349853515625,-28.990734100341797,9,8,0,0.2773933410644531,-0.2874011993408203,0
google/gemma-3-1b-pt,vocative_0019,vocative,vocative m,-34.39674377441406,-31.113265991210938,9,8,0,0.22170066833496094,-0.20932960510253906,1
google/gemma-3-1b-pt,vocative_0020,vocative,vocative f,-34.82970428466797,-30.07302474975586,9,8,0,0.7438545227050781,-0.7759075164794922,0
google/gemma-3-1b-pt,vocative_0021,vocative,vocative m,-67.07679748535156,-58.42237854003906,9,9,0,0.4224262237548828,-0.4599418640136719,0
google/gemma-3-1b-pt,vocative_0022,vocative,vocative f,-30.864721298217773,-29.006855010986328,8,8,0,0.31705474853515625,-0.30446434020996094,1
google/gemma-3-1b-pt,vocative_0023,vocative,vocative m,-36.809810638427734,-32.826812744140625,10,9,0,0.28928375244140625,-0.2489643096923828,1
google/gemma-3-1b-pt,vocative_0024,vocative,vocative m,-44.019287109375,-40.97826385498047,15,14,0,0.6669692993164062,-0.5197467803955078,1
google/gemma-3-1b-pt,vocative_0025,vocative,vocative m,-38.051048278808594,-33.41883087158203,8,8,0,0.1513080596923828,-0.13759613037109375,1
google/gemma-3-1b-pt,vocative_0026,vocative,vocative m,-50.156517028808594,-44.95061492919922,10,9,0,0.3296070098876953,-0.27329444885253906,1
google/gemma-3-1b-pt,vocative_0027,vocative,vocative m,-36.814659118652344,-31.92032241821289,9,8,0,0.3070545196533203,-0.2585029602050781,1
google/gemma-3-1b-pt,vocative_0028,vocative,vocative f,-50.69353485107422,-44.92931365966797,13,12,0,0.33502769470214844,-0.33860015869140625,0
google/gemma-3-1b-pt,vocative_0029,vocative,vocative f,-31.99777603149414,-28.837169647216797,9,8,0,0.28728675842285156,-0.25292015075683594,1
google/gemma-3-1b-pt,vocative_0030,vocative,vocative f,-49.76803970336914,-44.17011260986328,12,12,0,0.5007400512695312,-0.44812583923339844,1
google/gemma-3-1b-pt,vocative_0031,vocative,vocative m,-48.20585632324219,-43.32109832763672,12,11,0,0.5182952880859375,-0.4535388946533203,1
google/gemma-3-1b-pt,vocative_0032,vocative,vocative f,-44.692115783691406,-35.663536071777344,10,9,0,0.2626228332519531,-0.2405834197998047,1
google/gemma-3-1b-pt,vocative_0033,vocative,vocative m,-45.01701736450195,-42.79773712158203,13,13,0,0.45423126220703125,-0.43607330322265625,1
google/gemma-3-1b-pt,vocative_0034,vocative,vocative f,-44.917877197265625,-41.416683197021484,10,9,0,0.22972869873046875,-0.18682861328125,1
google/gemma-3-1b-pt,vocative_0035,vocative,vocative m,-32.54632568359375,-30.053781509399414,9,8,0,0.39681053161621094,-0.3779144287109375,1
google/gemma-3-1b-pt,vocative_0036,vocative,vocative m,-36.06340026855469,-29.638309478759766,8,7,0,0.7268772125244141,-0.6425228118896484,1
google/gemma-3-1b-pt,vocative_0037,vocative,vocative m,-46.91444778442383,-42.6954460144043,13,12,0,0.2267131805419922,-0.12994003295898438,1
google/gemma-3-1b-pt,vocative_0038,vocative,vocative m,-67.57667541503906,-60.92674255371094,8,9,0,0.4306449890136719,-0.4660205841064453,0
google/gemma-3-1b-pt,vocative_0039,vocative,vocative m,-42.48075866699219,-36.97932434082031,9,8,0,0.44220733642578125,-0.39301300048828125,1
google/gemma-3-1b-pt,vocative_0040,vocative,vocative m,-46.64362335205078,-41.28607940673828,10,9,0,0.2609272003173828,-0.21895217895507812,1
google/gemma-3-1b-pt,vocative_0041,vocative,vocative f,-41.470672607421875,-34.4918327331543,9,9,0,0.4316577911376953,-0.34554100036621094,1
google/gemma-3-1b-pt,vocative_0042,vocative,vocative f,-34.12552261352539,-29.286521911621094,9,8,0,0.26185035705566406,-0.2651233673095703,0
google/gemma-3-1b-pt,vocative_0043,vocative,vocative f,-57.62982177734375,-56.65751266479492,13,13,0,0.3165130615234375,-0.29998016357421875,1
google/gemma-3-1b-pt,vocative_0044,vocative,vocative m,-63.331050872802734,-54.970706939697266,10,9,0,0.07391357421875,-0.1345844268798828,0
google/gemma-3-1b-pt,vocative_0045,vocative,vocative f,-65.57330322265625,-63.29753875732422,14,14,0,0.4460639953613281,-0.41678810119628906,1
google/gemma-3-1b-pt,vocative_0046,vocative,vocative m,-66.55826568603516,-53.20680236816406,13,13,0,0.1930675506591797,-0.16915512084960938,1
google/gemma-3-1b-pt,vocative_0047,vocative,vocative m,-63.999549865722656,-66.01905822753906,9,8,1,0.3007335662841797,-0.18652725219726562,1
google/gemma-3-1b-pt,vocative_0048,vocative,vocative f,-67.41905212402344,-60.89116668701172,9,8,0,0.29318809509277344,-0.2621803283691406,1
google/gemma-3-1b-pt,vocative_0049,vocative,vocative f,-48.54826354980469,-41.39714050292969,10,10,0,0.3754405975341797,-0.3442058563232422,1
google/gemma-3-1b-pt,vocative_0050,vocative,vocative f,-39.932212829589844,-33.63378143310547,10,8,0,0.3770751953125,-0.3497657775878906,1
google/gemma-3-1b-pt,vocative_0051,vocative,vocative m,-42.46332931518555,-37.793113708496094,11,10,0,-0.03908348083496094,0.0038967132568359375,0
google/gemma-3-1b-pt,vocative_0052,vocative,vocative f,-49.31544876098633,-44.756744384765625,13,12,0,0.4935874938964844,-0.47736358642578125,1
google/gemma-3-1b-pt,vocative_0053,vocative,vocative f,-35.37559127807617,-26.01785659790039,7,6,0,0.5806026458740234,-0.5625591278076172,1
google/gemma-3-1b-pt,vocative_0054,vocative,vocative f,-36.94908905029297,-32.616188049316406,11,10,0,0.4291572570800781,-0.40122222900390625,1
google/gemma-3-1b-pt,vocative_0055,vocative,vocative m,-52.44793701171875,-43.29408264160156,12,12,0,0.40323638916015625,-0.32769203186035156,1
google/gemma-3-1b-pt,vocative_0056,vocative,vocative m,-63.58607482910156,-56.6875114440918,9,8,0,-0.04248046875,0.11072921752929688,1
google/gemma-3-1b-pt,vocative_0057,vocative,vocative f,-72.09339904785156,-61.858280181884766,13,13,0,0.098419189453125,-0.19301795959472656,0
google/gemma-3-1b-pt,vocative_0058,vocative,vocative f,-44.83618927001953,-44.01361083984375,14,13,0,0.6556243896484375,-0.6905422210693359,0
google/gemma-3-1b-pt,vocative_0059,vocative,vocative f,-68.96221923828125,-64.0992431640625,9,8,0,0.4354076385498047,-0.4121818542480469,1
google/gemma-3-1b-pt,vocative_0060,vocative,vocative f,-45.37153625488281,-40.87684631347656,9,9,0,0.2009410858154297,-0.09855461120605469,1
google/gemma-3-1b-pt,vocative_0061,vocative,vocative m,-33.91887283325195,-29.07882308959961,7,7,0,0.3955574035644531,-0.34891319274902344,1
google/gemma-3-1b-pt,vocative_0062,vocative,vocative m,-48.07465362548828,-42.068389892578125,12,11,0,0.21880531311035156,-0.24023818969726562,0
google/gemma-3-1b-pt,vocative_0063,vocative,vocative m,-51.01609802246094,-47.37682342529297,10,9,0,-0.07664680480957031,0.07017707824707031,0
google/gemma-3-1b-pt,vocative_0064,vocative,vocative m,-48.67992401123047,-45.59709548950195,13,12,0,0.09757804870605469,-0.10641098022460938,0
google/gemma-3-1b-pt,vocative_0065,vocative,vocative m,-29.526105880737305,-28.655529022216797,8,7,0,0.8192329406738281,-0.7426872253417969,1
google/gemma-3-1b-pt,vocative_0066,vocative,vocative m,-49.46815490722656,-44.00450134277344,12,12,0,0.14482498168945312,-0.1330738067626953,1
google/gemma-3-1b-pt,vocative_0067,vocative,vocative m,-67.2022705078125,-62.9034538269043,14,14,0,0.44621849060058594,-0.38802337646484375,1
google/gemma-3-1b-pt,vocative_0068,vocative,vocative f,-63.98501205444336,-58.9576416015625,13,13,0,0.3223743438720703,-0.2548332214355469,1
google/gemma-3-1b-pt,vocative_0069,vocative,vocative f,-45.638362884521484,-42.455223083496094,13,13,0,0.3738136291503906,-0.38290977478027344,0
google/gemma-3-1b-pt,vocative_0070,vocative,vocative m,-44.88648986816406,-39.4400749206543,13,12,0,0.13421630859375,-0.13074493408203125,1
google/gemma-3-1b-pt,vocative_0071,vocative,vocative m,-59.70367431640625,-52.20258712768555,14,13,0,0.19488906860351562,-0.1759185791015625,1
google/gemma-3-1b-pt,vocative_0072,vocative,vocative f,-43.53334045410156,-34.76280975341797,14,13,0,0.11889839172363281,-0.1022491455078125,1
google/gemma-3-1b-pt,vocative_0073,vocative,vocative m,-34.06763458251953,-27.794458389282227,9,9,0,0.5413551330566406,-0.5238628387451172,1
google/gemma-3-1b-pt,vocative_0074,vocative,vocative m,-30.00720977783203,-26.981233596801758,8,6,0,0.8922120332717896,-0.8038082122802734,1
google/gemma-3-1b-pt,vocative_0075,vocative,vocative m,-64.66495513916016,-58.52490234375,8,8,0,0.21602630615234375,-0.21884918212890625,0
google/gemma-3-1b-pt,vocative_0076,vocative,vocative m,-47.9840202331543,-41.03069305419922,9,9,0,0.09688568115234375,-0.06559371948242188,1
google/gemma-3-1b-pt,vocative_0077,vocative,vocative m,-70.85163879394531,-66.38339233398438,14,13,0,0.2667045593261719,-0.19819259643554688,1
google/gemma-3-1b-pt,vocative_0078,vocative,vocative f,-47.75617218017578,-43.57691955566406,12,11,0,0.28285980224609375,-0.2874927520751953,0
google/gemma-3-1b-pt,vocative_0079,vocative,vocative m,-34.25084686279297,-31.061275482177734,8,7,0,0.12491226196289062,-0.1307544708251953,0
google/gemma-3-1b-pt,vocative_0080,vocative,vocative f,-57.71269989013672,-54.29174041748047,14,13,0,0.18914031982421875,-0.169036865234375,1
google/gemma-3-1b-pt,vocative_0081,vocative,vocative f,-42.320274353027344,-33.44992446899414,10,10,0,0.37342071533203125,-0.3832874298095703,0
google/gemma-3-1b-pt,vocative_0082,vocative,vocative m,-68.3606948852539,-64.25985717773438,8,8,0,0.4712238311767578,-0.40738677978515625,1
google/gemma-3-1b-pt,vocative_0083,vocative,vocative m,-43.112457275390625,-34.23296356201172,10,8,0,0.03267860412597656,-0.11601066589355469,0
google/gemma-3-1b-pt,vocative_0084,vocative,vocative m,-66.76827239990234,-63.13998794555664,14,13,0,0.2196369171142578,-0.14999771118164062,1
google/gemma-3-1b-pt,vocative_0085,vocative,vocative f,-59.34358215332031,-56.815757751464844,15,14,0,0.4293651580810547,-0.41703224182128906,1
google/gemma-3-1b-pt,vocative_0086,vocative,vocative m,-70.09114074707031,-62.77128982543945,9,8,0,0.09977531433105469,-0.11456871032714844,0
google/gemma-3-1b-pt,vocative_0087,vocative,vocative m,-49.0811882019043,-45.22587585449219,10,10,0,0.2850608825683594,-0.23332595825195312,1
google/gemma-3-1b-pt,vocative_0088,vocative,vocative m,-46.29766845703125,-42.14978790283203,11,10,0,0.14278030395507812,-0.10350608825683594,1
google/gemma-3-1b-pt,vocative_0089,vocative,vocative f,-52.94363021850586,-46.99949645996094,9,9,0,0.3619194030761719,-0.34885215759277344,1
google/gemma-3-1b-pt,vocative_0090,vocative,vocative m,-48.77191925048828,-42.5285530090332,13,12,0,0.36725616455078125,-0.34906578063964844,1
google/gemma-3-1b-pt,vocative_0091,vocative,vocative f,-54.66947937011719,-44.30025100708008,13,12,0,0.5610580444335938,-0.5750179290771484,0
google/gemma-3-1b-pt,vocative_0092,vocative,vocative f,-71.45880126953125,-60.941890716552734,15,14,0,0.3801898956298828,-0.3628501892089844,1
google/gemma-3-1b-pt,vocative_0093,vocative,vocative m,-54.900299072265625,-43.069114685058594,10,10,0,0.09906959533691406,-0.04832649230957031,1
google/gemma-3-1b-pt,vocative_0094,vocative,vocative m,-49.064720153808594,-44.43938446044922,12,11,0,0.7219562530517578,-0.6242618560791016,1
google/gemma-3-1b-pt,vocative_0095,vocative,vocative f,-45.063995361328125,-34.6060676574707,10,10,0,0.3506965637207031,-0.31649208068847656,1
google/gemma-3-1b-pt,vocative_0096,vocative,vocative f,-34.178138732910156,-27.460247039794922,8,7,0,0.6881217956542969,-0.694366455078125,0
google/gemma-3-1b-pt,vocative_0097,vocative,vocative f,-33.14204025268555,-30.72496795654297,9,7,0,0.24895286560058594,-0.2545356750488281,0
google/gemma-3-1b-pt,vocative_0098,vocative,vocative f,-40.88362121582031,-35.334327697753906,10,10,0,0.4022254943847656,-0.3932151794433594,1
google/gemma-3-1b-pt,vocative_0099,vocative,vocative f,-33.185176849365234,-27.24750518798828,8,6,0,0.74407958984375,-0.6490345001220703,1
google/gemma-3-1b-pt,vocative_0100,vocative,vocative m,-49.09573745727539,-43.89410400390625,13,12,0,0.3844432830810547,-0.3561267852783203,1
google/gemma-3-1b-pt,vocative_0101,vocative,vocative m,-66.45771789550781,-61.35142517089844,16,15,0,0.5847568511962891,-0.49527740478515625,1
google/gemma-3-1b-pt,vocative_0102,vocative,vocative m,-65.39865112304688,-56.45638656616211,14,13,0,0.3299369812011719,-0.18887901306152344,1
google/gemma-3-1b-pt,vocative_0103,vocative,vocative m,-47.64754104614258,-41.7403678894043,9,9,0,0.3298625946044922,-0.3160076141357422,1
google/gemma-3-1b-pt,vocative_0104,vocative,vocative m,-39.86347961425781,-32.9822998046875,9,9,0,0.3988819122314453,-0.3842754364013672,1
google/gemma-3-1b-pt,vocative_0105,vocative,vocative m,-53.34044647216797,-47.58997344970703,13,13,0,0.28753089904785156,-0.2666664123535156,1
google/gemma-3-1b-pt,vocative_0106,vocative,vocative f,-71.26663208007812,-62.91993713378906,14,13,0,0.48033714294433594,-0.5012016296386719,0
google/gemma-3-1b-pt,vocative_0107,vocative,vocative f,-52.44465637207031,-42.14130401611328,12,12,0,0.18136978149414062,-0.18697547912597656,0
google/gemma-3-1b-pt,vocative_0108,vocative,vocative m,-39.27410888671875,-28.82229232788086,8,8,0,0.6273059844970703,-0.6501731872558594,0
google/gemma-3-1b-pt,vocative_0109,vocative,vocative m,-40.55128479003906,-36.076900482177734,10,9,0,0.4010639190673828,-0.3436756134033203,1
google/gemma-3-1b-pt,vocative_0110,vocative,vocative m,-36.37813949584961,-31.949506759643555,9,9,0,0.3701210021972656,-0.35213661193847656,1
google/gemma-3-1b-pt,vocative_0111,vocative,vocative m,-49.01976013183594,-45.209564208984375,13,12,0,0.08683586120605469,-0.09879302978515625,0
google/gemma-3-1b-pt,vocative_0112,vocative,vocative m,-40.00029373168945,-35.63298034667969,9,9,0,0.02239227294921875,-0.0075016021728515625,1
google/gemma-3-1b-pt,vocative_0113,vocative,vocative m,-76.74427032470703,-65.84962463378906,13,13,0,0.4386444091796875,-0.38586997985839844,1
google/gemma-3-1b-pt,vocative_0114,vocative,vocative m,-49.955596923828125,-43.90336608886719,12,12,0,0.4806499481201172,-0.4549732208251953,1
google/gemma-3-1b-pt,vocative_0115,vocative,vocative m,-66.47109985351562,-59.56667709350586,8,8,0,0.29860496520996094,-0.2772083282470703,1
google/gemma-3-1b-pt,vocative_0116,vocative,vocative m,-45.067989349365234,-40.12297821044922,13,12,0,0.4810352325439453,-0.4695777893066406,1
google/gemma-3-1b-pt,vocative_0117,vocative,vocative m,-30.10806655883789,-31.335155487060547,9,8,1,0.3941993713378906,-0.3814048767089844,1
google/gemma-3-1b-pt,vocative_0118,vocative,vocative m,-45.403663635253906,-40.90336608886719,12,12,0,0.186737060546875,-0.14192581176757812,1
google/gemma-3-1b-pt,vocative_0119,vocative,vocative m,-47.63740539550781,-43.83243179321289,13,12,0,0.48856163024902344,-0.45121002197265625,1
google/gemma-3-1b-pt,vocative_0120,vocative,vocative m,-44.21142578125,-37.20917510986328,9,9,0,0.3867225646972656,-0.33623313903808594,1
google/gemma-3-1b-pt,vocative_0121,vocative,vocative m,-44.60868453979492,-39.65118408203125,9,9,0,0.2167987823486328,-0.19717025756835938,1
google/gemma-3-1b-pt,vocative_0122,vocative,vocative m,-30.462501525878906,-26.13356590270996,8,7,0,0.7518253326416016,-0.7211761474609375,1
google/gemma-3-1b-pt,vocative_0123,vocative,vocative f,-30.82659149169922,-32.15465545654297,9,8,1,0.3908100128173828,-0.42092132568359375,0
google/gemma-3-1b-pt,vocative_0124,vocative,vocative f,-71.35874938964844,-66.17281341552734,8,8,0,0.50408935546875,-0.4335460662841797,1
google/gemma-3-1b-pt,vocative_0125,vocative,vocative m,-37.78722381591797,-34.53092956542969,10,9,0,0.4602165222167969,-0.3942852020263672,1
google/gemma-3-1b-pt,vocative_0126,vocative,vocative f,-48.20036315917969,-42.54859924316406,13,13,0,0.4090709686279297,-0.3970375061035156,1
google/gemma-3-1b-pt,vocative_0127,vocative,vocative f,-69.58088684082031,-60.04970169067383,14,13,0,0.36704444885253906,-0.3154926300048828,1
google/gemma-3-1b-pt,vocative_0128,vocative,vocative m,-39.9466667175293,-34.38452911376953,9,8,0,0.6307353973388672,-0.551116943359375,1
google/gemma-3-1b-pt,vocative_0129,vocative,vocative f,-39.807830810546875,-30.195167541503906,7,7,0,0.7261638641357422,-0.7098541259765625,1
google/gemma-3-1b-pt,vocative_0130,vocative,vocative m,-35.05298614501953,-27.92913818359375,7,7,0,0.6397857666015625,-0.6382789611816406,1
google/gemma-3-1b-pt,vocative_0131,vocative,vocative f,-67.45088195800781,-60.9345588684082,14,14,0,0.38184165954589844,-0.4164905548095703,0
google/gemma-3-1b-pt,vocative_0132,vocative,vocative m,-36.49510955810547,-27.946958541870117,7,6,0,0.4824390411376953,-0.4901294708251953,0
google/gemma-3-1b-pt,vocative_0133,vocative,vocative m,-48.67499542236328,-41.87691116333008,13,13,0,-0.07776451110839844,0.13846206665039062,1
google/gemma-3-1b-pt,vocative_0134,vocative,vocative f,-39.183982849121094,-33.73042678833008,11,10,0,0.3773040771484375,-0.3452339172363281,1
google/gemma-3-1b-pt,vocative_0135,vocative,vocative f,-34.96586227416992,-26.24897003173828,7,7,0,0.6303119659423828,-0.6609382629394531,0
google/gemma-3-1b-pt,vocative_0136,vocative,vocative m,-38.685150146484375,-34.30353546142578,10,8,0,0.21453094482421875,-0.2316741943359375,0
google/gemma-3-1b-pt,vocative_0137,vocative,vocative m,-49.007972717285156,-40.937713623046875,13,13,0,0.7491569519042969,-0.7255287170410156,1
google/gemma-3-1b-pt,vocative_0138,vocative,vocative f,-32.76005554199219,-27.443435668945312,9,8,0,0.7469577789306641,-0.7051315307617188,1
google/gemma-3-1b-pt,vocative_0139,vocative,vocative f,-70.1517333984375,-59.54090881347656,9,8,0,0.29981231689453125,-0.2421283721923828,1
google/gemma-3-1b-pt,vocative_0140,vocative,vocative f,-51.938133239746094,-40.9371337890625,10,9,0,0.19747161865234375,-0.1636199951171875,1
google/gemma-3-1b-pt,vocative_0141,vocative,vocative m,-52.88447189331055,-47.31022262573242,10,10,0,0.6233673095703125,-0.48090362548828125,1
google/gemma-3-1b-pt,vocative_0142,vocative,vocative f,-68.9045639038086,-63.49425506591797,13,13,0,0.4341564178466797,-0.47431182861328125,0
google/gemma-3-1b-pt,vocative_0143,vocative,vocative m,-34.333282470703125,-31.71170997619629,9,7,0,0.24573516845703125,-0.22792625427246094,1
google/gemma-3-1b-pt,vocative_0144,vocative,vocative m,-69.04032897949219,-60.97624206542969,13,13,0,0.45999717712402344,-0.4694328308105469,0
google/gemma-3-1b-pt,vocative_0145,vocative,vocative f,-40.86628723144531,-34.03376007080078,10,9,0,0.2590446472167969,-0.2623710632324219,0
google/gemma-3-1b-pt,vocative_0146,vocative,vocative m,-52.0112419128418,-46.70995330810547,12,12,0,0.34917449951171875,-0.30017662048339844,1
google/gemma-3-1b-pt,vocative_0147,vocative,vocative m,-72.00669860839844,-62.10204315185547,9,9,0,0.23273849487304688,-0.279083251953125,0
google/gemma-3-1b-pt,vocative_0148,vocative,vocative m,-66.12312316894531,-57.92535400390625,10,9,0,0.2800731658935547,-0.2751026153564453,1
google/gemma-3-1b-pt,vocative_0149,vocative,vocative f,-36.12395477294922,-30.647554397583008,8,8,0,0.40172386169433594,-0.3705310821533203,1
google/gemma-3-1b-pt,vocative_0150,vocative,vocative m,-65.98067474365234,-55.71025085449219,11,10,0,0.6250095367431641,-0.5250930786132812,1
google/gemma-3-1b-pt,vocative_0151,vocative,vocative f,-33.059349060058594,-29.973339080810547,9,9,0,0.33550453186035156,-0.3657417297363281,0
google/gemma-3-1b-pt,vocative_0152,vocative,vocative f,-47.16179275512695,-45.17613983154297,10,10,0,0.31918907165527344,-0.23223114013671875,1
google/gemma-3-1b-pt,vocative_0153,vocative,vocative m,-62.16223907470703,-54.11836242675781,14,14,0,0.32921791076660156,-0.3391590118408203,0
google/gemma-3-1b-pt,vocative_0154,vocative,vocative m,-34.964332580566406,-31.65608787536621,8,7,0,0.15954208374023438,-0.1572113037109375,1
google/gemma-3-1b-pt,vocative_0155,vocative,vocative f,-34.562320709228516,-30.016756057739258,9,8,0,0.3499889373779297,-0.3674182891845703,0
google/gemma-3-1b-pt,vocative_0156,vocative,vocative m,-75.42929077148438,-66.88800811767578,14,14,0,0.24028587341308594,-0.2419414520263672,0
google/gemma-3-1b-pt,vocative_0157,vocative,vocative f,-42.8322868347168,-36.63397216796875,11,10,0,0.4099750518798828,-0.41915321350097656,0
google/gemma-3-1b-pt,vocative_0158,vocative,vocative f,-54.231475830078125,-55.07958984375,14,13,1,0.3782062530517578,-0.37044334411621094,1
google/gemma-3-1b-pt,vocative_0159,vocative,vocative m,-44.817237854003906,-43.27605056762695,12,13,0,0.4599761962890625,-0.4130725860595703,1
google/gemma-3-1b-pt,vocative_0160,vocative,vocative f,-52.16257095336914,-48.78584671020508,10,9,0,0.3897247314453125,-0.3932476043701172,0
google/gemma-3-1b-pt,vocative_0161,vocative,vocative f,-65.4100570678711,-60.377403259277344,9,8,0,0.3499908447265625,-0.3103370666503906,1
google/gemma-3-1b-pt,vocative_0162,vocative,vocative m,-33.410133361816406,-30.27967643737793,8,8,0,0.3001136779785156,-0.32761383056640625,0
google/gemma-3-1b-pt,vocative_0163,vocative,vocative m,-35.37055969238281,-31.848552703857422,9,8,0,0.2819480895996094,-0.22857666015625,1
google/gemma-3-1b-pt,vocative_0164,vocative,vocative f,-32.16234588623047,-27.133054733276367,9,8,0,0.7953759431838989,-0.7472972869873047,1
google/gemma-3-1b-pt,vocative_0165,vocative,vocative m,-30.729537963867188,-31.08124351501465,9,7,1,0.5081272125244141,-0.4716625213623047,1
google/gemma-3-1b-pt,vocative_0166,vocative,vocative f,-66.8079605102539,-62.17816162109375,10,9,0,0.6368789672851562,-0.5958766937255859,1
google/gemma-3-1b-pt,vocative_0167,vocative,vocative m,-36.22166061401367,-32.216651916503906,10,9,0,0.4029884338378906,-0.36949920654296875,1
google/gemma-3-1b-pt,vocative_0168,vocative,vocative m,-72.62916564941406,-64.31487274169922,14,13,0,0.41687965393066406,-0.39287376403808594,1
google/gemma-3-1b-pt,vocative_0169,vocative,vocative f,-50.57721710205078,-42.33640670776367,11,10,0,0.3590545654296875,-0.3144989013671875,1
google/gemma-3-1b-pt,vocative_0170,vocative,vocative m,-67.16702270507812,-66.8643569946289,8,8,0,0.5432929992675781,-0.43387794494628906,1
google/gemma-3-1b-pt,vocative_0171,vocative,vocative f,-31.538461685180664,-27.039508819580078,8,7,0,0.6698780059814453,-0.6142635345458984,1
google/gemma-3-1b-pt,vocative_0172,vocative,vocative m,-47.03351593017578,-39.173362731933594,13,13,0,0.43849945068359375,-0.4227714538574219,1
google/gemma-3-1b-pt,vocative_0173,vocative,vocative m,-46.344703674316406,-41.50579833984375,13,13,0,0.45618247985839844,-0.34470367431640625,1
google/gemma-3-1b-pt,vocative_0174,vocative,vocative f,-53.41200637817383,-45.858909606933594,13,12,0,0.3894672393798828,-0.38474464416503906,1
google/gemma-3-1b-pt,vocative_0175,vocative,vocative m,-48.6168212890625,-44.142669677734375,14,13,0,0.30323219299316406,-0.296295166015625,1
google/gemma-3-1b-pt,vocative_0176,vocative,vocative m,-38.84562683105469,-30.585657119750977,9,9,0,0.2790946960449219,-0.3032417297363281,0
google/gemma-3-1b-pt,vocative_0177,vocative,vocative m,-42.016273498535156,-37.00898742675781,10,9,0,0.2696342468261719,-0.2604084014892578,1
google/gemma-3-1b-pt,vocative_0178,vocative,vocative f,-36.549110412597656,-35.03331756591797,10,9,0,0.4699440002441406,-0.5036182403564453,0
google/gemma-3-1b-pt,vocative_0179,vocative,vocative m,-36.44242858886719,-32.90283966064453,11,10,0,0.4095726013183594,-0.3646697998046875,1
google/gemma-3-1b-pt,vocative_0180,vocative,vocative m,-65.69436645507812,-57.88555908203125,8,8,0,0.4525489807128906,-0.4691600799560547,0
google/gemma-3-1b-pt,vocative_0181,vocative,vocative f,-46.456138610839844,-41.28516387939453,12,12,0,0.38002777099609375,-0.3200798034667969,1
google/gemma-3-1b-pt,vocative_0182,vocative,vocative f,-67.54336547851562,-63.648292541503906,15,14,0,0.6462364196777344,-0.6018829345703125,1
google/gemma-3-1b-pt,vocative_0183,vocative,vocative f,-47.52011489868164,-42.16899108886719,13,13,0,0.45705413818359375,-0.47534751892089844,0
google/gemma-3-1b-pt,vocative_0184,vocative,vocative f,-46.64720916748047,-37.317176818847656,14,13,0,0.4440956115722656,-0.3495655059814453,1
google/gemma-3-1b-pt,vocative_0185,vocative,vocative f,-40.80476379394531,-33.70552062988281,10,9,0,0.4241466522216797,-0.41378021240234375,1
google/gemma-3-1b-pt,vocative_0186,vocative,vocative m,-45.214778900146484,-40.716957092285156,11,10,0,0.27307891845703125,-0.2612800598144531,1
google/gemma-3-1b-pt,vocative_0187,vocative,vocative m,-33.6431999206543,-31.840831756591797,8,7,0,0.5763683319091797,-0.5230979919433594,1
google/gemma-3-1b-pt,vocative_0188,vocative,vocative m,-46.64640808105469,-45.44215393066406,9,10,0,0.3500099182128906,-0.2428569793701172,1
google/gemma-3-1b-pt,vocative_0189,vocative,vocative m,-35.698143005371094,-30.54747200012207,7,6,0,0.7953739166259766,-0.7232189178466797,1
google/gemma-3-1b-pt,vocative_0190,vocative,vocative f,-48.3153076171875,-40.05085372924805,14,13,0,0.46764183044433594,-0.4139385223388672,1
google/gemma-3-1b-pt,vocative_0191,vocative,vocative m,-43.97119140625,-39.26708221435547,14,13,0,0.37581634521484375,-0.39397621154785156,0
google/gemma-3-1b-pt,vocative_0192,vocative,vocative m,-33.337120056152344,-29.12423324584961,8,8,0,0.37664222717285156,-0.36927032470703125,1
google/gemma-3-1b-pt,vocative_0193,vocative,vocative m,-68.46343231201172,-63.98240280151367,9,9,0,0.7180557250976562,-0.5409221649169922,1
google/gemma-3-1b-pt,vocative_0194,vocative,vocative f,-30.791736602783203,-25.94847297668457,8,6,0,0.6482162475585938,-0.6305027008056641,1
google/gemma-3-1b-pt,vocative_0195,vocative,vocative m,-59.320465087890625,-53.85764694213867,14,13,0,0.4550457000732422,-0.43222618103027344,1
google/gemma-3-1b-pt,vocative_0196,vocative,vocative f,-43.26010513305664,-38.10651779174805,13,12,0,0.33753204345703125,-0.2910346984863281,1
google/gemma-3-1b-pt,vocative_0197,vocative,vocative m,-30.965103149414062,-26.48063850402832,8,7,0,0.6952743530273438,-0.6595249176025391,1
google/gemma-3-1b-pt,vocative_0198,vocative,vocative f,-46.67456817626953,-44.77683639526367,12,12,0,0.44213104248046875,-0.4363269805908203,1
google/gemma-3-1b-pt,vocative_0199,vocative,vocative m,-52.51869201660156,-40.33473205566406,13,13,0,0.1568279266357422,-0.11272239685058594,1
google/gemma-3-1b-pt,vocative_0200,vocative,vocative m,-67.96156311035156,-62.045745849609375,15,14,0,0.2907371520996094,-0.2770195007324219,1
google/gemma-3-1b-pt,vocative_0201,vocative,vocative m,-43.25071716308594,-42.29372787475586,13,12,0,0.5100650787353516,-0.46901512145996094,1
google/gemma-3-1b-pt,vocative_0202,vocative,vocative m,-38.356563568115234,-31.225528717041016,8,7,0,0.6608085632324219,-0.6179180145263672,1
google/gemma-3-1b-pt,vocative_0203,vocative,vocative m,-37.411155700683594,-32.426551818847656,9,9,0,0.2811737060546875,-0.2425861358642578,1
google/gemma-3-1b-pt,vocative_0204,vocative,vocative m,-34.45035934448242,-29.40668296813965,7,7,0,0.7355422973632812,-0.7472362518310547,0
google/gemma-3-1b-pt,vocative_0205,vocative,vocative m,-33.90681457519531,-27.312145233154297,8,6,0,0.6025314331054688,-0.5375137329101562,1
google/gemma-3-1b-pt,vocative_0206,vocative,vocative m,-35.97019958496094,-29.805192947387695,7,7,0,0.5973148345947266,-0.5998153686523438,0
google/gemma-3-1b-pt,vocative_0207,vocative,vocative m,-36.96498107910156,-32.92961883544922,10,10,0,0.3835277557373047,-0.3621368408203125,1
google/gemma-3-1b-pt,vocative_0208,vocative,vocative f,-50.79302215576172,-44.444358825683594,10,9,0,0.25485992431640625,-0.1804962158203125,1
google/gemma-3-1b-pt,vocative_0209,vocative,vocative f,-38.215213775634766,-31.896373748779297,8,8,0,0.37848663330078125,-0.3650379180908203,1
google/gemma-3-1b-pt,vocative_0210,vocative,vocative m,-48.78064727783203,-42.387386322021484,13,12,0,0.44831085205078125,-0.4340629577636719,1
google/gemma-3-1b-pt,vocative_0211,vocative,vocative m,-43.50818634033203,-42.11957550048828,13,12,0,-0.022430419921875,0.09902191162109375,1
google/gemma-3-1b-pt,vocative_0212,vocative,vocative m,-66.56085205078125,-56.42591857910156,9,9,0,-0.08657455444335938,0.09606361389160156,1
google/gemma-3-1b-pt,vocative_0213,vocative,vocative m,-42.41347122192383,-36.194820404052734,9,9,0,0.2481365203857422,-0.23488807678222656,1
google/gemma-3-1b-pt,vocative_0214,vocative,vocative f,-67.70732116699219,-56.726905822753906,15,14,0,0.4723339080810547,-0.3719940185546875,1
google/gemma-3-1b-pt,vocative_0215,vocative,vocative f,-36.78535461425781,-34.121036529541016,9,9,0,0.35448265075683594,-0.33600425720214844,1
google/gemma-3-1b-pt,vocative_0216,vocative,vocative f,-68.52462005615234,-64.18360900878906,8,8,0,0.14704132080078125,-0.15094375610351562,0
google/gemma-3-1b-pt,vocative_0217,vocative,vocative m,-45.56287384033203,-42.069068908691406,13,12,0,0.39180564880371094,-0.41628265380859375,0
google/gemma-3-1b-pt,vocative_0218,vocative,vocative m,-43.528175354003906,-39.96363067626953,10,9,0,0.025331497192382812,0.00334930419921875,1
google/gemma-3-1b-pt,vocative_0219,vocative,vocative m,-44.40813446044922,-34.209625244140625,10,10,0,0.3133544921875,-0.31731224060058594,0
google/gemma-3-1b-pt,vocative_0220,vocative,vocative m,-56.10833740234375,-50.18316650390625,10,10,0,0.108612060546875,-0.12057304382324219,0
google/gemma-3-1b-pt,vocative_0221,vocative,vocative m,-28.997440338134766,-26.807775497436523,8,6,0,0.6642818450927734,-0.5422344207763672,1
google/gemma-3-1b-pt,vocative_0222,vocative,vocative m,-46.925621032714844,-41.758018493652344,13,11,0,0.3591957092285156,-0.360137939453125,0
google/gemma-3-1b-pt,vocative_0223,vocative,vocative f,-31.15676498413086,-30.57696533203125,10,9,0,0.35455894470214844,-0.34075927734375,1
google/gemma-3-1b-pt,vocative_0224,vocative,vocative f,-48.082801818847656,-48.3648681640625,11,10,1,0.5533275604248047,-0.5356903076171875,1
google/gemma-3-1b-pt,vocative_0225,vocative,vocative f,-68.37257385253906,-61.10359191894531,8,8,0,0.28499603271484375,-0.2655372619628906,1
google/gemma-3-1b-pt,vocative_0226,vocative,vocative f,-37.54552459716797,-28.253658294677734,7,7,0,0.7189407348632812,-0.6891460418701172,1
google/gemma-3-1b-pt,vocative_0227,vocative,vocative f,-47.233177185058594,-45.46013259887695,13,12,0,0.5164833068847656,-0.5335273742675781,0
google/gemma-3-1b-pt,vocative_0228,vocative,vocative f,-65.98876953125,-61.21904754638672,8,8,0,0.3078041076660156,-0.2270832061767578,1
google/gemma-3-1b-pt,vocative_0229,vocative,vocative f,-39.575523376464844,-29.552629470825195,8,8,0,0.6991367340087891,-0.6694583892822266,1
google/gemma-3-1b-pt,vocative_0230,vocative,vocative m,-30.407535552978516,-26.351329803466797,9,8,0,0.7903423309326172,-0.7748088836669922,1
google/gemma-3-1b-pt,vocative_0231,vocative,vocative f,-50.893516540527344,-43.67661666870117,14,13,0,0.4644794464111328,-0.4301166534423828,1
google/gemma-3-1b-pt,vocative_0232,vocative,vocative m,-68.89134979248047,-60.700645446777344,14,14,0,0.45673561096191406,-0.4331474304199219,1
google/gemma-3-1b-pt,vocative_0233,vocative,vocative m,-38.12781524658203,-27.577938079833984,8,6,0,0.4368419647216797,-0.4549999237060547,0
google/gemma-3-1b-pt,vocative_0234,vocative,vocative m,-65.23767852783203,-55.18899154663086,15,14,0,0.3771820068359375,-0.3686981201171875,1
google/gemma-3-1b-pt,vocative_0235,vocative,vocative f,-46.80815887451172,-38.65132141113281,13,13,0,0.3634185791015625,-0.37042236328125,0
google/gemma-3-1b-pt,vocative_0236,vocative,vocative m,-69.59260559082031,-63.66548538208008,9,9,0,0.17613601684570312,-0.15772056579589844,1
google/gemma-3-1b-pt,vocative_0237,vocative,vocative f,-41.073631286621094,-32.39886474609375,9,8,0,0.28212928771972656,-0.24595069885253906,1
google/gemma-3-1b-pt,vocative_0238,vocative,vocative m,-47.05554962158203,-42.11016082763672,13,11,0,0.18864059448242188,-0.23709487915039062,0
google/gemma-3-1b-pt,vocative_0239,vocative,vocative m,-41.74275207519531,-34.48328399658203,9,8,0,0.18419456481933594,-0.17708969116210938,1
google/gemma-3-1b-pt,vocative_0240,vocative,vocative f,-45.94994354248047,-36.84270477294922,13,12,0,0.06965446472167969,-0.104278564453125,0
google/gemma-3-1b-pt,vocative_0241,vocative,vocative m,-43.293968200683594,-42.24382781982422,13,11,0,0.5885868072509766,-0.5514812469482422,1
google/gemma-3-1b-pt,vocative_0242,vocative,vocative m,-49.86748504638672,-45.817420959472656,11,10,0,0.12211227416992188,-0.06192588806152344,1
google/gemma-3-1b-pt,vocative_0243,vocative,vocative f,-36.5596923828125,-33.88780212402344,10,10,0,0.34903907775878906,-0.3467426300048828,1
google/gemma-3-1b-pt,vocative_0244,vocative,vocative m,-34.04561996459961,-31.489212036132812,8,8,0,0.05704498291015625,-0.03560638427734375,1
google/gemma-3-1b-pt,vocative_0245,vocative,vocative m,-32.393558502197266,-30.174427032470703,10,9,0,0.30391693115234375,-0.3093433380126953,0
google/gemma-3-1b-pt,vocative_0246,vocative,vocative f,-49.848384857177734,-40.31379318237305,11,10,0,0.3343029022216797,-0.21614646911621094,1
google/gemma-3-1b-pt,vocative_0247,vocative,vocative f,-51.476234436035156,-47.613059997558594,11,10,0,0.3023662567138672,-0.3068065643310547,0
google/gemma-3-1b-pt,vocative_0248,vocative,vocative m,-34.69300079345703,-35.642845153808594,10,9,1,0.41501808166503906,-0.3847064971923828,1
google/gemma-3-1b-pt,vocative_0249,vocative,vocative f,-47.85663604736328,-39.2030029296875,13,12,0,0.39975547790527344,-0.33795738220214844,1
google/gemma-3-1b-pt,vocative_0250,vocative,vocative m,-44.80030059814453,-40.22062301635742,12,12,0,0.40833473205566406,-0.393310546875,1
google/gemma-3-1b-pt,vocative_0251,vocative,vocative m,-35.21220016479492,-30.88418197631836,8,8,0,0.3698158264160156,-0.35589599609375,1
google/gemma-3-1b-pt,vocative_0252,vocative,vocative f,-49.65995788574219,-41.952232360839844,12,12,0,0.5158329010009766,-0.510040283203125,1
google/gemma-3-1b-pt,vocative_0253,vocative,vocative f,-54.04652404785156,-48.714866638183594,15,14,0,0.007564544677734375,-0.015966415405273438,0
google/gemma-3-1b-pt,vocative_0254,vocative,vocative m,-60.04603958129883,-55.91651916503906,9,8,0,0.1813812255859375,-0.1833324432373047,0
google/gemma-3-1b-pt,vocative_0255,vocative,vocative f,-47.29173278808594,-44.61430358886719,13,11,0,0.38369178771972656,-0.39288902282714844,0
google/gemma-3-1b-pt,vocative_0256,vocative,vocative m,-35.880828857421875,-27.49947166442871,7,6,0,0.46302032470703125,-0.49904823303222656,0
google/gemma-3-1b-pt,vocative_0257,vocative,vocative f,-58.12577819824219,-62.20558547973633,14,14,1,0.46503639221191406,-0.4700641632080078,0
google/gemma-3-1b-pt,vocative_0258,vocative,vocative m,-47.29148483276367,-40.86280822753906,12,12,0,0.1486797332763672,-0.1219482421875,1
google/gemma-3-1b-pt,vocative_0259,vocative,vocative m,-66.403564453125,-60.81309509277344,14,13,0,-0.10997581481933594,0.1222381591796875,1
google/gemma-3-1b-pt,vocative_0260,vocative,vocative f,-48.071659088134766,-44.21630096435547,10,10,0,0.2412433624267578,-0.26244544982910156,0
google/gemma-3-1b-pt,vocative_0261,vocative,vocative f,-47.46397018432617,-43.695743560791016,13,11,0,0.46495819091796875,-0.4483318328857422,1
google/gemma-3-1b-pt,vocative_0262,vocative,vocative f,-47.71486282348633,-39.881256103515625,13,13,0,0.4695911407470703,-0.4339733123779297,1
google/gemma-3-1b-pt,vocative_0263,vocative,vocative m,-40.08854675292969,-34.90937805175781,10,10,0,0.4049053192138672,-0.3826732635498047,1
google/gemma-3-1b-pt,vocative_0264,vocative,vocative f,-48.747222900390625,-44.196136474609375,13,13,0,0.4982166290283203,-0.49008941650390625,1
google/gemma-3-1b-pt,vocative_0265,vocative,vocative f,-52.14097595214844,-39.06049346923828,13,12,0,0.43497276306152344,-0.3641319274902344,1
google/gemma-3-1b-pt,vocative_0266,vocative,vocative m,-72.312744140625,-64.10743713378906,14,14,0,0.18145751953125,-0.15118026733398438,1
google/gemma-3-1b-pt,vocative_0267,vocative,vocative m,-37.57288360595703,-30.14321517944336,8,7,0,0.6568317413330078,-0.5825386047363281,1
google/gemma-3-1b-pt,vocative_0268,vocative,vocative m,-71.61314392089844,-64.45362091064453,14,14,0,0.6935882568359375,-0.5713844299316406,1
google/gemma-3-1b-pt,vocative_0269,vocative,vocative m,-51.90437316894531,-43.22602081298828,10,10,0,0.1013031005859375,-0.12181663513183594,0
google/gemma-3-1b-pt,vocative_0270,vocative,vocative m,-31.510324478149414,-26.15221405029297,8,8,0,0.7062931060791016,-0.6768608093261719,1
google/gemma-3-1b-pt,vocative_0271,vocative,vocative m,-36.5783805847168,-30.57939910888672,8,7,0,0.6277084350585938,-0.5884857177734375,1
google/gemma-3-1b-pt,vocative_0272,vocative,vocative m,-66.28868103027344,-63.69075393676758,9,9,0,0.44785118103027344,-0.4137382507324219,1
google/gemma-3-1b-pt,vocative_0273,vocative,vocative f,-64.71456146240234,-59.429439544677734,14,13,0,0.1269245147705078,-0.10655784606933594,1
google/gemma-3-1b-pt,vocative_0274,vocative,vocative m,-40.71286392211914,-34.87184143066406,9,8,0,0.1462116241455078,-0.16683578491210938,0
google/gemma-3-1b-pt,vocative_0275,vocative,vocative f,-45.395931243896484,-42.88442611694336,13,12,0,0.3861522674560547,-0.3772144317626953,1
google/gemma-3-1b-pt,vocative_0276,vocative,vocative f,-47.60042953491211,-43.670875549316406,10,9,0,0.03944206237792969,0.02863311767578125,1
google/gemma-3-1b-pt,vocative_0277,vocative,vocative m,-46.18083190917969,-40.290531158447266,9,9,0,0.1147613525390625,-0.06769371032714844,1
google/gemma-3-1b-pt,vocative_0278,vocative,vocative f,-71.1604232788086,-65.86183166503906,15,14,0,0.45257568359375,-0.48399925231933594,0
google/gemma-3-1b-pt,vocative_0279,vocative,vocative f,-53.1303825378418,-43.75782775878906,11,10,0,0.24112319946289062,-0.21262741088867188,1
google/gemma-3-1b-pt,vocative_0280,vocative,vocative m,-65.9820327758789,-58.34611511230469,10,9,0,0.3419666290283203,-0.3740882873535156,0
google/gemma-3-1b-pt,vocative_0281,vocative,vocative m,-53.62841033935547,-44.376129150390625,9,9,0,0.3368701934814453,-0.25267601013183594,1
google/gemma-3-1b-pt,vocative_0282,vocative,vocative f,-34.066226959228516,-29.45777130126953,8,8,0,0.2681560516357422,-0.28528594970703125,0
google/gemma-3-1b-pt,vocative_0283,vocative,vocative m,-50.48817443847656,-45.20732879638672,10,10,0,0.7363719940185547,-0.6622600555419922,1
google/gemma-3-1b-pt,vocative_0284,vocative,vocative m,-64.34477233886719,-56.60090637207031,9,8,0,0.37903404235839844,-0.4365653991699219,0
google/gemma-3-1b-pt,vocative_0285,vocative,vocative m,-41.813270568847656,-35.99246597290039,10,9,0,0.2969493865966797,-0.24261093139648438,1
google/gemma-3-1b-pt,vocative_0286,vocative,vocative m,-49.35559844970703,-46.310791015625,12,12,0,0.4906940460205078,-0.4429740905761719,1
google/gemma-3-1b-pt,vocative_0287,vocative,vocative m,-32.6826171875,-30.470951080322266,10,9,0,0.39054298400878906,-0.40303611755371094,0
google/gemma-3-1b-pt,vocative_0288,vocative,vocative f,-70.1706771850586,-61.990909576416016,10,9,0,0.44092369079589844,-0.3914203643798828,1
google/gemma-3-1b-pt,vocative_0289,vocative,vocative m,-33.95542907714844,-30.835880279541016,8,8,0,0.7502098083496094,-0.7141952514648438,1
google/gemma-3-1b-pt,vocative_0290,vocative,vocative f,-31.054914474487305,-27.3150634765625,7,7,0,0.6876964569091797,-0.6762771606445312,1
google/gemma-3-1b-pt,vocative_0291,vocative,vocative f,-47.41169738769531,-39.29235076904297,13,13,0,0.42893409729003906,-0.43410301208496094,0
google/gemma-3-1b-pt,vocative_0292,vocative,vocative m,-46.24437713623047,-41.927207946777344,12,12,0,0.5106754302978516,-0.4983539581298828,1
google/gemma-3-1b-pt,vocative_0293,vocative,vocative m,-43.71152877807617,-40.456382751464844,13,12,0,0.3863410949707031,-0.37994956970214844,1
google/gemma-3-1b-pt,vocative_0294,vocative,vocative m,-41.28003692626953,-32.64777755737305,10,10,0,0.7668876647949219,-0.7525806427001953,1
google/gemma-3-1b-pt,vocative_0295,vocative,vocative m,-51.8495979309082,-42.45585632324219,13,13,0,0.4255256652832031,-0.4069557189941406,1
google/gemma-3-1b-pt,vocative_0296,vocative,vocative m,-62.201507568359375,-54.02223205566406,9,8,0,0.45720863342285156,-0.47911834716796875,0
google/gemma-3-1b-pt,vocative_0297,vocative,vocative m,-68.00822448730469,-58.57560729980469,9,8,0,0.48863792419433594,-0.44970703125,1
google/gemma-3-1b-pt,vocative_0298,vocative,vocative f,-46.46757125854492,-41.456336975097656,12,12,0,0.3853931427001953,-0.3971748352050781,0
google/gemma-3-1b-pt,vocative_0299,vocative,vocative m,-68.83296203613281,-60.33557891845703,10,9,0,0.19950485229492188,-0.2509288787841797,0
