model,uid,phenomenon,group,lp_good,lp_bad,ntok_good,ntok_bad,prob_correct,prompt_margin_ab,prompt_margin_ba,prompt_correct
google/gemma-3-12b-pt,adjective_agreement_0000,adjective_agreement,"masc noun, neut adj",-33.97304916381836,-40.616058349609375,7,7,1,0.6154747009277344,3.4604833722114563,1
google/gemma-3-12b-pt,adjective_agreement_0001,adjective_agreement,"neut noun, femn adj",-31.941112518310547,-42.01804733276367,6,6,1,0.9223326444625854,3.69073486328125,1
google/gemma-3-12b-pt,adjective_agreement_0002,adjective_agreement,"femn noun, masc adj",-37.356056213378906,-39.034629821777344,6,6,1,0.19113540649414062,2.6592655777931213,1
google/gemma-3-12b-pt,adjective_agreement_0003,adjective_agreement,"femn noun, neut adj",-37.1818733215332,-49.37727355957031,7,7,1,0.1917724609375,3.0931186079978943,1
google/gemma-3-12b-pt,adjective_agreement_0004,adjective_agreement,"neut noun, masc adj",-34.25948715209961,-39.85102081298828,7,7,1,-0.6218013763427734,3.6806660294532776,1
google/gemma-3-12b-pt,adjective_agreement_0005,adjective_agreement,"neut noun, femn adj",-41.213096618652344,-44.80970001220703,6,6,1,-0.23352622985839844,3.223857879638672,1
google/gemma-3-12b-pt,adjective_agreement_0006,adjective_agreement,"femn noun, neut adj",-40.5002555847168,-46.50738525390625,5,5,1,-0.5002632141113281,2.8946971893310547,1
google/gemma-3-12b-pt,adjective_agreement_0007,adjective_agreement,"femn noun, masc adj",-45.178253173828125,-49.79197692871094,9,10,1,-0.4775981903076172,2.3696783781051636,1
google/gemma-3-12b-pt,adjective_agreement_0008,adjective_agreement,"femn noun, masc adj",-43.265098571777344,-50.0438232421875,5,5,1,0.009765625,2.808841824531555,1
google/gemma-3-12b-pt,adjective_agreement_0009,adjective_agreement,"neut noun, masc adj",-40.234039306640625,-44.002052307128906,7,7,1,-0.029291152954101562,3.356470227241516,1
google/gemma-3-12b-pt,adjective_agreement_0010,adjective_agreement,"masc noun, neut adj",-37.934959411621094,-43.84968948364258,8,8,1,-0.015644073486328125,2.8256741762161255,1
google/gemma-3-12b-pt,adjective_agreement_0011,adjective_agreement,"femn noun, masc adj",-39.43752670288086,-43.304046630859375,7,8,1,0.08432388305664062,2.677654206752777,1
google/gemma-3-12b-pt,adjective_agreement_0012,adjective_agreement,"masc noun, neut adj",-43.194427490234375,-45.849403381347656,11,11,1,-0.1470470428466797,3.1352157592773438,1
google/gemma-3-12b-pt,adjective_agreement_0013,adjective_agreement,"masc noun, neut adj",-36.09238815307617,-41.0072021484375,6,7,1,-0.15412330627441406,3.201614260673523,1
google/gemma-3-12b-pt,adjective_agreement_0014,adjective_agreement,"neut noun, femn adj",-39.1065788269043,-44.839683532714844,5,5,1,-0.10182952880859375,2.322847306728363,1
google/gemma-3-12b-pt,adjective_agreement_0015,adjective_agreement,"neut noun, masc adj",-41.216732025146484,-45.803016662597656,9,9,1,0.7679958343505859,3.7390080094337463,1
google/gemma-3-12b-pt,adjective_agreement_0016,adjective_agreement,"neut noun, femn adj",-44.43180847167969,-45.49414825439453,5,5,1,0.8927003145217896,3.488872706890106,1
google/gemma-3-12b-pt,adjective_agreement_0017,adjective_agreement,"neut noun, femn adj",-34.03532409667969,-41.28657531738281,7,6,1,0.7181798219680786,3.1096763610839844,1
google/gemma-3-12b-pt,adjective_agreement_0018,adjective_agreement,"neut noun, femn adj",-43.24040985107422,-46.9107666015625,5,5,1,1.1218794584274292,3.0629729628562927,1
google/gemma-3-12b-pt,adjective_agreement_0019,adjective_agreement,"neut noun, masc adj",-41.70867919921875,-43.631614685058594,11,11,1,0.6117382049560547,3.6983166933059692,1
google/gemma-3-12b-pt,adjective_agreement_0020,adjective_agreement,"neut noun, masc adj",-36.76112365722656,-43.95293426513672,6,5,1,0.4827556610107422,3.052024722099304,1
google/gemma-3-12b-pt,adjective_agreement_0021,adjective_agreement,"masc noun, femn adj",-38.531044006347656,-44.75743865966797,6,6,1,0.08458518981933594,3.7413158416748047,1
google/gemma-3-12b-pt,adjective_agreement_0022,adjective_agreement,"femn noun, masc adj",-41.56871795654297,-50.52899932861328,6,6,1,0.27612876892089844,3.1285191774368286,1
google/gemma-3-12b-pt,adjective_agreement_0023,adjective_agreement,"femn noun, neut adj",-39.11745834350586,-46.03282165527344,6,7,1,-0.13906097412109375,2.841501235961914,1
google/gemma-3-12b-pt,adjective_agreement_0024,adjective_agreement,"femn noun, masc adj",-40.05870819091797,-43.52656555175781,7,6,1,-0.19862747192382812,2.8800869584083557,1
google/gemma-3-12b-pt,adjective_agreement_0025,adjective_agreement,"femn noun, neut adj",-38.71013641357422,-46.16578674316406,6,6,1,-0.1716747283935547,2.582857131958008,1
google/gemma-3-12b-pt,adjective_agreement_0026,adjective_agreement,"femn noun, neut adj",-45.541725158691406,-51.843055725097656,10,10,1,0.49815940856933594,3.429136097431183,1
google/gemma-3-12b-pt,adjective_agreement_0027,adjective_agreement,"femn noun, masc adj",-41.93004608154297,-44.808258056640625,7,7,1,0.15781021118164062,2.8780843019485474,1
google/gemma-3-12b-pt,adjective_agreement_0028,adjective_agreement,"neut noun, masc adj",-40.87213134765625,-42.087772369384766,7,6,1,-0.284881591796875,3.014734208583832,1
google/gemma-3-12b-pt,adjective_agreement_0029,adjective_agreement,"masc noun, neut adj",-39.72304153442383,-43.63890075683594,6,7,1,-0.06967544555664062,3.1237794160842896,1
google/gemma-3-12b-pt,adjective_agreement_0030,adjective_agreement,"femn noun, neut adj",-40.060997009277344,-47.24775314331055,5,5,1,-0.496246337890625,2.6310235261917114,1
google/gemma-3-12b-pt,adjective_agreement_0031,adjective_agreement,"femn noun, masc adj",-42.404579162597656,-50.819602966308594,10,9,1,0.5336265563964844,3.420128047466278,1
google/gemma-3-12b-pt,adjective_agreement_0032,adjective_agreement,"masc noun, neut adj",-33.909385681152344,-40.67341232299805,7,8,1,-0.12514686584472656,3.0477333068847656,1
google/gemma-3-12b-pt,adjective_agreement_0033,adjective_agreement,"femn noun, neut adj",-34.85356903076172,-45.90788269042969,6,7,1,0.5464630126953125,2.982152819633484,1
google/gemma-3-12b-pt,adjective_agreement_0034,adjective_agreement,"femn noun, masc adj",-38.35474395751953,-42.803768157958984,7,7,1,-0.2589702606201172,2.8212565779685974,1
google/gemma-3-12b-pt,adjective_agreement_0035,adjective_agreement,"femn noun, neut adj",-46.51091003417969,-55.40141296386719,9,9,1,-0.5331535339355469,2.6862679719924927,1
google/gemma-3-12b-pt,adjective_agreement_0036,adjective_agreement,"femn noun, neut adj",-37.036991119384766,-45.51258850097656,5,5,1,0.3943214416503906,3.787309467792511,1
google/gemma-3-12b-pt,adjective_agreement_0037,adjective_agreement,"masc noun, femn adj",-41.478694915771484,-46.923702239990234,7,6,1,-0.000896453857421875,1.9983482360839844,1
google/gemma-3-12b-pt,adjective_agreement_0038,adjective_agreement,"femn noun, masc adj",-45.559574127197266,-48.789520263671875,10,10,1,0.2741107940673828,3.2316247820854187,1
google/gemma-3-12b-pt,adjective_agreement_0039,adjective_agreement,"femn noun, masc adj",-39.219600677490234,-42.37761306762695,5,5,1,0.1609210968017578,2.817875027656555,1
google/gemma-3-12b-pt,adjective_agreement_0040,adjective_agreement,"neut noun, femn adj",-41.908538818359375,-46.05693054199219,10,9,1,0.20818710327148438,3.283790707588196,1
google/gemma-3-12b-pt,adjective_agreement_0041,adjective_agreement,"femn noun, masc adj",-40.328514099121094,-46.900718688964844,5,5,1,0.6969889402389526,3.658550262451172,1
google/gemma-3-12b-pt,adjective_agreement_0042,adjective_agreement,"femn noun, masc adj",-37.6191291809082,-43.564048767089844,6,6,1,-0.05894279479980469,3.7185458540916443,1
google/gemma-3-12b-pt,adjective_agreement_0043,adjective_agreement,"masc noun, femn adj",-39.963340759277344,-49.87240982055664,6,6,1,1.203201413154602,3.4256190061569214,1
google/gemma-3-12b-pt,adjective_agreement_0044,adjective_agreement,"neut noun, masc adj",-46.73660659790039,-49.418338775634766,11,11,1,0.5756396055221558,3.6836698055267334,1
google/gemma-3-12b-pt,adjective_agreement_0045,adjective_agreement,"masc noun, neut adj",-37.76996994018555,-40.94976806640625,7,7,1,0.3881206512451172,3.167638838291168,1
google/gemma-3-12b-pt,adjective_agreement_0046,adjective_agreement,"neut noun, femn adj",-49.507301330566406,-47.998321533203125,6,6,0,-0.0755157470703125,2.40303236246109,1
google/gemma-3-12b-pt,adjective_agreement_0047,adjective_agreement,"neut noun, masc adj",-41.163368225097656,-41.913936614990234,8,8,1,0.019565582275390625,3.054101884365082,1
google/gemma-3-12b-pt,adjective_agreement_0048,adjective_agreement,"neut noun, femn adj",-39.73025894165039,-46.39613342285156,6,5,1,0.40176963806152344,2.9427300095558167,1
google/gemma-3-12b-pt,adjective_agreement_0049,adjective_agreement,"femn noun, neut adj",-37.79585647583008,-44.582427978515625,8,8,1,0.06991767883300781,3.038677155971527,1
google/gemma-3-12b-pt,adjective_agreement_0050,adjective_agreement,"masc noun, neut adj",-45.14888000488281,-47.90779495239258,9,10,1,0.6353340148925781,3.556899845600128,1
google/gemma-3-12b-pt,adjective_agreement_0051,adjective_agreement,"masc noun, neut adj",-45.14800262451172,-51.142723083496094,10,10,1,0.3157672882080078,3.4291593432426453,1
google/gemma-3-12b-pt,adjective_agreement_0052,adjective_agreement,"femn noun, neut adj",-40.64389419555664,-46.49003601074219,7,7,1,0.099945068359375,3.2949963212013245,1
google/gemma-3-12b-pt,adjective_agreement_0053,adjective_agreement,"femn noun, masc adj",-43.92405319213867,-49.817161560058594,10,9,1,-0.05219078063964844,3.135448396205902,1
google/gemma-3-12b-pt,adjective_agreement_0054,adjective_agreement,"neut noun, masc adj",-41.13766860961914,-44.05668640136719,9,9,1,-0.35781097412109375,2.211753726005554,1
google/gemma-3-12b-pt,adjective_agreement_0055,adjective_agreement,"femn noun, masc adj",-38.42823028564453,-41.939083099365234,7,7,1,-0.07445907592773438,2.9081307649612427,1
google/gemma-3-12b-pt,adjective_agreement_0056,adjective_agreement,"masc noun, femn adj",-35.10374069213867,-41.26664733886719,7,6,1,0.2943687438964844,3.1514264345169067,1
google/gemma-3-12b-pt,adjective_agreement_0057,adjective_agreement,"masc noun, femn adj",-49.49251937866211,-50.30911636352539,10,9,1,-0.366912841796875,2.6388397216796875,1
google/gemma-3-12b-pt,adjective_agreement_0058,adjective_agreement,"masc noun, neut adj",-39.668006896972656,-46.07080841064453,7,6,1,0.019128799438476562,3.217708468437195,1
google/gemma-3-12b-pt,adjective_agreement_0059,adjective_agreement,"femn noun, neut adj",-40.674156188964844,-48.738094329833984,7,7,1,0.5471153259277344,3.4180776476860046,1
google/gemma-3-12b-pt,adjective_agreement_0060,adjective_agreement,"femn noun, neut adj",-42.57769775390625,-50.12476348876953,9,9,1,0.23728370666503906,3.535650312900543,1
google/gemma-3-12b-pt,adjective_agreement_0061,adjective_agreement,"masc noun, neut adj",-40.51955032348633,-46.011253356933594,7,6,1,0.10753440856933594,3.121191084384918,1
google/gemma-3-12b-pt,adjective_agreement_0062,adjective_agreement,"femn noun, neut adj",-38.9024658203125,-47.16252517700195,6,6,1,0.42064476013183594,2.981290876865387,1
google/gemma-3-12b-pt,adjective_agreement_0063,adjective_agreement,"femn noun, neut adj",-41.21747589111328,-46.50312042236328,7,7,1,0.0985260009765625,3.4807034134864807,1
google/gemma-3-12b-pt,adjective_agreement_0064,adjective_agreement,"femn noun, masc adj",-38.06537628173828,-42.92205047607422,8,8,1,0.20350265502929688,2.9354859590530396,1
google/gemma-3-12b-pt,adjective_agreement_0065,adjective_agreement,"femn noun, masc adj",-39.709259033203125,-48.75233459472656,8,8,1,0.18201065063476562,3.4919605255126953,1
google/gemma-3-12b-pt,adjective_agreement_0066,adjective_agreement,"masc noun, neut adj",-37.098609924316406,-44.88371276855469,7,7,1,0.3066272735595703,3.357801675796509,1
google/gemma-3-12b-pt,adjective_agreement_0067,adjective_agreement,"neut noun, masc adj",-45.59845733642578,-41.406829833984375,5,5,0,0.4011516571044922,2.466196060180664,1
google/gemma-3-12b-pt,adjective_agreement_0068,adjective_agreement,"femn noun, neut adj",-40.65433883666992,-41.48550033569336,4,5,1,-0.09420013427734375,2.9895116090774536,1
google/gemma-3-12b-pt,adjective_agreement_0069,adjective_agreement,"femn noun, masc adj",-44.59041976928711,-49.20848846435547,10,10,1,0.0665283203125,3.1738434433937073,1
google/gemma-3-12b-pt,adjective_agreement_0070,adjective_agreement,"femn noun, neut adj",-35.290977478027344,-43.35832977294922,6,7,1,0.4291515350341797,2.974475920200348,1
google/gemma-3-12b-pt,adjective_agreement_0071,adjective_agreement,"masc noun, neut adj",-40.57268142700195,-41.369232177734375,7,7,1,0.33403778076171875,3.146030366420746,1
google/gemma-3-12b-pt,adjective_agreement_0072,adjective_agreement,"femn noun, masc adj",-41.25519943237305,-46.93701171875,5,6,1,0.11098861694335938,2.772525668144226,1
google/gemma-3-12b-pt,adjective_agreement_0073,adjective_agreement,"masc noun, femn adj",-45.53914260864258,-49.907920837402344,11,11,1,0.06731986999511719,3.613914430141449,1
google/gemma-3-12b-pt,adjective_agreement_0074,adjective_agreement,"masc noun, femn adj",-37.91876220703125,-42.52638244628906,7,7,1,-0.06831550598144531,3.574588716030121,1
google/gemma-3-12b-pt,adjective_agreement_0075,adjective_agreement,"neut noun, femn adj",-38.909053802490234,-47.087650299072266,6,6,1,0.3825111389160156,3.501653552055359,1
google/gemma-3-12b-pt,adjective_agreement_0076,adjective_agreement,"femn noun, masc adj",-41.86729431152344,-47.851356506347656,9,9,1,0.1385631561279297,2.946887969970703,1
google/gemma-3-12b-pt,adjective_agreement_0077,adjective_agreement,"masc noun, neut adj",-35.46638107299805,-47.15106964111328,7,8,1,0.11785888671875,3.1303786039352417,1
google/gemma-3-12b-pt,adjective_agreement_0078,adjective_agreement,"masc noun, femn adj",-35.7501335144043,-47.41993713378906,5,5,1,0.9025402069091797,3.418628454208374,1
google/gemma-3-12b-pt,adjective_agreement_0079,adjective_agreement,"neut noun, femn adj",-39.03338623046875,-45.68766403198242,5,5,1,0.7103271484375,3.829764425754547,1
google/gemma-3-12b-pt,adjective_agreement_0080,adjective_agreement,"masc noun, femn adj",-37.268470764160156,-42.149208068847656,6,6,1,0.6402112245559692,3.810239791870117,1
google/gemma-3-12b-pt,adjective_agreement_0081,adjective_agreement,"masc noun, neut adj",-37.900089263916016,-46.023223876953125,7,7,1,0.614105224609375,3.4279977679252625,1
google/gemma-3-12b-pt,adjective_agreement_0082,adjective_agreement,"femn noun, neut adj",-37.44720458984375,-42.27812576293945,6,6,1,-0.2313385009765625,3.6124038100242615,1
google/gemma-3-12b-pt,adjective_agreement_0083,adjective_agreement,"femn noun, masc adj",-36.25373077392578,-41.34770965576172,7,7,1,0.10123443603515625,3.1391085982322693,1
google/gemma-3-12b-pt,adjective_agreement_0084,adjective_agreement,"masc noun, neut adj",-42.07247543334961,-47.55158615112305,7,7,1,1.010183334350586,3.2577436566352844,1
google/gemma-3-12b-pt,adjective_agreement_0085,adjective_agreement,"femn noun, neut adj",-44.65617370605469,-54.6834716796875,10,10,1,0.17606544494628906,3.627830386161804,1
google/gemma-3-12b-pt,adjective_agreement_0086,adjective_agreement,"neut noun, masc adj",-36.57435989379883,-44.99214172363281,6,7,1,0.8782235383987427,3.17129909992218,1
google/gemma-3-12b-pt,adjective_agreement_0087,adjective_agreement,"masc noun, femn adj",-44.94548034667969,-47.8651008605957,7,7,1,0.5274581909179688,2.5798550844192505,1
google/gemma-3-12b-pt,adjective_agreement_0088,adjective_agreement,"neut noun, masc adj",-39.35314178466797,-45.14338302612305,6,7,1,1.6547164916992188,3.2559717893600464,1
google/gemma-3-12b-pt,adjective_agreement_0089,adjective_agreement,"neut noun, femn adj",-36.473724365234375,-41.3353157043457,8,8,1,0.4884490966796875,3.6084192395210266,1
google/gemma-3-12b-pt,adjective_agreement_0090,adjective_agreement,"neut noun, femn adj",-40.584922790527344,-42.721107482910156,8,8,1,-0.1502857208251953,2.459825575351715,1
google/gemma-3-12b-pt,adjective_agreement_0091,adjective_agreement,"neut noun, femn adj",-39.10133361816406,-43.51762390136719,4,4,1,-0.046733856201171875,2.904949128627777,1
google/gemma-3-12b-pt,adjective_agreement_0092,adjective_agreement,"femn noun, neut adj",-43.361671447753906,-50.23140335083008,7,7,1,0.025278091430664062,2.8775806427001953,1
google/gemma-3-12b-pt,adjective_agreement_0093,adjective_agreement,"femn noun, masc adj",-44.95849609375,-47.156524658203125,7,7,1,0.46349334716796875,2.6515082120895386,1
google/gemma-3-12b-pt,adjective_agreement_0094,adjective_agreement,"neut noun, masc adj",-32.16769027709961,-35.478416442871094,5,5,1,0.8005579710006714,4.094511926174164,1
google/gemma-3-12b-pt,adjective_agreement_0095,adjective_agreement,"femn noun, neut adj",-40.480079650878906,-51.026981353759766,7,7,1,0.29329872131347656,2.710630476474762,1
google/gemma-3-12b-pt,adjective_agreement_0096,adjective_agreement,"femn noun, neut adj",-35.52523422241211,-41.486122131347656,6,6,1,0.4760723114013672,3.562610447406769,1
google/gemma-3-12b-pt,adjective_agreement_0097,adjective_agreement,"femn noun, neut adj",-39.5618896484375,-46.827354431152344,6,6,1,0.3415031433105469,3.584915041923523,1
google/gemma-3-12b-pt,adjective_agreement_0098,adjective_agreement,"neut noun, femn adj",-38.78837203979492,-45.47442626953125,7,6,1,0.06453704833984375,2.9171544313430786,1
google/gemma-3-12b-pt,adjective_agreement_0099,adjective_agreement,"masc noun, neut adj",-46.9176025390625,-50.48890686035156,10,10,1,0.2570381164550781,3.4320581555366516,1
google/gemma-3-12b-pt,adjective_agreement_0100,adjective_agreement,"femn noun, neut adj",-37.46352767944336,-46.818763732910156,7,7,1,0.44339561462402344,3.4295464158058167,1
google/gemma-3-12b-pt,adjective_agreement_0101,adjective_agreement,"neut noun, femn adj",-41.39824676513672,-42.5772705078125,7,7,1,-0.14262008666992188,2.272239565849304,1
google/gemma-3-12b-pt,adjective_agreement_0102,adjective_agreement,"femn noun, masc adj",-36.38949966430664,-43.631385803222656,5,5,1,0.02747344970703125,3.7946872115135193,1
google/gemma-3-12b-pt,adjective_agreement_0103,adjective_agreement,"masc noun, neut adj",-39.946964263916016,-47.577232360839844,9,10,1,0.6827602386474609,3.53438937664032,1
google/gemma-3-12b-pt,adjective_agreement_0104,adjective_agreement,"femn noun, neut adj",-42.66149139404297,-53.43467712402344,10,10,1,0.4217815399169922,3.5916576385498047,1
google/gemma-3-12b-pt,adjective_agreement_0105,adjective_agreement,"masc noun, femn adj",-38.33003234863281,-42.44767761230469,8,7,1,1.0538349151611328,2.79693603515625,1
google/gemma-3-12b-pt,adjective_agreement_0106,adjective_agreement,"neut noun, femn adj",-35.05387878417969,-46.76800537109375,7,6,1,-0.24045181274414062,2.8321839570999146,1
google/gemma-3-12b-pt,adjective_agreement_0107,adjective_agreement,"femn noun, masc adj",-40.89038848876953,-45.09136962890625,6,6,1,0.17985916137695312,3.435903489589691,1
google/gemma-3-12b-pt,adjective_agreement_0108,adjective_agreement,"femn noun, masc adj",-41.29145431518555,-43.45180892944336,6,7,1,-0.3284034729003906,2.5038299560546875,1
google/gemma-3-12b-pt,adjective_agreement_0109,adjective_agreement,"neut noun, femn adj",-40.32738494873047,-43.37726593017578,6,6,1,0.5907039642333984,2.4806156158447266,1
google/gemma-3-12b-pt,adjective_agreement_0110,adjective_agreement,"femn noun, neut adj",-43.151939392089844,-51.78785705566406,7,7,1,-0.04572296142578125,2.533697187900543,1
google/gemma-3-12b-pt,adjective_agreement_0111,adjective_agreement,"masc noun, neut adj",-35.30924987792969,-40.11389923095703,6,6,1,-0.02666473388671875,2.91648668050766,1
google/gemma-3-12b-pt,adjective_agreement_0112,adjective_agreement,"masc noun, neut adj",-42.825836181640625,-47.04484939575195,10,11,1,0.46935462951660156,3.298708140850067,1
google/gemma-3-12b-pt,adjective_agreement_0113,adjective_agreement,"masc noun, femn adj",-51.76437759399414,-56.7180061340332,10,10,1,0.1610698699951172,3.0958557724952698,1
google/gemma-3-12b-pt,adjective_agreement_0114,adjective_agreement,"masc noun, neut adj",-41.3221435546875,-45.2890625,8,7,1,-0.1631317138671875,2.833547592163086,1
google/gemma-3-12b-pt,adjective_agreement_0115,adjective_agreement,"femn noun, masc adj",-35.49652099609375,-41.98635482788086,6,6,1,0.7620906829833984,3.642530620098114,1
google/gemma-3-12b-pt,adjective_agreement_0116,adjective_agreement,"masc noun, femn adj",-46.042945861816406,-53.01221466064453,6,6,1,0.4995288848876953,2.9947968125343323,1
google/gemma-3-12b-pt,adjective_agreement_0117,adjective_agreement,"femn noun, masc adj",-37.65217590332031,-45.68532180786133,6,7,1,-0.1266193389892578,2.961509644985199,1
google/gemma-3-12b-pt,adjective_agreement_0118,adjective_agreement,"femn noun, masc adj",-42.58003234863281,-52.44309997558594,6,6,1,0.062267303466796875,2.9033392667770386,1
google/gemma-3-12b-pt,adjective_agreement_0119,adjective_agreement,"femn noun, masc adj",-42.92539978027344,-49.64519500732422,9,9,1,0.5978260040283203,3.548145115375519,1
google/gemma-3-12b-pt,adjective_agreement_0120,adjective_agreement,"neut noun, femn adj",-43.24641418457031,-43.52391815185547,7,7,1,-0.6532325744628906,1.7630099654197693,1
google/gemma-3-12b-pt,adjective_agreement_0121,adjective_agreement,"neut noun, masc adj",-39.41289520263672,-39.67386245727539,8,8,1,0.381072998046875,3.0931280851364136,1
google/gemma-3-12b-pt,adjective_agreement_0122,adjective_agreement,"neut noun, femn adj",-45.620147705078125,-50.582611083984375,11,11,1,0.04248809814453125,3.901606500148773,1
google/gemma-3-12b-pt,adjective_agreement_0123,adjective_agreement,"masc noun, femn adj",-42.89750289916992,-49.99057388305664,7,7,1,0.642120361328125,3.31891268491745,1
google/gemma-3-12b-pt,adjective_agreement_0124,adjective_agreement,"neut noun, femn adj",-46.87107849121094,-50.535587310791016,9,9,1,0.6716175079345703,3.340610682964325,1
google/gemma-3-12b-pt,adjective_agreement_0125,adjective_agreement,"femn noun, neut adj",-43.71649169921875,-42.98024368286133,6,7,0,-0.20997238159179688,2.309717297554016,1
google/gemma-3-12b-pt,adjective_agreement_0126,adjective_agreement,"femn noun, neut adj",-42.1006965637207,-51.952186584472656,9,9,1,0.5029487609863281,3.690103530883789,1
google/gemma-3-12b-pt,adjective_agreement_0127,adjective_agreement,"femn noun, masc adj",-46.65279769897461,-45.94453811645508,6,7,0,-0.3941802978515625,2.7635231614112854,1
google/gemma-3-12b-pt,adjective_agreement_0128,adjective_agreement,"femn noun, neut adj",-37.47467041015625,-52.664710998535156,6,6,1,-0.3110065460205078,3.197391450405121,1
google/gemma-3-12b-pt,adjective_agreement_0129,adjective_agreement,"neut noun, femn adj",-38.90451431274414,-41.983463287353516,6,6,1,0.49323081970214844,3.698467433452606,1
google/gemma-3-12b-pt,adjective_agreement_0130,adjective_agreement,"masc noun, femn adj",-42.12709426879883,-47.56682586669922,7,7,1,1.6667479276657104,3.3870105743408203,1
google/gemma-3-12b-pt,adjective_agreement_0131,adjective_agreement,"neut noun, masc adj",-46.172767639160156,-49.173301696777344,12,12,1,-0.09779548645019531,2.8663902282714844,1
google/gemma-3-12b-pt,adjective_agreement_0132,adjective_agreement,"neut noun, masc adj",-42.664093017578125,-45.12440872192383,8,9,1,0.43567657470703125,2.6582507491111755,1
google/gemma-3-12b-pt,adjective_agreement_0133,adjective_agreement,"neut noun, masc adj",-43.41122817993164,-46.88211441040039,10,10,1,-0.7015151977539062,3.7383134365081787,1
google/gemma-3-12b-pt,adjective_agreement_0134,adjective_agreement,"femn noun, masc adj",-43.36969757080078,-50.09356689453125,10,9,1,-0.23474502563476562,3.276771664619446,1
google/gemma-3-12b-pt,adjective_agreement_0135,adjective_agreement,"masc noun, femn adj",-41.35646057128906,-48.59270477294922,7,6,1,0.07903099060058594,2.990829586982727,1
google/gemma-3-12b-pt,adjective_agreement_0136,adjective_agreement,"neut noun, femn adj",-44.90742111206055,-47.6279182434082,10,10,1,-0.09100151062011719,3.7810304164886475,1
google/gemma-3-12b-pt,adjective_agreement_0137,adjective_agreement,"femn noun, neut adj",-38.2468147277832,-43.02546691894531,7,7,1,0.5668964385986328,3.569667637348175,1
google/gemma-3-12b-pt,adjective_agreement_0138,adjective_agreement,"masc noun, neut adj",-46.44267272949219,-52.40736770629883,10,10,1,0.9302749633789062,3.608459234237671,1
google/gemma-3-12b-pt,adjective_agreement_0139,adjective_agreement,"femn noun, masc adj",-45.466217041015625,-51.70684051513672,9,10,1,0.15243911743164062,3.2761269211769104,1
google/gemma-3-12b-pt,adjective_agreement_0140,adjective_agreement,"neut noun, masc adj",-39.06012725830078,-40.27630615234375,7,7,1,0.3583259582519531,3.3649330735206604,1
google/gemma-3-12b-pt,adjective_agreement_0141,adjective_agreement,"femn noun, masc adj",-36.50761413574219,-41.473724365234375,7,7,1,0.39316749572753906,3.2108784914016724,1
google/gemma-3-12b-pt,adjective_agreement_0142,adjective_agreement,"neut noun, femn adj",-37.105281829833984,-44.05524826049805,6,6,1,1.1864490509033203,3.616827130317688,1
google/gemma-3-12b-pt,adjective_agreement_0143,adjective_agreement,"femn noun, masc adj",-42.441246032714844,-49.839988708496094,10,10,1,0.8738002777099609,3.769285023212433,1
google/gemma-3-12b-pt,adjective_agreement_0144,adjective_agreement,"femn noun, masc adj",-38.86320495605469,-45.37531280517578,7,8,1,0.2740821838378906,2.738470137119293,1
google/gemma-3-12b-pt,adjective_agreement_0145,adjective_agreement,"masc noun, femn adj",-36.95378875732422,-42.24071502685547,7,7,1,0.9069861173629761,3.5941449999809265,1
google/gemma-3-12b-pt,adjective_agreement_0146,adjective_agreement,"femn noun, neut adj",-43.54060363769531,-43.719032287597656,5,6,1,-0.18901634216308594,2.8285789489746094,1
google/gemma-3-12b-pt,adjective_agreement_0147,adjective_agreement,"femn noun, masc adj",-43.39710998535156,-43.07270812988281,4,5,0,-0.3269672393798828,2.7557334899902344,1
google/gemma-3-12b-pt,adjective_agreement_0148,adjective_agreement,"femn noun, masc adj",-41.53495407104492,-45.59819030761719,7,7,1,0.018053054809570312,3.4412858486175537,1
google/gemma-3-12b-pt,adjective_agreement_0149,adjective_agreement,"neut noun, femn adj",-37.32572937011719,-44.919471740722656,5,5,1,0.34814453125,2.8899364471435547,1
google/gemma-3-12b-pt,adjective_agreement_0150,adjective_agreement,"masc noun, neut adj",-41.3922119140625,-43.14531707763672,7,7,1,0.6158924102783203,2.482538342475891,1
google/gemma-3-12b-pt,adjective_agreement_0151,adjective_agreement,"femn noun, masc adj",-38.622047424316406,-45.291866302490234,5,6,1,-0.08844566345214844,2.971010208129883,1
google/gemma-3-12b-pt,adjective_agreement_0152,adjective_agreement,"neut noun, masc adj",-45.28927993774414,-49.07025146484375,9,9,1,0.14385223388671875,2.159565031528473,1
google/gemma-3-12b-pt,adjective_agreement_0153,adjective_agreement,"femn noun, masc adj",-37.38241958618164,-44.43461990356445,7,7,1,0.05380058288574219,3.2363510131835938,1
google/gemma-3-12b-pt,adjective_agreement_0154,adjective_agreement,"neut noun, femn adj",-42.374122619628906,-50.48252487182617,9,9,1,0.6487730741500854,3.615345001220703,1
google/gemma-3-12b-pt,adjective_agreement_0155,adjective_agreement,"masc noun, femn adj",-28.1002197265625,-44.39707946777344,6,5,1,0.44528770446777344,3.2763689160346985,1
google/gemma-3-12b-pt,adjective_agreement_0156,adjective_agreement,"neut noun, femn adj",-48.31066131591797,-49.104408264160156,11,11,1,-0.1400585174560547,3.579770803451538,1
google/gemma-3-12b-pt,adjective_agreement_0157,adjective_agreement,"neut noun, femn adj",-42.7015380859375,-47.29869079589844,8,8,1,-0.4067344665527344,2.8316994309425354,1
google/gemma-3-12b-pt,adjective_agreement_0158,adjective_agreement,"neut noun, femn adj",-40.210906982421875,-41.60008239746094,7,7,1,0.4106121063232422,2.8938198685646057,1
google/gemma-3-12b-pt,adjective_agreement_0159,adjective_agreement,"femn noun, neut adj",-40.25137710571289,-46.34221649169922,6,7,1,-0.24529266357421875,2.458189010620117,1
google/gemma-3-12b-pt,adjective_agreement_0160,adjective_agreement,"masc noun, neut adj",-33.29525375366211,-41.06144714355469,5,6,1,0.6506310701370239,3.1373080015182495,1
google/gemma-3-12b-pt,adjective_agreement_0161,adjective_agreement,"neut noun, femn adj",-47.140480041503906,-50.418212890625,12,12,1,0.3662872314453125,3.3745729327201843,1
google/gemma-3-12b-pt,adjective_agreement_0162,adjective_agreement,"femn noun, masc adj",-37.88486862182617,-46.998069763183594,5,6,1,0.04686164855957031,2.482791841030121,1
google/gemma-3-12b-pt,adjective_agreement_0163,adjective_agreement,"masc noun, neut adj",-37.779945373535156,-42.243751525878906,6,7,1,-0.24008750915527344,3.0883427262306213,1
google/gemma-3-12b-pt,adjective_agreement_0164,adjective_agreement,"masc noun, neut adj",-40.29834747314453,-45.76087188720703,6,7,1,-0.037776947021484375,3.450881779193878,1
google/gemma-3-12b-pt,adjective_agreement_0165,adjective_agreement,"femn noun, neut adj",-36.40581130981445,-51.388031005859375,5,5,1,0.06750679016113281,3.501428723335266,1
google/gemma-3-12b-pt,adjective_agreement_0166,adjective_agreement,"femn noun, masc adj",-41.28508377075195,-46.3978271484375,6,7,1,-0.3809852600097656,2.4679604172706604,1
google/gemma-3-12b-pt,adjective_agreement_0167,adjective_agreement,"femn noun, masc adj",-42.13125228881836,-46.75724792480469,9,9,1,-0.08812904357910156,2.857666015625,1
google/gemma-3-12b-pt,adjective_agreement_0168,adjective_agreement,"femn noun, neut adj",-42.83019256591797,-49.6419677734375,10,11,1,0.5949115753173828,3.345029592514038,1
google/gemma-3-12b-pt,adjective_agreement_0169,adjective_agreement,"neut noun, masc adj",-44.257240295410156,-52.5107307434082,9,8,1,0.06249237060546875,2.9274482131004333,1
google/gemma-3-12b-pt,adjective_agreement_0170,adjective_agreement,"femn noun, neut adj",-38.5249137878418,-46.869361877441406,7,7,1,0.06021308898925781,3.2223130464553833,1
google/gemma-3-12b-pt,adjective_agreement_0171,adjective_agreement,"femn noun, masc adj",-40.826995849609375,-45.09392547607422,7,7,1,0.0003108978271484375,3.4215985536575317,1
google/gemma-3-12b-pt,adjective_agreement_0172,adjective_agreement,"neut noun, femn adj",-40.59853744506836,-47.07984924316406,6,6,1,0.6680487394332886,3.5130231976509094,1
google/gemma-3-12b-pt,adjective_agreement_0173,adjective_agreement,"neut noun, femn adj",-41.679115295410156,-42.96427917480469,9,9,1,0.45813941955566406,2.491636276245117,1
google/gemma-3-12b-pt,adjective_agreement_0174,adjective_agreement,"masc noun, neut adj",-42.45182800292969,-46.25126266479492,7,7,1,-0.000255584716796875,3.171253263950348,1
google/gemma-3-12b-pt,adjective_agreement_0175,adjective_agreement,"masc noun, neut adj",-37.5181770324707,-42.52899932861328,6,7,1,0.2956104278564453,3.134767532348633,1
google/gemma-3-12b-pt,adjective_agreement_0176,adjective_agreement,"femn noun, masc adj",-38.86334228515625,-47.30671310424805,6,6,1,0.05459403991699219,3.463365614414215,1
google/gemma-3-12b-pt,adjective_agreement_0177,adjective_agreement,"neut noun, femn adj",-35.681800842285156,-44.721961975097656,6,5,1,0.4352741241455078,3.200904965400696,1
google/gemma-3-12b-pt,adjective_agreement_0178,adjective_agreement,"masc noun, femn adj",-43.979652404785156,-49.73175811767578,7,7,1,0.5368747711181641,2.713626801967621,1
google/gemma-3-12b-pt,adjective_agreement_0179,adjective_agreement,"masc noun, femn adj",-40.753501892089844,-45.81488037109375,8,8,1,-0.053955078125,3.393547236919403,1
google/gemma-3-12b-pt,adjective_agreement_0180,adjective_agreement,"masc noun, neut adj",-37.1815185546875,-46.70679473876953,7,8,1,-0.009374618530273438,2.7836170196533203,1
google/gemma-3-12b-pt,adjective_agreement_0181,adjective_agreement,"neut noun, femn adj",-39.500762939453125,-46.10219955444336,5,5,1,0.6027030944824219,2.887210726737976,1
google/gemma-3-12b-pt,adjective_agreement_0182,adjective_agreement,"masc noun, neut adj",-41.49429702758789,-47.46997833251953,10,10,1,0.556646466255188,3.8125430941581726,1
google/gemma-3-12b-pt,adjective_agreement_0183,adjective_agreement,"femn noun, masc adj",-39.036903381347656,-42.28837585449219,7,7,1,0.20006561279296875,3.247083902359009,1
google/gemma-3-12b-pt,adjective_agreement_0184,adjective_agreement,"masc noun, femn adj",-44.06681823730469,-50.805057525634766,7,7,1,-0.09485054016113281,2.229583740234375,1
google/gemma-3-12b-pt,adjective_agreement_0185,adjective_agreement,"femn noun, masc adj",-45.7226448059082,-48.86796569824219,10,10,1,0.11189079284667969,3.648235499858856,1
google/gemma-3-12b-pt,adjective_agreement_0186,adjective_agreement,"neut noun, masc adj",-36.3009033203125,-37.20133972167969,8,8,1,0.4860076904296875,3.6148701310157776,1
google/gemma-3-12b-pt,adjective_agreement_0187,adjective_agreement,"femn noun, masc adj",-47.04832458496094,-49.734153747558594,10,11,1,-0.12071418762207031,3.010305345058441,1
google/gemma-3-12b-pt,adjective_agreement_0188,adjective_agreement,"femn noun, masc adj",-35.74518966674805,-44.03846740722656,8,8,1,0.6190109252929688,3.2205485105514526,1
google/gemma-3-12b-pt,adjective_agreement_0189,adjective_agreement,"femn noun, neut adj",-38.074501037597656,-50.989723205566406,7,7,1,-0.08421897888183594,3.219469130039215,1
google/gemma-3-12b-pt,adjective_agreement_0190,adjective_agreement,"femn noun, neut adj",-40.47053146362305,-49.06029510498047,6,6,1,0.06662178039550781,3.611608386039734,1
google/gemma-3-12b-pt,adjective_agreement_0191,adjective_agreement,"masc noun, neut adj",-48.408992767333984,-53.070457458496094,11,10,1,-0.35651397705078125,3.1072959899902344,1
google/gemma-3-12b-pt,adjective_agreement_0192,adjective_agreement,"femn noun, neut adj",-40.203636169433594,-48.34854507446289,7,7,1,0.3391571044921875,2.653329908847809,1
google/gemma-3-12b-pt,adjective_agreement_0193,adjective_agreement,"masc noun, femn adj",-44.84369659423828,-54.3863525390625,10,10,1,0.9768772125244141,3.598396420478821,1
google/gemma-3-12b-pt,adjective_agreement_0194,adjective_agreement,"neut noun, femn adj",-43.15966796875,-49.25878143310547,8,7,1,-0.10635757446289062,2.878299832344055,1
google/gemma-3-12b-pt,adjective_agreement_0195,adjective_agreement,"neut noun, femn adj",-37.285377502441406,-45.214324951171875,6,6,1,0.1639556884765625,2.8812771439552307,1
google/gemma-3-12b-pt,adjective_agreement_0196,adjective_agreement,"masc noun, neut adj",-41.39226531982422,-46.71052932739258,8,8,1,0.7528799772262573,3.2937926054000854,1
google/gemma-3-12b-pt,adjective_agreement_0197,adjective_agreement,"femn noun, masc adj",-37.3262825012207,-36.558921813964844,6,6,0,0.18875503540039062,2.8331106901168823,1
google/gemma-3-12b-pt,adjective_agreement_0198,adjective_agreement,"neut noun, femn adj",-43.09307861328125,-46.41654968261719,9,9,1,0.6315784454345703,2.533573031425476,1
google/gemma-3-12b-pt,adjective_agreement_0199,adjective_agreement,"femn noun, masc adj",-42.433494567871094,-48.047607421875,7,7,1,0.08827972412109375,2.717714250087738,1
google/gemma-3-12b-pt,adjective_agreement_0200,adjective_agreement,"neut noun, femn adj",-40.141944885253906,-46.9356575012207,6,6,1,0.25356483459472656,2.489450454711914,1
google/gemma-3-12b-pt,adjective_agreement_0201,adjective_agreement,"neut noun, femn adj",-40.455684661865234,-44.879302978515625,7,7,1,0.021793365478515625,3.5111483335494995,1
google/gemma-3-12b-pt,adjective_agreement_0202,adjective_agreement,"masc noun, neut adj",-35.89826202392578,-43.57721710205078,6,7,1,0.7369174957275391,3.219539701938629,1
google/gemma-3-12b-pt,adjective_agreement_0203,adjective_agreement,"masc noun, neut adj",-39.07007598876953,-43.053916931152344,7,7,1,0.12106513977050781,3.2426758408546448,1
google/gemma-3-12b-pt,adjective_agreement_0204,adjective_agreement,"neut noun, femn adj",-37.0687141418457,-41.740882873535156,8,8,1,0.10796546936035156,2.475692868232727,1
google/gemma-3-12b-pt,adjective_agreement_0205,adjective_agreement,"femn noun, neut adj",-39.907752990722656,-45.52265167236328,7,7,1,0.37034034729003906,3.449863612651825,1
google/gemma-3-12b-pt,adjective_agreement_0206,adjective_agreement,"neut noun, femn adj",-48.373294830322266,-51.72890090942383,11,11,1,0.3181476593017578,3.692502975463867,1
google/gemma-3-12b-pt,adjective_agreement_0207,adjective_agreement,"femn noun, neut adj",-47.58404541015625,-55.120384216308594,10,10,1,-0.1643352508544922,2.3747462034225464,1
google/gemma-3-12b-pt,adjective_agreement_0208,adjective_agreement,"neut noun, masc adj",-47.876953125,-44.28031539916992,8,9,0,0.1721954345703125,1.3890169858932495,1
google/gemma-3-12b-pt,adjective_agreement_0209,adjective_agreement,"femn noun, masc adj",-43.81589126586914,-47.990055084228516,7,7,1,0.8617954254150391,3.388051748275757,1
google/gemma-3-12b-pt,adjective_agreement_0210,adjective_agreement,"masc noun, femn adj",-43.66152572631836,-48.801116943359375,11,10,1,0.34420013427734375,3.4513188004493713,1
google/gemma-3-12b-pt,adjective_agreement_0211,adjective_agreement,"masc noun, neut adj",-35.13954162597656,-41.34695816040039,7,8,1,0.4025096893310547,3.281051516532898,1
google/gemma-3-12b-pt,adjective_agreement_0212,adjective_agreement,"femn noun, masc adj",-40.00715637207031,-45.97032928466797,7,7,1,0.2968025207519531,2.9367657899856567,1
google/gemma-3-12b-pt,adjective_agreement_0213,adjective_agreement,"neut noun, femn adj",-38.94243621826172,-42.17585754394531,6,5,1,0.49622154235839844,3.072889268398285,1
google/gemma-3-12b-pt,adjective_agreement_0214,adjective_agreement,"neut noun, masc adj",-42.0836181640625,-46.52406311035156,7,7,1,-0.011358261108398438,3.453415095806122,1
google/gemma-3-12b-pt,adjective_agreement_0215,adjective_agreement,"masc noun, femn adj",-41.21966552734375,-46.248023986816406,8,8,1,-0.08740425109863281,3.0344544053077698,1
google/gemma-3-12b-pt,adjective_agreement_0216,adjective_agreement,"neut noun, masc adj",-37.00184631347656,-42.315765380859375,6,5,1,0.5503940582275391,3.04097181558609,1
google/gemma-3-12b-pt,adjective_agreement_0217,adjective_agreement,"neut noun, femn adj",-36.017738342285156,-40.800750732421875,7,7,1,0.5814609527587891,3.5550097823143005,1
google/gemma-3-12b-pt,adjective_agreement_0218,adjective_agreement,"femn noun, neut adj",-42.36432647705078,-45.611209869384766,7,7,1,-0.3655204772949219,2.6356658339500427,1
google/gemma-3-12b-pt,adjective_agreement_0219,adjective_agreement,"masc noun, neut adj",-46.031463623046875,-51.04376983642578,12,11,1,-0.4543495178222656,2.993001937866211,1
google/gemma-3-12b-pt,adjective_agreement_0220,adjective_agreement,"masc noun, femn adj",-51.49211120605469,-53.065982818603516,10,9,1,0.09952354431152344,2.6196385622024536,1
google/gemma-3-12b-pt,adjective_agreement_0221,adjective_agreement,"neut noun, masc adj",-44.579833984375,-48.44593048095703,11,10,1,-0.062835693359375,3.1889877319335938,1
google/gemma-3-12b-pt,adjective_agreement_0222,adjective_agreement,"femn noun, masc adj",-39.69813537597656,-46.70014953613281,7,7,1,0.938552975654602,3.4194624423980713,1
google/gemma-3-12b-pt,adjective_agreement_0223,adjective_agreement,"neut noun, masc adj",-42.32625198364258,-42.821510314941406,8,8,1,1.3559532165527344,3.481834650039673,1
google/gemma-3-12b-pt,adjective_agreement_0224,adjective_agreement,"masc noun, neut adj",-41.71752166748047,-47.60688400268555,7,7,1,0.1334552764892578,3.4771633744239807,1
google/gemma-3-12b-pt,adjective_agreement_0225,adjective_agreement,"masc noun, neut adj",-37.747711181640625,-42.8965950012207,5,6,1,0.3525810241699219,3.1685065031051636,1
google/gemma-3-12b-pt,adjective_agreement_0226,adjective_agreement,"neut noun, femn adj",-40.73350524902344,-47.91704177856445,9,8,1,-0.2749366760253906,2.559459686279297,1
google/gemma-3-12b-pt,adjective_agreement_0227,adjective_agreement,"femn noun, masc adj",-45.279144287109375,-51.573463439941406,9,9,1,0.6198825836181641,3.784525156021118,1
google/gemma-3-12b-pt,adjective_agreement_0228,adjective_agreement,"femn noun, masc adj",-39.11853790283203,-43.3515625,6,6,1,-0.2376117706298828,3.629491627216339,1
google/gemma-3-12b-pt,adjective_agreement_0229,adjective_agreement,"masc noun, neut adj",-37.76526641845703,-43.87845230102539,7,6,1,0.44275474548339844,2.844980239868164,1
google/gemma-3-12b-pt,adjective_agreement_0230,adjective_agreement,"masc noun, femn adj",-46.06481170654297,-47.69053649902344,9,10,1,0.5544071197509766,3.476548969745636,1
google/gemma-3-12b-pt,adjective_agreement_0231,adjective_agreement,"masc noun, femn adj",-40.47224426269531,-49.221893310546875,7,7,1,1.69464111328125,3.336061418056488,1
google/gemma-3-12b-pt,adjective_agreement_0232,adjective_agreement,"masc noun, femn adj",-36.475730895996094,-41.95403289794922,7,7,1,-0.23279953002929688,3.5651244521141052,1
google/gemma-3-12b-pt,adjective_agreement_0233,adjective_agreement,"neut noun, masc adj",-39.281578063964844,-44.13138961791992,9,9,1,0.9786090850830078,3.030338168144226,1
google/gemma-3-12b-pt,adjective_agreement_0234,adjective_agreement,"masc noun, femn adj",-38.547088623046875,-44.77996063232422,7,7,1,0.6488571166992188,3.496297776699066,1
google/gemma-3-12b-pt,adjective_agreement_0235,adjective_agreement,"masc noun, femn adj",-39.07245635986328,-45.489044189453125,10,9,1,0.4325122833251953,3.4504300355911255,1
google/gemma-3-12b-pt,adjective_agreement_0236,adjective_agreement,"masc noun, neut adj",-38.67411804199219,-46.30007553100586,6,5,1,0.7380619049072266,3.474418580532074,1
google/gemma-3-12b-pt,adjective_agreement_0237,adjective_agreement,"masc noun, femn adj",-38.404136657714844,-45.38984298706055,6,5,1,-0.02812957763671875,3.388391435146332,1
google/gemma-3-12b-pt,adjective_agreement_0238,adjective_agreement,"masc noun, femn adj",-45.05531692504883,-49.971778869628906,6,6,1,0.54193115234375,2.993658185005188,1
google/gemma-3-12b-pt,adjective_agreement_0239,adjective_agreement,"femn noun, masc adj",-38.64350891113281,-47.63850784301758,7,7,1,0.23096275329589844,3.1536865234375,1
google/gemma-3-12b-pt,adjective_agreement_0240,adjective_agreement,"femn noun, masc adj",-46.56077194213867,-52.99842071533203,8,9,1,-0.2134571075439453,3.4445135593414307,1
google/gemma-3-12b-pt,adjective_agreement_0241,adjective_agreement,"masc noun, femn adj",-39.17863464355469,-47.20762634277344,7,7,1,0.20703125,3.086828291416168,1
google/gemma-3-12b-pt,adjective_agreement_0242,adjective_agreement,"masc noun, femn adj",-38.7195930480957,-43.65239334106445,8,7,1,0.45470428466796875,2.6906872987747192,1
google/gemma-3-12b-pt,adjective_agreement_0243,adjective_agreement,"masc noun, neut adj",-38.90623474121094,-45.33655548095703,8,8,1,0.47303199768066406,3.028375744819641,1
google/gemma-3-12b-pt,adjective_agreement_0244,adjective_agreement,"neut noun, masc adj",-37.84882354736328,-43.61457061767578,5,4,1,1.0886154174804688,2.9462204575538635,1
google/gemma-3-12b-pt,adjective_agreement_0245,adjective_agreement,"neut noun, femn adj",-36.348480224609375,-43.67251968383789,6,6,1,0.39026832580566406,2.68342787027359,1
google/gemma-3-12b-pt,adjective_agreement_0246,adjective_agreement,"neut noun, masc adj",-31.446552276611328,-37.038909912109375,5,5,1,0.6409112215042114,3.182703197002411,1
google/gemma-3-12b-pt,adjective_agreement_0247,adjective_agreement,"masc noun, neut adj",-48.93981170654297,-52.792503356933594,11,11,1,0.6765919923782349,3.515533447265625,1
google/gemma-3-12b-pt,adjective_agreement_0248,adjective_agreement,"masc noun, neut adj",-33.78403854370117,-38.43939208984375,6,6,1,0.6182976961135864,3.7172375917434692,1
google/gemma-3-12b-pt,adjective_agreement_0249,adjective_agreement,"neut noun, femn adj",-48.55158996582031,-41.34183883666992,6,6,0,-0.3633537292480469,2.7035845518112183,1
google/gemma-3-12b-pt,adjective_agreement_0250,adjective_agreement,"neut noun, masc adj",-50.71601867675781,-51.667030334472656,11,12,1,-0.34915924072265625,2.643320083618164,1
google/gemma-3-12b-pt,adjective_agreement_0251,adjective_agreement,"femn noun, neut adj",-38.81037139892578,-41.88706970214844,5,5,1,-0.14897727966308594,3.5936700105667114,1
google/gemma-3-12b-pt,adjective_agreement_0252,adjective_agreement,"femn noun, neut adj",-45.313072204589844,-51.248046875,10,10,1,-0.05044746398925781,3.5168397426605225,1
google/gemma-3-12b-pt,adjective_agreement_0253,adjective_agreement,"femn noun, neut adj",-37.52223587036133,-46.45488739013672,7,7,1,0.08506202697753906,3.141904890537262,1
google/gemma-3-12b-pt,adjective_agreement_0254,adjective_agreement,"masc noun, femn adj",-49.420719146728516,-53.521575927734375,11,11,1,0.2526588439941406,3.217449128627777,1
google/gemma-3-12b-pt,adjective_agreement_0255,adjective_agreement,"femn noun, neut adj",-41.56871032714844,-43.329986572265625,6,7,1,-0.04334259033203125,2.6028918027877808,1
google/gemma-3-12b-pt,adjective_agreement_0256,adjective_agreement,"neut noun, femn adj",-36.023162841796875,-45.371360778808594,6,5,1,0.03371620178222656,3.024822175502777,1
google/gemma-3-12b-pt,adjective_agreement_0257,adjective_agreement,"neut noun, masc adj",-37.136932373046875,-41.00776672363281,9,9,1,0.9236868619918823,3.3160993456840515,1
google/gemma-3-12b-pt,adjective_agreement_0258,adjective_agreement,"masc noun, neut adj",-51.54722213745117,-55.98863983154297,10,10,1,-0.17930030822753906,3.3724936842918396,1
google/gemma-3-12b-pt,adjective_agreement_0259,adjective_agreement,"neut noun, femn adj",-38.15557861328125,-42.90935516357422,7,7,1,0.19021224975585938,3.158273756504059,1
google/gemma-3-12b-pt,adjective_agreement_0260,adjective_agreement,"neut noun, masc adj",-44.356136322021484,-47.67814636230469,11,11,1,0.46048545837402344,3.508108377456665,1
google/gemma-3-12b-pt,adjective_agreement_0261,adjective_agreement,"masc noun, femn adj",-39.180362701416016,-44.81155014038086,7,6,1,0.5103435516357422,2.8533459901809692,1
google/gemma-3-12b-pt,adjective_agreement_0262,adjective_agreement,"masc noun, femn adj",-44.98036193847656,-50.055694580078125,10,10,1,0.2956809997558594,3.7888163328170776,1
google/gemma-3-12b-pt,adjective_agreement_0263,adjective_agreement,"femn noun, masc adj",-34.61698913574219,-41.442840576171875,5,5,1,0.1735076904296875,3.1085510849952698,1
google/gemma-3-12b-pt,adjective_agreement_0264,adjective_agreement,"femn noun, masc adj",-41.37052917480469,-46.22468948364258,9,9,1,0.15071678161621094,2.9332560300827026,1
google/gemma-3-12b-pt,adjective_agreement_0265,adjective_agreement,"masc noun, femn adj",-41.36042022705078,-49.185394287109375,6,6,1,0.5170230865478516,2.98895263671875,1
google/gemma-3-12b-pt,adjective_agreement_0266,adjective_agreement,"masc noun, neut adj",-34.40358352661133,-42.13910675048828,6,6,1,0.3698253631591797,3.305536150932312,1
google/gemma-3-12b-pt,adjective_agreement_0267,adjective_agreement,"femn noun, masc adj",-42.78166198730469,-49.96330642700195,8,8,1,0.2171001434326172,3.5101603269577026,1
google/gemma-3-12b-pt,adjective_agreement_0268,adjective_agreement,"masc noun, femn adj",-39.72443389892578,-46.08357238769531,7,7,1,1.184112548828125,3.365232527256012,1
google/gemma-3-12b-pt,adjective_agreement_0269,adjective_agreement,"femn noun, masc adj",-43.39777755737305,-38.806156158447266,5,6,0,-0.3939533233642578,2.7920360565185547,1
google/gemma-3-12b-pt,adjective_agreement_0270,adjective_agreement,"masc noun, neut adj",-37.81066131591797,-42.72719192504883,8,8,1,0.33048057556152344,3.3581408262252808,1
google/gemma-3-12b-pt,adjective_agreement_0271,adjective_agreement,"femn noun, neut adj",-44.24000549316406,-50.42071533203125,8,8,1,-0.3388042449951172,3.4640904664993286,1
google/gemma-3-12b-pt,adjective_agreement_0272,adjective_agreement,"masc noun, neut adj",-41.36595916748047,-50.629005432128906,10,10,1,0.5405921936035156,3.764108717441559,1
google/gemma-3-12b-pt,adjective_agreement_0273,adjective_agreement,"neut noun, masc adj",-48.91608428955078,-51.235992431640625,8,9,1,0.012296676635742188,1.5232276916503906,1
google/gemma-3-12b-pt,adjective_agreement_0274,adjective_agreement,"neut noun, femn adj",-47.25617218017578,-49.8497314453125,11,11,1,-0.4859962463378906,3.0786399245262146,1
google/gemma-3-12b-pt,adjective_agreement_0275,adjective_agreement,"femn noun, neut adj",-38.1478271484375,-48.51947784423828,7,7,1,0.34712791442871094,3.4041042923927307,1
google/gemma-3-12b-pt,adjective_agreement_0276,adjective_agreement,"neut noun, masc adj",-41.15364074707031,-48.95967102050781,9,9,1,0.4956398010253906,3.4653318524360657,1
google/gemma-3-12b-pt,adjective_agreement_0277,adjective_agreement,"femn noun, neut adj",-36.24590301513672,-43.27362060546875,5,5,1,0.11864471435546875,3.6827240586280823,1
google/gemma-3-12b-pt,adjective_agreement_0278,adjective_agreement,"masc noun, neut adj",-41.750877380371094,-43.94755172729492,5,6,1,0.03976631164550781,2.399143159389496,1
google/gemma-3-12b-pt,adjective_agreement_0279,adjective_agreement,"masc noun, neut adj",-34.61885070800781,-41.221527099609375,6,7,1,0.4941978454589844,3.357442855834961,1
google/gemma-3-12b-pt,adjective_agreement_0280,adjective_agreement,"masc noun, femn adj",-45.56901550292969,-52.437713623046875,10,10,1,0.15649986267089844,3.540449321269989,1
google/gemma-3-12b-pt,adjective_agreement_0281,adjective_agreement,"femn noun, neut adj",-43.84209060668945,-52.801971435546875,11,11,1,0.26949310302734375,4.009511709213257,1
google/gemma-3-12b-pt,adjective_agreement_0282,adjective_agreement,"masc noun, femn adj",-41.141273498535156,-46.42115020751953,7,7,1,0.6838665008544922,3.4942073225975037,1
google/gemma-3-12b-pt,adjective_agreement_0283,adjective_agreement,"masc noun, neut adj",-46.58578109741211,-49.13869857788086,10,10,1,0.05699729919433594,3.421817660331726,1
google/gemma-3-12b-pt,adjective_agreement_0284,adjective_agreement,"neut noun, femn adj",-35.594791412353516,-43.53941345214844,6,6,1,0.0039920806884765625,2.994460940361023,1
google/gemma-3-12b-pt,adjective_agreement_0285,adjective_agreement,"femn noun, masc adj",-44.48760986328125,-50.631587982177734,5,5,1,0.1865997314453125,2.9565716981887817,1
google/gemma-3-12b-pt,adjective_agreement_0286,adjective_agreement,"neut noun, femn adj",-38.97200012207031,-42.41877746582031,7,6,1,-0.064422607421875,2.9110202193260193,1
google/gemma-3-12b-pt,adjective_agreement_0287,adjective_agreement,"neut noun, femn adj",-41.991600036621094,-49.52205276489258,11,10,1,-0.1376819610595703,3.358360528945923,1
google/gemma-3-12b-pt,adjective_agreement_0288,adjective_agreement,"masc noun, neut adj",-37.70929718017578,-44.4373664855957,7,7,1,0.32930946350097656,3.1981831192970276,1
google/gemma-3-12b-pt,adjective_agreement_0289,adjective_agreement,"neut noun, masc adj",-49.25663757324219,-50.75279235839844,11,12,1,-0.00727081298828125,3.5395700931549072,1
google/gemma-3-12b-pt,adjective_agreement_0290,adjective_agreement,"neut noun, femn adj",-39.727298736572266,-46.10852813720703,9,9,1,0.4265880584716797,3.450893521308899,1
google/gemma-3-12b-pt,adjective_agreement_0291,adjective_agreement,"femn noun, neut adj",-46.019309997558594,-54.403175354003906,10,10,1,0.9372577667236328,3.628654718399048,1
google/gemma-3-12b-pt,adjective_agreement_0292,adjective_agreement,"femn noun, masc adj",-45.277503967285156,-50.3572998046875,6,6,1,0.20000457763671875,2.672201156616211,1
google/gemma-3-12b-pt,adjective_agreement_0293,adjective_agreement,"masc noun, femn adj",-51.154720306396484,-56.85124969482422,10,10,1,-0.06172752380371094,2.7569275498390198,1
google/gemma-3-12b-pt,adjective_agreement_0294,adjective_agreement,"femn noun, masc adj",-44.503055572509766,-49.26551055908203,6,6,1,0.30950355529785156,3.038883149623871,1
google/gemma-3-12b-pt,adjective_agreement_0295,adjective_agreement,"femn noun, neut adj",-36.83700180053711,-45.4024543762207,5,5,1,0.21886062622070312,3.850797653198242,1
google/gemma-3-12b-pt,adjective_agreement_0296,adjective_agreement,"neut noun, femn adj",-33.93556594848633,-44.530662536621094,6,5,1,0.8447533845901489,3.056161940097809,1
google/gemma-3-12b-pt,adjective_agreement_0297,adjective_agreement,"femn noun, masc adj",-39.60158920288086,-45.028221130371094,7,8,1,0.1563129425048828,2.5992888808250427,1
google/gemma-3-12b-pt,adjective_agreement_0298,adjective_agreement,"femn noun, neut adj",-43.825538635253906,-45.33006286621094,6,6,1,0.13564300537109375,2.6618099212646484,1
google/gemma-3-12b-pt,adjective_agreement_0299,adjective_agreement,"neut noun, masc adj",-36.13309097290039,-43.06068420410156,6,6,1,0.3795928955078125,3.1342296600341797,1
google/gemma-3-12b-pt,calques_0000,calques,subtle: брати участь,-34.188682556152344,-36.21649932861328,8,9,1,0.06062507629394531,3.4356897473335266,1
google/gemma-3-12b-pt,calques_0001,calques,subtle: брати участь,-36.13214111328125,-41.01109313964844,10,10,1,-0.08123207092285156,3.4979589581489563,1
google/gemma-3-12b-pt,calques_0002,calques,subtle: брати участь,-39.99922180175781,-38.4566650390625,10,10,0,-0.6088390350341797,2.501056671142578,1
google/gemma-3-12b-pt,calques_0003,calques,subtle: брати участь,-39.959930419921875,-40.14278030395508,11,11,1,-0.28743553161621094,3.02849018573761,1
google/gemma-3-12b-pt,calques_0004,calques,subtle: вживати заходів,-40.0606575012207,-45.89794158935547,11,10,1,-1.2076301574707031,1.797344148159027,1
google/gemma-3-12b-pt,calques_0005,calques,subtle: вживати заходів,-37.39779281616211,-45.43403625488281,9,9,1,-0.6311321258544922,1.9555968046188354,1
google/gemma-3-12b-pt,calques_0006,calques,subtle: вживати заходів,-34.76148986816406,-44.431827545166016,10,9,1,-1.0060291290283203,1.8823413848876953,1
google/gemma-3-12b-pt,calques_0007,calques,subtle: вживати заходів,-33.183265686035156,-39.65044021606445,9,8,1,-0.7845897674560547,2.4160938262939453,1
google/gemma-3-12b-pt,calques_0008,calques,subtle: протягом,-38.60419845581055,-48.994239807128906,11,11,1,-0.4922504425048828,3.398067593574524,1
google/gemma-3-12b-pt,calques_0009,calques,subtle: протягом,-37.96488952636719,-43.053794860839844,8,10,1,-0.3401298522949219,3.4189701676368713,1
google/gemma-3-12b-pt,calques_0010,calques,subtle: протягом,-32.271141052246094,-40.99164581298828,10,10,1,-0.26854705810546875,3.73500257730484,1
google/gemma-3-12b-pt,calques_0011,calques,subtle: протягом,-38.361366271972656,-40.76092529296875,7,9,1,-0.4826831817626953,3.1886444687843323,1
google/gemma-3-12b-pt,calques_0012,calques,subtle: збігатися,-35.8449821472168,-33.96819305419922,9,8,0,-0.7636604309082031,1.1487408876419067,1
google/gemma-3-12b-pt,calques_0013,calques,subtle: збігатися,-48.818302154541016,-42.75697708129883,10,9,0,-0.9861375093460083,0.8570575714111328,0
google/gemma-3-12b-pt,calques_0014,calques,subtle: збігатися,-33.328392028808594,-34.45774459838867,8,7,1,-1.5341817140579224,1.7935123443603516,1
google/gemma-3-12b-pt,calques_0015,calques,subtle: збігатися,-34.38090515136719,-35.24937438964844,9,8,1,-1.2545928955078125,1.2891520857810974,1
google/gemma-3-12b-pt,calques_0016,calques,subtle: стосуватися,-44.59272766113281,-46.66571044921875,11,11,1,0.17291259765625,2.659711718559265,1
google/gemma-3-12b-pt,calques_0017,calques,subtle: стосуватися,-34.793312072753906,-37.834571838378906,7,7,1,-0.4903545379638672,2.420757234096527,1
google/gemma-3-12b-pt,calques_0018,calques,subtle: стосуватися,-35.94966125488281,-41.05656814575195,9,9,1,0.360992431640625,2.1910629272460938,1
google/gemma-3-12b-pt,calques_0019,calques,subtle: завдяки,-40.17967224121094,-47.024505615234375,9,10,1,-1.5753650665283203,3.0447883009910583,1
google/gemma-3-12b-pt,calques_0020,calques,subtle: завдяки,-48.81757354736328,-57.67280197143555,13,14,1,-1.4690912961959839,3.4042415022850037,1
google/gemma-3-12b-pt,calques_0021,calques,subtle: завдяки,-45.01106262207031,-52.497222900390625,8,9,1,-1.404415249824524,2.532449722290039,1
google/gemma-3-12b-pt,calques_0022,calques,subtle: завдяки,-43.31604766845703,-49.86939239501953,12,13,1,-1.573770523071289,3.137319505214691,1
google/gemma-3-12b-pt,calques_0023,calques,subtle: доводиться,-41.45271301269531,-47.36396408081055,11,10,1,-0.7990341186523438,3.0623320937156677,1
google/gemma-3-12b-pt,calques_0024,calques,subtle: доводиться,-31.60493278503418,-32.87316131591797,8,9,1,-1.6045759916305542,2.023006498813629,1
google/gemma-3-12b-pt,calques_0025,calques,subtle: доводиться,-40.681373596191406,-44.019344329833984,12,11,1,-0.5657539367675781,3.316451907157898,1
google/gemma-3-12b-pt,calques_0026,calques,subtle: доводиться,-43.74736022949219,-48.174903869628906,10,11,1,-2.0241889357566833,2.333385467529297,1
google/gemma-3-12b-pt,calques_0027,calques,subtle: наступний,-34.04499816894531,-46.62082290649414,10,12,1,-0.9718989133834839,2.9847373962402344,1
google/gemma-3-12b-pt,calques_0028,calques,subtle: наступний,-37.95410919189453,-41.94571304321289,10,14,1,-1.0816173553466797,2.038577973842621,1
google/gemma-3-12b-pt,calques_0029,calques,subtle: наступний,-36.64385223388672,-46.40342712402344,11,13,1,-1.1157493591308594,2.775117814540863,1
google/gemma-3-12b-pt,calques_0030,calques,subtle: наступний,-31.432933807373047,-38.5195198059082,9,12,1,-1.3015955686569214,2.77056884765625,1
google/gemma-3-12b-pt,calques_0031,calques,subtle: будь-який,-34.236572265625,-36.79857635498047,12,10,1,-0.5484619140625,2.804788589477539,1
google/gemma-3-12b-pt,calques_0032,calques,subtle: будь-який,-37.21575927734375,-45.13050079345703,11,9,1,-0.4628868103027344,2.0428542494773865,1
google/gemma-3-12b-pt,calques_0033,calques,subtle: будь-який,-37.8582649230957,-42.33943176269531,9,7,1,-1.2496012449264526,2.4497088193893433,1
google/gemma-3-12b-pt,calques_0034,calques,subtle: виняток,-42.80451965332031,-44.55762481689453,13,14,1,-1.0306758880615234,2.7499294877052307,1
google/gemma-3-12b-pt,calques_0035,calques,subtle: виняток,-36.49359130859375,-37.33671569824219,8,8,1,-1.6363582611083984,1.552469253540039,0
google/gemma-3-12b-pt,calques_0036,calques,subtle: виняток,-44.44218063354492,-45.558868408203125,9,9,1,-1.3179988265037537,1.6607266068458557,1
google/gemma-3-12b-pt,calques_0037,calques,subtle: щодо,-40.08312225341797,-40.32557678222656,11,12,1,-0.9138927459716797,3.720237910747528,1
google/gemma-3-12b-pt,calques_0038,calques,subtle: щодо,-44.33136749267578,-46.326717376708984,8,10,1,-0.7824592590332031,3.256103515625,1
google/gemma-3-12b-pt,calques_0039,calques,subtle: щодо,-49.972755432128906,-47.330284118652344,9,10,0,-1.4315567016601562,3.634359300136566,1
google/gemma-3-12b-pt,calques_0040,calques,subtle: вважати,-35.81277084350586,-41.088623046875,9,9,1,0.2411651611328125,2.8268165588378906,1
google/gemma-3-12b-pt,calques_0041,calques,subtle: вважати,-40.71451187133789,-54.075138092041016,11,11,1,-0.2980213165283203,2.6904126405715942,1
google/gemma-3-12b-pt,calques_0042,calques,subtle: вважати,-41.787925720214844,-43.79362869262695,9,9,1,-0.5336780548095703,2.6117496490478516,1
google/gemma-3-12b-pt,calques_0043,calques,subtle: вважати,-32.40929412841797,-38.53544998168945,8,8,1,0.12197303771972656,2.4920789003372192,1
google/gemma-3-12b-pt,calques_0044,calques,subtle: наводити приклад,-39.95197296142578,-41.718692779541016,8,8,1,-0.3700847625732422,2.1883183121681213,1
google/gemma-3-12b-pt,calques_0045,calques,subtle: наводити приклад,-27.98837661743164,-32.896873474121094,8,8,1,-2.7005863785743713,2.651077389717102,0
google/gemma-3-12b-pt,calques_0046,calques,subtle: наводити приклад,-45.82209014892578,-44.317344665527344,10,10,0,-1.318471908569336,1.9550210237503052,1
google/gemma-3-12b-pt,calques_0047,calques,subtle: укладати договір,-27.957473754882812,-32.12841033935547,9,8,1,-0.6785869598388672,2.6900940537452698,1
google/gemma-3-12b-pt,calques_0048,calques,subtle: укладати договір,-46.57372283935547,-47.41476058959961,9,8,1,-0.40578651428222656,3.429142117500305,1
google/gemma-3-12b-pt,calques_0049,calques,subtle: укладати договір,-35.892730712890625,-40.09497833251953,8,7,1,-1.1225510239601135,3.0777570009231567,1
google/gemma-3-12b-pt,calques_0050,calques,subtle: складати іспит,-33.46861267089844,-33.494754791259766,10,10,1,-1.260656476020813,1.6195372939109802,1
google/gemma-3-12b-pt,calques_0051,calques,subtle: складати іспит,-34.985984802246094,-37.58074188232422,10,10,1,-1.639574110507965,1.8786563277244568,1
google/gemma-3-12b-pt,calques_0052,calques,subtle: навчальний,-34.826194763183594,-39.31819152832031,5,6,1,-0.4279747009277344,2.4082393646240234,1
google/gemma-3-12b-pt,calques_0053,calques,subtle: навчальний,-23.738475799560547,-30.693361282348633,8,9,1,-0.19298171997070312,2.6146048307418823,1
google/gemma-3-12b-pt,calques_0054,calques,subtle: навчальний,-37.39656066894531,-40.50298309326172,8,9,1,-1.0830936431884766,2.1840229630470276,1
google/gemma-3-12b-pt,calques_0055,calques,subtle: зіставляти,-41.41603088378906,-43.109710693359375,8,8,1,-2.0371111631393433,2.098861575126648,1
google/gemma-3-12b-pt,calques_0056,calques,subtle: зіставляти,-52.30931091308594,-46.639801025390625,8,8,0,-2.0347577333450317,1.925285279750824,0
google/gemma-3-12b-pt,calques_0057,calques,subtle: зіставляти,-45.8690185546875,-43.370033264160156,10,10,0,-2.2278193831443787,2.4903316497802734,1
google/gemma-3-12b-pt,calques_0058,calques,subtle: співпрацювати,-36.437618255615234,-39.9675178527832,9,11,1,0.050800323486328125,2.2946777939796448,1
google/gemma-3-12b-pt,calques_0059,calques,subtle: співпрацювати,-34.17083740234375,-38.43196105957031,8,10,1,-0.35723876953125,2.2133445143699646,1
google/gemma-3-12b-pt,calques_0060,calques,subtle: перепрошую,-38.56637954711914,-37.4349365234375,10,11,0,-1.0600701570510864,2.1027584075927734,1
google/gemma-3-12b-pt,calques_0061,calques,subtle: перепрошую,-35.34831237792969,-33.95474624633789,10,11,0,-1.5348987579345703,2.8880156874656677,1
google/gemma-3-12b-pt,calques_0062,calques,subtle: перепрошую,-40.471588134765625,-40.73814010620117,9,10,1,-1.1531466245651245,2.4730242490768433,1
google/gemma-3-12b-pt,calques_0063,calques,subtle: захід,-31.827816009521484,-40.926361083984375,10,13,1,-1.3874512910842896,2.7175062894821167,1
google/gemma-3-12b-pt,calques_0064,calques,subtle: захід,-42.95172882080078,-51.55259704589844,8,12,1,-0.7163772583007812,3.195344865322113,1
google/gemma-3-12b-pt,calques_0065,calques,subtle: висновок,-35.33354187011719,-41.73628234863281,10,9,1,-1.3153896927833557,2.9484386444091797,1
google/gemma-3-12b-pt,calques_0066,calques,subtle: висновок,-30.81655502319336,-37.229034423828125,8,7,1,-1.0960273742675781,4.283838152885437,1
google/gemma-3-12b-pt,calques_0067,calques,subtle: бути,-29.425569534301758,-36.13530349731445,6,7,1,0.1514110565185547,3.7174890637397766,1
google/gemma-3-12b-pt,calques_0068,calques,subtle: бути,-30.12065887451172,-34.13671112060547,8,9,1,0.8320273160934448,3.763416051864624,1
google/gemma-3-12b-pt,calques_0069,calques,subtle: бути,-40.556644439697266,-44.71644592285156,7,8,1,0.5111370086669922,3.22454833984375,1
google/gemma-3-12b-pt,calques_0070,calques,subtle: становити,-39.23229217529297,-38.37134552001953,12,12,0,-1.2742195129394531,2.7872981429100037,1
google/gemma-3-12b-pt,calques_0071,calques,subtle: становити,-39.31037139892578,-39.826114654541016,10,10,1,-1.3564929962158203,2.724910855293274,1
google/gemma-3-12b-pt,calques_0072,calques,subtle: становити,-36.71044158935547,-38.63499450683594,13,13,1,-1.005685806274414,2.6716137528419495,1
google/gemma-3-12b-pt,calques_0073,calques,subtle: ймовірно,-47.86210632324219,-49.47799301147461,10,10,1,-0.2646484375,1.9286652207374573,1
google/gemma-3-12b-pt,calques_0074,calques,subtle: ймовірно,-38.62611770629883,-37.87836456298828,7,8,0,-1.465488314628601,1.6876012086868286,1
google/gemma-3-12b-pt,calques_0075,calques,subtle: ймовірно,-48.394020080566406,-50.06106185913086,10,11,1,-0.8984241485595703,1.8653372526168823,1
google/gemma-3-12b-pt,calques_0076,calques,subtle: брати до уваги,-33.37193298339844,-32.20181655883789,9,9,0,-1.5071430206298828,1.2547358870506287,0
google/gemma-3-12b-pt,calques_0077,calques,subtle: брати до уваги,-37.68840026855469,-40.58613204956055,13,13,1,-2.1938419342041016,1.7275180220603943,0
google/gemma-3-12b-pt,calques_0078,calques,subtle: порушити питання,-47.46552276611328,-43.60161209106445,9,10,0,-1.9110621809959412,1.7772828340530396,0
google/gemma-3-12b-pt,calques_0079,calques,subtle: порушити питання,-45.03986358642578,-46.57228469848633,12,12,1,-2.0777339935302734,1.6750773787498474,0
google/gemma-3-12b-pt,calques_0080,calques,subtle: оцінка,-37.444122314453125,-44.03041458129883,9,10,1,-1.038473129272461,2.096132278442383,1
google/gemma-3-12b-pt,calques_0081,calques,subtle: оцінка,-35.98160934448242,-39.886714935302734,8,9,1,-1.9009380340576172,3.2498474717140198,1
google/gemma-3-12b-pt,calques_0082,calques,subtle: бо (так як),-38.59197998046875,-44.807838439941406,12,13,1,-0.8874645233154297,2.6854382157325745,1
google/gemma-3-12b-pt,calques_0083,calques,subtle: бо (так як),-44.811126708984375,-48.25624084472656,12,13,1,-1.0089359283447266,2.6653367280960083,1
google/gemma-3-12b-pt,calques_0084,calques,subtle: досі,-35.69756317138672,-38.970428466796875,9,11,1,-1.2628345489501953,1.709034025669098,1
google/gemma-3-12b-pt,calques_0085,calques,subtle: досі,-32.48967742919922,-35.123653411865234,10,12,1,-1.6736125946044922,2.2957268953323364,1
google/gemma-3-12b-pt,calques_0086,calques,subtle: незважаючи,-43.77044677734375,-46.934120178222656,14,15,1,-0.8540668487548828,2.939539074897766,1
google/gemma-3-12b-pt,calques_0087,calques,subtle: незважаючи,-37.96673583984375,-43.18202209472656,15,16,1,-1.0580597519874573,2.684007704257965,1
google/gemma-3-12b-pt,calques_0088,calques,subtle: зрештою,-36.48368835449219,-37.75794982910156,9,10,1,-1.0736333131790161,2.9372958540916443,1
google/gemma-3-12b-pt,calques_0089,calques,subtle: принаймні,-39.65182113647461,-50.68822479248047,9,10,1,-1.0366592407226562,2.92506605386734,1
google/gemma-3-12b-pt,calques_0090,calques,overt: отримувати,-30.512773513793945,-39.126914978027344,5,5,1,-0.8716945648193359,3.6635934114456177,1
google/gemma-3-12b-pt,calques_0091,calques,overt: отримувати,-34.96170425415039,-40.27970886230469,8,8,1,0.00722503662109375,3.9274385571479797,1
google/gemma-3-12b-pt,calques_0092,calques,overt: отримувати,-31.554237365722656,-40.26707077026367,6,5,1,-0.0473480224609375,3.795730471611023,1
google/gemma-3-12b-pt,calques_0093,calques,overt: визначити,-36.574989318847656,-48.27076721191406,7,9,1,-0.09337234497070312,3.4672831296920776,1
google/gemma-3-12b-pt,calques_0094,calques,overt: визначити,-37.699684143066406,-45.692508697509766,7,9,1,0.19641876220703125,3.3402920961380005,1
google/gemma-3-12b-pt,calques_0095,calques,overt: подобатися,-32.91643524169922,-39.51409912109375,9,8,1,0.20127296447753906,3.9145031571388245,1
google/gemma-3-12b-pt,calques_0096,calques,overt: подобатися,-35.51583480834961,-42.031185150146484,8,7,1,-0.4802055358886719,3.3668993711471558,1
google/gemma-3-12b-pt,calques_0097,calques,overt: їсти,-35.36796951293945,-42.873268127441406,9,9,1,-1.3558942079544067,2.9458045959472656,1
google/gemma-3-12b-pt,calques_0098,calques,overt: їсти,-30.219829559326172,-40.99647521972656,8,9,1,-1.0054092407226562,2.486564517021179,1
google/gemma-3-12b-pt,calques_0099,calques,overt: взагалі,-36.063720703125,-27.506206512451172,7,5,0,-0.33112144470214844,2.6256428956985474,1
google/gemma-3-12b-pt,calques_0100,calques,overt: взагалі,-36.999874114990234,-43.25784683227539,10,8,1,-0.4633445739746094,3.1622084379196167,1
google/gemma-3-12b-pt,calques_0101,calques,overt: звичайно,-31.261030197143555,-52.36650848388672,7,8,1,-0.19786643981933594,3.340585708618164,1
google/gemma-3-12b-pt,calques_0102,calques,overt: дуже,-29.103290557861328,-37.74727249145508,5,5,1,-0.10185050964355469,4.001430630683899,1
google/gemma-3-12b-pt,calques_0103,calques,overt: бувай,-39.62642288208008,-34.11396789550781,7,7,0,-0.6998157501220703,2.078579068183899,1
google/gemma-3-12b-pt,calques_0104,calques,overt: здаватися,-43.759803771972656,-50.69843292236328,9,10,1,-0.6635570526123047,2.471176266670227,1
google/gemma-3-12b-pt,calques_0105,calques,overt: заважати,-37.9563102722168,-42.363525390625,9,8,1,-1.9399376511573792,1.8806418180465698,0
google/gemma-3-12b-pt,calques_0106,calques,overt: заважати,-34.252296447753906,-40.252288818359375,8,8,1,-0.8480854034423828,1.7422942519187927,1
google/gemma-3-12b-pt,calques_0107,calques,overt: виходити,-26.546274185180664,-29.485563278198242,6,6,1,-0.7359790802001953,3.3466873168945312,1
google/gemma-3-12b-pt,calques_0108,calques,overt: виходити,-30.663602828979492,-34.66990280151367,7,7,1,-0.7261428833007812,3.016733169555664,1
google/gemma-3-12b-pt,calques_0109,calques,overt: вистачати,-36.39619445800781,-41.541908264160156,9,7,1,0.14741897583007812,3.8050231337547302,1
google/gemma-3-12b-pt,calques_0110,calques,overt: вистачати,-33.55805969238281,-36.89124298095703,9,8,1,0.13060760498046875,2.1963348984718323,1
google/gemma-3-12b-pt,calques_0111,calques,overt: зараз,-35.188323974609375,-45.98114776611328,6,6,1,-0.3226356506347656,3.3298264741897583,1
google/gemma-3-12b-pt,calques_0112,calques,overt: гаразд,-35.58720779418945,-34.425968170166016,9,8,0,-0.996063232421875,2.604549467563629,1
google/gemma-3-12b-pt,calques_0113,calques,overt: колишній,-39.4730224609375,-43.410552978515625,10,9,1,-0.8999748229980469,2.826417863368988,1
google/gemma-3-12b-pt,calques_0114,calques,subtle: стосуватися,-35.6314582824707,-40.398773193359375,11,11,1,0.23923110961914062,3.108074128627777,1
google/gemma-3-12b-pt,calques_0115,calques,subtle: будь-який,-33.801673889160156,-40.56035232543945,11,9,1,-0.3161964416503906,2.1399096846580505,1
google/gemma-3-12b-pt,calques_0116,calques,subtle: виняток,-31.52080535888672,-33.75879669189453,9,9,1,-1.5073681473731995,1.4094790816307068,0
google/gemma-3-12b-pt,calques_0117,calques,subtle: щодо,-37.79359436035156,-42.358428955078125,9,11,1,-0.5585727691650391,3.0202406644821167,1
google/gemma-3-12b-pt,calques_0118,calques,subtle: наводити приклад,-29.81090545654297,-33.071937561035156,7,7,1,-1.6082534193992615,1.942438006401062,1
google/gemma-3-12b-pt,calques_0119,calques,subtle: укладати договір,-42.10310745239258,-52.92947006225586,12,11,1,-1.0149250030517578,2.941734254360199,1
google/gemma-3-12b-pt,calques_0120,calques,subtle: складати іспит,-38.68226623535156,-40.01078796386719,12,12,1,-1.806070327758789,2.0145360231399536,1
google/gemma-3-12b-pt,calques_0121,calques,subtle: складати іспит,-37.67499542236328,-39.853729248046875,12,12,1,-1.3910388946533203,1.5889891386032104,1
google/gemma-3-12b-pt,calques_0122,calques,subtle: навчальний,-38.54637908935547,-43.778953552246094,7,8,1,-0.9538192749023438,2.6777456998825073,1
google/gemma-3-12b-pt,calques_0123,calques,subtle: зіставляти,-43.663848876953125,-40.153873443603516,9,9,0,-2.0805433988571167,2.0305423736572266,0
google/gemma-3-12b-pt,calques_0124,calques,subtle: співпрацювати,-33.52774429321289,-39.57636642456055,13,15,1,-0.38875389099121094,2.223207414150238,1
google/gemma-3-12b-pt,calques_0125,calques,subtle: співпрацювати,-30.636648178100586,-36.70634460449219,9,11,1,0.3037300109863281,2.296444058418274,1
google/gemma-3-12b-pt,calques_0126,calques,subtle: перепрошую,-42.434783935546875,-41.73955535888672,8,9,0,-1.4673174619674683,2.209669053554535,1
google/gemma-3-12b-pt,calques_0127,calques,subtle: захід,-35.629920959472656,-46.410804748535156,6,10,1,-0.8900947570800781,3.149938702583313,1
google/gemma-3-12b-pt,calques_0128,calques,subtle: захід,-29.76070785522461,-36.91923522949219,7,11,1,-0.5072746276855469,3.0892695784568787,1
google/gemma-3-12b-pt,calques_0129,calques,subtle: висновок,-31.96864891052246,-39.68658447265625,10,9,1,-1.0502853393554688,3.686405062675476,1
google/gemma-3-12b-pt,calques_0130,calques,subtle: висновок,-41.26679229736328,-49.394676208496094,7,6,1,-0.9438552856445312,3.5313185453414917,1
google/gemma-3-12b-pt,calques_0131,calques,subtle: бути,-33.769187927246094,-40.77955627441406,11,12,1,0.2603588104248047,3.27736097574234,1
google/gemma-3-12b-pt,calques_0132,calques,subtle: становити,-38.4845085144043,-40.590206146240234,10,10,1,-1.0970878601074219,2.776748776435852,1
google/gemma-3-12b-pt,calques_0133,calques,subtle: ймовірно,-39.5930061340332,-42.42143249511719,8,9,1,-1.0926666259765625,1.841886579990387,1
google/gemma-3-12b-pt,calques_0134,calques,subtle: брати до уваги,-40.16725158691406,-41.44757843017578,10,9,1,-1.6363143920898438,1.3432483673095703,0
google/gemma-3-12b-pt,calques_0135,calques,subtle: брати до уваги,-43.47218704223633,-39.928558349609375,12,11,0,-1.9738026857376099,1.8337459564208984,0
google/gemma-3-12b-pt,calques_0136,calques,subtle: порушити питання,-38.87248611450195,-38.17451477050781,11,12,0,-1.6072121858596802,1.2756519317626953,0
google/gemma-3-12b-pt,calques_0137,calques,subtle: порушити питання,-46.153350830078125,-45.601295471191406,8,9,0,-1.7839069366455078,1.4007186889648438,0
google/gemma-3-12b-pt,calques_0138,calques,subtle: оцінка,-52.717777252197266,-59.70220184326172,11,12,1,-1.4154949188232422,2.3008918166160583,1
google/gemma-3-12b-pt,calques_0139,calques,subtle: оцінка,-35.57902526855469,-39.260292053222656,9,10,1,-1.7336884140968323,1.7820130586624146,1
google/gemma-3-12b-pt,calques_0140,calques,subtle: бо (так як),-41.467750549316406,-47.04097366333008,12,13,1,-0.8567886352539062,2.665826737880707,1
google/gemma-3-12b-pt,calques_0141,calques,subtle: бо (так як),-45.96908187866211,-52.25803756713867,12,13,1,-1.0176372528076172,2.9617385864257812,1
google/gemma-3-12b-pt,calques_0142,calques,subtle: досі,-38.7879638671875,-42.485198974609375,9,11,1,-1.0723152160644531,1.4439889192581177,1
google/gemma-3-12b-pt,calques_0143,calques,subtle: досі,-37.250343322753906,-39.87908935546875,9,11,1,-0.6658668518066406,1.4795073866844177,1
google/gemma-3-12b-pt,calques_0144,calques,subtle: незважаючи,-40.29602813720703,-45.058143615722656,12,13,1,-0.8330821990966797,3.1506804823875427,1
google/gemma-3-12b-pt,calques_0145,calques,subtle: незважаючи,-45.044654846191406,-47.48802947998047,13,14,1,-1.1629351377487183,2.4360216856002808,1
google/gemma-3-12b-pt,calques_0146,calques,subtle: зрештою,-36.32770919799805,-38.04698181152344,10,11,1,-0.9641132354736328,3.087265133857727,1
google/gemma-3-12b-pt,calques_0147,calques,subtle: зрештою,-36.908809661865234,-39.387664794921875,9,11,1,-0.9797840118408203,2.84944349527359,1
google/gemma-3-12b-pt,calques_0148,calques,subtle: зрештою,-37.38719177246094,-41.260250091552734,11,12,1,-0.8081073760986328,2.8878307938575745,1
google/gemma-3-12b-pt,calques_0149,calques,subtle: принаймні,-43.653839111328125,-46.16265869140625,10,11,1,-0.5513801574707031,3.009315550327301,1
google/gemma-3-12b-pt,calques_0150,calques,subtle: принаймні,-47.522560119628906,-56.60757827758789,10,11,1,-1.4046858549118042,2.9724006056785583,1
google/gemma-3-12b-pt,calques_0151,calques,subtle: принаймні,-40.68548583984375,-48.01525115966797,10,11,1,-0.5890007019042969,2.7510051131248474,1
google/gemma-3-12b-pt,calques_0152,calques,overt: отримувати,-33.491424560546875,-43.53672790527344,8,7,1,-0.2733287811279297,3.8383577466011047,1
google/gemma-3-12b-pt,calques_0153,calques,overt: визначити,-35.084835052490234,-47.0487174987793,7,9,1,-0.2782726287841797,3.4117011427879333,1
google/gemma-3-12b-pt,calques_0154,calques,overt: визначити,-33.308326721191406,-43.12732696533203,9,11,1,-0.16689109802246094,3.161037504673004,1
google/gemma-3-12b-pt,calques_0155,calques,overt: подобатися,-32.255088806152344,-35.94249725341797,10,9,1,0.2939319610595703,3.293601930141449,1
google/gemma-3-12b-pt,calques_0156,calques,overt: подобатися,-32.141014099121094,-39.34587860107422,9,8,1,0.23381423950195312,3.62527072429657,1
google/gemma-3-12b-pt,calques_0157,calques,overt: їсти,-33.59001922607422,-39.507415771484375,6,7,1,-1.0001468658447266,3.0734938383102417,1
google/gemma-3-12b-pt,calques_0158,calques,overt: їсти,-34.12022399902344,-39.611175537109375,8,9,1,-1.5324612855911255,2.8914127349853516,1
google/gemma-3-12b-pt,calques_0159,calques,overt: взагалі,-33.95416259765625,-42.856876373291016,8,6,1,-0.4430046081542969,2.978486955165863,1
google/gemma-3-12b-pt,calques_0160,calques,overt: взагалі,-43.274620056152344,-50.14153289794922,9,7,1,-0.6941986083984375,2.7745056748390198,1
google/gemma-3-12b-pt,calques_0161,calques,overt: звичайно,-35.03987503051758,-50.67854309082031,7,8,1,-0.3317699432373047,3.521160364151001,1
google/gemma-3-12b-pt,calques_0162,calques,overt: звичайно,-32.92296600341797,-44.62655258178711,9,10,1,-0.23140716552734375,2.969448149204254,1
google/gemma-3-12b-pt,calques_0163,calques,overt: звичайно,-31.669889450073242,-48.82146453857422,9,10,1,-0.5450019836425781,3.314571440219879,1
google/gemma-3-12b-pt,calques_0164,calques,overt: дуже,-31.83393096923828,-40.926239013671875,6,6,1,0.1905689239501953,3.9083445072174072,1
google/gemma-3-12b-pt,calques_0165,calques,overt: дуже,-32.641517639160156,-53.01648712158203,7,7,1,-0.1456146240234375,3.496650815010071,1
google/gemma-3-12b-pt,calques_0166,calques,overt: дуже,-25.33952522277832,-31.33544158935547,5,4,1,-0.4023418426513672,3.9475457668304443,1
google/gemma-3-12b-pt,calques_0167,calques,overt: бувай,-46.39842987060547,-38.34642028808594,9,9,0,-0.6240062713623047,1.4679585099220276,1
google/gemma-3-12b-pt,calques_0168,calques,overt: бувай,-36.77668380737305,-30.944276809692383,5,4,0,-0.9516199827194214,2.0340976119041443,1
google/gemma-3-12b-pt,calques_0169,calques,overt: бувай,-43.683494567871094,-38.68889617919922,7,7,0,-0.9591482877731323,2.0789509415626526,1
google/gemma-3-12b-pt,calques_0170,calques,overt: здаватися,-37.15583801269531,-45.50646209716797,8,9,1,-1.322097659111023,2.6204203963279724,1
google/gemma-3-12b-pt,calques_0171,calques,overt: здаватися,-37.66218566894531,-42.287349700927734,9,9,1,-0.9092235565185547,2.841514468193054,1
google/gemma-3-12b-pt,calques_0172,calques,overt: здаватися,-42.217979431152344,-44.481685638427734,13,13,1,-0.9540042877197266,2.076602876186371,1
google/gemma-3-12b-pt,calques_0173,calques,overt: заважати,-44.13951873779297,-43.43274688720703,11,11,0,-0.8925189971923828,1.6971912384033203,1
google/gemma-3-12b-pt,calques_0174,calques,overt: заважати,-37.54095458984375,-40.11749267578125,7,7,1,-0.924072265625,1.644599974155426,1
google/gemma-3-12b-pt,calques_0175,calques,overt: виходити,-30.626739501953125,-35.00662612915039,7,7,1,-0.6941509246826172,3.5130346417427063,1
google/gemma-3-12b-pt,calques_0176,calques,overt: виходити,-30.14892578125,-35.445735931396484,8,8,1,-0.7762718200683594,2.803684175014496,1
google/gemma-3-12b-pt,calques_0177,calques,overt: вистачати,-33.94355773925781,-38.42377471923828,7,5,1,-0.2815227508544922,2.6603164076805115,1
google/gemma-3-12b-pt,calques_0178,calques,overt: вистачати,-34.2571907043457,-38.55644607543945,6,5,1,-0.30195045471191406,2.726568281650543,1
google/gemma-3-12b-pt,calques_0179,calques,overt: зараз,-32.09198760986328,-37.603477478027344,7,7,1,-0.25473976135253906,3.559814453125,1
google/gemma-3-12b-pt,calques_0180,calques,overt: зараз,-31.34934425354004,-35.43574523925781,7,6,1,-0.3601245880126953,3.5934637784957886,1
google/gemma-3-12b-pt,calques_0181,calques,overt: зараз,-29.85993194580078,-37.69895935058594,8,8,1,0.0062618255615234375,3.6801204085350037,1
google/gemma-3-12b-pt,calques_0182,calques,overt: гаразд,-38.20838928222656,-36.64849090576172,8,7,0,-0.5815830230712891,2.5942572951316833,1
google/gemma-3-12b-pt,calques_0183,calques,overt: гаразд,-50.517822265625,-37.48801040649414,8,7,0,-0.9060478210449219,2.7398128509521484,1
google/gemma-3-12b-pt,calques_0184,calques,overt: гаразд,-37.66465759277344,-31.452816009521484,8,7,0,-0.6458663940429688,2.7668648958206177,1
google/gemma-3-12b-pt,calques_0185,calques,overt: колишній,-38.70051193237305,-45.481204986572266,8,7,1,-1.1924952268600464,3.0132561922073364,1
google/gemma-3-12b-pt,calques_0186,calques,overt: колишній,-36.66902160644531,-41.456966400146484,11,10,1,-1.3135126829147339,2.29454243183136,1
google/gemma-3-12b-pt,calques_0187,calques,overt: колишній,-39.9427490234375,-49.143348693847656,11,10,1,-0.7557735443115234,2.9536304473876953,1
google/gemma-3-12b-pt,control_subject_verb_0000,control_subject_verb,past-tense gender,-49.47104263305664,-54.318885803222656,12,12,1,-1.1699905395507812,3.655807316303253,1
google/gemma-3-12b-pt,control_subject_verb_0001,control_subject_verb,past-tense gender,-45.52194595336914,-52.047210693359375,9,9,1,-1.1197624206542969,3.405477464199066,1
google/gemma-3-12b-pt,control_subject_verb_0002,control_subject_verb,past-tense gender,-42.526275634765625,-45.66343688964844,8,8,1,-0.7953472137451172,3.0121306777000427,1
google/gemma-3-12b-pt,control_subject_verb_0003,control_subject_verb,past-tense gender,-39.85664367675781,-43.93299865722656,9,9,1,-0.08318519592285156,3.6507168412208557,1
google/gemma-3-12b-pt,control_subject_verb_0004,control_subject_verb,past-tense gender,-41.67047882080078,-47.78998947143555,9,9,1,-0.9774951934814453,3.160499691963196,1
google/gemma-3-12b-pt,control_subject_verb_0005,control_subject_verb,past-tense gender,-47.95964813232422,-55.03987121582031,9,9,1,-0.26763916015625,3.848300874233246,1
google/gemma-3-12b-pt,control_subject_verb_0006,control_subject_verb,past-tense gender,-41.54627227783203,-49.20349884033203,7,7,1,-1.2248039245605469,3.6662903428077698,1
google/gemma-3-12b-pt,control_subject_verb_0007,control_subject_verb,past-tense gender,-44.74520492553711,-51.377166748046875,9,10,1,-0.49723243713378906,3.370655119419098,1
google/gemma-3-12b-pt,control_subject_verb_0008,control_subject_verb,past-tense gender,-41.98493957519531,-46.53015899658203,10,11,1,-0.2074298858642578,2.89505398273468,1
google/gemma-3-12b-pt,control_subject_verb_0009,control_subject_verb,past-tense gender,-54.84153747558594,-60.6195068359375,11,11,1,-1.599733293056488,3.0150718688964844,1
google/gemma-3-12b-pt,control_subject_verb_0010,control_subject_verb,past-tense gender,-48.04092025756836,-57.57844924926758,11,11,1,-0.17193031311035156,3.9383296370506287,1
google/gemma-3-12b-pt,control_subject_verb_0011,control_subject_verb,past-tense gender,-42.15653991699219,-48.21586227416992,9,9,1,-0.9551448822021484,3.513774871826172,1
google/gemma-3-12b-pt,control_subject_verb_0012,control_subject_verb,past-tense gender,-36.58658981323242,-43.70660400390625,9,9,1,-1.0524159669876099,3.9228803515434265,1
google/gemma-3-12b-pt,control_subject_verb_0013,control_subject_verb,past-tense gender,-39.31547927856445,-44.649932861328125,10,10,1,-0.5023326873779297,3.4664365649223328,1
google/gemma-3-12b-pt,control_subject_verb_0014,control_subject_verb,past-tense gender,-46.23029708862305,-52.70067596435547,8,9,1,-0.4050025939941406,3.298271059989929,1
google/gemma-3-12b-pt,control_subject_verb_0015,control_subject_verb,past-tense gender,-41.849273681640625,-47.021331787109375,10,10,1,0.0883941650390625,3.430883467197418,1
google/gemma-3-12b-pt,control_subject_verb_0016,control_subject_verb,past-tense gender,-45.963722229003906,-51.88053894042969,9,9,1,-0.7695446014404297,3.483671009540558,1
google/gemma-3-12b-pt,control_subject_verb_0017,control_subject_verb,past-tense gender,-43.13448715209961,-47.20930099487305,8,8,1,-1.0652464628219604,3.4873486161231995,1
google/gemma-3-12b-pt,control_subject_verb_0018,control_subject_verb,past-tense gender,-47.366294860839844,-52.46514129638672,10,10,1,-0.440277099609375,3.5139673352241516,1
google/gemma-3-12b-pt,control_subject_verb_0019,control_subject_verb,past-tense gender,-45.48169708251953,-50.6100959777832,8,9,1,-0.38231658935546875,3.140115737915039,1
google/gemma-3-12b-pt,control_subject_verb_0020,control_subject_verb,past-tense gender,-42.907562255859375,-47.61977767944336,9,10,1,-0.3240375518798828,3.174734055995941,1
google/gemma-3-12b-pt,control_subject_verb_0021,control_subject_verb,past-tense gender,-43.27240753173828,-49.97576904296875,10,10,1,-0.9611473083496094,2.9853726625442505,1
google/gemma-3-12b-pt,control_subject_verb_0022,control_subject_verb,past-tense gender,-50.192100524902344,-56.93888473510742,10,10,1,-1.1531105041503906,3.32249653339386,1
google/gemma-3-12b-pt,control_subject_verb_0023,control_subject_verb,past-tense gender,-42.41278076171875,-48.70606994628906,10,10,1,-0.3733711242675781,3.385961592197418,1
google/gemma-3-12b-pt,control_subject_verb_0024,control_subject_verb,past-tense gender,-47.0806770324707,-50.789730072021484,9,9,1,-0.6633338928222656,2.904926300048828,1
google/gemma-3-12b-pt,control_subject_verb_0025,control_subject_verb,past-tense gender,-41.28862380981445,-46.973812103271484,11,11,1,-0.9519195556640625,3.180120348930359,1
google/gemma-3-12b-pt,control_subject_verb_0026,control_subject_verb,past-tense gender,-49.346221923828125,-53.651947021484375,10,10,1,-0.778533935546875,3.3359679579734802,1
google/gemma-3-12b-pt,control_subject_verb_0027,control_subject_verb,past-tense gender,-40.83954620361328,-46.4102783203125,9,9,1,-0.3686866760253906,2.9374979734420776,1
google/gemma-3-12b-pt,control_subject_verb_0028,control_subject_verb,past-tense gender,-44.03125,-48.236427307128906,8,8,1,-1.1547985076904297,3.394248843193054,1
google/gemma-3-12b-pt,control_subject_verb_0029,control_subject_verb,past-tense gender,-48.09620666503906,-57.69697189331055,10,10,1,-0.24483299255371094,3.1970710158348083,1
google/gemma-3-12b-pt,control_subject_verb_0030,control_subject_verb,past-tense gender,-41.75982666015625,-46.75458526611328,11,11,1,-0.09200286865234375,3.568696975708008,1
google/gemma-3-12b-pt,control_subject_verb_0031,control_subject_verb,past-tense gender,-40.49212646484375,-44.35682678222656,8,8,1,-0.9184455871582031,3.238496780395508,1
google/gemma-3-12b-pt,control_subject_verb_0032,control_subject_verb,past-tense gender,-52.145721435546875,-57.473751068115234,9,9,1,-1.3187084197998047,3.20279324054718,1
google/gemma-3-12b-pt,control_subject_verb_0033,control_subject_verb,past-tense gender,-45.25233840942383,-51.99658966064453,9,9,1,-1.1244544982910156,3.564411163330078,1
google/gemma-3-12b-pt,control_subject_verb_0034,control_subject_verb,past-tense gender,-41.730350494384766,-46.70722961425781,11,11,1,-0.42383384704589844,3.723360061645508,1
google/gemma-3-12b-pt,control_subject_verb_0035,control_subject_verb,past-tense gender,-43.168785095214844,-48.117881774902344,10,10,1,-0.05365943908691406,3.614036798477173,1
google/gemma-3-12b-pt,control_subject_verb_0036,control_subject_verb,past-tense gender,-46.03026580810547,-52.957237243652344,9,9,1,-0.13622283935546875,3.8086336851119995,1
google/gemma-3-12b-pt,control_subject_verb_0037,control_subject_verb,past-tense gender,-42.89976119995117,-48.10363006591797,9,9,1,-0.3123817443847656,3.266305983066559,1
google/gemma-3-12b-pt,control_subject_verb_0038,control_subject_verb,past-tense gender,-46.468666076660156,-53.7215690612793,9,9,1,-0.7211723327636719,3.1691436767578125,1
google/gemma-3-12b-pt,control_subject_verb_0039,control_subject_verb,past-tense gender,-43.173927307128906,-48.16676712036133,9,9,1,0.06588554382324219,3.4911096692085266,1
google/gemma-3-12b-pt,control_subject_verb_0040,control_subject_verb,past-tense gender,-46.430076599121094,-51.86705017089844,8,8,1,-1.2651060819625854,3.6009045243263245,1
google/gemma-3-12b-pt,control_subject_verb_0041,control_subject_verb,past-tense gender,-42.32940673828125,-46.57029724121094,9,9,1,-0.8812941312789917,3.6293373107910156,1
google/gemma-3-12b-pt,control_subject_verb_0042,control_subject_verb,past-tense gender,-36.283626556396484,-41.7364501953125,9,9,1,-0.6392230987548828,3.413589358329773,1
google/gemma-3-12b-pt,control_subject_verb_0043,control_subject_verb,past-tense gender,-51.76460266113281,-58.92560577392578,10,10,1,-1.2397708892822266,3.308467924594879,1
google/gemma-3-12b-pt,control_subject_verb_0044,control_subject_verb,past-tense gender,-46.779136657714844,-49.86882019042969,8,8,1,-0.8844013214111328,3.5300179719924927,1
google/gemma-3-12b-pt,control_subject_verb_0045,control_subject_verb,past-tense gender,-45.63043975830078,-49.0062255859375,9,9,1,-0.809137225151062,3.1654738187789917,1
google/gemma-3-12b-pt,control_subject_verb_0046,control_subject_verb,past-tense gender,-42.327659606933594,-51.240501403808594,10,10,1,-0.7756576538085938,3.570505380630493,1
google/gemma-3-12b-pt,control_subject_verb_0047,control_subject_verb,past-tense gender,-49.247535705566406,-56.93521499633789,9,9,1,-1.597335696220398,3.360527217388153,1
google/gemma-3-12b-pt,control_subject_verb_0048,control_subject_verb,past-tense gender,-36.48093032836914,-42.59770202636719,8,8,1,-0.05908203125,3.5327130556106567,1
google/gemma-3-12b-pt,control_subject_verb_0049,control_subject_verb,past-tense gender,-43.27539825439453,-47.761199951171875,8,8,1,-0.18324661254882812,3.6811370849609375,1
google/gemma-3-12b-pt,control_subject_verb_0050,control_subject_verb,past-tense gender,-39.53353500366211,-44.55954360961914,9,9,1,-0.33981895446777344,3.0370026230812073,1
google/gemma-3-12b-pt,control_subject_verb_0051,control_subject_verb,past-tense gender,-47.277679443359375,-53.22234344482422,8,8,1,-0.7489395141601562,3.610175907611847,1
google/gemma-3-12b-pt,control_subject_verb_0052,control_subject_verb,past-tense gender,-40.33066940307617,-46.57417678833008,11,11,1,-0.8719024658203125,3.5569441318511963,1
google/gemma-3-12b-pt,control_subject_verb_0053,control_subject_verb,past-tense gender,-48.63148880004883,-54.00775146484375,9,9,1,-0.6317825317382812,3.669525146484375,1
google/gemma-3-12b-pt,control_subject_verb_0054,control_subject_verb,past-tense gender,-49.88238525390625,-55.70438003540039,10,10,1,-0.9540880918502808,3.380479574203491,1
google/gemma-3-12b-pt,control_subject_verb_0055,control_subject_verb,past-tense gender,-53.30756378173828,-60.720584869384766,11,11,1,-1.1331195831298828,2.960367202758789,1
google/gemma-3-12b-pt,control_subject_verb_0056,control_subject_verb,past-tense gender,-45.165321350097656,-49.76165771484375,10,10,1,-0.2673168182373047,3.7386435866355896,1
google/gemma-3-12b-pt,control_subject_verb_0057,control_subject_verb,past-tense gender,-40.931819915771484,-45.53856658935547,10,10,1,-0.6561870574951172,3.3873196840286255,1
google/gemma-3-12b-pt,control_subject_verb_0058,control_subject_verb,past-tense gender,-55.78217315673828,-59.75449752807617,9,9,1,-1.5275707244873047,3.270679533481598,1
google/gemma-3-12b-pt,control_subject_verb_0059,control_subject_verb,past-tense gender,-45.664146423339844,-50.44792938232422,10,10,1,-1.2837848663330078,2.523172378540039,1
google/gemma-3-12b-pt,control_subject_verb_0060,control_subject_verb,past-tense gender,-40.699951171875,-43.556583404541016,9,9,1,-0.8058032989501953,3.147562086582184,1
google/gemma-3-12b-pt,control_subject_verb_0061,control_subject_verb,past-tense gender,-54.18958282470703,-61.55928039550781,12,12,1,-1.4390811324119568,2.4339638352394104,1
google/gemma-3-12b-pt,control_subject_verb_0062,control_subject_verb,past-tense gender,-54.22459411621094,-61.31418228149414,11,11,1,-1.2091447114944458,3.156352937221527,1
google/gemma-3-12b-pt,control_subject_verb_0063,control_subject_verb,past-tense gender,-39.42998504638672,-44.69348907470703,9,9,1,-0.4671154022216797,3.6500644087791443,1
google/gemma-3-12b-pt,control_subject_verb_0064,control_subject_verb,past-tense gender,-45.657012939453125,-52.73715591430664,11,11,1,-0.9968051910400391,3.575229823589325,1
google/gemma-3-12b-pt,control_subject_verb_0065,control_subject_verb,past-tense gender,-43.39320373535156,-47.91122055053711,9,9,1,-0.5188388824462891,3.4061795473098755,1
google/gemma-3-12b-pt,control_subject_verb_0066,control_subject_verb,past-tense gender,-48.31119918823242,-53.825233459472656,9,9,1,-0.9461021423339844,3.077901840209961,1
google/gemma-3-12b-pt,control_subject_verb_0067,control_subject_verb,past-tense gender,-42.128658294677734,-49.56591796875,11,11,1,-0.8443431854248047,3.311060070991516,1
google/gemma-3-12b-pt,control_subject_verb_0068,control_subject_verb,past-tense gender,-40.1060905456543,-45.577232360839844,7,7,1,-1.0803030729293823,3.6403884291648865,1
google/gemma-3-12b-pt,control_subject_verb_0069,control_subject_verb,past-tense gender,-42.48533630371094,-47.688331604003906,9,9,1,-0.07802963256835938,3.0788630843162537,1
google/gemma-3-12b-pt,control_subject_verb_0070,control_subject_verb,past-tense gender,-50.09792709350586,-54.68035888671875,11,11,1,-1.253177523612976,2.9567031860351562,1
google/gemma-3-12b-pt,control_subject_verb_0071,control_subject_verb,past-tense gender,-47.855777740478516,-55.415462493896484,11,11,1,-0.8958340883255005,3.1773128509521484,1
google/gemma-3-12b-pt,control_subject_verb_0072,control_subject_verb,past-tense gender,-41.99146270751953,-44.793434143066406,9,9,1,-0.7441750764846802,3.1179351210594177,1
google/gemma-3-12b-pt,control_subject_verb_0073,control_subject_verb,past-tense gender,-36.42143630981445,-44.68132019042969,8,8,1,-0.8161488771438599,3.390924632549286,1
google/gemma-3-12b-pt,control_subject_verb_0074,control_subject_verb,past-tense gender,-43.82366943359375,-48.178550720214844,10,10,1,-0.5653934478759766,3.712411940097809,1
google/gemma-3-12b-pt,control_subject_verb_0075,control_subject_verb,past-tense gender,-44.77430725097656,-48.884498596191406,8,8,1,-0.7739524841308594,3.346525013446808,1
google/gemma-3-12b-pt,control_subject_verb_0076,control_subject_verb,past-tense gender,-41.449851989746094,-47.71029281616211,11,11,1,-0.5553817749023438,3.8468311429023743,1
google/gemma-3-12b-pt,control_subject_verb_0077,control_subject_verb,past-tense gender,-46.134029388427734,-53.01228332519531,9,9,1,-1.0359611511230469,3.5253485441207886,1
google/gemma-3-12b-pt,control_subject_verb_0078,control_subject_verb,past-tense gender,-45.78265380859375,-51.73591613769531,9,9,1,-0.5573692321777344,3.287845730781555,1
google/gemma-3-12b-pt,control_subject_verb_0079,control_subject_verb,past-tense gender,-43.514686584472656,-48.11970138549805,8,8,1,-0.7556056976318359,3.3909589648246765,1
google/gemma-3-12b-pt,control_subject_verb_0080,control_subject_verb,past-tense gender,-38.07489776611328,-42.19319152832031,10,10,1,0.10057830810546875,3.6813238859176636,1
google/gemma-3-12b-pt,control_subject_verb_0081,control_subject_verb,past-tense gender,-57.11543273925781,-61.69389343261719,9,9,1,-0.8762302398681641,3.2386056184768677,1
google/gemma-3-12b-pt,control_subject_verb_0082,control_subject_verb,past-tense gender,-55.588714599609375,-61.06532287597656,11,11,1,-1.6016026139259338,2.7249794602394104,1
google/gemma-3-12b-pt,control_subject_verb_0083,control_subject_verb,past-tense gender,-52.641822814941406,-57.653526306152344,11,11,1,-0.9649295806884766,3.199590802192688,1
google/gemma-3-12b-pt,control_subject_verb_0084,control_subject_verb,past-tense gender,-43.7062873840332,-48.68546676635742,10,10,1,-0.7700576782226562,3.3443127274513245,1
google/gemma-3-12b-pt,control_subject_verb_0085,control_subject_verb,past-tense gender,-40.697418212890625,-44.391761779785156,8,8,1,-0.8255175352096558,3.3692209720611572,1
google/gemma-3-12b-pt,control_subject_verb_0086,control_subject_verb,past-tense gender,-46.796287536621094,-51.37644958496094,8,8,1,-0.7496547698974609,3.079063355922699,1
google/gemma-3-12b-pt,control_subject_verb_0087,control_subject_verb,past-tense gender,-42.47016143798828,-46.66673278808594,7,7,1,-0.5915507078170776,3.8013839721679688,1
google/gemma-3-12b-pt,control_subject_verb_0088,control_subject_verb,past-tense gender,-40.08720779418945,-44.834014892578125,10,10,1,-0.31317901611328125,3.1138630509376526,1
google/gemma-3-12b-pt,control_subject_verb_0089,control_subject_verb,past-tense gender,-52.51835632324219,-57.24615478515625,11,11,1,-0.9293251037597656,3.1087647676467896,1
google/gemma-3-12b-pt,control_subject_verb_0090,control_subject_verb,past-tense gender,-39.54243087768555,-46.27350997924805,8,8,1,-1.0252436399459839,3.6180973649024963,1
google/gemma-3-12b-pt,control_subject_verb_0091,control_subject_verb,past-tense gender,-40.636138916015625,-46.30890655517578,7,7,1,-0.6361885070800781,3.7387064695358276,1
google/gemma-3-12b-pt,control_subject_verb_0092,control_subject_verb,past-tense gender,-40.24675369262695,-44.93667984008789,8,8,1,-0.6082878112792969,3.316125810146332,1
google/gemma-3-12b-pt,control_subject_verb_0093,control_subject_verb,past-tense gender,-45.727134704589844,-52.58378601074219,10,10,1,-0.8593311309814453,3.139751434326172,1
google/gemma-3-12b-pt,control_subject_verb_0094,control_subject_verb,past-tense gender,-44.46171951293945,-49.415016174316406,10,9,1,-1.023956298828125,2.707569122314453,1
google/gemma-3-12b-pt,control_subject_verb_0095,control_subject_verb,past-tense gender,-43.99674987792969,-48.92710876464844,8,9,1,-0.4089508056640625,3.376377284526825,1
google/gemma-3-12b-pt,control_subject_verb_0096,control_subject_verb,past-tense gender,-41.817108154296875,-45.70547103881836,10,10,1,-0.8958872556686401,3.5205748081207275,1
google/gemma-3-12b-pt,control_subject_verb_0097,control_subject_verb,past-tense gender,-43.193603515625,-46.62708282470703,9,9,1,-0.900314211845398,3.180051863193512,1
google/gemma-3-12b-pt,control_subject_verb_0098,control_subject_verb,past-tense gender,-43.10686111450195,-48.979347229003906,9,9,1,-0.3073558807373047,3.781530261039734,1
google/gemma-3-12b-pt,control_subject_verb_0099,control_subject_verb,past-tense gender,-45.31195831298828,-52.22108459472656,11,11,1,-1.329315185546875,3.702489733695984,1
google/gemma-3-12b-pt,control_subject_verb_0100,control_subject_verb,past-tense gender,-39.81629180908203,-44.187095642089844,9,9,1,0.48850250244140625,3.6402053236961365,1
google/gemma-3-12b-pt,control_subject_verb_0101,control_subject_verb,past-tense gender,-39.77229690551758,-45.46623992919922,10,10,1,-0.8794078826904297,3.3375357389450073,1
google/gemma-3-12b-pt,control_subject_verb_0102,control_subject_verb,past-tense gender,-43.996910095214844,-51.44855499267578,10,10,1,-0.555419921875,3.6950989365577698,1
google/gemma-3-12b-pt,control_subject_verb_0103,control_subject_verb,past-tense gender,-43.487300872802734,-47.54601287841797,9,9,1,-0.7103137969970703,3.0572794675827026,1
google/gemma-3-12b-pt,control_subject_verb_0104,control_subject_verb,past-tense gender,-42.181636810302734,-47.91064453125,10,10,1,-0.7208633422851562,3.7735328674316406,1
google/gemma-3-12b-pt,control_subject_verb_0105,control_subject_verb,past-tense gender,-54.302391052246094,-59.681148529052734,11,11,1,-1.0553264617919922,3.177637040615082,1
google/gemma-3-12b-pt,control_subject_verb_0106,control_subject_verb,past-tense gender,-42.40961837768555,-47.40879821777344,8,8,1,-0.0208282470703125,3.6366406679153442,1
google/gemma-3-12b-pt,control_subject_verb_0107,control_subject_verb,past-tense gender,-54.072898864746094,-59.459632873535156,10,11,1,-0.9791107177734375,3.142313003540039,1
google/gemma-3-12b-pt,control_subject_verb_0108,control_subject_verb,past-tense gender,-44.67427062988281,-52.49746322631836,10,10,1,-0.3750019073486328,3.4864389300346375,1
google/gemma-3-12b-pt,control_subject_verb_0109,control_subject_verb,past-tense gender,-40.063995361328125,-46.15159225463867,9,9,1,0.14887237548828125,3.517959773540497,1
google/gemma-3-12b-pt,control_subject_verb_0110,control_subject_verb,past-tense gender,-43.64502716064453,-49.79436492919922,8,8,1,-1.1579780578613281,3.482749819755554,1
google/gemma-3-12b-pt,control_subject_verb_0111,control_subject_verb,past-tense gender,-42.70676040649414,-47.835365295410156,10,10,1,-0.5671195983886719,3.5593183040618896,1
google/gemma-3-12b-pt,control_subject_verb_0112,control_subject_verb,past-tense gender,-40.07292938232422,-46.08937072753906,10,10,1,-0.9502450227737427,3.486610531806946,1
google/gemma-3-12b-pt,control_subject_verb_0113,control_subject_verb,past-tense gender,-41.91387939453125,-47.60447692871094,10,10,1,-1.1439170837402344,2.7199363112449646,1
google/gemma-3-12b-pt,control_subject_verb_0114,control_subject_verb,past-tense gender,-44.92360305786133,-49.382041931152344,9,9,1,-0.43762969970703125,3.236537992954254,1
google/gemma-3-12b-pt,control_subject_verb_0115,control_subject_verb,past-tense gender,-39.622840881347656,-44.941856384277344,8,8,1,-0.6805458068847656,3.741527736186981,1
google/gemma-3-12b-pt,control_subject_verb_0116,control_subject_verb,past-tense gender,-41.92033004760742,-45.452301025390625,9,9,1,-0.2984752655029297,3.5973130464553833,1
google/gemma-3-12b-pt,control_subject_verb_0117,control_subject_verb,past-tense gender,-57.92984390258789,-62.412132263183594,10,10,1,-0.8856449127197266,3.160270631313324,1
google/gemma-3-12b-pt,control_subject_verb_0118,control_subject_verb,past-tense gender,-46.223106384277344,-53.5775146484375,10,10,1,-0.7796688079833984,3.232753813266754,1
google/gemma-3-12b-pt,control_subject_verb_0119,control_subject_verb,past-tense gender,-46.68400573730469,-52.32329559326172,8,8,1,-1.149749755859375,3.534759283065796,1
google/gemma-3-12b-pt,control_subject_verb_0120,control_subject_verb,past-tense gender,-44.484161376953125,-48.194175720214844,10,10,1,-0.7653980255126953,2.8217315673828125,1
google/gemma-3-12b-pt,control_subject_verb_0121,control_subject_verb,past-tense gender,-39.56917953491211,-46.90070724487305,12,11,1,-1.0057638883590698,2.9769991636276245,1
google/gemma-3-12b-pt,control_subject_verb_0122,control_subject_verb,past-tense gender,-43.82830047607422,-49.343414306640625,10,10,1,-0.6691228151321411,3.7851848006248474,1
google/gemma-3-12b-pt,control_subject_verb_0123,control_subject_verb,past-tense gender,-48.357574462890625,-55.1302375793457,10,9,1,-0.9128018617630005,2.625507414340973,1
google/gemma-3-12b-pt,control_subject_verb_0124,control_subject_verb,past-tense gender,-36.90983200073242,-43.27906799316406,9,9,1,-0.5195808410644531,3.827283799648285,1
google/gemma-3-12b-pt,control_subject_verb_0125,control_subject_verb,past-tense gender,-52.90080261230469,-57.60157012939453,12,12,1,-1.3582915663719177,3.147281527519226,1
google/gemma-3-12b-pt,control_subject_verb_0126,control_subject_verb,past-tense gender,-44.35686111450195,-48.91291809082031,8,8,1,-1.0440959930419922,3.5480805039405823,1
google/gemma-3-12b-pt,control_subject_verb_0127,control_subject_verb,past-tense gender,-46.250003814697266,-50.939754486083984,9,9,1,-0.7159843444824219,3.617702603340149,1
google/gemma-3-12b-pt,control_subject_verb_0128,control_subject_verb,past-tense gender,-45.76115036010742,-52.651519775390625,10,10,1,-1.2357064485549927,3.442756772041321,1
google/gemma-3-12b-pt,control_subject_verb_0129,control_subject_verb,past-tense gender,-43.05976104736328,-46.67286682128906,9,9,1,-0.7148418426513672,3.430971086025238,1
google/gemma-3-12b-pt,control_subject_verb_0130,control_subject_verb,past-tense gender,-48.13328552246094,-57.529090881347656,12,12,1,-0.35410308837890625,3.803060472011566,1
google/gemma-3-12b-pt,control_subject_verb_0131,control_subject_verb,past-tense gender,-48.386234283447266,-53.19511795043945,8,8,1,-0.9022922515869141,3.6549225449562073,1
google/gemma-3-12b-pt,control_subject_verb_0132,control_subject_verb,past-tense gender,-47.676212310791016,-57.672821044921875,11,11,1,-0.1283283233642578,3.8025054931640625,1
google/gemma-3-12b-pt,control_subject_verb_0133,control_subject_verb,past-tense gender,-41.203433990478516,-45.674495697021484,9,9,1,-0.8920935392379761,3.3575572967529297,1
google/gemma-3-12b-pt,control_subject_verb_0134,control_subject_verb,past-tense gender,-43.855674743652344,-49.65945816040039,9,9,1,-0.6366462707519531,3.5413304567337036,1
google/gemma-3-12b-pt,control_subject_verb_0135,control_subject_verb,past-tense gender,-55.12266540527344,-60.392032623291016,9,10,1,-0.8334693908691406,3.0989169478416443,1
google/gemma-3-12b-pt,control_subject_verb_0136,control_subject_verb,past-tense gender,-40.27521896362305,-45.28480529785156,7,7,1,-0.3393135070800781,3.6082172989845276,1
google/gemma-3-12b-pt,control_subject_verb_0137,control_subject_verb,past-tense gender,-48.55718994140625,-54.41557312011719,12,12,1,-1.1535509824752808,3.553716480731964,1
google/gemma-3-12b-pt,control_subject_verb_0138,control_subject_verb,past-tense gender,-52.77428436279297,-57.71353530883789,11,11,1,-1.1897908449172974,3.4524383544921875,1
google/gemma-3-12b-pt,control_subject_verb_0139,control_subject_verb,past-tense gender,-42.59947967529297,-48.65185546875,11,11,1,-0.4398059844970703,3.6780969500541687,1
google/gemma-3-12b-pt,control_subject_verb_0140,control_subject_verb,past-tense gender,-44.255104064941406,-47.837467193603516,8,8,1,-0.6757946014404297,3.0751456022262573,1
google/gemma-3-12b-pt,control_subject_verb_0141,control_subject_verb,past-tense gender,-34.57649230957031,-38.889991760253906,10,10,1,0.18099403381347656,3.6824111938476562,1
google/gemma-3-12b-pt,control_subject_verb_0142,control_subject_verb,past-tense gender,-42.97832489013672,-47.32218551635742,9,9,1,-0.6804294586181641,3.4785346388816833,1
google/gemma-3-12b-pt,control_subject_verb_0143,control_subject_verb,past-tense gender,-44.00188446044922,-50.128746032714844,8,8,1,-0.9438915252685547,3.263506054878235,1
google/gemma-3-12b-pt,control_subject_verb_0144,control_subject_verb,past-tense gender,-50.42287063598633,-56.28089904785156,11,11,1,-1.0511760711669922,3.631728947162628,1
google/gemma-3-12b-pt,control_subject_verb_0145,control_subject_verb,past-tense gender,-41.60176086425781,-48.75420379638672,11,11,1,-0.8392658233642578,3.0590495467185974,1
google/gemma-3-12b-pt,control_subject_verb_0146,control_subject_verb,past-tense gender,-41.53361892700195,-44.00096893310547,8,8,1,-0.8023453950881958,3.167583405971527,1
google/gemma-3-12b-pt,control_subject_verb_0147,control_subject_verb,past-tense gender,-48.30195617675781,-53.20362091064453,9,9,1,-0.9833755493164062,3.3722323775291443,1
google/gemma-3-12b-pt,control_subject_verb_0148,control_subject_verb,past-tense gender,-51.84809112548828,-56.85879898071289,12,12,1,-0.7360954284667969,2.9745025634765625,1
google/gemma-3-12b-pt,control_subject_verb_0149,control_subject_verb,past-tense gender,-40.73640060424805,-44.90117645263672,10,10,1,-0.5279674530029297,2.979970872402191,1
google/gemma-3-12b-pt,control_subject_verb_0150,control_subject_verb,past-tense gender,-41.48775100708008,-49.0164794921875,7,7,1,-0.9396743774414062,3.3620874285697937,1
google/gemma-3-12b-pt,control_subject_verb_0151,control_subject_verb,past-tense gender,-39.12382888793945,-44.36170959472656,11,11,1,-1.0776804685592651,3.884411573410034,1
google/gemma-3-12b-pt,control_subject_verb_0152,control_subject_verb,past-tense gender,-49.782920837402344,-58.2159538269043,8,8,1,-1.087808609008789,3.1682111024856567,1
google/gemma-3-12b-pt,control_subject_verb_0153,control_subject_verb,past-tense gender,-40.5177116394043,-46.601768493652344,8,8,1,-0.5465621948242188,3.311265766620636,1
google/gemma-3-12b-pt,control_subject_verb_0154,control_subject_verb,past-tense gender,-43.551944732666016,-49.70298767089844,11,10,1,-1.1341419219970703,1.7645015716552734,1
google/gemma-3-12b-pt,control_subject_verb_0155,control_subject_verb,past-tense gender,-44.04691696166992,-49.63617706298828,9,9,1,-1.0526618957519531,3.182073712348938,1
google/gemma-3-12b-pt,control_subject_verb_0156,control_subject_verb,past-tense gender,-48.04319381713867,-54.140541076660156,8,8,1,-0.8159427642822266,3.0118579864501953,1
google/gemma-3-12b-pt,control_subject_verb_0157,control_subject_verb,past-tense gender,-40.692710876464844,-47.27506637573242,9,9,1,-0.9910279512405396,3.755518078804016,1
google/gemma-3-12b-pt,control_subject_verb_0158,control_subject_verb,past-tense gender,-48.241119384765625,-53.95924377441406,9,8,1,-1.124429702758789,2.858301281929016,1
google/gemma-3-12b-pt,control_subject_verb_0159,control_subject_verb,past-tense gender,-53.9853515625,-60.10990905761719,11,10,1,-1.5361613035202026,2.1408615112304688,1
google/gemma-3-12b-pt,control_subject_verb_0160,control_subject_verb,past-tense gender,-56.711585998535156,-62.6727294921875,11,10,1,-1.6618291139602661,2.4248160123825073,1
google/gemma-3-12b-pt,control_subject_verb_0161,control_subject_verb,past-tense gender,-41.167869567871094,-45.964134216308594,8,8,1,0.2639732360839844,3.6019115447998047,1
google/gemma-3-12b-pt,control_subject_verb_0162,control_subject_verb,past-tense gender,-42.02684783935547,-47.501686096191406,9,9,1,-0.6477948427200317,3.8060685992240906,1
google/gemma-3-12b-pt,control_subject_verb_0163,control_subject_verb,past-tense gender,-42.97122573852539,-47.224021911621094,8,8,1,-1.1420230865478516,3.8145752549171448,1
google/gemma-3-12b-pt,control_subject_verb_0164,control_subject_verb,past-tense gender,-40.14662170410156,-45.7596549987793,10,10,1,-0.3331775665283203,3.6166628003120422,1
google/gemma-3-12b-pt,control_subject_verb_0165,control_subject_verb,past-tense gender,-49.72295379638672,-55.311561584472656,12,12,1,-1.188323974609375,3.4857842922210693,1
google/gemma-3-12b-pt,control_subject_verb_0166,control_subject_verb,past-tense gender,-41.653472900390625,-44.641719818115234,8,8,1,-0.5576534271240234,3.1125640273094177,1
google/gemma-3-12b-pt,control_subject_verb_0167,control_subject_verb,past-tense gender,-39.29108428955078,-45.12736892700195,10,10,1,-0.40439796447753906,3.6968268156051636,1
google/gemma-3-12b-pt,control_subject_verb_0168,control_subject_verb,past-tense gender,-38.68079376220703,-47.047157287597656,8,8,1,-0.6588249206542969,3.6319656372070312,1
google/gemma-3-12b-pt,control_subject_verb_0169,control_subject_verb,past-tense gender,-43.99944305419922,-48.121490478515625,9,9,1,-0.8397426605224609,3.274787664413452,1
google/gemma-3-12b-pt,control_subject_verb_0170,control_subject_verb,past-tense gender,-42.13457489013672,-47.18193817138672,9,9,1,-0.3301219940185547,3.3682861924171448,1
google/gemma-3-12b-pt,control_subject_verb_0171,control_subject_verb,past-tense gender,-47.10126495361328,-51.500885009765625,9,8,1,-1.207113265991211,2.635692596435547,1
google/gemma-3-12b-pt,control_subject_verb_0172,control_subject_verb,past-tense gender,-42.76851272583008,-46.18882369995117,8,8,1,-0.06892204284667969,3.3225021958351135,1
google/gemma-3-12b-pt,control_subject_verb_0173,control_subject_verb,past-tense gender,-44.179054260253906,-50.83648681640625,10,10,1,-0.7915593385696411,3.388195037841797,1
google/gemma-3-12b-pt,control_subject_verb_0174,control_subject_verb,past-tense gender,-47.26243591308594,-54.481727600097656,10,10,1,-0.667327880859375,3.5905035734176636,1
google/gemma-3-12b-pt,control_subject_verb_0175,control_subject_verb,past-tense gender,-55.46614074707031,-60.53654098510742,9,9,1,-1.2416000366210938,3.092439651489258,1
google/gemma-3-12b-pt,control_subject_verb_0176,control_subject_verb,past-tense gender,-46.13093566894531,-55.33931350708008,12,12,1,-0.40468788146972656,3.901300609111786,1
google/gemma-3-12b-pt,control_subject_verb_0177,control_subject_verb,past-tense gender,-41.51970291137695,-45.753639221191406,9,9,1,0.15382003784179688,3.738384485244751,1
google/gemma-3-12b-pt,control_subject_verb_0178,control_subject_verb,past-tense gender,-41.462501525878906,-46.99919509887695,9,9,1,-0.1875782012939453,3.275421142578125,1
google/gemma-3-12b-pt,control_subject_verb_0179,control_subject_verb,past-tense gender,-39.85934066772461,-46.75970458984375,8,8,1,-1.1275062561035156,3.461248517036438,1
google/gemma-3-12b-pt,control_subject_verb_0180,control_subject_verb,past-tense gender,-43.91566467285156,-47.77680587768555,7,7,1,-1.0371664762496948,3.466272532939911,1
google/gemma-3-12b-pt,control_subject_verb_0181,control_subject_verb,past-tense gender,-55.429019927978516,-59.6895637512207,11,11,1,-1.6521624326705933,3.077342927455902,1
google/gemma-3-12b-pt,control_subject_verb_0182,control_subject_verb,past-tense gender,-46.15947341918945,-50.20287322998047,9,9,1,-1.195913314819336,2.6489734053611755,1
google/gemma-3-12b-pt,control_subject_verb_0183,control_subject_verb,past-tense gender,-45.101165771484375,-52.090576171875,11,11,1,-0.5901470184326172,3.574426829814911,1
google/gemma-3-12b-pt,control_subject_verb_0184,control_subject_verb,past-tense gender,-42.02479553222656,-48.159584045410156,9,9,1,-0.7781658172607422,3.509445309638977,1
google/gemma-3-12b-pt,control_subject_verb_0185,control_subject_verb,past-tense gender,-41.23295593261719,-46.5716552734375,11,11,1,-0.9391345977783203,3.7774142026901245,1
google/gemma-3-12b-pt,control_subject_verb_0186,control_subject_verb,past-tense gender,-41.30059814453125,-46.730682373046875,10,10,1,-0.4562339782714844,3.6045894622802734,1
google/gemma-3-12b-pt,control_subject_verb_0187,control_subject_verb,past-tense gender,-35.714988708496094,-41.11259078979492,9,9,1,-0.4861316680908203,3.3457411527633667,1
google/gemma-3-12b-pt,control_subject_verb_0188,control_subject_verb,past-tense gender,-49.90681838989258,-55.797855377197266,11,11,1,-1.0161991119384766,3.4378167390823364,1
google/gemma-3-12b-pt,control_subject_verb_0189,control_subject_verb,past-tense gender,-40.76439666748047,-47.126583099365234,9,9,1,-0.5212001800537109,3.803693652153015,1
google/gemma-3-12b-pt,control_subject_verb_0190,control_subject_verb,past-tense gender,-58.189659118652344,-62.9163703918457,10,10,1,-0.9188957214355469,3.0327835083007812,1
google/gemma-3-12b-pt,control_subject_verb_0191,control_subject_verb,past-tense gender,-43.321632385253906,-47.32316589355469,9,9,1,-0.6995754241943359,3.604970872402191,1
google/gemma-3-12b-pt,control_subject_verb_0192,control_subject_verb,past-tense gender,-56.00899124145508,-61.929569244384766,12,11,1,-1.6025276184082031,2.579271376132965,1
google/gemma-3-12b-pt,control_subject_verb_0193,control_subject_verb,past-tense gender,-51.703346252441406,-58.204978942871094,11,10,1,-1.57597154378891,2.66627299785614,1
google/gemma-3-12b-pt,control_subject_verb_0194,control_subject_verb,past-tense gender,-38.88671112060547,-46.127418518066406,9,9,1,-0.47005271911621094,3.3259238600730896,1
google/gemma-3-12b-pt,control_subject_verb_0195,control_subject_verb,past-tense gender,-43.48358154296875,-48.60186004638672,9,9,1,-0.5351886749267578,3.7124003767967224,1
google/gemma-3-12b-pt,control_subject_verb_0196,control_subject_verb,past-tense gender,-42.965511322021484,-48.14826202392578,10,10,1,-1.0160351991653442,3.051631987094879,1
google/gemma-3-12b-pt,control_subject_verb_0197,control_subject_verb,past-tense gender,-42.50197982788086,-46.52020263671875,9,9,1,-0.2378978729248047,3.751428782939911,1
google/gemma-3-12b-pt,control_subject_verb_0198,control_subject_verb,past-tense gender,-50.850528717041016,-58.30393600463867,11,11,1,-1.2401198744773865,2.694231152534485,1
google/gemma-3-12b-pt,control_subject_verb_0199,control_subject_verb,past-tense gender,-48.21278381347656,-53.79931640625,12,12,1,-1.331796646118164,3.1243592500686646,1
google/gemma-3-12b-pt,control_subject_verb_0200,control_subject_verb,past-tense gender,-50.90362548828125,-56.996681213378906,10,10,1,-1.4517651796340942,2.6063899993896484,1
google/gemma-3-12b-pt,control_subject_verb_0201,control_subject_verb,past-tense gender,-44.84734344482422,-52.40199279785156,10,10,1,-0.792388916015625,3.3158857226371765,1
google/gemma-3-12b-pt,control_subject_verb_0202,control_subject_verb,past-tense gender,-51.10569763183594,-54.05134201049805,9,8,1,-1.1644515991210938,3.273458480834961,1
google/gemma-3-12b-pt,control_subject_verb_0203,control_subject_verb,past-tense gender,-39.2194709777832,-46.99312210083008,8,8,1,-0.7592334747314453,3.546638548374176,1
google/gemma-3-12b-pt,control_subject_verb_0204,control_subject_verb,past-tense gender,-41.9691047668457,-46.956275939941406,10,10,1,-0.5235462188720703,3.6820070147514343,1
google/gemma-3-12b-pt,control_subject_verb_0205,control_subject_verb,past-tense gender,-44.365516662597656,-49.620155334472656,9,9,1,-1.0574493408203125,3.6237546801567078,1
google/gemma-3-12b-pt,control_subject_verb_0206,control_subject_verb,past-tense gender,-44.87889099121094,-50.29676055908203,9,9,1,-0.7262706756591797,3.504173457622528,1
google/gemma-3-12b-pt,control_subject_verb_0207,control_subject_verb,past-tense gender,-47.5898323059082,-52.40270233154297,10,10,1,-1.0384845733642578,3.4364717602729797,1
google/gemma-3-12b-pt,control_subject_verb_0208,control_subject_verb,past-tense gender,-55.743064880371094,-60.62643051147461,10,10,1,-1.5888862013816833,2.7655504941940308,1
google/gemma-3-12b-pt,control_subject_verb_0209,control_subject_verb,past-tense gender,-40.25968933105469,-45.78373336791992,10,10,1,-0.8669795989990234,3.9992734789848328,1
google/gemma-3-12b-pt,control_subject_verb_0210,control_subject_verb,past-tense gender,-39.75200653076172,-43.39936828613281,8,8,1,-1.3802317380905151,2.529247283935547,1
google/gemma-3-12b-pt,control_subject_verb_0211,control_subject_verb,past-tense gender,-42.0250129699707,-46.538753509521484,11,11,1,-0.06599807739257812,3.422689437866211,1
google/gemma-3-12b-pt,control_subject_verb_0212,control_subject_verb,past-tense gender,-41.387786865234375,-48.09259033203125,11,11,1,-0.6268806457519531,3.7620553970336914,1
google/gemma-3-12b-pt,control_subject_verb_0213,control_subject_verb,past-tense gender,-35.13437271118164,-42.49144744873047,10,10,1,-0.42201995849609375,3.1114330887794495,1
google/gemma-3-12b-pt,control_subject_verb_0214,control_subject_verb,past-tense gender,-42.37149429321289,-47.78704071044922,10,10,1,-0.5581951141357422,2.6915894150733948,1
google/gemma-3-12b-pt,control_subject_verb_0215,control_subject_verb,past-tense gender,-44.134910583496094,-51.234886169433594,11,11,1,-0.5272560119628906,3.2942561507225037,1
google/gemma-3-12b-pt,control_subject_verb_0216,control_subject_verb,past-tense gender,-38.18001937866211,-46.19617462158203,8,8,1,-1.0978717803955078,3.471079111099243,1
google/gemma-3-12b-pt,control_subject_verb_0217,control_subject_verb,past-tense gender,-40.87102508544922,-46.04277801513672,9,9,1,-1.0051231384277344,2.6488324403762817,1
google/gemma-3-12b-pt,control_subject_verb_0218,control_subject_verb,past-tense gender,-41.19810485839844,-47.74958801269531,9,9,1,-1.0916157960891724,3.8406258821487427,1
google/gemma-3-12b-pt,control_subject_verb_0219,control_subject_verb,past-tense gender,-47.12641906738281,-52.504173278808594,8,8,1,-0.6010799407958984,3.525632917881012,1
google/gemma-3-12b-pt,control_subject_verb_0220,control_subject_verb,past-tense gender,-41.61735916137695,-47.03440856933594,8,8,1,-0.3178577423095703,3.728075087070465,1
google/gemma-3-12b-pt,control_subject_verb_0221,control_subject_verb,past-tense gender,-43.170433044433594,-46.46720886230469,8,8,1,-0.8410091400146484,3.12118923664093,1
google/gemma-3-12b-pt,control_subject_verb_0222,control_subject_verb,past-tense gender,-40.51366424560547,-46.810333251953125,9,9,1,-0.5457286834716797,3.7715452909469604,1
google/gemma-3-12b-pt,control_subject_verb_0223,control_subject_verb,past-tense gender,-49.74233627319336,-54.80561828613281,12,12,1,-0.9789789915084839,3.4895037412643433,1
google/gemma-3-12b-pt,control_subject_verb_0224,control_subject_verb,past-tense gender,-43.24905776977539,-49.48577117919922,9,9,1,-0.9041671752929688,3.3408701419830322,1
google/gemma-3-12b-pt,control_subject_verb_0225,control_subject_verb,past-tense gender,-56.734474182128906,-63.058101654052734,12,11,1,-1.7149582505226135,2.2953357696533203,1
google/gemma-3-12b-pt,control_subject_verb_0226,control_subject_verb,past-tense gender,-48.724796295166016,-53.75952911376953,9,9,1,-0.9605236053466797,3.3818796277046204,1
google/gemma-3-12b-pt,control_subject_verb_0227,control_subject_verb,past-tense gender,-42.988250732421875,-48.64326477050781,11,11,1,-1.0644110441207886,3.713156580924988,1
google/gemma-3-12b-pt,control_subject_verb_0228,control_subject_verb,past-tense gender,-49.48773193359375,-56.33219909667969,12,12,1,-1.4983672499656677,2.673896908760071,1
google/gemma-3-12b-pt,control_subject_verb_0229,control_subject_verb,past-tense gender,-45.354183197021484,-49.042633056640625,7,7,1,-0.7915364503860474,3.726390838623047,1
google/gemma-3-12b-pt,control_subject_verb_0230,control_subject_verb,past-tense gender,-52.91627502441406,-57.9503288269043,11,11,1,-1.088479995727539,3.1175020933151245,1
google/gemma-3-12b-pt,control_subject_verb_0231,control_subject_verb,past-tense gender,-45.837860107421875,-50.40296936035156,10,10,1,-1.096038818359375,2.8073540329933167,1
google/gemma-3-12b-pt,control_subject_verb_0232,control_subject_verb,past-tense gender,-44.72430419921875,-48.608917236328125,7,7,1,-1.0736788511276245,3.549028515815735,1
google/gemma-3-12b-pt,control_subject_verb_0233,control_subject_verb,past-tense gender,-45.533390045166016,-51.19123458862305,10,10,1,-0.9990252256393433,3.3850287199020386,1
google/gemma-3-12b-pt,control_subject_verb_0234,control_subject_verb,past-tense gender,-47.79707717895508,-55.998538970947266,9,9,1,-1.109842300415039,3.339855432510376,1
google/gemma-3-12b-pt,control_subject_verb_0235,control_subject_verb,past-tense gender,-39.57074737548828,-45.06630325317383,10,10,1,-0.6828403472900391,3.537200689315796,1
google/gemma-3-12b-pt,control_subject_verb_0236,control_subject_verb,past-tense gender,-43.54570007324219,-51.383949279785156,11,10,1,-0.9124032258987427,2.9705599546432495,1
google/gemma-3-12b-pt,control_subject_verb_0237,control_subject_verb,past-tense gender,-44.77088928222656,-49.2972412109375,8,8,1,-0.7123832702636719,3.4694690704345703,1
google/gemma-3-12b-pt,control_subject_verb_0238,control_subject_verb,past-tense gender,-42.55278396606445,-47.25787353515625,9,9,1,-1.3005465269088745,2.8501168489456177,1
google/gemma-3-12b-pt,control_subject_verb_0239,control_subject_verb,past-tense gender,-48.855308532714844,-53.444400787353516,10,10,1,-1.280336320400238,2.619472563266754,1
google/gemma-3-12b-pt,control_subject_verb_0240,control_subject_verb,past-tense gender,-37.04866027832031,-45.10539245605469,7,7,1,-0.9810675382614136,3.4178373217582703,1
google/gemma-3-12b-pt,control_subject_verb_0241,control_subject_verb,past-tense gender,-43.671913146972656,-50.35917663574219,10,10,1,-1.1856498718261719,3.6728915572166443,1
google/gemma-3-12b-pt,control_subject_verb_0242,control_subject_verb,past-tense gender,-45.22808074951172,-50.615928649902344,11,11,1,-0.7628116607666016,3.459240138530731,1
google/gemma-3-12b-pt,control_subject_verb_0243,control_subject_verb,past-tense gender,-42.38789367675781,-47.41493225097656,9,9,1,-0.4980125427246094,3.520456314086914,1
google/gemma-3-12b-pt,control_subject_verb_0244,control_subject_verb,past-tense gender,-42.051063537597656,-47.437232971191406,10,10,1,-0.5345878601074219,3.47914320230484,1
google/gemma-3-12b-pt,control_subject_verb_0245,control_subject_verb,past-tense gender,-42.279205322265625,-48.987422943115234,10,10,1,-1.1885069608688354,3.593120813369751,1
google/gemma-3-12b-pt,control_subject_verb_0246,control_subject_verb,past-tense gender,-39.409088134765625,-42.987361907958984,10,10,1,-0.7819957733154297,2.7238979935646057,1
google/gemma-3-12b-pt,control_subject_verb_0247,control_subject_verb,past-tense gender,-51.12773895263672,-56.825164794921875,11,11,1,-0.7783699035644531,3.170904278755188,1
google/gemma-3-12b-pt,control_subject_verb_0248,control_subject_verb,past-tense gender,-43.83017349243164,-51.978675842285156,9,9,1,-0.7817935943603516,3.6202393770217896,1
google/gemma-3-12b-pt,control_subject_verb_0249,control_subject_verb,past-tense gender,-47.63367462158203,-51.99063491821289,9,9,1,-1.1216907501220703,2.821857511997223,1
google/gemma-3-12b-pt,control_subject_verb_0250,control_subject_verb,past-tense gender,-46.70086669921875,-51.59830093383789,8,8,1,-0.6113033294677734,3.536745011806488,1
google/gemma-3-12b-pt,control_subject_verb_0251,control_subject_verb,past-tense gender,-45.65004348754883,-53.071510314941406,9,9,1,-0.20351409912109375,3.4086684584617615,1
google/gemma-3-12b-pt,control_subject_verb_0252,control_subject_verb,past-tense gender,-34.967933654785156,-43.48333740234375,9,9,1,-0.6117801666259766,3.2997796535491943,1
google/gemma-3-12b-pt,control_subject_verb_0253,control_subject_verb,past-tense gender,-42.934783935546875,-50.54585266113281,11,11,1,-0.5015716552734375,3.539270579814911,1
google/gemma-3-12b-pt,control_subject_verb_0254,control_subject_verb,past-tense gender,-56.651939392089844,-62.74077606201172,11,11,1,-1.572940707206726,3.0419293642044067,1
google/gemma-3-12b-pt,control_subject_verb_0255,control_subject_verb,past-tense gender,-39.21544647216797,-44.58586883544922,10,10,1,-0.4159812927246094,3.3443410992622375,1
google/gemma-3-12b-pt,control_subject_verb_0256,control_subject_verb,past-tense gender,-40.06841278076172,-47.19657516479492,10,10,1,-0.5159645080566406,3.7445316910743713,1
google/gemma-3-12b-pt,control_subject_verb_0257,control_subject_verb,past-tense gender,-51.25354766845703,-56.66974639892578,12,12,1,-0.7662906646728516,3.0886650681495667,1
google/gemma-3-12b-pt,control_subject_verb_0258,control_subject_verb,past-tense gender,-42.00590515136719,-47.03089904785156,11,11,1,-0.10552978515625,3.4522534608840942,1
google/gemma-3-12b-pt,control_subject_verb_0259,control_subject_verb,past-tense gender,-49.71381378173828,-57.29582977294922,10,10,1,-0.8894079923629761,2.9652405381202698,1
google/gemma-3-12b-pt,control_subject_verb_0260,control_subject_verb,past-tense gender,-44.432579040527344,-50.29637145996094,9,10,1,-0.5810165405273438,3.2418403029441833,1
google/gemma-3-12b-pt,control_subject_verb_0261,control_subject_verb,past-tense gender,-45.10850524902344,-51.4893798828125,10,10,1,-1.0163955688476562,3.5069788694381714,1
google/gemma-3-12b-pt,control_subject_verb_0262,control_subject_verb,past-tense gender,-40.09606170654297,-47.93227767944336,8,8,1,-0.9822081327438354,3.7202816009521484,1
google/gemma-3-12b-pt,control_subject_verb_0263,control_subject_verb,past-tense gender,-44.816650390625,-48.3645133972168,9,9,1,-0.43744659423828125,3.623392164707184,1
google/gemma-3-12b-pt,control_subject_verb_0264,control_subject_verb,past-tense gender,-44.730140686035156,-52.992340087890625,11,11,1,-0.8329601287841797,3.1053048372268677,1
google/gemma-3-12b-pt,control_subject_verb_0265,control_subject_verb,past-tense gender,-45.27275466918945,-52.60844421386719,9,9,1,-0.3868427276611328,3.4601762890815735,1
google/gemma-3-12b-pt,control_subject_verb_0266,control_subject_verb,past-tense gender,-48.682830810546875,-56.5758056640625,9,9,1,-1.3241329193115234,3.1427212953567505,1
google/gemma-3-12b-pt,control_subject_verb_0267,control_subject_verb,past-tense gender,-43.68754577636719,-50.712860107421875,10,10,1,-1.2724913954734802,3.4410837292671204,1
google/gemma-3-12b-pt,control_subject_verb_0268,control_subject_verb,past-tense gender,-39.28466033935547,-44.85395812988281,8,8,1,-0.7954654693603516,3.734701097011566,1
google/gemma-3-12b-pt,control_subject_verb_0269,control_subject_verb,past-tense gender,-48.317745208740234,-54.30485916137695,9,9,1,-1.2604199647903442,3.461572766304016,1
google/gemma-3-12b-pt,control_subject_verb_0270,control_subject_verb,past-tense gender,-51.23529052734375,-58.037261962890625,12,12,1,-1.4921588897705078,2.9834746718406677,1
google/gemma-3-12b-pt,control_subject_verb_0271,control_subject_verb,past-tense gender,-41.30622482299805,-46.796146392822266,10,10,1,-0.6602745056152344,3.666227340698242,1
google/gemma-3-12b-pt,control_subject_verb_0272,control_subject_verb,past-tense gender,-37.84145736694336,-43.18950271606445,10,10,1,-0.8321152925491333,3.6128251552581787,1
google/gemma-3-12b-pt,control_subject_verb_0273,control_subject_verb,past-tense gender,-50.30055236816406,-59.09725570678711,11,11,1,-0.3401603698730469,3.6954461336135864,1
google/gemma-3-12b-pt,control_subject_verb_0274,control_subject_verb,past-tense gender,-41.984073638916016,-47.43497848510742,10,10,1,-1.1790313720703125,3.6095293760299683,1
google/gemma-3-12b-pt,control_subject_verb_0275,control_subject_verb,past-tense gender,-45.339332580566406,-48.63058090209961,9,9,1,-1.0621510744094849,3.2348899841308594,1
google/gemma-3-12b-pt,control_subject_verb_0276,control_subject_verb,past-tense gender,-48.3021354675293,-52.94443893432617,8,8,1,-1.1989439725875854,3.6625309586524963,1
google/gemma-3-12b-pt,control_subject_verb_0277,control_subject_verb,past-tense gender,-44.26946258544922,-47.652809143066406,9,9,1,-0.3856983184814453,3.4810616970062256,1
google/gemma-3-12b-pt,control_subject_verb_0278,control_subject_verb,past-tense gender,-39.279964447021484,-46.26087951660156,9,9,1,-0.9671745300292969,3.5878963470458984,1
google/gemma-3-12b-pt,control_subject_verb_0279,control_subject_verb,past-tense gender,-50.68317413330078,-56.5145149230957,12,12,1,-1.310573697090149,3.0918445587158203,1
google/gemma-3-12b-pt,control_subject_verb_0280,control_subject_verb,past-tense gender,-45.13884353637695,-50.42742919921875,10,10,1,-0.6957225799560547,3.5615290999412537,1
google/gemma-3-12b-pt,control_subject_verb_0281,control_subject_verb,past-tense gender,-44.35640335083008,-48.27880096435547,9,9,1,-1.1227072477340698,3.368833541870117,1
google/gemma-3-12b-pt,control_subject_verb_0282,control_subject_verb,past-tense gender,-47.579261779785156,-53.53562545776367,8,9,1,-0.3950538635253906,3.3401259779930115,1
google/gemma-3-12b-pt,control_subject_verb_0283,control_subject_verb,past-tense gender,-52.80603790283203,-57.176692962646484,12,11,1,-1.832742691040039,2.535991609096527,1
google/gemma-3-12b-pt,control_subject_verb_0284,control_subject_verb,past-tense gender,-43.18156433105469,-48.321861267089844,11,11,1,-1.033035159111023,3.5012552738189697,1
google/gemma-3-12b-pt,control_subject_verb_0285,control_subject_verb,past-tense gender,-50.31523513793945,-57.38264465332031,11,11,1,-1.1497230529785156,3.068096101284027,1
google/gemma-3-12b-pt,control_subject_verb_0286,control_subject_verb,past-tense gender,-43.83342742919922,-49.840999603271484,9,9,1,-1.1742497682571411,2.9728793501853943,1
google/gemma-3-12b-pt,control_subject_verb_0287,control_subject_verb,past-tense gender,-40.94353103637695,-45.15446090698242,8,8,1,-0.035861968994140625,3.7173174023628235,1
google/gemma-3-12b-pt,control_subject_verb_0288,control_subject_verb,past-tense gender,-55.22344207763672,-60.325660705566406,11,10,1,-1.440250277519226,2.2048721313476562,1
google/gemma-3-12b-pt,control_subject_verb_0289,control_subject_verb,past-tense gender,-49.899742126464844,-57.76482391357422,10,10,1,-1.5283107161521912,3.126474380493164,1
google/gemma-3-12b-pt,control_subject_verb_0290,control_subject_verb,past-tense gender,-50.54328155517578,-58.15127182006836,9,9,1,-1.3857287764549255,3.346626400947571,1
google/gemma-3-12b-pt,control_subject_verb_0291,control_subject_verb,past-tense gender,-45.549232482910156,-52.292850494384766,10,10,1,-0.8591098785400391,2.7738247513771057,1
google/gemma-3-12b-pt,control_subject_verb_0292,control_subject_verb,past-tense gender,-46.14594268798828,-52.783103942871094,10,10,1,-1.0825632810592651,3.3684502840042114,1
google/gemma-3-12b-pt,control_subject_verb_0293,control_subject_verb,past-tense gender,-47.773956298828125,-52.54970169067383,8,8,1,-0.5292243957519531,3.195490002632141,1
google/gemma-3-12b-pt,control_subject_verb_0294,control_subject_verb,past-tense gender,-44.58781051635742,-54.155189514160156,11,11,1,-0.1960315704345703,3.773597776889801,1
google/gemma-3-12b-pt,control_subject_verb_0295,control_subject_verb,past-tense gender,-42.64579772949219,-48.62834167480469,10,10,1,-0.6094455718994141,3.4088727831840515,1
google/gemma-3-12b-pt,control_subject_verb_0296,control_subject_verb,past-tense gender,-38.83970642089844,-45.88372039794922,9,9,1,-0.5189876556396484,3.1082191467285156,1
google/gemma-3-12b-pt,control_subject_verb_0297,control_subject_verb,past-tense gender,-41.47754669189453,-46.155853271484375,7,7,1,-0.8817253112792969,3.798669695854187,1
google/gemma-3-12b-pt,control_subject_verb_0298,control_subject_verb,past-tense gender,-39.033203125,-43.005706787109375,9,9,1,0.13544082641601562,3.7839831113815308,1
google/gemma-3-12b-pt,control_subject_verb_0299,control_subject_verb,past-tense gender,-36.68994903564453,-42.28294372558594,10,10,1,-0.22760772705078125,3.23488050699234,1
google/gemma-3-12b-pt,numeral_noun_0000,numeral_noun,2-4 + nom.pl,-35.574798583984375,-37.40191650390625,8,8,1,-1.5683287382125854,1.707763671875,1
google/gemma-3-12b-pt,numeral_noun_0001,numeral_noun,2-4 + nom.pl,-41.82573699951172,-46.736297607421875,8,8,1,-1.6044350266456604,1.840015470981598,1
google/gemma-3-12b-pt,numeral_noun_0002,numeral_noun,2-4 + nom.pl,-37.10914611816406,-36.50054168701172,7,7,0,-1.1872540712356567,1.777229368686676,1
google/gemma-3-12b-pt,numeral_noun_0003,numeral_noun,2-4 + nom.pl,-39.1199951171875,-38.043514251708984,7,7,0,-1.9605293273925781,0.920196533203125,0
google/gemma-3-12b-pt,numeral_noun_0004,numeral_noun,2-4 + nom.pl,-37.0811767578125,-40.85023880004883,8,8,1,-0.7805404663085938,2.8491591811180115,1
google/gemma-3-12b-pt,numeral_noun_0005,numeral_noun,2-4 + nom.pl,-38.3227424621582,-38.10551452636719,7,6,0,-0.7229671478271484,2.0178470611572266,1
google/gemma-3-12b-pt,numeral_noun_0006,numeral_noun,2-4 + nom.pl,-40.60179138183594,-40.58317947387695,6,7,0,-1.1838054656982422,1.1590442657470703,0
google/gemma-3-12b-pt,numeral_noun_0007,numeral_noun,2-4 + nom.pl,-36.93109893798828,-32.54697799682617,6,6,0,-0.8578222990036011,1.6710948944091797,1
google/gemma-3-12b-pt,numeral_noun_0008,numeral_noun,2-4 + nom.pl,-41.205997467041016,-44.4625129699707,10,10,1,-0.8339920043945312,3.5477771759033203,1
google/gemma-3-12b-pt,numeral_noun_0009,numeral_noun,2-4 + nom.pl,-43.91596221923828,-47.655738830566406,8,8,1,-1.8021565079689026,2.5054339170455933,1
google/gemma-3-12b-pt,numeral_noun_0010,numeral_noun,2-4 + nom.pl,-43.091156005859375,-45.34665298461914,7,7,1,-1.4843865036964417,2.5935669541358948,1
google/gemma-3-12b-pt,numeral_noun_0011,numeral_noun,2-4 + nom.pl,-41.85813903808594,-45.31074905395508,6,6,1,-1.1469078063964844,2.539678633213043,1
google/gemma-3-12b-pt,numeral_noun_0012,numeral_noun,2-4 + nom.pl,-34.34429168701172,-42.0804443359375,9,9,1,0.29787445068359375,3.9563485383987427,1
google/gemma-3-12b-pt,numeral_noun_0013,numeral_noun,2-4 + nom.pl,-45.330265045166016,-48.11616516113281,8,8,1,-1.0158252716064453,1.9714966416358948,1
google/gemma-3-12b-pt,numeral_noun_0014,numeral_noun,2-4 + nom.pl,-36.457603454589844,-32.17947006225586,6,5,0,-1.2281724214553833,1.2798422574996948,1
google/gemma-3-12b-pt,numeral_noun_0015,numeral_noun,2-4 + nom.pl,-42.93065643310547,-46.74382019042969,8,7,1,-1.0547598600387573,1.613412857055664,1
google/gemma-3-12b-pt,numeral_noun_0016,numeral_noun,2-4 + nom.pl,-41.14588165283203,-45.33063888549805,6,6,1,-0.9831123352050781,2.4180278182029724,1
google/gemma-3-12b-pt,numeral_noun_0017,numeral_noun,2-4 + nom.pl,-40.512611389160156,-44.05241394042969,8,7,1,-1.0009613037109375,2.51869398355484,1
google/gemma-3-12b-pt,numeral_noun_0018,numeral_noun,2-4 + nom.pl,-43.084075927734375,-43.66004180908203,7,7,1,-1.0055885314941406,2.228969693183899,1
google/gemma-3-12b-pt,numeral_noun_0019,numeral_noun,2-4 + nom.pl,-36.859039306640625,-38.54763412475586,9,9,1,-1.5308723449707031,1.673828125,1
google/gemma-3-12b-pt,numeral_noun_0020,numeral_noun,2-4 + nom.pl,-40.49575424194336,-44.78073501586914,7,7,1,-1.6522024869918823,1.738514006137848,1
google/gemma-3-12b-pt,numeral_noun_0021,numeral_noun,2-4 + nom.pl,-39.405799865722656,-45.74730682373047,6,7,1,-2.4312018752098083,1.2754592895507812,0
google/gemma-3-12b-pt,numeral_noun_0022,numeral_noun,2-4 + nom.pl,-41.24212646484375,-43.856597900390625,6,6,1,-0.9993743896484375,2.3297958970069885,1
google/gemma-3-12b-pt,numeral_noun_0023,numeral_noun,2-4 + nom.pl,-34.1341438293457,-42.262596130371094,6,6,1,-0.20330047607421875,4.198659956455231,1
google/gemma-3-12b-pt,numeral_noun_0024,numeral_noun,2-4 + nom.pl,-38.96984100341797,-41.78956604003906,8,8,1,-1.3896369934082031,1.804855227470398,1
google/gemma-3-12b-pt,numeral_noun_0025,numeral_noun,2-4 + nom.pl,-41.303741455078125,-44.47285461425781,9,8,1,-0.6851482391357422,2.196563720703125,1
google/gemma-3-12b-pt,numeral_noun_0026,numeral_noun,2-4 + nom.pl,-40.179012298583984,-43.45341491699219,8,8,1,-1.597238540649414,1.8879279494285583,1
google/gemma-3-12b-pt,numeral_noun_0027,numeral_noun,2-4 + nom.pl,-43.688087463378906,-46.84794998168945,7,7,1,-1.3965874910354614,1.6181906461715698,1
google/gemma-3-12b-pt,numeral_noun_0028,numeral_noun,2-4 + nom.pl,-44.84777069091797,-47.66706848144531,8,8,1,-2.1500969529151917,2.093294143676758,0
google/gemma-3-12b-pt,numeral_noun_0029,numeral_noun,2-4 + nom.pl,-41.357269287109375,-43.67585754394531,6,6,1,-1.9359360337257385,2.1982365250587463,1
google/gemma-3-12b-pt,numeral_noun_0030,numeral_noun,2-4 + nom.pl,-46.05491638183594,-49.62449645996094,10,10,1,-0.2664012908935547,2.2001494765281677,1
google/gemma-3-12b-pt,numeral_noun_0031,numeral_noun,2-4 + nom.pl,-32.58740997314453,-36.972843170166016,8,7,1,-0.9158077239990234,2.45371812582016,1
google/gemma-3-12b-pt,numeral_noun_0032,numeral_noun,2-4 + nom.pl,-46.3665657043457,-47.58666229248047,8,8,1,-1.181854248046875,2.363840162754059,1
google/gemma-3-12b-pt,numeral_noun_0033,numeral_noun,2-4 + nom.pl,-40.90234375,-41.46489715576172,8,7,1,-1.3835371732711792,1.7842998504638672,1
google/gemma-3-12b-pt,numeral_noun_0034,numeral_noun,2-4 + nom.pl,-42.38967514038086,-43.968162536621094,8,8,1,-1.4822272658348083,1.4902763366699219,1
google/gemma-3-12b-pt,numeral_noun_0035,numeral_noun,2-4 + nom.pl,-39.94352340698242,-43.71925735473633,10,9,1,-1.2008438110351562,2.103424072265625,1
google/gemma-3-12b-pt,numeral_noun_0036,numeral_noun,2-4 + nom.pl,-38.36811065673828,-40.76972198486328,7,7,1,-0.9650058746337891,2.909213900566101,1
google/gemma-3-12b-pt,numeral_noun_0037,numeral_noun,2-4 + nom.pl,-45.12663269042969,-47.892242431640625,9,10,1,-1.3049603700637817,3.117606997489929,1
google/gemma-3-12b-pt,numeral_noun_0038,numeral_noun,2-4 + nom.pl,-41.984920501708984,-45.623382568359375,10,10,1,-1.5373058915138245,1.3948631286621094,0
google/gemma-3-12b-pt,numeral_noun_0039,numeral_noun,2-4 + nom.pl,-39.94867706298828,-39.58411407470703,8,8,0,-1.3186702728271484,0.9830245971679688,0
google/gemma-3-12b-pt,numeral_noun_0040,numeral_noun,2-4 + nom.pl,-37.814453125,-40.91477966308594,9,9,1,-0.3457374572753906,3.531561017036438,1
google/gemma-3-12b-pt,numeral_noun_0041,numeral_noun,2-4 + nom.pl,-45.647438049316406,-48.074363708496094,7,7,1,-2.044530749320984,2.229217529296875,1
google/gemma-3-12b-pt,numeral_noun_0042,numeral_noun,2-4 + nom.pl,-39.94868087768555,-40.24966812133789,8,9,1,-1.6188315153121948,1.8967399597167969,1
google/gemma-3-12b-pt,numeral_noun_0043,numeral_noun,2-4 + nom.pl,-39.982025146484375,-41.59498596191406,9,9,1,-2.0437241196632385,1.1648616790771484,0
google/gemma-3-12b-pt,numeral_noun_0044,numeral_noun,2-4 + nom.pl,-41.283687591552734,-44.461700439453125,7,7,1,-1.6820429563522339,2.768224596977234,1
google/gemma-3-12b-pt,numeral_noun_0045,numeral_noun,2-4 + nom.pl,-45.5651969909668,-49.73140335083008,8,8,1,-1.2252731323242188,1.8987426161766052,1
google/gemma-3-12b-pt,numeral_noun_0046,numeral_noun,2-4 + nom.pl,-44.087127685546875,-45.21742630004883,8,8,1,-1.7628134489059448,1.8576964735984802,1
google/gemma-3-12b-pt,numeral_noun_0047,numeral_noun,2-4 + nom.pl,-36.8427848815918,-38.647979736328125,10,10,1,-1.6362684965133667,1.4846591353416443,0
google/gemma-3-12b-pt,numeral_noun_0048,numeral_noun,2-4 + nom.pl,-34.47555160522461,-42.19890594482422,8,8,1,0.06901168823242188,4.007738173007965,1
google/gemma-3-12b-pt,numeral_noun_0049,numeral_noun,2-4 + nom.pl,-41.51329803466797,-48.25935363769531,7,7,1,-0.7498092651367188,3.548591434955597,1
google/gemma-3-12b-pt,numeral_noun_0050,numeral_noun,2-4 + nom.pl,-43.12022399902344,-44.03892517089844,6,6,1,-1.9240073561668396,2.4737415313720703,1
google/gemma-3-12b-pt,numeral_noun_0051,numeral_noun,2-4 + nom.pl,-42.65693283081055,-45.66236877441406,8,8,1,-2.0304661989212036,3.217416763305664,1
google/gemma-3-12b-pt,numeral_noun_0052,numeral_noun,2-4 + nom.pl,-48.384727478027344,-52.75126266479492,9,9,1,-0.9975128173828125,2.7617740631103516,1
google/gemma-3-12b-pt,numeral_noun_0053,numeral_noun,2-4 + nom.pl,-43.57292556762695,-46.76240158081055,9,9,1,-1.6026116013526917,1.918228268623352,1
google/gemma-3-12b-pt,numeral_noun_0054,numeral_noun,2-4 + nom.pl,-46.19295120239258,-48.33308410644531,7,6,1,-1.1849594116210938,1.791126310825348,1
google/gemma-3-12b-pt,numeral_noun_0055,numeral_noun,2-4 + nom.pl,-37.177799224853516,-40.130680084228516,8,9,1,-2.340784192085266,2.0262621641159058,0
google/gemma-3-12b-pt,numeral_noun_0056,numeral_noun,2-4 + nom.pl,-36.286529541015625,-39.945762634277344,7,8,1,-0.9258975982666016,2.391454756259918,1
google/gemma-3-12b-pt,numeral_noun_0057,numeral_noun,2-4 + nom.pl,-36.8894157409668,-40.492454528808594,7,8,1,-0.6729354858398438,2.7213534116744995,1
google/gemma-3-12b-pt,numeral_noun_0058,numeral_noun,2-4 + nom.pl,-38.958702087402344,-42.70304870605469,7,6,1,-0.6884498596191406,2.266990542411804,1
google/gemma-3-12b-pt,numeral_noun_0059,numeral_noun,2-4 + nom.pl,-42.28423309326172,-45.325077056884766,8,7,1,-0.6771011352539062,2.155845582485199,1
google/gemma-3-12b-pt,numeral_noun_0060,numeral_noun,2-4 + nom.pl,-35.6127815246582,-38.53123474121094,9,9,1,-1.4878273010253906,1.7017307877540588,1
google/gemma-3-12b-pt,numeral_noun_0061,numeral_noun,2-4 + nom.pl,-29.448074340820312,-31.968250274658203,7,6,1,-0.7200679779052734,2.4199389219284058,1
google/gemma-3-12b-pt,numeral_noun_0062,numeral_noun,2-4 + nom.pl,-37.49347686767578,-40.11343765258789,10,10,1,-1.7356700897216797,1.857564926147461,1
google/gemma-3-12b-pt,numeral_noun_0063,numeral_noun,2-4 + nom.pl,-39.154449462890625,-41.89919662475586,8,8,1,-1.2553349137306213,3.4147472381591797,1
google/gemma-3-12b-pt,numeral_noun_0064,numeral_noun,2-4 + nom.pl,-38.956077575683594,-41.737396240234375,6,6,1,-1.4074000120162964,1.4324722290039062,1
google/gemma-3-12b-pt,numeral_noun_0065,numeral_noun,2-4 + nom.pl,-44.11956024169922,-47.628150939941406,7,7,1,-1.3161543607711792,1.7478331327438354,1
google/gemma-3-12b-pt,numeral_noun_0066,numeral_noun,2-4 + nom.pl,-39.568424224853516,-40.911739349365234,8,8,1,-1.4559098482131958,1.7253798842430115,1
google/gemma-3-12b-pt,numeral_noun_0067,numeral_noun,2-4 + nom.pl,-39.89914321899414,-42.576210021972656,8,8,1,-1.7525787949562073,1.9194660186767578,1
google/gemma-3-12b-pt,numeral_noun_0068,numeral_noun,2-4 + nom.pl,-29.301326751708984,-31.09720802307129,7,6,1,-0.4756336212158203,2.0599308609962463,1
google/gemma-3-12b-pt,numeral_noun_0069,numeral_noun,2-4 + nom.pl,-45.40119552612305,-48.08201217651367,10,10,1,-1.8005388975143433,1.7283838987350464,0
google/gemma-3-12b-pt,numeral_noun_0070,numeral_noun,2-4 + nom.pl,-34.59415817260742,-42.995914459228516,7,7,1,-0.11758613586425781,4.331123471260071,1
google/gemma-3-12b-pt,numeral_noun_0071,numeral_noun,2-4 + nom.pl,-39.04061508178711,-41.742122650146484,8,9,1,-1.342458724975586,1.278545320034027,0
google/gemma-3-12b-pt,numeral_noun_0072,numeral_noun,2-4 + nom.pl,-38.9860725402832,-40.76314163208008,9,9,1,-1.4506264925003052,3.1692581176757812,1
google/gemma-3-12b-pt,numeral_noun_0073,numeral_noun,2-4 + nom.pl,-38.193641662597656,-41.009117126464844,7,8,1,-1.4877794981002808,1.3877620697021484,0
google/gemma-3-12b-pt,numeral_noun_0074,numeral_noun,2-4 + nom.pl,-39.394798278808594,-44.65048599243164,8,8,1,-1.3313905000686646,1.2658213376998901,0
google/gemma-3-12b-pt,numeral_noun_0075,numeral_noun,2-4 + nom.pl,-44.561485290527344,-44.70352554321289,7,7,1,-1.0223387479782104,2.4821415543556213,1
google/gemma-3-12b-pt,numeral_noun_0076,numeral_noun,2-4 + nom.pl,-38.010223388671875,-41.94718933105469,8,7,1,-0.5017662048339844,2.099912703037262,1
google/gemma-3-12b-pt,numeral_noun_0077,numeral_noun,2-4 + nom.pl,-43.33262634277344,-44.46259307861328,8,8,1,-1.8461665511131287,1.8466359376907349,1
google/gemma-3-12b-pt,numeral_noun_0078,numeral_noun,2-4 + nom.pl,-37.47655487060547,-40.52262878417969,8,8,1,-2.1404303312301636,1.1563681364059448,0
google/gemma-3-12b-pt,numeral_noun_0079,numeral_noun,2-4 + nom.pl,-46.09388732910156,-50.49848937988281,8,8,1,-1.1077613830566406,3.421977996826172,1
google/gemma-3-12b-pt,numeral_noun_0080,numeral_noun,2-4 + nom.pl,-41.19727325439453,-35.1455078125,6,6,0,-1.232767105102539,1.0965843200683594,0
google/gemma-3-12b-pt,numeral_noun_0081,numeral_noun,2-4 + nom.pl,-45.923954010009766,-46.35565948486328,7,7,1,-1.0851632356643677,1.9964733123779297,1
google/gemma-3-12b-pt,numeral_noun_0082,numeral_noun,2-4 + nom.pl,-46.74272537231445,-50.01110076904297,8,8,1,-1.6278228163719177,2.310981810092926,1
google/gemma-3-12b-pt,numeral_noun_0083,numeral_noun,2-4 + nom.pl,-35.37805938720703,-38.03875732421875,10,10,1,-1.4603843688964844,0.9887790679931641,0
google/gemma-3-12b-pt,numeral_noun_0084,numeral_noun,2-4 + nom.pl,-38.97319030761719,-42.762359619140625,9,9,1,-1.7148302793502808,1.5757160186767578,0
google/gemma-3-12b-pt,numeral_noun_0085,numeral_noun,2-4 + nom.pl,-44.165382385253906,-45.38189697265625,8,8,1,-1.7815762162208557,1.8733062744140625,1
google/gemma-3-12b-pt,numeral_noun_0086,numeral_noun,2-4 + nom.pl,-42.0370979309082,-44.348838806152344,6,7,1,-2.003349244594574,1.805389404296875,0
google/gemma-3-12b-pt,numeral_noun_0087,numeral_noun,2-4 + nom.pl,-43.15830993652344,-42.83061218261719,7,7,0,-1.248443603515625,1.0705814361572266,0
google/gemma-3-12b-pt,numeral_noun_0088,numeral_noun,2-4 + nom.pl,-44.62592315673828,-46.90324401855469,7,7,1,-1.015415072441101,1.6448097229003906,1
google/gemma-3-12b-pt,numeral_noun_0089,numeral_noun,2-4 + nom.pl,-41.187255859375,-44.39408874511719,7,6,1,-1.4614028930664062,1.619222640991211,1
google/gemma-3-12b-pt,numeral_noun_0090,numeral_noun,2-4 + nom.pl,-43.528926849365234,-47.38750076293945,9,8,1,-0.9302406311035156,2.479175627231598,1
google/gemma-3-12b-pt,numeral_noun_0091,numeral_noun,2-4 + nom.pl,-34.83046340942383,-37.37633514404297,9,9,1,-1.6064757704734802,0.9481086730957031,0
google/gemma-3-12b-pt,numeral_noun_0092,numeral_noun,2-4 + nom.pl,-43.22739791870117,-45.32087326049805,9,9,1,-1.9880313277244568,1.479392945766449,0
google/gemma-3-12b-pt,numeral_noun_0093,numeral_noun,2-4 + nom.pl,-42.879615783691406,-44.60187530517578,7,8,1,-1.5142306089401245,1.6973229050636292,1
google/gemma-3-12b-pt,numeral_noun_0094,numeral_noun,2-4 + nom.pl,-43.961185455322266,-49.92340850830078,8,8,1,-1.1380499601364136,3.6135880947113037,1
google/gemma-3-12b-pt,numeral_noun_0095,numeral_noun,2-4 + nom.pl,-43.70968246459961,-35.64879608154297,6,5,0,-1.0852279663085938,1.3807085752487183,1
google/gemma-3-12b-pt,numeral_noun_0096,numeral_noun,2-4 + nom.pl,-33.70158004760742,-41.14186096191406,8,8,1,0.16489219665527344,3.5520858764648438,1
google/gemma-3-12b-pt,numeral_noun_0097,numeral_noun,2-4 + nom.pl,-47.46262741088867,-50.452335357666016,9,9,1,-1.8895186185836792,2.1284560561180115,1
google/gemma-3-12b-pt,numeral_noun_0098,numeral_noun,2-4 + nom.pl,-46.095726013183594,-51.164772033691406,8,8,1,-1.3004264831542969,3.9841861724853516,1
google/gemma-3-12b-pt,numeral_noun_0099,numeral_noun,2-4 + nom.pl,-40.25801467895508,-46.10639190673828,7,6,1,-0.5724983215332031,2.038556933403015,1
google/gemma-3-12b-pt,numeral_noun_0100,numeral_noun,2-4 + nom.pl,-44.31166458129883,-45.35528564453125,8,9,1,-1.4118175506591797,1.7674692869186401,1
google/gemma-3-12b-pt,numeral_noun_0101,numeral_noun,2-4 + nom.pl,-42.61502456665039,-50.17876052856445,9,9,1,-1.1943302154541016,2.568155288696289,1
google/gemma-3-12b-pt,numeral_noun_0102,numeral_noun,2-4 + nom.pl,-38.75448226928711,-41.440635681152344,8,8,1,-1.2795200943946838,1.9081783890724182,1
google/gemma-3-12b-pt,numeral_noun_0103,numeral_noun,2-4 + nom.pl,-40.055049896240234,-40.7275505065918,7,8,1,-1.2803174257278442,1.0958768129348755,0
google/gemma-3-12b-pt,numeral_noun_0104,numeral_noun,2-4 + nom.pl,-44.942447662353516,-46.81779098510742,8,8,1,-1.6878395676612854,1.7180842757225037,1
google/gemma-3-12b-pt,numeral_noun_0105,numeral_noun,2-4 + nom.pl,-44.140869140625,-41.24653625488281,6,6,0,-0.7792911529541016,1.9949646592140198,1
google/gemma-3-12b-pt,numeral_noun_0106,numeral_noun,2-4 + nom.pl,-42.42552947998047,-43.34789276123047,7,6,1,-1.5340404510498047,1.7828197479248047,1
google/gemma-3-12b-pt,numeral_noun_0107,numeral_noun,2-4 + nom.pl,-40.576148986816406,-42.080650329589844,6,7,1,-1.1048966646194458,1.8280640244483948,1
google/gemma-3-12b-pt,numeral_noun_0108,numeral_noun,2-4 + nom.pl,-42.65382385253906,-44.24342346191406,8,8,1,-0.5428466796875,1.9744719862937927,1
google/gemma-3-12b-pt,numeral_noun_0109,numeral_noun,2-4 + nom.pl,-42.70212936401367,-47.862998962402344,7,8,1,-2.10215562582016,1.5621947050094604,0
google/gemma-3-12b-pt,numeral_noun_0110,numeral_noun,2-4 + nom.pl,-41.23231506347656,-43.66375732421875,6,7,1,-2.084461271762848,1.9892369508743286,0
google/gemma-3-12b-pt,numeral_noun_0111,numeral_noun,2-4 + nom.pl,-37.71281433105469,-45.282554626464844,7,7,1,-0.2986431121826172,3.837824046611786,1
google/gemma-3-12b-pt,numeral_noun_0112,numeral_noun,2-4 + nom.pl,-40.77925109863281,-40.628631591796875,7,7,0,-1.6615408658981323,1.0103931427001953,0
google/gemma-3-12b-pt,numeral_noun_0113,numeral_noun,2-4 + nom.pl,-40.64476776123047,-43.631370544433594,9,9,1,-1.7726268768310547,1.4705447554588318,0
google/gemma-3-12b-pt,numeral_noun_0114,numeral_noun,2-4 + nom.pl,-46.302101135253906,-50.38718795776367,8,7,1,-1.1634998321533203,1.7451189756393433,1
google/gemma-3-12b-pt,numeral_noun_0115,numeral_noun,2-4 + nom.pl,-45.34895324707031,-48.91737365722656,8,8,1,-2.145030915737152,1.5259514451026917,0
google/gemma-3-12b-pt,numeral_noun_0116,numeral_noun,2-4 + nom.pl,-27.667125701904297,-32.78519058227539,6,6,1,0.11742210388183594,3.991253077983856,1
google/gemma-3-12b-pt,numeral_noun_0117,numeral_noun,2-4 + nom.pl,-42.37683868408203,-49.55190658569336,8,8,1,-0.6849002838134766,3.628017485141754,1
google/gemma-3-12b-pt,numeral_noun_0118,numeral_noun,2-4 + nom.pl,-43.92808532714844,-46.054664611816406,7,7,1,-1.2257709503173828,3.3240451216697693,1
google/gemma-3-12b-pt,numeral_noun_0119,numeral_noun,2-4 + nom.pl,-40.23474884033203,-44.483558654785156,10,10,1,-1.6560019254684448,1.2293721437454224,0
google/gemma-3-12b-pt,numeral_noun_0120,numeral_noun,2-4 + nom.pl,-36.65399169921875,-35.243412017822266,7,7,0,-1.4433268308639526,1.3910541534423828,0
google/gemma-3-12b-pt,numeral_noun_0121,numeral_noun,2-4 + nom.pl,-27.941478729248047,-33.808738708496094,6,6,1,-0.058689117431640625,4.265119671821594,1
google/gemma-3-12b-pt,numeral_noun_0122,numeral_noun,2-4 + nom.pl,-36.86619567871094,-36.859779357910156,7,6,0,-0.810943603515625,1.5920352935791016,1
google/gemma-3-12b-pt,numeral_noun_0123,numeral_noun,2-4 + nom.pl,-42.070220947265625,-44.49144744873047,7,6,1,-1.0782431364059448,1.3800868391990662,1
google/gemma-3-12b-pt,numeral_noun_0124,numeral_noun,2-4 + nom.pl,-44.00364303588867,-46.10334014892578,9,9,1,-1.7350006103515625,1.9912546873092651,1
google/gemma-3-12b-pt,numeral_noun_0125,numeral_noun,2-4 + nom.pl,-35.3621826171875,-35.895423889160156,9,9,1,-1.3338984847068787,1.4471665024757385,1
google/gemma-3-12b-pt,numeral_noun_0126,numeral_noun,2-4 + nom.pl,-44.138671875,-45.893943786621094,9,9,1,-1.9064311981201172,1.8937034010887146,0
google/gemma-3-12b-pt,numeral_noun_0127,numeral_noun,2-4 + nom.pl,-43.36357116699219,-45.688148498535156,7,7,1,-0.8168792724609375,1.7852972745895386,1
google/gemma-3-12b-pt,numeral_noun_0128,numeral_noun,2-4 + nom.pl,-41.234466552734375,-43.815067291259766,7,8,1,-1.3626176118850708,2.5109004974365234,1
google/gemma-3-12b-pt,numeral_noun_0129,numeral_noun,2-4 + nom.pl,-41.073612213134766,-43.74686050415039,8,8,1,-0.7664852142333984,1.8776950240135193,1
google/gemma-3-12b-pt,numeral_noun_0130,numeral_noun,2-4 + nom.pl,-39.03390121459961,-43.85050582885742,7,7,1,-1.0200881958007812,2.482559084892273,1
google/gemma-3-12b-pt,numeral_noun_0131,numeral_noun,2-4 + nom.pl,-45.643646240234375,-47.60718536376953,9,9,1,-1.8016777038574219,1.960073471069336,1
google/gemma-3-12b-pt,numeral_noun_0132,numeral_noun,2-4 + nom.pl,-41.57373046875,-44.87595748901367,9,9,1,-1.4812259674072266,1.6664217710494995,1
google/gemma-3-12b-pt,numeral_noun_0133,numeral_noun,2-4 + nom.pl,-44.30608367919922,-47.49683380126953,7,7,1,-1.283712387084961,2.478273332118988,1
google/gemma-3-12b-pt,numeral_noun_0134,numeral_noun,2-4 + nom.pl,-40.471656799316406,-44.825096130371094,7,7,1,-1.6359062194824219,0.9403190612792969,0
google/gemma-3-12b-pt,numeral_noun_0135,numeral_noun,2-4 + nom.pl,-42.435699462890625,-42.47886276245117,7,8,1,-1.433940827846527,1.594791293144226,1
google/gemma-3-12b-pt,numeral_noun_0136,numeral_noun,2-4 + nom.pl,-41.46727752685547,-43.879493713378906,9,9,1,-1.8849448561668396,1.7454432845115662,0
google/gemma-3-12b-pt,numeral_noun_0137,numeral_noun,2-4 + nom.pl,-45.86083221435547,-49.39318084716797,7,7,1,-1.5267771482467651,2.518177092075348,1
google/gemma-3-12b-pt,numeral_noun_0138,numeral_noun,2-4 + nom.pl,-42.65724182128906,-46.8814582824707,6,7,1,-2.157421112060547,1.8532789945602417,0
google/gemma-3-12b-pt,numeral_noun_0139,numeral_noun,2-4 + nom.pl,-35.39005661010742,-38.5819091796875,7,7,1,-0.944795548915863,2.44136244058609,1
google/gemma-3-12b-pt,numeral_noun_0140,numeral_noun,2-4 + nom.pl,-43.22679138183594,-45.7866096496582,8,8,1,-1.615814208984375,1.335662841796875,0
google/gemma-3-12b-pt,numeral_noun_0141,numeral_noun,2-4 + nom.pl,-40.164852142333984,-45.29547882080078,8,7,1,-0.9484348297119141,2.2885169982910156,1
google/gemma-3-12b-pt,numeral_noun_0142,numeral_noun,2-4 + nom.pl,-41.840248107910156,-47.36262130737305,7,6,1,-0.7950363159179688,2.4388007521629333,1
google/gemma-3-12b-pt,numeral_noun_0143,numeral_noun,2-4 + nom.pl,-40.98012161254883,-41.43378448486328,7,7,1,-0.5739727020263672,1.8119333982467651,1
google/gemma-3-12b-pt,numeral_noun_0144,numeral_noun,2-4 + nom.pl,-41.436485290527344,-45.32688903808594,7,6,1,-1.399574339389801,1.5307311415672302,1
google/gemma-3-12b-pt,numeral_noun_0145,numeral_noun,2-4 + nom.pl,-38.270599365234375,-31.56267547607422,5,6,0,-1.5190811157226562,1.437705934047699,0
google/gemma-3-12b-pt,numeral_noun_0146,numeral_noun,2-4 + nom.pl,-43.27705764770508,-45.094383239746094,8,8,1,-1.7635365724563599,1.4194774627685547,0
google/gemma-3-12b-pt,numeral_noun_0147,numeral_noun,2-4 + nom.pl,-38.52195739746094,-42.42132568359375,7,7,1,-1.5266531705856323,1.8619118928909302,1
google/gemma-3-12b-pt,numeral_noun_0148,numeral_noun,2-4 + nom.pl,-43.770042419433594,-46.04998016357422,9,9,1,-1.635299563407898,1.5720005631446838,0
google/gemma-3-12b-pt,numeral_noun_0149,numeral_noun,2-4 + nom.pl,-41.81962966918945,-44.232994079589844,8,9,1,-1.3448200821876526,2.8130282163619995,1
google/gemma-3-12b-pt,numeral_noun_0150,numeral_noun,5+ + gen.pl,-41.757835388183594,-44.89979553222656,10,10,1,-0.41258811950683594,2.8853073716163635,1
google/gemma-3-12b-pt,numeral_noun_0151,numeral_noun,5+ + gen.pl,-40.31312561035156,-46.18964385986328,7,8,1,0.05835151672363281,2.489185392856598,1
google/gemma-3-12b-pt,numeral_noun_0152,numeral_noun,5+ + gen.pl,-39.97285842895508,-43.63697052001953,10,9,1,-0.06301689147949219,2.8701571226119995,1
google/gemma-3-12b-pt,numeral_noun_0153,numeral_noun,5+ + gen.pl,-45.170310974121094,-48.30853271484375,8,8,1,-1.7268218994140625,2.240365982055664,1
google/gemma-3-12b-pt,numeral_noun_0154,numeral_noun,5+ + gen.pl,-46.486488342285156,-52.0864372253418,9,9,1,-0.4078941345214844,3.134176254272461,1
google/gemma-3-12b-pt,numeral_noun_0155,numeral_noun,5+ + gen.pl,-43.12561798095703,-49.950340270996094,9,9,1,-0.4184398651123047,3.6861552596092224,1
google/gemma-3-12b-pt,numeral_noun_0156,numeral_noun,5+ + gen.pl,-41.22310256958008,-42.50428009033203,7,7,1,-0.6856670379638672,1.8522834181785583,1
google/gemma-3-12b-pt,numeral_noun_0157,numeral_noun,5+ + gen.pl,-40.83510971069336,-47.75746154785156,8,7,1,-0.054168701171875,3.586685299873352,1
google/gemma-3-12b-pt,numeral_noun_0158,numeral_noun,5+ + gen.pl,-44.33910369873047,-50.548828125,11,10,1,-0.5718593597412109,2.5332602858543396,1
google/gemma-3-12b-pt,numeral_noun_0159,numeral_noun,5+ + gen.pl,-41.731201171875,-50.778831481933594,11,10,1,-0.6514797210693359,3.052257478237152,1
google/gemma-3-12b-pt,numeral_noun_0160,numeral_noun,5+ + gen.pl,-38.85895538330078,-44.12714767456055,12,12,1,-0.48320770263671875,2.398651123046875,1
google/gemma-3-12b-pt,numeral_noun_0161,numeral_noun,5+ + gen.pl,-42.28094482421875,-49.70050048828125,9,9,1,-0.6752548217773438,2.40118408203125,1
google/gemma-3-12b-pt,numeral_noun_0162,numeral_noun,5+ + gen.pl,-43.006439208984375,-51.257911682128906,10,9,1,-0.4597358703613281,3.5630399584770203,1
google/gemma-3-12b-pt,numeral_noun_0163,numeral_noun,5+ + gen.pl,-37.81938552856445,-45.70631408691406,10,10,1,-0.3715248107910156,3.22520250082016,1
google/gemma-3-12b-pt,numeral_noun_0164,numeral_noun,5+ + gen.pl,-41.63762664794922,-45.426124572753906,8,7,1,-0.3259391784667969,2.966829299926758,1
google/gemma-3-12b-pt,numeral_noun_0165,numeral_noun,5+ + gen.pl,-43.60392379760742,-46.38945770263672,9,9,1,-1.5386351346969604,2.163925051689148,1
google/gemma-3-12b-pt,numeral_noun_0166,numeral_noun,5+ + gen.pl,-37.73432159423828,-47.88714599609375,8,8,1,-0.7770195007324219,2.9867230653762817,1
google/gemma-3-12b-pt,numeral_noun_0167,numeral_noun,5+ + gen.pl,-46.8276252746582,-53.973388671875,8,8,1,-0.9379234313964844,2.8668899536132812,1
google/gemma-3-12b-pt,numeral_noun_0168,numeral_noun,5+ + gen.pl,-41.57413101196289,-48.277565002441406,8,8,1,-0.5947971343994141,2.4900760650634766,1
google/gemma-3-12b-pt,numeral_noun_0169,numeral_noun,5+ + gen.pl,-41.72953414916992,-45.46192932128906,9,8,1,0.05697059631347656,2.8532811403274536,1
google/gemma-3-12b-pt,numeral_noun_0170,numeral_noun,5+ + gen.pl,-39.816062927246094,-44.965721130371094,7,7,1,-0.8689764738082886,2.3670310974121094,1
google/gemma-3-12b-pt,numeral_noun_0171,numeral_noun,5+ + gen.pl,-47.294456481933594,-55.910888671875,10,10,1,0.6705856323242188,2.3892268538475037,1
google/gemma-3-12b-pt,numeral_noun_0172,numeral_noun,5+ + gen.pl,-46.045310974121094,-52.42491912841797,8,8,1,-0.3372383117675781,3.535783886909485,1
google/gemma-3-12b-pt,numeral_noun_0173,numeral_noun,5+ + gen.pl,-46.81446838378906,-54.225929260253906,7,7,1,-1.0174922943115234,2.0809402465820312,1
google/gemma-3-12b-pt,numeral_noun_0174,numeral_noun,5+ + gen.pl,-41.760597229003906,-47.47430419921875,9,9,1,-0.5359210968017578,2.9292450547218323,1
google/gemma-3-12b-pt,numeral_noun_0175,numeral_noun,5+ + gen.pl,-44.733009338378906,-49.863224029541016,9,9,1,-1.4632378220558167,2.404071867465973,1
google/gemma-3-12b-pt,numeral_noun_0176,numeral_noun,5+ + gen.pl,-36.90708923339844,-42.51749801635742,7,8,1,-0.5222015380859375,1.9391669034957886,1
google/gemma-3-12b-pt,numeral_noun_0177,numeral_noun,5+ + gen.pl,-42.82316589355469,-48.19641876220703,8,8,1,-1.2548446655273438,2.9172781705856323,1
google/gemma-3-12b-pt,numeral_noun_0178,numeral_noun,5+ + gen.pl,-49.17987823486328,-54.43151092529297,8,8,1,-0.9756795167922974,3.737825572490692,1
google/gemma-3-12b-pt,numeral_noun_0179,numeral_noun,5+ + gen.pl,-41.782203674316406,-47.221153259277344,11,11,1,-0.1701335906982422,3.6180132627487183,1
google/gemma-3-12b-pt,numeral_noun_0180,numeral_noun,5+ + gen.pl,-40.655906677246094,-50.57056427001953,7,7,1,-0.5929756164550781,3.890264570713043,1
google/gemma-3-12b-pt,numeral_noun_0181,numeral_noun,5+ + gen.pl,-40.034263610839844,-46.150386810302734,9,8,1,-0.4397239685058594,2.7479991912841797,1
google/gemma-3-12b-pt,numeral_noun_0182,numeral_noun,5+ + gen.pl,-46.18388366699219,-51.14329528808594,9,9,1,-0.8039207458496094,1.82373046875,1
google/gemma-3-12b-pt,numeral_noun_0183,numeral_noun,5+ + gen.pl,-40.0008430480957,-46.1541862487793,8,8,1,0.175384521484375,3.986505687236786,1
google/gemma-3-12b-pt,numeral_noun_0184,numeral_noun,5+ + gen.pl,-45.800254821777344,-51.795570373535156,9,8,1,-1.0171736478805542,2.191522538661957,1
google/gemma-3-12b-pt,numeral_noun_0185,numeral_noun,5+ + gen.pl,-39.4926643371582,-44.5213737487793,8,8,1,-0.5771369934082031,2.427682876586914,1
google/gemma-3-12b-pt,numeral_noun_0186,numeral_noun,5+ + gen.pl,-48.43757629394531,-51.51150131225586,8,7,1,-0.4904327392578125,2.0966606736183167,1
google/gemma-3-12b-pt,numeral_noun_0187,numeral_noun,5+ + gen.pl,-51.50164794921875,-50.28645706176758,9,9,0,-1.436899185180664,1.9697245955467224,1
google/gemma-3-12b-pt,numeral_noun_0188,numeral_noun,5+ + gen.pl,-44.73925018310547,-54.078556060791016,8,8,1,-0.2586383819580078,1.9666690826416016,1
google/gemma-3-12b-pt,numeral_noun_0189,numeral_noun,5+ + gen.pl,-43.376808166503906,-47.35028839111328,6,6,1,-1.5902748107910156,2.104538083076477,1
google/gemma-3-12b-pt,numeral_noun_0190,numeral_noun,5+ + gen.pl,-38.604957580566406,-46.78324890136719,7,7,1,-0.16753387451171875,2.2929935455322266,1
google/gemma-3-12b-pt,numeral_noun_0191,numeral_noun,5+ + gen.pl,-42.31452560424805,-48.60724639892578,8,8,1,-0.5006160736083984,2.5970858931541443,1
google/gemma-3-12b-pt,numeral_noun_0192,numeral_noun,5+ + gen.pl,-42.25910186767578,-47.96875,9,9,1,-0.3803596496582031,2.929447054862976,1
google/gemma-3-12b-pt,numeral_noun_0193,numeral_noun,5+ + gen.pl,-46.671104431152344,-53.514739990234375,8,8,1,-0.7566032409667969,2.8647080063819885,1
google/gemma-3-12b-pt,numeral_noun_0194,numeral_noun,5+ + gen.pl,-45.687255859375,-48.17693328857422,7,7,1,-0.6528129577636719,1.908529281616211,1
google/gemma-3-12b-pt,numeral_noun_0195,numeral_noun,5+ + gen.pl,-42.79743957519531,-47.03606414794922,8,8,1,-0.8261737823486328,1.5996570587158203,1
google/gemma-3-12b-pt,numeral_noun_0196,numeral_noun,5+ + gen.pl,-44.49319076538086,-49.973419189453125,8,8,1,-1.2917518615722656,2.8589268922805786,1
google/gemma-3-12b-pt,numeral_noun_0197,numeral_noun,5+ + gen.pl,-35.52009582519531,-45.814720153808594,10,10,1,-0.8033504486083984,1.4114590287208557,1
google/gemma-3-12b-pt,numeral_noun_0198,numeral_noun,5+ + gen.pl,-43.79204559326172,-50.11061477661133,10,10,1,0.1751079559326172,3.4884530901908875,1
google/gemma-3-12b-pt,numeral_noun_0199,numeral_noun,5+ + gen.pl,-38.563804626464844,-45.92742919921875,6,6,1,-0.6028366088867188,2.2501354813575745,1
google/gemma-3-12b-pt,numeral_noun_0200,numeral_noun,5+ + gen.pl,-37.81418228149414,-46.279991149902344,10,10,1,-0.29663848876953125,2.821420669555664,1
google/gemma-3-12b-pt,numeral_noun_0201,numeral_noun,5+ + gen.pl,-34.910804748535156,-41.65875244140625,11,11,1,0.1521759033203125,3.52667236328125,1
google/gemma-3-12b-pt,numeral_noun_0202,numeral_noun,5+ + gen.pl,-42.54039764404297,-48.803955078125,7,6,1,-1.2268962264060974,3.7725658416748047,1
google/gemma-3-12b-pt,numeral_noun_0203,numeral_noun,5+ + gen.pl,-41.79628372192383,-45.706050872802734,7,7,1,-0.3379077911376953,2.815667986869812,1
google/gemma-3-12b-pt,numeral_noun_0204,numeral_noun,5+ + gen.pl,-45.954925537109375,-52.498512268066406,8,8,1,-0.6306953430175781,3.9281217455863953,1
google/gemma-3-12b-pt,numeral_noun_0205,numeral_noun,5+ + gen.pl,-46.199974060058594,-50.83679962158203,10,9,1,-1.1724720001220703,2.4123629927635193,1
google/gemma-3-12b-pt,numeral_noun_0206,numeral_noun,5+ + gen.pl,-45.30499267578125,-50.43412780761719,9,9,1,-0.5278282165527344,3.538446605205536,1
google/gemma-3-12b-pt,numeral_noun_0207,numeral_noun,5+ + gen.pl,-39.640865325927734,-50.43846893310547,7,7,1,-0.6259269714355469,3.875316619873047,1
google/gemma-3-12b-pt,numeral_noun_0208,numeral_noun,5+ + gen.pl,-44.232234954833984,-53.477935791015625,7,7,1,-1.1208229064941406,3.313160002231598,1
google/gemma-3-12b-pt,numeral_noun_0209,numeral_noun,5+ + gen.pl,-46.403709411621094,-53.097774505615234,7,7,1,-1.992561399936676,2.7430381774902344,1
google/gemma-3-12b-pt,numeral_noun_0210,numeral_noun,5+ + gen.pl,-38.54197692871094,-45.561492919921875,6,7,1,-1.6819342374801636,1.7353973984718323,1
google/gemma-3-12b-pt,numeral_noun_0211,numeral_noun,5+ + gen.pl,-42.82317352294922,-49.5911750793457,10,10,1,0.09404182434082031,3.482393264770508,1
google/gemma-3-12b-pt,numeral_noun_0212,numeral_noun,5+ + gen.pl,-39.344478607177734,-45.892860412597656,9,9,1,-0.2735443115234375,2.950298309326172,1
google/gemma-3-12b-pt,numeral_noun_0213,numeral_noun,5+ + gen.pl,-42.218753814697266,-49.01972198486328,7,7,1,-0.10814285278320312,3.8383390307426453,1
google/gemma-3-12b-pt,numeral_noun_0214,numeral_noun,5+ + gen.pl,-39.824615478515625,-43.69146728515625,9,9,1,-0.8204841613769531,3.3219757080078125,1
google/gemma-3-12b-pt,numeral_noun_0215,numeral_noun,5+ + gen.pl,-40.9183349609375,-44.24768829345703,10,9,1,0.06542396545410156,2.9824236631393433,1
google/gemma-3-12b-pt,numeral_noun_0216,numeral_noun,5+ + gen.pl,-36.813026428222656,-47.032127380371094,9,9,1,-0.9673824310302734,3.6153619289398193,1
google/gemma-3-12b-pt,numeral_noun_0217,numeral_noun,5+ + gen.pl,-41.21964645385742,-45.0836181640625,8,9,1,-0.8972702026367188,2.8915977478027344,1
google/gemma-3-12b-pt,numeral_noun_0218,numeral_noun,5+ + gen.pl,-44.935523986816406,-50.2894287109375,10,10,1,-0.36798667907714844,3.302374005317688,1
google/gemma-3-12b-pt,numeral_noun_0219,numeral_noun,5+ + gen.pl,-45.28273010253906,-50.35111999511719,10,10,1,-0.5042095184326172,1.9578286409378052,1
google/gemma-3-12b-pt,numeral_noun_0220,numeral_noun,5+ + gen.pl,-39.906394958496094,-47.25603103637695,9,9,1,-0.5201129913330078,2.100624144077301,1
google/gemma-3-12b-pt,numeral_noun_0221,numeral_noun,5+ + gen.pl,-41.84403991699219,-46.49799346923828,9,9,1,-0.42089271545410156,2.664241909980774,1
google/gemma-3-12b-pt,numeral_noun_0222,numeral_noun,5+ + gen.pl,-41.26863098144531,-47.44528579711914,9,8,1,-1.1561298370361328,3.7045153975486755,1
google/gemma-3-12b-pt,numeral_noun_0223,numeral_noun,5+ + gen.pl,-43.17182922363281,-47.9170036315918,11,10,1,0.10800743103027344,2.776834487915039,1
google/gemma-3-12b-pt,numeral_noun_0224,numeral_noun,5+ + gen.pl,-47.115196228027344,-50.45317840576172,8,8,1,-1.1336098909378052,2.1669520139694214,1
google/gemma-3-12b-pt,numeral_noun_0225,numeral_noun,5+ + gen.pl,-44.046104431152344,-49.19524383544922,10,10,1,-0.3570365905761719,3.6052286028862,1
google/gemma-3-12b-pt,numeral_noun_0226,numeral_noun,5+ + gen.pl,-47.544151306152344,-54.98303985595703,7,7,1,-2.3826693892478943,2.561117172241211,1
google/gemma-3-12b-pt,numeral_noun_0227,numeral_noun,5+ + gen.pl,-40.64105224609375,-47.91180419921875,9,9,1,-0.0427398681640625,3.2739638686180115,1
google/gemma-3-12b-pt,numeral_noun_0228,numeral_noun,5+ + gen.pl,-36.903045654296875,-45.466514587402344,8,8,1,-1.6853618025779724,1.6060447692871094,0
google/gemma-3-12b-pt,numeral_noun_0229,numeral_noun,5+ + gen.pl,-39.302635192871094,-44.95751953125,12,11,1,-0.46843719482421875,2.6817455291748047,1
google/gemma-3-12b-pt,numeral_noun_0230,numeral_noun,5+ + gen.pl,-42.239803314208984,-46.58247375488281,7,6,1,-1.0728759765625,3.4329145550727844,1
google/gemma-3-12b-pt,numeral_noun_0231,numeral_noun,5+ + gen.pl,-46.570926666259766,-52.60708236694336,8,8,1,-0.5264835357666016,3.6252803206443787,1
google/gemma-3-12b-pt,numeral_noun_0232,numeral_noun,5+ + gen.pl,-47.84984588623047,-53.75009536743164,11,11,1,-0.6749496459960938,2.9248294830322266,1
google/gemma-3-12b-pt,numeral_noun_0233,numeral_noun,5+ + gen.pl,-45.512916564941406,-48.213661193847656,8,8,1,-0.6560707092285156,1.453643798828125,1
google/gemma-3-12b-pt,numeral_noun_0234,numeral_noun,5+ + gen.pl,-43.98889923095703,-53.17760467529297,9,9,1,-0.21245956420898438,1.9941004514694214,1
google/gemma-3-12b-pt,numeral_noun_0235,numeral_noun,5+ + gen.pl,-40.927589416503906,-47.814208984375,10,10,1,-0.8609237670898438,3.344789445400238,1
google/gemma-3-12b-pt,numeral_noun_0236,numeral_noun,5+ + gen.pl,-46.534332275390625,-55.078041076660156,9,9,1,0.431060791015625,2.3767528533935547,1
google/gemma-3-12b-pt,numeral_noun_0237,numeral_noun,5+ + gen.pl,-42.28374481201172,-45.84275817871094,8,8,1,-0.024320602416992188,2.69553005695343,1
google/gemma-3-12b-pt,numeral_noun_0238,numeral_noun,5+ + gen.pl,-45.910823822021484,-49.01890182495117,7,7,1,-1.2824097871780396,1.5865765810012817,1
google/gemma-3-12b-pt,numeral_noun_0239,numeral_noun,5+ + gen.pl,-40.29206085205078,-46.40764617919922,9,9,1,-0.3644981384277344,2.8083037734031677,1
google/gemma-3-12b-pt,numeral_noun_0240,numeral_noun,5+ + gen.pl,-41.713951110839844,-47.83622360229492,7,7,1,-0.8836383819580078,2.671119749546051,1
google/gemma-3-12b-pt,numeral_noun_0241,numeral_noun,5+ + gen.pl,-43.025978088378906,-49.124664306640625,8,7,1,-0.8800277709960938,2.2285176515579224,1
google/gemma-3-12b-pt,numeral_noun_0242,numeral_noun,5+ + gen.pl,-46.341888427734375,-52.481781005859375,9,8,1,-1.0555763244628906,2.3676549196243286,1
google/gemma-3-12b-pt,numeral_noun_0243,numeral_noun,5+ + gen.pl,-50.04669952392578,-49.356327056884766,6,6,0,-0.7373466491699219,3.569547712802887,1
google/gemma-3-12b-pt,numeral_noun_0244,numeral_noun,5+ + gen.pl,-45.238075256347656,-51.1114501953125,8,7,1,-0.7208042144775391,2.1343421936035156,1
google/gemma-3-12b-pt,numeral_noun_0245,numeral_noun,5+ + gen.pl,-50.71434783935547,-49.789188385009766,10,10,0,-1.1302491426467896,2.492744505405426,1
google/gemma-3-12b-pt,numeral_noun_0246,numeral_noun,5+ + gen.pl,-48.03370666503906,-54.7545051574707,7,7,1,-0.8601570129394531,2.918041229248047,1
google/gemma-3-12b-pt,numeral_noun_0247,numeral_noun,5+ + gen.pl,-40.317588806152344,-45.550270080566406,10,10,1,-0.5084819793701172,2.8609981536865234,1
google/gemma-3-12b-pt,numeral_noun_0248,numeral_noun,5+ + gen.pl,-47.469486236572266,-52.68357849121094,7,6,1,-0.9940452575683594,2.6042728424072266,1
google/gemma-3-12b-pt,numeral_noun_0249,numeral_noun,5+ + gen.pl,-39.5862922668457,-44.86331558227539,9,8,1,-0.6478137969970703,1.6147003173828125,1
google/gemma-3-12b-pt,numeral_noun_0250,numeral_noun,5+ + gen.pl,-31.422138214111328,-39.25737762451172,8,9,1,0.07611846923828125,3.8522509336471558,1
google/gemma-3-12b-pt,numeral_noun_0251,numeral_noun,5+ + gen.pl,-42.12961196899414,-42.67920684814453,10,10,1,-1.2823429107666016,1.4975719451904297,1
google/gemma-3-12b-pt,numeral_noun_0252,numeral_noun,5+ + gen.pl,-45.14036560058594,-52.01007843017578,8,8,1,-0.3041858673095703,3.576373875141144,1
google/gemma-3-12b-pt,numeral_noun_0253,numeral_noun,5+ + gen.pl,-47.377960205078125,-56.39106369018555,7,7,1,0.011915206909179688,3.427179455757141,1
google/gemma-3-12b-pt,numeral_noun_0254,numeral_noun,5+ + gen.pl,-39.79023742675781,-46.137481689453125,9,8,1,-0.3590736389160156,2.825937330722809,1
google/gemma-3-12b-pt,numeral_noun_0255,numeral_noun,5+ + gen.pl,-43.57203674316406,-49.66139221191406,9,9,1,-0.2509613037109375,3.5372544527053833,1
google/gemma-3-12b-pt,numeral_noun_0256,numeral_noun,5+ + gen.pl,-47.48279571533203,-52.416900634765625,9,9,1,-0.7745265960693359,3.756237030029297,1
google/gemma-3-12b-pt,numeral_noun_0257,numeral_noun,5+ + gen.pl,-42.259254455566406,-50.55828094482422,10,9,1,-0.46930694580078125,3.410346806049347,1
google/gemma-3-12b-pt,numeral_noun_0258,numeral_noun,5+ + gen.pl,-46.376487731933594,-54.045387268066406,9,9,1,-0.7233180999755859,2.788015305995941,1
google/gemma-3-12b-pt,numeral_noun_0259,numeral_noun,5+ + gen.pl,-42.840118408203125,-49.56257247924805,8,8,1,-0.9408130645751953,3.051839768886566,1
google/gemma-3-12b-pt,numeral_noun_0260,numeral_noun,5+ + gen.pl,-40.11029815673828,-46.13326644897461,7,7,1,-0.6122856140136719,2.709857940673828,1
google/gemma-3-12b-pt,numeral_noun_0261,numeral_noun,5+ + gen.pl,-41.052650451660156,-49.84686279296875,9,9,1,-0.5433731079101562,3.466752767562866,1
google/gemma-3-12b-pt,numeral_noun_0262,numeral_noun,5+ + gen.pl,-44.868438720703125,-51.347198486328125,10,10,1,-0.43231201171875,3.032003402709961,1
google/gemma-3-12b-pt,numeral_noun_0263,numeral_noun,5+ + gen.pl,-43.3672981262207,-45.93987274169922,9,8,1,-0.5640239715576172,2.524688720703125,1
google/gemma-3-12b-pt,numeral_noun_0264,numeral_noun,5+ + gen.pl,-42.29405212402344,-43.988746643066406,5,5,1,-0.6067142486572266,2.293451189994812,1
google/gemma-3-12b-pt,numeral_noun_0265,numeral_noun,5+ + gen.pl,-45.31480026245117,-46.54594421386719,11,10,1,-0.7278575897216797,2.8985366821289062,1
google/gemma-3-12b-pt,numeral_noun_0266,numeral_noun,5+ + gen.pl,-47.17964172363281,-53.28440856933594,8,7,1,-1.0327014923095703,2.576364576816559,1
google/gemma-3-12b-pt,numeral_noun_0267,numeral_noun,5+ + gen.pl,-44.959693908691406,-51.96454620361328,10,10,1,-0.3130779266357422,3.6044099926948547,1
google/gemma-3-12b-pt,numeral_noun_0268,numeral_noun,5+ + gen.pl,-42.040855407714844,-46.839664459228516,10,10,1,0.027523040771484375,3.361394941806793,1
google/gemma-3-12b-pt,numeral_noun_0269,numeral_noun,5+ + gen.pl,-42.84698486328125,-51.73473358154297,9,9,1,-0.055572509765625,3.232135772705078,1
google/gemma-3-12b-pt,numeral_noun_0270,numeral_noun,5+ + gen.pl,-46.41394805908203,-52.57815170288086,8,8,1,-0.3051624298095703,3.3615590929985046,1
google/gemma-3-12b-pt,numeral_noun_0271,numeral_noun,5+ + gen.pl,-42.70946502685547,-48.389686584472656,9,9,1,-0.39952850341796875,2.409725248813629,1
google/gemma-3-12b-pt,numeral_noun_0272,numeral_noun,5+ + gen.pl,-41.22283935546875,-46.9586296081543,9,8,1,-0.9302520751953125,2.0461655259132385,1
google/gemma-3-12b-pt,numeral_noun_0273,numeral_noun,5+ + gen.pl,-40.35113525390625,-42.73699188232422,8,8,1,-0.4573554992675781,2.8560047149658203,1
google/gemma-3-12b-pt,numeral_noun_0274,numeral_noun,5+ + gen.pl,-39.971126556396484,-45.35504913330078,11,10,1,-0.351043701171875,2.0265807509422302,1
google/gemma-3-12b-pt,numeral_noun_0275,numeral_noun,5+ + gen.pl,-44.4697151184082,-48.78117752075195,9,8,1,-1.3218364715576172,2.332483410835266,1
google/gemma-3-12b-pt,numeral_noun_0276,numeral_noun,5+ + gen.pl,-41.21135711669922,-47.26340103149414,11,11,1,-0.19608306884765625,3.453871011734009,1
google/gemma-3-12b-pt,numeral_noun_0277,numeral_noun,5+ + gen.pl,-41.19776916503906,-48.61365509033203,10,10,1,-0.7711620330810547,2.9998722672462463,1
google/gemma-3-12b-pt,numeral_noun_0278,numeral_noun,5+ + gen.pl,-39.124847412109375,-46.0489501953125,10,10,1,0.12166786193847656,3.4244384765625,1
google/gemma-3-12b-pt,numeral_noun_0279,numeral_noun,5+ + gen.pl,-39.81409454345703,-45.30630111694336,10,9,1,-0.43427276611328125,2.00668728351593,1
google/gemma-3-12b-pt,numeral_noun_0280,numeral_noun,5+ + gen.pl,-40.305946350097656,-46.18330001831055,6,6,1,0.2118072509765625,3.9932841658592224,1
google/gemma-3-12b-pt,numeral_noun_0281,numeral_noun,5+ + gen.pl,-43.73268127441406,-47.342323303222656,9,9,1,-0.5785808563232422,1.6738224029541016,1
google/gemma-3-12b-pt,numeral_noun_0282,numeral_noun,5+ + gen.pl,-48.66382598876953,-53.79471206665039,8,8,1,-1.0594862699508667,3.666236937046051,1
google/gemma-3-12b-pt,numeral_noun_0283,numeral_noun,5+ + gen.pl,-40.61668395996094,-44.82643127441406,10,11,1,-1.0033513307571411,2.6727046370506287,1
google/gemma-3-12b-pt,numeral_noun_0284,numeral_noun,5+ + gen.pl,-42.12873077392578,-48.692848205566406,9,9,1,-0.4965362548828125,3.7267647981643677,1
google/gemma-3-12b-pt,numeral_noun_0285,numeral_noun,5+ + gen.pl,-46.313941955566406,-50.81170654296875,9,8,1,-1.388278841972351,2.5584276914596558,1
google/gemma-3-12b-pt,numeral_noun_0286,numeral_noun,5+ + gen.pl,-42.51898193359375,-48.29750442504883,8,8,1,-1.0417040586471558,2.1979369521141052,1
google/gemma-3-12b-pt,numeral_noun_0287,numeral_noun,5+ + gen.pl,-38.398719787597656,-46.75202178955078,6,6,1,-0.14465713500976562,3.061416745185852,1
google/gemma-3-12b-pt,numeral_noun_0288,numeral_noun,5+ + gen.pl,-53.062965393066406,-52.06602478027344,8,8,0,-1.5743427276611328,2.2099228501319885,1
google/gemma-3-12b-pt,numeral_noun_0289,numeral_noun,5+ + gen.pl,-48.81439208984375,-55.87625503540039,7,7,1,-1.0483704209327698,2.3353404998779297,1
google/gemma-3-12b-pt,numeral_noun_0290,numeral_noun,5+ + gen.pl,-40.475189208984375,-42.589508056640625,6,6,1,-0.7228279113769531,1.4831085205078125,1
google/gemma-3-12b-pt,numeral_noun_0291,numeral_noun,5+ + gen.pl,-39.429222106933594,-44.27501678466797,10,10,1,-0.8001194000244141,2.835060238838196,1
google/gemma-3-12b-pt,numeral_noun_0292,numeral_noun,5+ + gen.pl,-43.599609375,-49.86233901977539,7,7,1,-0.6252517700195312,2.928423047065735,1
google/gemma-3-12b-pt,numeral_noun_0293,numeral_noun,5+ + gen.pl,-42.496482849121094,-49.162841796875,8,8,1,-0.12163925170898438,3.5488930344581604,1
google/gemma-3-12b-pt,numeral_noun_0294,numeral_noun,5+ + gen.pl,-41.25904083251953,-44.718135833740234,9,9,1,0.13742637634277344,2.520645260810852,1
google/gemma-3-12b-pt,numeral_noun_0295,numeral_noun,5+ + gen.pl,-48.71951675415039,-52.61588668823242,8,8,1,-0.5424022674560547,3.2840232849121094,1
google/gemma-3-12b-pt,numeral_noun_0296,numeral_noun,5+ + gen.pl,-45.71493911743164,-52.8293342590332,10,9,1,-0.9404984712600708,3.132867932319641,1
google/gemma-3-12b-pt,numeral_noun_0297,numeral_noun,5+ + gen.pl,-40.12763977050781,-46.96642303466797,9,9,1,0.10358047485351562,3.3126144409179688,1
google/gemma-3-12b-pt,numeral_noun_0298,numeral_noun,5+ + gen.pl,-46.85994338989258,-51.214508056640625,11,10,1,-0.8030319213867188,2.363851547241211,1
google/gemma-3-12b-pt,numeral_noun_0299,numeral_noun,5+ + gen.pl,-43.41025924682617,-51.49870300292969,11,10,1,-0.2808876037597656,3.3834035992622375,1
google/gemma-3-12b-pt,verb_government_0000,verb_government,дякувати кому,-28.247695922851562,-35.599029541015625,8,8,1,0.9174176454544067,3.4441412687301636,1
google/gemma-3-12b-pt,verb_government_0001,verb_government,дякувати кому,-34.275856018066406,-37.73367691040039,7,7,1,1.6951255798339844,4.036005258560181,1
google/gemma-3-12b-pt,verb_government_0002,verb_government,дякувати кому,-37.23747634887695,-40.370506286621094,10,9,1,-0.27289581298828125,3.1791019439697266,1
google/gemma-3-12b-pt,verb_government_0003,verb_government,дякувати кому,-38.74676513671875,-40.08191680908203,9,8,1,-0.5850009918212891,2.257112503051758,1
google/gemma-3-12b-pt,verb_government_0004,verb_government,дякувати кому,-38.7269401550293,-42.859336853027344,9,9,1,0.6461734771728516,3.603691279888153,1
google/gemma-3-12b-pt,verb_government_0005,verb_government,дякувати кому,-32.06526565551758,-36.069454193115234,8,8,1,1.3058586120605469,3.227519929409027,1
google/gemma-3-12b-pt,verb_government_0006,verb_government,вибачати кому,-32.82158279418945,-31.957855224609375,11,10,0,-1.4956016540527344,1.0823993682861328,0
google/gemma-3-12b-pt,verb_government_0007,verb_government,вибачати кому,-39.39655303955078,-38.6585807800293,10,10,0,-1.3851414918899536,1.5147590041160583,1
google/gemma-3-12b-pt,verb_government_0008,verb_government,вибачати кому,-37.62871551513672,-37.49777603149414,8,7,0,-1.7783356308937073,1.5016555786132812,0
google/gemma-3-12b-pt,verb_government_0009,verb_government,вибачати кому,-35.98637771606445,-35.07977294921875,12,12,0,-1.7542628645896912,1.1959972381591797,0
google/gemma-3-12b-pt,verb_government_0010,verb_government,вибачати кому,-37.014190673828125,-34.374027252197266,7,7,0,-2.2662200927734375,0.21519088745117188,0
google/gemma-3-12b-pt,verb_government_0011,verb_government,навчати чого,-37.10513687133789,-36.275970458984375,8,8,0,-1.2966842651367188,1.3908767700195312,1
google/gemma-3-12b-pt,verb_government_0012,verb_government,навчати чого,-43.86113739013672,-44.38740158081055,8,10,1,-2.0702589750289917,1.6173802018165588,0
google/gemma-3-12b-pt,verb_government_0013,verb_government,навчати чого,-44.06596374511719,-44.146881103515625,9,9,1,-1.8961619138717651,1.4033812284469604,0
google/gemma-3-12b-pt,verb_government_0014,verb_government,навчати чого,-55.55405807495117,-55.407928466796875,8,9,0,-1.897670865058899,1.0651817321777344,0
google/gemma-3-12b-pt,verb_government_0015,verb_government,вчитися чого,-42.317955017089844,-39.43083572387695,9,10,0,-1.6988373398780823,0.48564910888671875,0
google/gemma-3-12b-pt,verb_government_0016,verb_government,вчитися чого,-42.10933303833008,-39.57785415649414,7,7,0,-3.028938412666321,0.8448238372802734,0
google/gemma-3-12b-pt,verb_government_0017,verb_government,вчитися чого,-38.94275665283203,-39.780029296875,9,10,1,-2.207813322544098,0.4155597686767578,0
google/gemma-3-12b-pt,verb_government_0018,verb_government,вчитися чого,-39.06224822998047,-37.4520263671875,7,9,0,-2.959817945957184,0.0446014404296875,0
google/gemma-3-12b-pt,verb_government_0019,verb_government,опанувати що,-40.195411682128906,-43.29778289794922,8,8,1,0.1652965545654297,2.271295428276062,1
google/gemma-3-12b-pt,verb_government_0020,verb_government,опанувати що,-42.55552291870117,-43.688655853271484,9,8,1,-0.11938285827636719,1.7802790999412537,1
google/gemma-3-12b-pt,verb_government_0021,verb_government,опанувати що,-39.283447265625,-42.2269172668457,10,10,1,0.11846923828125,1.2465763092041016,1
google/gemma-3-12b-pt,verb_government_0022,verb_government,опанувати що,-39.675079345703125,-42.958431243896484,9,9,1,0.3094482421875,3.47269070148468,1
google/gemma-3-12b-pt,verb_government_0023,verb_government,оволодіти чим,-35.408531188964844,-42.14519500732422,8,8,1,1.1604118347167969,3.689718246459961,1
google/gemma-3-12b-pt,verb_government_0024,verb_government,оволодіти чим,-41.506988525390625,-46.94879150390625,10,10,1,1.1199512481689453,3.7449111342430115,1
google/gemma-3-12b-pt,verb_government_0025,verb_government,оволодіти чим,-44.703880310058594,-48.70927429199219,9,10,1,0.5262527465820312,3.288051724433899,1
google/gemma-3-12b-pt,verb_government_0026,verb_government,хворіти на що,-32.46488952636719,-36.497589111328125,9,8,1,-1.7326432466506958,2.2506962418556213,1
google/gemma-3-12b-pt,verb_government_0027,verb_government,хворіти на що,-34.979244232177734,-38.87440490722656,10,9,1,-0.5862159729003906,3.6886767148971558,1
google/gemma-3-12b-pt,verb_government_0028,verb_government,хворіти на що,-44.785369873046875,-45.24951934814453,11,10,1,-1.7688636779785156,1.734704852104187,0
google/gemma-3-12b-pt,verb_government_0029,verb_government,одружитися з ким,-37.19951629638672,-38.099220275878906,10,10,1,-1.4488105773925781,1.107761263847351,0
google/gemma-3-12b-pt,verb_government_0030,verb_government,одружитися з ким,-42.66828536987305,-42.9741325378418,11,10,1,-1.3586140871047974,0.8674468994140625,0
google/gemma-3-12b-pt,verb_government_0031,verb_government,одружитися з ким,-38.77734375,-40.4769287109375,13,12,1,-2.0070475935935974,1.941802978515625,0
google/gemma-3-12b-pt,verb_government_0032,verb_government,сумувати за ким,-33.4290771484375,-35.45396041870117,7,6,1,-1.2413539290428162,2.4765453338623047,1
google/gemma-3-12b-pt,verb_government_0033,verb_government,сумувати за ким,-36.97332763671875,-40.24748229980469,9,9,1,-1.0118637084960938,2.524087965488434,1
google/gemma-3-12b-pt,verb_government_0034,verb_government,сумувати за ким,-37.36308288574219,-41.63001251220703,8,7,1,-0.7501773834228516,3.3013668060302734,1
google/gemma-3-12b-pt,verb_government_0035,verb_government,розмовляти мовою,-29.72926139831543,-35.978965759277344,9,10,1,-0.18019676208496094,2.7279356718063354,1
google/gemma-3-12b-pt,verb_government_0036,verb_government,розмовляти мовою,-36.5723876953125,-42.4455680847168,8,9,1,-0.7757015228271484,1.5759488344192505,1
google/gemma-3-12b-pt,verb_government_0037,verb_government,розмовляти мовою,-37.23746109008789,-41.86296844482422,8,9,1,-0.7754535675048828,2.870054244995117,1
google/gemma-3-12b-pt,verb_government_0038,verb_government,розмовляти мовою,-36.545921325683594,-39.86891174316406,9,10,1,-0.9108867645263672,2.387454926967621,1
google/gemma-3-12b-pt,verb_government_0039,verb_government,розмовляти мовою,-35.914100646972656,-40.197425842285156,8,9,1,-1.040090560913086,1.7708128690719604,1
google/gemma-3-12b-pt,verb_government_0040,verb_government,розмовляти мовою,-31.367591857910156,-38.89445495605469,6,7,1,-0.07886314392089844,2.85444837808609,1
google/gemma-3-12b-pt,verb_government_0041,verb_government,вибачати кому,-41.70636749267578,-41.82304000854492,7,7,1,-1.0706214904785156,2.1306859254837036,1
google/gemma-3-12b-pt,verb_government_0042,verb_government,навчати чого,-43.92082977294922,-39.718727111816406,12,12,0,-0.8067436218261719,0.6271152496337891,0
google/gemma-3-12b-pt,verb_government_0043,verb_government,навчати чого,-46.092430114746094,-46.22617721557617,10,11,1,-1.9243888854980469,1.670232892036438,0
google/gemma-3-12b-pt,verb_government_0044,verb_government,вчитися чого,-41.882789611816406,-42.61822509765625,8,9,1,-1.8135147094726562,1.1311149597167969,0
google/gemma-3-12b-pt,verb_government_0045,verb_government,вчитися чого,-42.32728576660156,-37.641815185546875,8,9,0,-3.195974349975586,0.6119270324707031,0
google/gemma-3-12b-pt,verb_government_0046,verb_government,опанувати що,-38.44404220581055,-44.223106384277344,9,9,1,-0.5857791900634766,1.5302658081054688,1
google/gemma-3-12b-pt,verb_government_0047,verb_government,опанувати що,-39.41559600830078,-43.946441650390625,9,9,1,-0.2073192596435547,0.9945030212402344,1
google/gemma-3-12b-pt,verb_government_0048,verb_government,оволодіти чим,-42.955894470214844,-50.51545715332031,10,10,1,0.3983592987060547,2.4928588271141052,1
google/gemma-3-12b-pt,verb_government_0049,verb_government,оволодіти чим,-52.13107681274414,-58.285888671875,9,9,1,0.7924805879592896,3.7816601395606995,1
google/gemma-3-12b-pt,verb_government_0050,verb_government,оволодіти чим,-43.71770095825195,-48.443748474121094,8,8,1,0.22582054138183594,3.3377493619918823,1
google/gemma-3-12b-pt,verb_government_0051,verb_government,хворіти на що,-36.409217834472656,-38.18695068359375,9,9,1,-1.462703824043274,2.4169005751609802,1
google/gemma-3-12b-pt,verb_government_0052,verb_government,хворіти на що,-32.12963104248047,-33.940826416015625,10,9,1,-1.1430262327194214,2.50309556722641,1
google/gemma-3-12b-pt,verb_government_0053,verb_government,хворіти на що,-40.70058059692383,-41.065696716308594,11,10,1,-1.2885838747024536,2.0212631225585938,1
google/gemma-3-12b-pt,verb_government_0054,verb_government,одружитися з ким,-47.49052429199219,-49.452537536621094,11,10,1,-1.315242886543274,1.0702284574508667,0
google/gemma-3-12b-pt,verb_government_0055,verb_government,одружитися з ким,-34.7462158203125,-36.53532409667969,10,10,1,-1.7340239882469177,1.7002965211868286,0
google/gemma-3-12b-pt,verb_government_0056,verb_government,одружитися з ким,-37.01177215576172,-36.834571838378906,12,12,0,-1.7143097519874573,1.7265490293502808,1
google/gemma-3-12b-pt,verb_government_0057,verb_government,сумувати за ким,-33.22988510131836,-37.06005096435547,10,10,1,-1.01861572265625,2.4417057633399963,1
google/gemma-3-12b-pt,verb_government_0058,verb_government,сумувати за ким,-37.99864196777344,-39.690887451171875,7,7,1,-0.6594219207763672,2.829826235771179,1
google/gemma-3-12b-pt,verb_government_0059,verb_government,сумувати за ким,-39.244232177734375,-42.43291473388672,10,9,1,-1.0246391296386719,1.83589369058609,1
google/gemma-3-12b-pt,vocative_0000,vocative,vocative f,-37.013336181640625,-36.125389099121094,9,8,0,-1.3405362367630005,2.019100069999695,1
google/gemma-3-12b-pt,vocative_0001,vocative,vocative m,-40.867401123046875,-37.313629150390625,10,9,0,-1.6247177124023438,1.8467732071876526,1
google/gemma-3-12b-pt,vocative_0002,vocative,vocative m,-39.34983444213867,-38.318023681640625,11,10,0,-2.0396575927734375,1.3853472471237183,0
google/gemma-3-12b-pt,vocative_0003,vocative,vocative m,-38.254859924316406,-37.907997131347656,10,9,0,-2.146551191806793,1.317933976650238,0
google/gemma-3-12b-pt,vocative_0004,vocative,vocative m,-49.805118560791016,-49.94239044189453,14,14,1,-1.6580408811569214,1.8224905729293823,1
google/gemma-3-12b-pt,vocative_0005,vocative,vocative m,-51.897789001464844,-51.54126739501953,14,14,0,-1.654056429862976,1.9536703824996948,1
google/gemma-3-12b-pt,vocative_0006,vocative,vocative m,-44.10015869140625,-41.77377700805664,13,13,0,-1.5755786895751953,2.1676387786865234,1
google/gemma-3-12b-pt,vocative_0007,vocative,vocative f,-27.65460205078125,-27.35702896118164,9,8,0,-1.9465712904930115,1.5876312255859375,0
google/gemma-3-12b-pt,vocative_0008,vocative,vocative f,-51.613197326660156,-44.3890380859375,10,9,0,-1.6587256789207458,2.3358079195022583,1
google/gemma-3-12b-pt,vocative_0009,vocative,vocative f,-55.1029052734375,-47.749298095703125,9,9,0,-1.4647293090820312,2.03231418132782,1
google/gemma-3-12b-pt,vocative_0010,vocative,vocative m,-44.4859733581543,-40.30085754394531,10,9,0,-1.9338130950927734,2.160991668701172,1
google/gemma-3-12b-pt,vocative_0011,vocative,vocative f,-43.070823669433594,-42.624393463134766,12,12,0,-1.643758773803711,1.4802340865135193,0
google/gemma-3-12b-pt,vocative_0012,vocative,vocative f,-36.616310119628906,-35.71607971191406,10,9,0,-1.3646202087402344,1.6496028900146484,1
google/gemma-3-12b-pt,vocative_0013,vocative,vocative m,-29.945175170898438,-29.206708908081055,7,7,0,-2.1025179624557495,1.4507142305374146,0
google/gemma-3-12b-pt,vocative_0014,vocative,vocative f,-44.20171356201172,-38.733055114746094,14,13,0,-1.626287579536438,2.289301037788391,1
google/gemma-3-12b-pt,vocative_0015,vocative,vocative m,-53.188682556152344,-49.17244338989258,15,14,0,-1.6191521883010864,1.5378741025924683,0
google/gemma-3-12b-pt,vocative_0016,vocative,vocative m,-34.3670654296875,-36.522518157958984,9,7,1,-1.4339447021484375,1.8229600191116333,1
google/gemma-3-12b-pt,vocative_0017,vocative,vocative f,-37.363101959228516,-38.16026306152344,10,9,1,-2.340074598789215,1.208889126777649,0
google/gemma-3-12b-pt,vocative_0018,vocative,vocative m,-35.23894500732422,-34.860233306884766,9,8,0,-1.494443953037262,1.7923029661178589,1
google/gemma-3-12b-pt,vocative_0019,vocative,vocative m,-35.755210876464844,-36.510929107666016,9,8,1,-1.4380990266799927,1.8388938903808594,1
google/gemma-3-12b-pt,vocative_0020,vocative,vocative f,-29.83111572265625,-31.526084899902344,9,8,1,-1.7103634476661682,1.4810200929641724,0
google/gemma-3-12b-pt,vocative_0021,vocative,vocative m,-55.25766372680664,-51.31877517700195,9,9,0,-2.2053890228271484,2.6315670013427734,1
google/gemma-3-12b-pt,vocative_0022,vocative,vocative f,-34.451568603515625,-35.176143646240234,8,8,1,-1.0507984161376953,1.4126719236373901,1
google/gemma-3-12b-pt,vocative_0023,vocative,vocative m,-37.490440368652344,-37.14612579345703,10,9,0,-2.2459145188331604,1.3462791442871094,0
google/gemma-3-12b-pt,vocative_0024,vocative,vocative m,-40.48540115356445,-37.98298645019531,15,14,0,-1.8150044083595276,1.8505001068115234,1
google/gemma-3-12b-pt,vocative_0025,vocative,vocative m,-38.20529556274414,-37.74243927001953,8,8,0,-2.2959194779396057,1.6964970231056213,0
google/gemma-3-12b-pt,vocative_0026,vocative,vocative m,-39.7923583984375,-41.33877182006836,10,9,1,-1.6633738279342651,2.090614378452301,1
google/gemma-3-12b-pt,vocative_0027,vocative,vocative m,-35.13762664794922,-36.10233688354492,9,8,1,-1.567665159702301,1.322956144809723,0
google/gemma-3-12b-pt,vocative_0028,vocative,vocative f,-42.75486755371094,-41.927310943603516,13,12,0,-1.640878677368164,1.6415825486183167,1
google/gemma-3-12b-pt,vocative_0029,vocative,vocative f,-33.60448455810547,-34.48841094970703,9,8,1,-1.2931766510009766,1.7666836380958557,1
google/gemma-3-12b-pt,vocative_0030,vocative,vocative f,-44.12279510498047,-41.804344177246094,12,12,0,-1.6004372239112854,1.6522771120071411,1
google/gemma-3-12b-pt,vocative_0031,vocative,vocative m,-40.70953369140625,-40.69396209716797,12,11,0,-1.637952744960785,1.4887657761573792,0
google/gemma-3-12b-pt,vocative_0032,vocative,vocative f,-39.740875244140625,-38.42193603515625,10,9,0,-1.7998504638671875,1.5611268281936646,0
google/gemma-3-12b-pt,vocative_0033,vocative,vocative m,-42.22449493408203,-40.28172302246094,13,13,0,-2.197212338447571,1.5740910172462463,0
google/gemma-3-12b-pt,vocative_0034,vocative,vocative f,-40.85166931152344,-40.01069641113281,10,9,0,-1.5531024932861328,1.9084111452102661,1
google/gemma-3-12b-pt,vocative_0035,vocative,vocative m,-36.44894790649414,-36.11554718017578,9,8,0,-1.573436677455902,1.7901515364646912,1
google/gemma-3-12b-pt,vocative_0036,vocative,vocative m,-30.2600154876709,-28.925344467163086,8,7,0,-2.1335487961769104,1.6838436126708984,0
google/gemma-3-12b-pt,vocative_0037,vocative,vocative m,-38.44863510131836,-39.93914794921875,13,12,1,-1.9503592252731323,2.527912139892578,1
google/gemma-3-12b-pt,vocative_0038,vocative,vocative m,-59.00128173828125,-54.0108642578125,8,9,0,-2.683216094970703,2.359245181083679,0
google/gemma-3-12b-pt,vocative_0039,vocative,vocative m,-38.07675552368164,-37.003028869628906,9,8,0,-2.2107027769088745,1.3609391450881958,0
google/gemma-3-12b-pt,vocative_0040,vocative,vocative m,-41.561038970947266,-39.830108642578125,10,9,0,-1.660247802734375,1.7124366164207458,1
google/gemma-3-12b-pt,vocative_0041,vocative,vocative f,-43.69132995605469,-39.013084411621094,9,9,0,-1.8996810913085938,1.425216794013977,0
google/gemma-3-12b-pt,vocative_0042,vocative,vocative f,-36.29551315307617,-36.333717346191406,9,8,1,-1.467702865600586,1.922475814819336,1
google/gemma-3-12b-pt,vocative_0043,vocative,vocative f,-49.07148361206055,-47.79563903808594,13,13,0,-1.5221385955810547,1.7515735030174255,1
google/gemma-3-12b-pt,vocative_0044,vocative,vocative m,-51.07587432861328,-51.360252380371094,10,9,1,-1.9476089477539062,2.282367706298828,1
google/gemma-3-12b-pt,vocative_0045,vocative,vocative f,-57.78847885131836,-50.18289566040039,14,14,0,-1.2719058990478516,1.7568246126174927,1
google/gemma-3-12b-pt,vocative_0046,vocative,vocative m,-52.821189880371094,-48.31315612792969,13,13,0,-1.5721378326416016,1.1773282289505005,0
google/gemma-3-12b-pt,vocative_0047,vocative,vocative m,-60.60855484008789,-53.58213806152344,9,8,0,-2.1474608778953552,1.323169767856598,0
google/gemma-3-12b-pt,vocative_0048,vocative,vocative f,-54.04462814331055,-48.856502532958984,9,8,0,-1.3729991912841797,2.2490843534469604,1
google/gemma-3-12b-pt,vocative_0049,vocative,vocative f,-42.53755187988281,-40.60884094238281,10,10,0,-1.7605228424072266,1.8325080871582031,1
google/gemma-3-12b-pt,vocative_0050,vocative,vocative f,-37.324710845947266,-36.640594482421875,10,8,0,-2.182743012905121,1.388525128364563,0
google/gemma-3-12b-pt,vocative_0051,vocative,vocative m,-39.36766815185547,-37.31836700439453,11,10,0,-1.6971569061279297,1.8301221132278442,1
google/gemma-3-12b-pt,vocative_0052,vocative,vocative f,-42.347084045410156,-41.56444549560547,13,12,0,-1.553365707397461,1.564462661743164,1
google/gemma-3-12b-pt,vocative_0053,vocative,vocative f,-32.00841522216797,-26.4002685546875,7,6,0,-1.1431198120117188,1.2543449401855469,1
google/gemma-3-12b-pt,vocative_0054,vocative,vocative f,-36.720741271972656,-36.92247772216797,11,10,1,-1.9520950317382812,1.552986204624176,0
google/gemma-3-12b-pt,vocative_0055,vocative,vocative m,-49.84136962890625,-43.73991012573242,12,12,0,-1.5118885040283203,2.121335983276367,1
google/gemma-3-12b-pt,vocative_0056,vocative,vocative m,-58.304752349853516,-55.267974853515625,9,8,0,-1.9430922865867615,2.5957908034324646,1
google/gemma-3-12b-pt,vocative_0057,vocative,vocative f,-56.77065658569336,-53.86872100830078,13,13,0,-1.1045970916748047,1.3673362731933594,1
google/gemma-3-12b-pt,vocative_0058,vocative,vocative f,-42.207908630371094,-42.19111633300781,14,13,0,-1.7218075394630432,2.1556435227394104,1
google/gemma-3-12b-pt,vocative_0059,vocative,vocative f,-60.304168701171875,-54.13835144042969,9,8,0,-1.5583782196044922,2.2046337127685547,1
google/gemma-3-12b-pt,vocative_0060,vocative,vocative f,-39.86542510986328,-39.239131927490234,9,9,0,-1.5379122495651245,1.7252177000045776,1
google/gemma-3-12b-pt,vocative_0061,vocative,vocative m,-29.074283599853516,-29.030590057373047,7,7,0,-2.1576499342918396,1.9095038771629333,0
google/gemma-3-12b-pt,vocative_0062,vocative,vocative m,-40.91276550292969,-40.52202606201172,12,11,0,-1.6541748642921448,1.1545448303222656,0
google/gemma-3-12b-pt,vocative_0063,vocative,vocative m,-44.74034881591797,-43.22248840332031,10,9,0,-1.5989894270896912,1.5511285066604614,0
google/gemma-3-12b-pt,vocative_0064,vocative,vocative m,-47.87103271484375,-44.172447204589844,13,12,0,-1.8619614839553833,1.7773133516311646,0
google/gemma-3-12b-pt,vocative_0065,vocative,vocative m,-27.0180721282959,-28.483257293701172,8,7,1,-1.8144340515136719,1.3862303495407104,0
google/gemma-3-12b-pt,vocative_0066,vocative,vocative m,-42.065696716308594,-42.67813491821289,12,12,1,-1.6742497086524963,1.5442219376564026,0
google/gemma-3-12b-pt,vocative_0067,vocative,vocative m,-61.945411682128906,-53.002349853515625,14,14,0,-1.5131359100341797,1.5093498229980469,0
google/gemma-3-12b-pt,vocative_0068,vocative,vocative f,-47.04947280883789,-47.37828826904297,13,13,1,-1.2189005613327026,1.6097451448440552,1
google/gemma-3-12b-pt,vocative_0069,vocative,vocative f,-43.32981491088867,-42.59885025024414,13,13,0,-1.461639404296875,1.4613112211227417,0
google/gemma-3-12b-pt,vocative_0070,vocative,vocative m,-44.19559097290039,-41.921852111816406,13,12,0,-1.6014710068702698,1.795785903930664,1
google/gemma-3-12b-pt,vocative_0071,vocative,vocative m,-55.241329193115234,-50.82884979248047,14,13,0,-1.6102656722068787,1.638421893119812,1
google/gemma-3-12b-pt,vocative_0072,vocative,vocative f,-41.146507263183594,-36.66860580444336,14,13,0,-1.8860588073730469,2.371025025844574,1
google/gemma-3-12b-pt,vocative_0073,vocative,vocative m,-36.0737190246582,-37.61273956298828,9,9,1,-1.645492672920227,1.5730591416358948,0
google/gemma-3-12b-pt,vocative_0074,vocative,vocative m,-27.165273666381836,-26.227962493896484,8,6,0,-2.1544494032859802,1.5945358276367188,0
google/gemma-3-12b-pt,vocative_0075,vocative,vocative m,-58.603370666503906,-54.686119079589844,8,8,0,-2.1648502349853516,2.061027467250824,0
google/gemma-3-12b-pt,vocative_0076,vocative,vocative m,-43.34528350830078,-39.10137176513672,9,9,0,-2.216934323310852,1.4780749678611755,0
google/gemma-3-12b-pt,vocative_0077,vocative,vocative m,-56.52837371826172,-48.51808547973633,14,13,0,-1.382011353969574,0.9718952178955078,0
google/gemma-3-12b-pt,vocative_0078,vocative,vocative f,-45.518192291259766,-41.86955261230469,12,11,0,-1.173349380493164,1.2129077911376953,1
google/gemma-3-12b-pt,vocative_0079,vocative,vocative m,-35.46682357788086,-36.7134895324707,8,7,1,-1.8940144181251526,1.4807186126708984,0
google/gemma-3-12b-pt,vocative_0080,vocative,vocative f,-50.665504455566406,-50.69922637939453,14,13,1,-1.1687793731689453,2.0056819319725037,1
google/gemma-3-12b-pt,vocative_0081,vocative,vocative f,-37.05403518676758,-38.40971374511719,10,10,1,-1.7410277128219604,1.4750214219093323,0
google/gemma-3-12b-pt,vocative_0082,vocative,vocative m,-68.46895599365234,-58.93928527832031,8,8,0,-2.104535937309265,2.548618257045746,1
google/gemma-3-12b-pt,vocative_0083,vocative,vocative m,-38.96833801269531,-37.43304443359375,10,8,0,-2.530845582485199,1.3658046126365662,0
google/gemma-3-12b-pt,vocative_0084,vocative,vocative m,-46.43345642089844,-47.396968841552734,14,13,1,-1.600620150566101,2.165048599243164,1
google/gemma-3-12b-pt,vocative_0085,vocative,vocative f,-58.607662200927734,-54.13397979736328,15,14,0,-1.339698851108551,2.0392895340919495,1
google/gemma-3-12b-pt,vocative_0086,vocative,vocative m,-63.90899658203125,-61.482200622558594,9,8,0,-2.2185343503952026,2.571375012397766,1
google/gemma-3-12b-pt,vocative_0087,vocative,vocative m,-46.09668731689453,-42.69371032714844,10,10,0,-1.9853095412254333,1.6591435670852661,0
google/gemma-3-12b-pt,vocative_0088,vocative,vocative m,-39.491249084472656,-39.74021911621094,11,10,1,-1.623228132724762,2.1677646040916443,1
google/gemma-3-12b-pt,vocative_0089,vocative,vocative f,-45.18489456176758,-43.421852111816406,9,9,0,-1.510971188545227,1.5782679915428162,1
google/gemma-3-12b-pt,vocative_0090,vocative,vocative m,-41.21101760864258,-41.210044860839844,13,12,0,-1.527198851108551,1.9749261140823364,1
google/gemma-3-12b-pt,vocative_0091,vocative,vocative f,-46.43581008911133,-42.087196350097656,13,12,0,-1.6937084197998047,2.097677230834961,1
google/gemma-3-12b-pt,vocative_0092,vocative,vocative f,-52.12740707397461,-47.733367919921875,15,14,0,-1.3220730423927307,1.7881508469581604,1
google/gemma-3-12b-pt,vocative_0093,vocative,vocative m,-39.846561431884766,-40.09376907348633,10,10,1,-2.017705976963043,1.6466445326805115,0
google/gemma-3-12b-pt,vocative_0094,vocative,vocative m,-41.49126434326172,-41.794498443603516,12,11,1,-2.0125046968460083,1.5610294938087463,0
google/gemma-3-12b-pt,vocative_0095,vocative,vocative f,-38.05298614501953,-37.99699401855469,10,10,0,-1.5936852097511292,1.391286849975586,0
google/gemma-3-12b-pt,vocative_0096,vocative,vocative f,-27.78232765197754,-27.043922424316406,8,7,0,-1.960300326347351,1.8562506437301636,0
google/gemma-3-12b-pt,vocative_0097,vocative,vocative f,-35.59151077270508,-35.80765151977539,9,7,1,-1.1545524597167969,1.6902505159378052,1
google/gemma-3-12b-pt,vocative_0098,vocative,vocative f,-36.764991760253906,-38.45146179199219,10,10,1,-1.7499809265136719,0.9784793853759766,0
google/gemma-3-12b-pt,vocative_0099,vocative,vocative f,-27.538415908813477,-26.482860565185547,8,6,0,-1.890594482421875,1.6555328965187073,0
google/gemma-3-12b-pt,vocative_0100,vocative,vocative m,-43.641117095947266,-43.71088409423828,13,12,1,-2.2385767698287964,1.1339302062988281,0
google/gemma-3-12b-pt,vocative_0101,vocative,vocative m,-47.47785949707031,-46.81329345703125,16,15,0,-1.6068192720413208,1.8763942122459412,1
google/gemma-3-12b-pt,vocative_0102,vocative,vocative m,-48.58943557739258,-46.975921630859375,14,13,0,-1.357406497001648,1.787826657295227,1
google/gemma-3-12b-pt,vocative_0103,vocative,vocative m,-40.19111633300781,-41.10653305053711,9,9,1,-2.183206617832184,1.904689908027649,0
google/gemma-3-12b-pt,vocative_0104,vocative,vocative m,-37.520660400390625,-35.79814910888672,9,9,0,-2.5652313232421875,1.5241872072219849,0
google/gemma-3-12b-pt,vocative_0105,vocative,vocative m,-44.637420654296875,-41.46049499511719,13,13,0,-1.7884331941604614,1.6024723649024963,0
google/gemma-3-12b-pt,vocative_0106,vocative,vocative f,-57.82920837402344,-53.94971466064453,14,13,0,-1.5528203248977661,1.9929827451705933,1
google/gemma-3-12b-pt,vocative_0107,vocative,vocative f,-46.04396057128906,-44.72015380859375,12,12,0,-1.471176028251648,1.4206925630569458,0
google/gemma-3-12b-pt,vocative_0108,vocative,vocative m,-29.611642837524414,-27.9447021484375,8,8,0,-1.9679242372512817,1.5589484572410583,0
google/gemma-3-12b-pt,vocative_0109,vocative,vocative m,-39.786651611328125,-38.83424377441406,10,9,0,-2.0876330733299255,1.353462278842926,0
google/gemma-3-12b-pt,vocative_0110,vocative,vocative m,-38.037208557128906,-36.90498352050781,9,9,0,-1.1722432374954224,1.6049860715866089,1
google/gemma-3-12b-pt,vocative_0111,vocative,vocative m,-44.237857818603516,-43.263763427734375,13,12,0,-1.3590145111083984,1.437217652797699,1
google/gemma-3-12b-pt,vocative_0112,vocative,vocative m,-39.83313751220703,-39.990081787109375,9,9,1,-2.1006792783737183,1.7850761413574219,0
google/gemma-3-12b-pt,vocative_0113,vocative,vocative m,-59.54747009277344,-56.842437744140625,13,13,0,-1.3642292618751526,1.7736778855323792,1
google/gemma-3-12b-pt,vocative_0114,vocative,vocative m,-44.89201736450195,-41.954689025878906,12,12,0,-1.7517107725143433,1.4884624481201172,0
google/gemma-3-12b-pt,vocative_0115,vocative,vocative m,-53.91023254394531,-54.5833854675293,8,8,1,-1.8958301544189453,2.7870960235595703,1
google/gemma-3-12b-pt,vocative_0116,vocative,vocative m,-39.9593620300293,-39.055137634277344,13,12,0,-1.7269726395606995,1.5529518127441406,0
google/gemma-3-12b-pt,vocative_0117,vocative,vocative m,-34.241180419921875,-35.79606628417969,9,8,1,-1.444003939628601,1.5081824660301208,1
google/gemma-3-12b-pt,vocative_0118,vocative,vocative m,-42.68516540527344,-41.52137756347656,12,12,0,-1.3994884490966797,2.176875948905945,1
google/gemma-3-12b-pt,vocative_0119,vocative,vocative m,-42.562171936035156,-40.8671875,13,12,0,-1.8481120467185974,1.650785505771637,0
google/gemma-3-12b-pt,vocative_0120,vocative,vocative m,-41.3132438659668,-39.65964889526367,9,9,0,-2.463550627231598,1.4508858919143677,0
google/gemma-3-12b-pt,vocative_0121,vocative,vocative m,-41.475711822509766,-39.517005920410156,9,9,0,-2.2426892518997192,1.616128921508789,0
google/gemma-3-12b-pt,vocative_0122,vocative,vocative m,-27.410301208496094,-26.509490966796875,8,7,0,-1.8396511673927307,1.6580945253372192,0
google/gemma-3-12b-pt,vocative_0123,vocative,vocative f,-35.614891052246094,-36.483924865722656,9,8,1,-1.4266835451126099,1.6712664365768433,1
google/gemma-3-12b-pt,vocative_0124,vocative,vocative f,-59.99034118652344,-55.60759353637695,8,8,0,-1.4517096281051636,1.7786579132080078,1
google/gemma-3-12b-pt,vocative_0125,vocative,vocative m,-39.567020416259766,-38.424720764160156,10,9,0,-2.2265414595603943,1.2479342818260193,0
google/gemma-3-12b-pt,vocative_0126,vocative,vocative f,-42.5814208984375,-40.865970611572266,13,13,0,-1.5317840576171875,1.5600510835647583,1
google/gemma-3-12b-pt,vocative_0127,vocative,vocative f,-50.90080642700195,-49.556739807128906,14,13,0,-1.346591830253601,1.9486656785011292,1
google/gemma-3-12b-pt,vocative_0128,vocative,vocative m,-37.118324279785156,-38.285972595214844,9,8,1,-2.307964265346527,1.4967421889305115,0
google/gemma-3-12b-pt,vocative_0129,vocative,vocative f,-31.664583206176758,-30.932926177978516,7,7,0,-1.9552440643310547,1.4439142942428589,0
google/gemma-3-12b-pt,vocative_0130,vocative,vocative m,-28.471893310546875,-27.754661560058594,7,7,0,-1.8035812973976135,1.7541675567626953,0
google/gemma-3-12b-pt,vocative_0131,vocative,vocative f,-50.2257080078125,-51.93341827392578,14,14,1,-1.4222221374511719,1.777374267578125,1
google/gemma-3-12b-pt,vocative_0132,vocative,vocative m,-30.865097045898438,-27.896957397460938,7,6,0,-1.7932509779930115,1.2895698547363281,0
google/gemma-3-12b-pt,vocative_0133,vocative,vocative m,-41.83308792114258,-40.50893020629883,13,13,0,-1.7900313138961792,2.0128403306007385,1
google/gemma-3-12b-pt,vocative_0134,vocative,vocative f,-38.45091247558594,-37.371185302734375,11,10,0,-2.0687275528907776,1.2353248000144958,0
google/gemma-3-12b-pt,vocative_0135,vocative,vocative f,-28.320724487304688,-27.59368324279785,7,7,0,-1.9283485412597656,1.4432507753372192,0
google/gemma-3-12b-pt,vocative_0136,vocative,vocative m,-38.678993225097656,-38.8992805480957,10,8,1,-2.3294638991355896,1.5098611116409302,0
google/gemma-3-12b-pt,vocative_0137,vocative,vocative m,-40.260597229003906,-40.0699462890625,13,13,0,-2.3937398195266724,1.5475997924804688,0
google/gemma-3-12b-pt,vocative_0138,vocative,vocative f,-29.196456909179688,-28.171106338500977,9,8,0,-1.9897919297218323,1.7302398681640625,0
google/gemma-3-12b-pt,vocative_0139,vocative,vocative f,-55.92570114135742,-50.458011627197266,9,8,0,-1.4789810180664062,2.1497631669044495,1
google/gemma-3-12b-pt,vocative_0140,vocative,vocative f,-43.042232513427734,-40.732643127441406,10,9,0,-1.6245423555374146,2.1509856581687927,1
google/gemma-3-12b-pt,vocative_0141,vocative,vocative m,-42.580135345458984,-39.63669204711914,10,10,0,-2.1913986206054688,2.4147778153419495,1
google/gemma-3-12b-pt,vocative_0142,vocative,vocative f,-55.48200607299805,-53.37555694580078,13,13,0,-1.2177257537841797,1.5762346982955933,1
google/gemma-3-12b-pt,vocative_0143,vocative,vocative m,-35.265533447265625,-37.325294494628906,9,7,1,-1.9614696502685547,1.9708212614059448,1
google/gemma-3-12b-pt,vocative_0144,vocative,vocative m,-49.56192398071289,-50.48188781738281,13,13,1,-1.5554733276367188,1.5913830399513245,1
google/gemma-3-12b-pt,vocative_0145,vocative,vocative f,-38.70441436767578,-37.43540573120117,10,9,0,-1.9738081693649292,1.4829578399658203,0
google/gemma-3-12b-pt,vocative_0146,vocative,vocative m,-46.28917694091797,-44.347930908203125,12,12,0,-1.8575419187545776,1.5314598679542542,0
google/gemma-3-12b-pt,vocative_0147,vocative,vocative m,-53.109291076660156,-54.8223762512207,9,9,1,-2.0567341446876526,2.5782431960105896,1
google/gemma-3-12b-pt,vocative_0148,vocative,vocative m,-56.115562438964844,-54.83254623413086,10,9,0,-2.0445690155029297,2.8272228240966797,1
google/gemma-3-12b-pt,vocative_0149,vocative,vocative f,-37.33940505981445,-35.732112884521484,8,8,0,-1.5982150435447693,1.8756389617919922,1
google/gemma-3-12b-pt,vocative_0150,vocative,vocative m,-54.09466552734375,-50.386322021484375,11,10,0,-2.24928081035614,2.853147506713867,1
google/gemma-3-12b-pt,vocative_0151,vocative,vocative f,-34.66984176635742,-36.86588668823242,9,9,1,-1.00762939453125,1.4506759643554688,1
google/gemma-3-12b-pt,vocative_0152,vocative,vocative f,-46.87555694580078,-41.75093460083008,10,10,0,-1.5710620880126953,1.7715719938278198,1
google/gemma-3-12b-pt,vocative_0153,vocative,vocative m,-54.79247283935547,-53.00038146972656,14,14,0,-1.4519233703613281,1.8754501342773438,1
google/gemma-3-12b-pt,vocative_0154,vocative,vocative m,-37.578819274902344,-36.80879592895508,8,7,0,-1.403362214565277,1.437646746635437,1
google/gemma-3-12b-pt,vocative_0155,vocative,vocative f,-35.50244903564453,-34.875083923339844,9,8,0,-1.156417727470398,1.9643346071243286,1
google/gemma-3-12b-pt,vocative_0156,vocative,vocative m,-55.302490234375,-49.85307312011719,14,14,0,-1.6388245224952698,1.7235432267189026,1
google/gemma-3-12b-pt,vocative_0157,vocative,vocative f,-38.69994354248047,-40.43415832519531,11,10,1,-1.5711172819137573,1.0823229551315308,0
google/gemma-3-12b-pt,vocative_0158,vocative,vocative f,-57.089019775390625,-48.77552795410156,14,13,0,-1.2040767073631287,1.8438759446144104,1
google/gemma-3-12b-pt,vocative_0159,vocative,vocative m,-43.91157150268555,-39.95751953125,12,13,0,-1.9393690824508667,1.8114720582962036,0
google/gemma-3-12b-pt,vocative_0160,vocative,vocative f,-45.47355651855469,-41.45710372924805,10,9,0,-2.1455021500587463,2.286334991455078,1
google/gemma-3-12b-pt,vocative_0161,vocative,vocative f,-52.933265686035156,-47.358802795410156,9,8,0,-1.1906033754348755,2.2662602066993713,1
google/gemma-3-12b-pt,vocative_0162,vocative,vocative m,-35.34461975097656,-35.279937744140625,8,8,0,-1.3563919067382812,1.4717520475387573,1
google/gemma-3-12b-pt,vocative_0163,vocative,vocative m,-36.79443359375,-36.2080078125,9,8,0,-1.9636573791503906,1.2654972076416016,0
google/gemma-3-12b-pt,vocative_0164,vocative,vocative f,-26.258989334106445,-27.113815307617188,9,8,1,-1.896425187587738,1.761110246181488,0
google/gemma-3-12b-pt,vocative_0165,vocative,vocative m,-35.683387756347656,-35.79665756225586,9,7,1,-1.5871466398239136,1.5123347043991089,0
google/gemma-3-12b-pt,vocative_0166,vocative,vocative f,-56.134639739990234,-52.2678337097168,10,9,0,-1.5025633573532104,1.8754233121871948,1
google/gemma-3-12b-pt,vocative_0167,vocative,vocative m,-37.09886169433594,-35.88566970825195,10,9,0,-2.15610134601593,1.3375492691993713,0
google/gemma-3-12b-pt,vocative_0168,vocative,vocative m,-49.047183990478516,-51.16950988769531,14,13,1,-1.3811740279197693,1.851320207118988,1
google/gemma-3-12b-pt,vocative_0169,vocative,vocative f,-47.94879913330078,-42.565155029296875,11,10,0,-1.5128726959228516,2.0829830169677734,1
google/gemma-3-12b-pt,vocative_0170,vocative,vocative m,-61.90979766845703,-58.67713165283203,8,8,0,-1.9113444089889526,2.7894344329833984,1
google/gemma-3-12b-pt,vocative_0171,vocative,vocative f,-28.033815383911133,-28.456703186035156,8,7,1,-1.9646263718605042,1.5268136262893677,0
google/gemma-3-12b-pt,vocative_0172,vocative,vocative m,-40.968650817871094,-39.547607421875,13,13,0,-1.6355419158935547,2.075305938720703,1
google/gemma-3-12b-pt,vocative_0173,vocative,vocative m,-46.567989349365234,-41.66339111328125,13,13,0,-1.55108642578125,1.6979198455810547,1
google/gemma-3-12b-pt,vocative_0174,vocative,vocative f,-44.98649978637695,-44.98912811279297,13,12,1,-1.6009883880615234,1.7259941697120667,1
google/gemma-3-12b-pt,vocative_0175,vocative,vocative m,-43.23362350463867,-40.58849334716797,14,13,0,-1.7229480743408203,1.4524078965187073,0
google/gemma-3-12b-pt,vocative_0176,vocative,vocative m,-37.80065155029297,-36.88417053222656,9,9,0,-1.4385491013526917,1.420034408569336,0
google/gemma-3-12b-pt,vocative_0177,vocative,vocative m,-37.29093551635742,-36.56282043457031,10,9,0,-2.726911425590515,0.68597412109375,0
google/gemma-3-12b-pt,vocative_0178,vocative,vocative f,-37.7794075012207,-37.96638107299805,10,9,1,-1.9857043623924255,1.3601895570755005,0
google/gemma-3-12b-pt,vocative_0179,vocative,vocative m,-37.757896423339844,-37.88962173461914,11,10,1,-2.6191864013671875,1.0719069242477417,0
google/gemma-3-12b-pt,vocative_0180,vocative,vocative m,-56.1812744140625,-56.21711730957031,8,8,1,-2.3804931044578552,2.594537675380707,1
google/gemma-3-12b-pt,vocative_0181,vocative,vocative f,-41.43541717529297,-39.0077018737793,12,12,0,-1.7518175840377808,1.907012939453125,1
google/gemma-3-12b-pt,vocative_0182,vocative,vocative f,-52.10104751586914,-50.74018478393555,15,14,0,-1.3980063796043396,1.7749347686767578,1
google/gemma-3-12b-pt,vocative_0183,vocative,vocative f,-40.39637756347656,-41.17615509033203,13,13,1,-1.6402034759521484,1.5414522886276245,0
google/gemma-3-12b-pt,vocative_0184,vocative,vocative f,-42.7882080078125,-38.185943603515625,14,13,0,-2.1225395798683167,2.028438687324524,0
google/gemma-3-12b-pt,vocative_0185,vocative,vocative f,-38.829673767089844,-38.11419677734375,10,9,0,-1.6549664735794067,1.2921391725540161,0
google/gemma-3-12b-pt,vocative_0186,vocative,vocative m,-44.83256912231445,-40.17992401123047,11,10,0,-1.8479766845703125,1.8334959745407104,0
google/gemma-3-12b-pt,vocative_0187,vocative,vocative m,-37.776939392089844,-38.11174011230469,8,7,1,-1.8534049987792969,1.8140124082565308,0
google/gemma-3-12b-pt,vocative_0188,vocative,vocative m,-43.361629486083984,-39.270416259765625,9,10,0,-2.429819166660309,1.9271870255470276,0
google/gemma-3-12b-pt,vocative_0189,vocative,vocative m,-30.786975860595703,-29.44997787475586,7,6,0,-1.8234309554100037,1.5537663698196411,0
google/gemma-3-12b-pt,vocative_0190,vocative,vocative f,-46.645870208740234,-42.58917999267578,14,13,0,-1.5069541335105896,2.3344231247901917,1
google/gemma-3-12b-pt,vocative_0191,vocative,vocative m,-44.95845031738281,-41.467124938964844,14,13,0,-1.8561458587646484,1.7490006685256958,0
google/gemma-3-12b-pt,vocative_0192,vocative,vocative m,-35.80300521850586,-34.760986328125,8,8,0,-1.8539524674415588,1.355554461479187,0
google/gemma-3-12b-pt,vocative_0193,vocative,vocative m,-57.14326477050781,-54.931217193603516,9,9,0,-2.4087008833885193,2.759483277797699,1
google/gemma-3-12b-pt,vocative_0194,vocative,vocative f,-27.647560119628906,-26.001571655273438,8,6,0,-1.6575966477394104,1.607780396938324,0
google/gemma-3-12b-pt,vocative_0195,vocative,vocative m,-49.87579345703125,-49.87713623046875,14,13,1,-1.4623545408248901,1.6571446061134338,1
google/gemma-3-12b-pt,vocative_0196,vocative,vocative f,-41.90187072753906,-39.79286193847656,13,12,0,-1.4295501708984375,2.0508421659469604,1
google/gemma-3-12b-pt,vocative_0197,vocative,vocative m,-26.87795639038086,-27.181018829345703,8,7,1,-1.9253064393997192,1.737258791923523,0
google/gemma-3-12b-pt,vocative_0198,vocative,vocative f,-42.30607986450195,-41.44880676269531,12,12,0,-1.531005859375,1.4521846771240234,0
google/gemma-3-12b-pt,vocative_0199,vocative,vocative m,-42.17200469970703,-40.200767517089844,13,13,0,-1.6985703706741333,1.7760944366455078,1
google/gemma-3-12b-pt,vocative_0200,vocative,vocative m,-54.8652229309082,-52.22399139404297,15,14,0,-1.498184084892273,1.8241271376609802,1
google/gemma-3-12b-pt,vocative_0201,vocative,vocative m,-41.368690490722656,-41.56977844238281,13,12,1,-1.8610783219337463,1.2365818619728088,0
google/gemma-3-12b-pt,vocative_0202,vocative,vocative m,-30.05901527404785,-28.440086364746094,8,7,0,-2.7885416746139526,1.0536479949951172,0
google/gemma-3-12b-pt,vocative_0203,vocative,vocative m,-35.897483825683594,-35.892276763916016,9,9,0,-2.0462511777877808,1.4149150252342224,0
google/gemma-3-12b-pt,vocative_0204,vocative,vocative m,-29.440927505493164,-28.087146759033203,7,7,0,-2.618099093437195,1.8094977736473083,0
google/gemma-3-12b-pt,vocative_0205,vocative,vocative m,-28.88547706604004,-27.30303192138672,8,6,0,-2.265590786933899,1.9471455216407776,0
google/gemma-3-12b-pt,vocative_0206,vocative,vocative m,-32.37758255004883,-30.386028289794922,7,7,0,-2.301813244819641,1.7266445755958557,0
google/gemma-3-12b-pt,vocative_0207,vocative,vocative m,-36.55866241455078,-38.01982879638672,10,10,1,-2.4017791152000427,1.3936842679977417,0
google/gemma-3-12b-pt,vocative_0208,vocative,vocative f,-42.28443908691406,-42.04879379272461,10,9,0,-1.7685756087303162,1.8845099210739136,1
google/gemma-3-12b-pt,vocative_0209,vocative,vocative f,-38.29616165161133,-39.03730010986328,8,8,1,-1.5680904388427734,1.5349388122558594,0
google/gemma-3-12b-pt,vocative_0210,vocative,vocative m,-42.98895263671875,-41.336448669433594,13,12,0,-1.4287147521972656,1.6847268342971802,1
google/gemma-3-12b-pt,vocative_0211,vocative,vocative m,-44.267578125,-40.23538589477539,13,12,0,-1.4649772644042969,1.5954399108886719,1
google/gemma-3-12b-pt,vocative_0212,vocative,vocative m,-53.23355484008789,-47.039981842041016,9,9,0,-2.5832234621047974,2.7655029892921448,1
google/gemma-3-12b-pt,vocative_0213,vocative,vocative m,-41.898338317871094,-39.8258171081543,9,9,0,-2.5685635209083557,1.4325236082077026,0
google/gemma-3-12b-pt,vocative_0214,vocative,vocative f,-50.617889404296875,-46.88379669189453,15,14,0,-1.6542874574661255,1.737390398979187,1
google/gemma-3-12b-pt,vocative_0215,vocative,vocative f,-38.685546875,-38.807552337646484,9,9,1,-1.5574855208396912,1.426055908203125,0
google/gemma-3-12b-pt,vocative_0216,vocative,vocative f,-60.04823303222656,-55.38748550415039,8,8,0,-1.2956905364990234,1.8967684507369995,1
google/gemma-3-12b-pt,vocative_0217,vocative,vocative m,-45.32332229614258,-42.03022003173828,13,12,0,-1.7174072265625,2.0680065155029297,1
google/gemma-3-12b-pt,vocative_0218,vocative,vocative m,-43.261199951171875,-40.68001937866211,10,9,0,-1.9386729001998901,2.004327893257141,1
google/gemma-3-12b-pt,vocative_0219,vocative,vocative m,-41.13831329345703,-38.039024353027344,10,10,0,-2.616979718208313,1.2512034177780151,0
google/gemma-3-12b-pt,vocative_0220,vocative,vocative m,-44.26402282714844,-40.217628479003906,10,10,0,-2.214412748813629,1.681587278842926,0
google/gemma-3-12b-pt,vocative_0221,vocative,vocative m,-26.482791900634766,-27.0339412689209,8,6,1,-1.9970054030418396,1.8662376999855042,0
google/gemma-3-12b-pt,vocative_0222,vocative,vocative m,-39.94289779663086,-40.67195129394531,13,11,1,-1.6964741349220276,1.6543711423873901,0
google/gemma-3-12b-pt,vocative_0223,vocative,vocative f,-36.03239440917969,-37.533164978027344,10,9,1,-1.3733139038085938,1.6381988525390625,1
google/gemma-3-12b-pt,vocative_0224,vocative,vocative f,-42.97588348388672,-42.298423767089844,11,10,0,-1.6880111694335938,1.8874149322509766,1
google/gemma-3-12b-pt,vocative_0225,vocative,vocative f,-53.975181579589844,-48.41999053955078,8,8,0,-1.5641061067581177,2.0709551572799683,1
google/gemma-3-12b-pt,vocative_0226,vocative,vocative f,-32.02952575683594,-28.207714080810547,7,7,0,-2.1846103072166443,1.668437898159027,0
google/gemma-3-12b-pt,vocative_0227,vocative,vocative f,-42.027488708496094,-41.784271240234375,13,12,0,-1.8666437864303589,1.5269375443458557,0
google/gemma-3-12b-pt,vocative_0228,vocative,vocative f,-52.3070068359375,-46.59024429321289,8,8,0,-1.3566683530807495,2.0190372467041016,1
google/gemma-3-12b-pt,vocative_0229,vocative,vocative f,-29.463647842407227,-28.630226135253906,8,8,0,-1.4730567932128906,1.5668030977249146,1
google/gemma-3-12b-pt,vocative_0230,vocative,vocative m,-27.345050811767578,-27.833253860473633,9,8,1,-2.37992662191391,1.3879450559616089,0
google/gemma-3-12b-pt,vocative_0231,vocative,vocative f,-42.371734619140625,-42.163455963134766,14,13,0,-1.86204332113266,1.5526180863380432,0
google/gemma-3-12b-pt,vocative_0232,vocative,vocative m,-50.80762481689453,-48.504539489746094,14,14,0,-1.3843516111373901,1.8351268768310547,1
google/gemma-3-12b-pt,vocative_0233,vocative,vocative m,-30.195098876953125,-27.578189849853516,8,6,0,-2.1155184507369995,1.6820067167282104,0
google/gemma-3-12b-pt,vocative_0234,vocative,vocative m,-53.416900634765625,-50.716983795166016,15,14,0,-1.6520041227340698,1.5269546508789062,0
google/gemma-3-12b-pt,vocative_0235,vocative,vocative f,-42.19939422607422,-37.7908935546875,13,13,0,-1.5132141709327698,2.079557478427887,1
google/gemma-3-12b-pt,vocative_0236,vocative,vocative m,-55.70689392089844,-52.92678451538086,9,9,0,-2.189008593559265,2.107481002807617,0
google/gemma-3-12b-pt,vocative_0237,vocative,vocative f,-42.32978057861328,-38.43239212036133,9,8,0,-1.055975079536438,1.1863421201705933,1
google/gemma-3-12b-pt,vocative_0238,vocative,vocative m,-40.49290466308594,-40.156837463378906,13,11,0,-2.0901163816452026,1.4390352964401245,0
google/gemma-3-12b-pt,vocative_0239,vocative,vocative m,-41.480857849121094,-39.076744079589844,9,8,0,-2.11269748210907,1.1888065934181213,0
google/gemma-3-12b-pt,vocative_0240,vocative,vocative f,-43.501522064208984,-41.60325241088867,13,12,0,-1.5232295989990234,2.550498843193054,1
google/gemma-3-12b-pt,vocative_0241,vocative,vocative m,-40.205650329589844,-40.67422103881836,13,11,1,-1.7536239624023438,1.4468708038330078,0
google/gemma-3-12b-pt,vocative_0242,vocative,vocative m,-44.15062713623047,-41.81688690185547,11,10,0,-1.8611412048339844,1.7967149019241333,0
google/gemma-3-12b-pt,vocative_0243,vocative,vocative f,-39.49004364013672,-40.42530059814453,10,10,1,-1.6262112855911255,1.3537064790725708,0
google/gemma-3-12b-pt,vocative_0244,vocative,vocative m,-36.92543029785156,-38.475276947021484,8,8,1,-1.4804630279541016,1.7248743772506714,1
google/gemma-3-12b-pt,vocative_0245,vocative,vocative m,-35.96806716918945,-35.57414245605469,10,9,0,-1.371755599975586,1.7145081162452698,1
google/gemma-3-12b-pt,vocative_0246,vocative,vocative f,-43.651275634765625,-38.637237548828125,11,10,0,-2.2598763704299927,2.0629444122314453,0
google/gemma-3-12b-pt,vocative_0247,vocative,vocative f,-43.20884323120117,-43.8402099609375,11,10,1,-1.4957712888717651,1.6655253171920776,1
google/gemma-3-12b-pt,vocative_0248,vocative,vocative m,-36.411949157714844,-37.86310958862305,10,9,1,-2.091878890991211,0.9934177398681641,0
google/gemma-3-12b-pt,vocative_0249,vocative,vocative f,-40.65081787109375,-40.82880401611328,13,12,1,-1.6381263732910156,2.121698498725891,1
google/gemma-3-12b-pt,vocative_0250,vocative,vocative m,-39.65851974487305,-38.52973556518555,12,12,0,-1.4601956605911255,1.1539325714111328,0
google/gemma-3-12b-pt,vocative_0251,vocative,vocative m,-33.83457946777344,-36.61428451538086,8,8,1,-2.273902952671051,1.5607547760009766,0
google/gemma-3-12b-pt,vocative_0252,vocative,vocative f,-43.693824768066406,-42.1744384765625,12,12,0,-1.3978518843650818,1.5865783095359802,1
google/gemma-3-12b-pt,vocative_0253,vocative,vocative f,-49.888763427734375,-45.705963134765625,15,14,0,-1.6310463547706604,1.9813936948776245,1
google/gemma-3-12b-pt,vocative_0254,vocative,vocative m,-56.845909118652344,-48.13116455078125,9,8,0,-2.1740894317626953,2.4005051851272583,1
google/gemma-3-12b-pt,vocative_0255,vocative,vocative f,-43.0694580078125,-43.14260482788086,13,11,1,-1.5664862394332886,1.5459309816360474,0
google/gemma-3-12b-pt,vocative_0256,vocative,vocative m,-28.253101348876953,-26.777828216552734,7,6,0,-2.235580563545227,1.2950915098190308,0
google/gemma-3-12b-pt,vocative_0257,vocative,vocative f,-59.0714225769043,-56.247291564941406,14,14,0,-1.4074668288230896,1.746656358242035,1
google/gemma-3-12b-pt,vocative_0258,vocative,vocative m,-44.34074401855469,-40.45519256591797,12,12,0,-1.8811473846435547,1.4112797975540161,0
google/gemma-3-12b-pt,vocative_0259,vocative,vocative m,-52.54452133178711,-47.64318084716797,14,13,0,-1.3592566847801208,1.6078814268112183,1
google/gemma-3-12b-pt,vocative_0260,vocative,vocative f,-38.501060485839844,-39.636295318603516,10,10,1,-1.985571026802063,1.9978333115577698,1
google/gemma-3-12b-pt,vocative_0261,vocative,vocative f,-40.8195915222168,-41.85795211791992,13,11,1,-1.8998146653175354,1.4921665787696838,0
google/gemma-3-12b-pt,vocative_0262,vocative,vocative f,-44.388145446777344,-41.197174072265625,13,13,0,-1.6333961486816406,1.8682249784469604,1
google/gemma-3-12b-pt,vocative_0263,vocative,vocative m,-39.932777404785156,-38.45909118652344,10,10,0,-2.6484318375587463,1.555746078491211,0
google/gemma-3-12b-pt,vocative_0264,vocative,vocative f,-42.36174774169922,-43.190513610839844,13,13,1,-1.7241135239601135,1.56195068359375,0
google/gemma-3-12b-pt,vocative_0265,vocative,vocative f,-42.84685516357422,-41.08756637573242,13,12,0,-1.507638931274414,2.1004772782325745,1
google/gemma-3-12b-pt,vocative_0266,vocative,vocative m,-48.33876419067383,-48.14837646484375,14,14,0,-1.3914756178855896,1.671901822090149,1
google/gemma-3-12b-pt,vocative_0267,vocative,vocative m,-29.822322845458984,-30.260990142822266,8,7,1,-2.4300079941749573,1.1861038208007812,0
google/gemma-3-12b-pt,vocative_0268,vocative,vocative m,-51.70030975341797,-50.1427116394043,14,14,0,-1.7199668884277344,2.112327456474304,1
google/gemma-3-12b-pt,vocative_0269,vocative,vocative m,-44.69718551635742,-40.949745178222656,10,10,0,-1.966260850429535,1.8679314851760864,0
google/gemma-3-12b-pt,vocative_0270,vocative,vocative m,-27.1629638671875,-28.900400161743164,8,8,1,-2.070798933506012,1.7169893980026245,0
google/gemma-3-12b-pt,vocative_0271,vocative,vocative m,-30.87051010131836,-30.336563110351562,8,7,0,-1.774732530117035,1.7539196014404297,0
google/gemma-3-12b-pt,vocative_0272,vocative,vocative m,-60.23177719116211,-57.39137649536133,9,9,0,-2.3594952821731567,2.0849361419677734,0
google/gemma-3-12b-pt,vocative_0273,vocative,vocative f,-51.08338165283203,-49.191429138183594,14,13,0,-1.4406145811080933,1.686027467250824,1
google/gemma-3-12b-pt,vocative_0274,vocative,vocative m,-38.775489807128906,-37.522682189941406,9,8,0,-2.1897526383399963,1.0182286500930786,0
google/gemma-3-12b-pt,vocative_0275,vocative,vocative f,-40.41769027709961,-39.90591049194336,13,12,0,-1.603075087070465,1.485260009765625,0
google/gemma-3-12b-pt,vocative_0276,vocative,vocative f,-43.30156707763672,-42.15263366699219,10,9,0,-2.0104731917381287,1.6979484558105469,0
google/gemma-3-12b-pt,vocative_0277,vocative,vocative m,-40.23711013793945,-39.960262298583984,9,9,0,-1.6363811492919922,2.2206801772117615,1
google/gemma-3-12b-pt,vocative_0278,vocative,vocative f,-54.04928970336914,-53.306236267089844,15,14,0,-1.3551100492477417,1.6157378554344177,1
google/gemma-3-12b-pt,vocative_0279,vocative,vocative f,-44.576637268066406,-39.71202850341797,11,10,0,-1.8437843322753906,2.0090408325195312,1
google/gemma-3-12b-pt,vocative_0280,vocative,vocative m,-56.367591857910156,-53.90614318847656,10,9,0,-2.042863965034485,2.1195011734962463,1
google/gemma-3-12b-pt,vocative_0281,vocative,vocative m,-48.38690185546875,-42.358604431152344,9,9,0,-1.792182981967926,1.987386703491211,1
google/gemma-3-12b-pt,vocative_0282,vocative,vocative f,-35.722251892089844,-35.543365478515625,8,8,0,-1.5003242492675781,1.5246180891990662,1
google/gemma-3-12b-pt,vocative_0283,vocative,vocative m,-42.304691314697266,-43.19126892089844,10,10,1,-2.0919246077537537,1.9807376861572266,0
google/gemma-3-12b-pt,vocative_0284,vocative,vocative m,-57.89677810668945,-54.936065673828125,9,8,0,-1.9731560945510864,2.5248432755470276,1
google/gemma-3-12b-pt,vocative_0285,vocative,vocative m,-39.992530822753906,-40.21125793457031,10,9,1,-2.5976867079734802,0.8052024841308594,0
google/gemma-3-12b-pt,vocative_0286,vocative,vocative m,-46.797420501708984,-45.001861572265625,12,12,0,-1.3406085968017578,1.7901268005371094,1
google/gemma-3-12b-pt,vocative_0287,vocative,vocative m,-34.79679870605469,-34.72901916503906,10,9,0,-1.6731682419776917,1.5526198148727417,0
google/gemma-3-12b-pt,vocative_0288,vocative,vocative f,-57.41391372680664,-49.62163162231445,10,9,0,-1.3104840517044067,2.2746962904930115,1
google/gemma-3-12b-pt,vocative_0289,vocative,vocative m,-31.218231201171875,-29.591487884521484,8,8,0,-2.06619656085968,1.5250950455665588,0
google/gemma-3-12b-pt,vocative_0290,vocative,vocative f,-28.27057456970215,-27.733564376831055,7,7,0,-1.4811592102050781,1.4558371901512146,0
google/gemma-3-12b-pt,vocative_0291,vocative,vocative f,-37.95440673828125,-38.575439453125,13,13,1,-1.747285783290863,2.1144884824752808,1
google/gemma-3-12b-pt,vocative_0292,vocative,vocative m,-40.978424072265625,-39.204097747802734,12,12,0,-2.0308912992477417,1.547483503818512,0
google/gemma-3-12b-pt,vocative_0293,vocative,vocative m,-38.82452392578125,-38.0401496887207,13,12,0,-1.8331719636917114,1.5216254591941833,0
google/gemma-3-12b-pt,vocative_0294,vocative,vocative m,-38.70756530761719,-39.02552032470703,10,10,1,-2.838611662387848,1.2677574157714844,0
google/gemma-3-12b-pt,vocative_0295,vocative,vocative m,-42.40807342529297,-41.51706314086914,13,13,0,-1.9293212294578552,1.489505648612976,0
google/gemma-3-12b-pt,vocative_0296,vocative,vocative m,-52.74877166748047,-52.77218246459961,9,8,1,-2.00490939617157,2.269723892211914,1
google/gemma-3-12b-pt,vocative_0297,vocative,vocative m,-56.09424591064453,-54.60272979736328,9,8,0,-2.0804423093795776,2.6339149475097656,1
google/gemma-3-12b-pt,vocative_0298,vocative,vocative f,-40.95719909667969,-40.96095275878906,12,12,1,-1.7092971801757812,1.3685626983642578,0
google/gemma-3-12b-pt,vocative_0299,vocative,vocative m,-56.25540542602539,-57.21692657470703,10,9,1,-1.7239380478858948,2.392137587070465,1
