model,uid,phenomenon,group,lp_good,lp_bad,ntok_good,ntok_bad,prob_correct,prompt_margin_ab,prompt_margin_ba,prompt_correct
google/gemma-2-2b,adjective_agreement_0000,adjective_agreement,"masc noun, neut adj",-38.760902404785156,-45.06715393066406,7,8,1,-0.869439959526062,0.9214667081832886,1
google/gemma-2-2b,adjective_agreement_0001,adjective_agreement,"neut noun, femn adj",-38.16857147216797,-39.849849700927734,6,6,1,-0.9961090087890625,1.0056267976760864,1
google/gemma-2-2b,adjective_agreement_0002,adjective_agreement,"femn noun, masc adj",-39.341758728027344,-42.794795989990234,6,7,1,-0.7988719940185547,0.8025054931640625,1
google/gemma-2-2b,adjective_agreement_0003,adjective_agreement,"femn noun, neut adj",-44.41600799560547,-48.35799026489258,7,7,1,-0.8658885955810547,0.873876690864563,1
google/gemma-2-2b,adjective_agreement_0004,adjective_agreement,"neut noun, masc adj",-33.043495178222656,-40.10882568359375,7,6,1,-1.1352730989456177,1.0597761869430542,0
google/gemma-2-2b,adjective_agreement_0005,adjective_agreement,"neut noun, femn adj",-44.43801498413086,-52.26057052612305,6,6,1,-0.9009836912155151,0.9579716920852661,1
google/gemma-2-2b,adjective_agreement_0006,adjective_agreement,"femn noun, neut adj",-47.067138671875,-48.823020935058594,4,4,1,-0.946807861328125,0.9196873903274536,0
google/gemma-2-2b,adjective_agreement_0007,adjective_agreement,"femn noun, masc adj",-37.45891571044922,-44.603092193603516,9,10,1,-0.7405775785446167,0.7249927520751953,0
google/gemma-2-2b,adjective_agreement_0008,adjective_agreement,"femn noun, masc adj",-46.1172981262207,-52.32017517089844,5,5,1,-0.985198974609375,0.9312953948974609,0
google/gemma-2-2b,adjective_agreement_0009,adjective_agreement,"neut noun, masc adj",-38.67936706542969,-41.18185806274414,7,7,1,-1.0356160402297974,0.9879322052001953,0
google/gemma-2-2b,adjective_agreement_0010,adjective_agreement,"masc noun, neut adj",-40.44145202636719,-46.80817794799805,8,8,1,-0.8889656066894531,0.8956354856491089,1
google/gemma-2-2b,adjective_agreement_0011,adjective_agreement,"femn noun, masc adj",-39.70155334472656,-42.896888732910156,6,7,1,-0.7474383115768433,0.8970128297805786,1
google/gemma-2-2b,adjective_agreement_0012,adjective_agreement,"masc noun, neut adj",-38.3519172668457,-41.044925689697266,10,11,1,-0.9412136077880859,0.9498062133789062,1
google/gemma-2-2b,adjective_agreement_0013,adjective_agreement,"masc noun, neut adj",-39.027809143066406,-43.3755989074707,7,7,1,-0.8906515836715698,0.9556788206100464,1
google/gemma-2-2b,adjective_agreement_0014,adjective_agreement,"neut noun, femn adj",-47.24920654296875,-46.805816650390625,5,5,0,-0.8580683469772339,0.9563120603561401,1
google/gemma-2-2b,adjective_agreement_0015,adjective_agreement,"neut noun, masc adj",-33.85373306274414,-38.089691162109375,10,9,1,-1.0803451538085938,1.0491827726364136,0
google/gemma-2-2b,adjective_agreement_0016,adjective_agreement,"neut noun, femn adj",-43.394927978515625,-49.784690856933594,5,5,1,-0.887451171875,0.9426918029785156,1
google/gemma-2-2b,adjective_agreement_0017,adjective_agreement,"neut noun, femn adj",-34.22074890136719,-37.0358772277832,7,6,1,-0.97589111328125,0.9752541780471802,0
google/gemma-2-2b,adjective_agreement_0018,adjective_agreement,"neut noun, femn adj",-44.52952575683594,-52.29705810546875,5,5,1,-0.9109705686569214,0.9475879669189453,1
google/gemma-2-2b,adjective_agreement_0019,adjective_agreement,"neut noun, masc adj",-37.081939697265625,-39.714599609375,10,9,1,-1.0753840208053589,1.0508651733398438,0
google/gemma-2-2b,adjective_agreement_0020,adjective_agreement,"neut noun, masc adj",-39.342098236083984,-44.38822937011719,6,6,1,-1.0110969543457031,0.9347953796386719,0
google/gemma-2-2b,adjective_agreement_0021,adjective_agreement,"masc noun, femn adj",-48.996490478515625,-51.10289764404297,6,6,1,-0.789627194404602,0.8723545074462891,1
google/gemma-2-2b,adjective_agreement_0022,adjective_agreement,"femn noun, masc adj",-44.61001205444336,-51.927711486816406,6,6,1,-1.047786831855774,1.0530376434326172,1
google/gemma-2-2b,adjective_agreement_0023,adjective_agreement,"femn noun, neut adj",-42.83805465698242,-47.96821594238281,5,6,1,-0.859094500541687,0.8194257020950317,0
google/gemma-2-2b,adjective_agreement_0024,adjective_agreement,"femn noun, masc adj",-41.745452880859375,-47.755889892578125,6,5,1,-0.9542160034179688,0.963531494140625,1
google/gemma-2-2b,adjective_agreement_0025,adjective_agreement,"femn noun, neut adj",-41.77499008178711,-45.70159912109375,6,6,1,-0.7471235990524292,0.7453441619873047,0
google/gemma-2-2b,adjective_agreement_0026,adjective_agreement,"femn noun, neut adj",-38.41120147705078,-45.374244689941406,9,9,1,-0.9909629821777344,1.0132542848587036,1
google/gemma-2-2b,adjective_agreement_0027,adjective_agreement,"femn noun, masc adj",-40.730133056640625,-48.520774841308594,6,6,1,-0.9306832551956177,0.9785404205322266,1
google/gemma-2-2b,adjective_agreement_0028,adjective_agreement,"neut noun, masc adj",-44.21574783325195,-42.687477111816406,7,6,0,-0.974908709526062,0.9967575073242188,1
google/gemma-2-2b,adjective_agreement_0029,adjective_agreement,"masc noun, neut adj",-41.55317306518555,-49.852046966552734,5,6,1,-1.0611839294433594,1.0927752256393433,1
google/gemma-2-2b,adjective_agreement_0030,adjective_agreement,"femn noun, neut adj",-46.336341857910156,-49.50138854980469,5,5,1,-0.8756178617477417,0.7858484983444214,0
google/gemma-2-2b,adjective_agreement_0031,adjective_agreement,"femn noun, masc adj",-37.43867492675781,-41.646263122558594,10,9,1,-1.0515385866165161,1.0344867706298828,0
google/gemma-2-2b,adjective_agreement_0032,adjective_agreement,"masc noun, neut adj",-35.04840850830078,-41.27197265625,8,8,1,-0.7879867553710938,0.871429443359375,1
google/gemma-2-2b,adjective_agreement_0033,adjective_agreement,"femn noun, neut adj",-35.72857666015625,-41.33269500732422,6,7,1,-0.9285887479782104,0.9486218690872192,1
google/gemma-2-2b,adjective_agreement_0034,adjective_agreement,"femn noun, masc adj",-36.358116149902344,-44.18596649169922,7,6,1,-0.9589899778366089,0.9568902254104614,0
google/gemma-2-2b,adjective_agreement_0035,adjective_agreement,"femn noun, neut adj",-41.936092376708984,-48.299400329589844,9,9,1,-0.8423728942871094,0.7845784425735474,0
google/gemma-2-2b,adjective_agreement_0036,adjective_agreement,"femn noun, neut adj",-40.58174133300781,-47.43275451660156,5,5,1,-0.9952907562255859,1.0023307800292969,1
google/gemma-2-2b,adjective_agreement_0037,adjective_agreement,"masc noun, femn adj",-47.379661560058594,-50.4229850769043,7,6,1,-0.7614669799804688,0.8147295713424683,1
google/gemma-2-2b,adjective_agreement_0038,adjective_agreement,"femn noun, masc adj",-37.94291687011719,-44.23198318481445,9,8,1,-1.009653091430664,1.016555905342102,1
google/gemma-2-2b,adjective_agreement_0039,adjective_agreement,"femn noun, masc adj",-37.961814880371094,-44.6883544921875,4,5,1,-0.8517246246337891,0.8489285707473755,0
google/gemma-2-2b,adjective_agreement_0040,adjective_agreement,"neut noun, femn adj",-36.531585693359375,-40.608863830566406,10,9,1,-0.8989467620849609,0.8823529481887817,0
google/gemma-2-2b,adjective_agreement_0041,adjective_agreement,"femn noun, masc adj",-44.031715393066406,-46.03989028930664,5,5,1,-0.8872547149658203,0.8664836883544922,0
google/gemma-2-2b,adjective_agreement_0042,adjective_agreement,"femn noun, masc adj",-38.03983688354492,-42.86096954345703,5,5,1,-0.9419974088668823,0.9321937561035156,0
google/gemma-2-2b,adjective_agreement_0043,adjective_agreement,"masc noun, femn adj",-42.08535385131836,-46.65570831298828,7,7,1,-0.7820242643356323,0.9113847017288208,1
google/gemma-2-2b,adjective_agreement_0044,adjective_agreement,"neut noun, masc adj",-41.84033203125,-41.80598831176758,11,11,0,-0.9324874877929688,0.893905758857727,0
google/gemma-2-2b,adjective_agreement_0045,adjective_agreement,"masc noun, neut adj",-33.547119140625,-38.444129943847656,6,7,1,-1.0713063478469849,1.0769404172897339,1
google/gemma-2-2b,adjective_agreement_0046,adjective_agreement,"neut noun, femn adj",-53.77104187011719,-52.77107238769531,6,6,0,-1.027719497680664,1.0869865417480469,1
google/gemma-2-2b,adjective_agreement_0047,adjective_agreement,"neut noun, masc adj",-45.98281478881836,-44.15336608886719,8,8,0,-0.9482421875,0.9299449920654297,0
google/gemma-2-2b,adjective_agreement_0048,adjective_agreement,"neut noun, femn adj",-45.434356689453125,-43.18476104736328,6,5,0,-0.8204593658447266,0.9240188598632812,1
google/gemma-2-2b,adjective_agreement_0049,adjective_agreement,"femn noun, neut adj",-43.26526641845703,-47.885009765625,8,8,1,-0.8379803895950317,0.8644903898239136,1
google/gemma-2-2b,adjective_agreement_0050,adjective_agreement,"masc noun, neut adj",-38.35105895996094,-41.43276596069336,10,10,1,-0.8827916383743286,0.8964576721191406,1
google/gemma-2-2b,adjective_agreement_0051,adjective_agreement,"masc noun, neut adj",-38.32764434814453,-45.533363342285156,10,10,1,-0.9073696136474609,0.9133090972900391,1
google/gemma-2-2b,adjective_agreement_0052,adjective_agreement,"femn noun, neut adj",-38.80314254760742,-44.39875411987305,7,7,1,-0.8896600008010864,0.9571703672409058,1
google/gemma-2-2b,adjective_agreement_0053,adjective_agreement,"femn noun, masc adj",-39.95817565917969,-46.24119567871094,9,8,1,-1.0679550170898438,1.0542048215866089,0
google/gemma-2-2b,adjective_agreement_0054,adjective_agreement,"neut noun, masc adj",-46.77743148803711,-38.71860122680664,8,8,0,-0.9191646575927734,0.8995857238769531,0
google/gemma-2-2b,adjective_agreement_0055,adjective_agreement,"femn noun, masc adj",-39.62025451660156,-46.69791793823242,7,6,1,-0.8696346282958984,0.8640576601028442,0
google/gemma-2-2b,adjective_agreement_0056,adjective_agreement,"masc noun, femn adj",-37.7408447265625,-42.17738342285156,8,7,1,-0.7383441925048828,0.7733955383300781,1
google/gemma-2-2b,adjective_agreement_0057,adjective_agreement,"masc noun, femn adj",-46.41564178466797,-44.16741943359375,10,9,0,-0.8108692169189453,0.8276365995407104,1
google/gemma-2-2b,adjective_agreement_0058,adjective_agreement,"masc noun, neut adj",-46.11084747314453,-49.43573760986328,6,5,1,-0.9993953704833984,0.9884262084960938,0
google/gemma-2-2b,adjective_agreement_0059,adjective_agreement,"femn noun, neut adj",-42.05521011352539,-50.23291015625,6,6,1,-1.1230697631835938,1.1565666198730469,1
google/gemma-2-2b,adjective_agreement_0060,adjective_agreement,"femn noun, neut adj",-37.829341888427734,-46.80595016479492,9,9,1,-1.030984878540039,1.0578097105026245,1
google/gemma-2-2b,adjective_agreement_0061,adjective_agreement,"masc noun, neut adj",-46.385498046875,-48.316646575927734,7,6,1,-0.8353825807571411,0.829443097114563,0
google/gemma-2-2b,adjective_agreement_0062,adjective_agreement,"femn noun, neut adj",-39.694725036621094,-43.5240478515625,6,6,1,-0.8783282041549683,0.9210777282714844,1
google/gemma-2-2b,adjective_agreement_0063,adjective_agreement,"femn noun, neut adj",-44.31499099731445,-49.910888671875,6,6,1,-1.0472432374954224,1.0504552125930786,1
google/gemma-2-2b,adjective_agreement_0064,adjective_agreement,"femn noun, masc adj",-36.661808013916016,-40.926029205322266,8,8,1,-0.9885483980178833,1.0217437744140625,1
google/gemma-2-2b,adjective_agreement_0065,adjective_agreement,"femn noun, masc adj",-41.8625602722168,-44.92048645019531,8,8,1,-0.9098262786865234,0.9441585540771484,1
google/gemma-2-2b,adjective_agreement_0066,adjective_agreement,"masc noun, neut adj",-40.815067291259766,-45.197227478027344,8,8,1,-0.825927734375,0.8542671203613281,1
google/gemma-2-2b,adjective_agreement_0067,adjective_agreement,"neut noun, masc adj",-47.62442398071289,-56.10409164428711,5,5,1,-0.8991050720214844,0.8318442106246948,0
google/gemma-2-2b,adjective_agreement_0068,adjective_agreement,"femn noun, neut adj",-41.58100891113281,-46.319583892822266,4,5,1,-0.8907986879348755,0.8908100128173828,1
google/gemma-2-2b,adjective_agreement_0069,adjective_agreement,"femn noun, masc adj",-38.39992904663086,-42.24745559692383,10,9,1,-0.9244518280029297,0.9137362241744995,0
google/gemma-2-2b,adjective_agreement_0070,adjective_agreement,"femn noun, neut adj",-34.585655212402344,-41.007545471191406,6,7,1,-0.9700126647949219,1.0125864744186401,1
google/gemma-2-2b,adjective_agreement_0071,adjective_agreement,"masc noun, neut adj",-38.39595031738281,-47.50751876831055,7,7,1,-0.9575748443603516,0.9797457456588745,1
google/gemma-2-2b,adjective_agreement_0072,adjective_agreement,"femn noun, masc adj",-44.49474334716797,-49.56035232543945,5,6,1,-0.8877600431442261,0.8231735229492188,0
google/gemma-2-2b,adjective_agreement_0073,adjective_agreement,"masc noun, femn adj",-38.321624755859375,-41.56902313232422,10,10,1,-0.9842149019241333,1.0432912111282349,1
google/gemma-2-2b,adjective_agreement_0074,adjective_agreement,"masc noun, femn adj",-39.12653350830078,-43.545082092285156,6,6,1,-0.9744547605514526,1.0132770538330078,1
google/gemma-2-2b,adjective_agreement_0075,adjective_agreement,"neut noun, femn adj",-39.13785934448242,-42.31109619140625,7,7,1,-0.9749526977539062,0.9952259063720703,1
google/gemma-2-2b,adjective_agreement_0076,adjective_agreement,"femn noun, masc adj",-38.30241775512695,-41.89128875732422,8,9,1,-0.9237651824951172,0.8876439332962036,0
google/gemma-2-2b,adjective_agreement_0077,adjective_agreement,"masc noun, neut adj",-37.37116622924805,-47.8300895690918,6,7,1,-1.1569252014160156,1.1986198425292969,1
google/gemma-2-2b,adjective_agreement_0078,adjective_agreement,"masc noun, femn adj",-40.97404861450195,-47.07511901855469,6,5,1,-0.765130877494812,0.9251670837402344,1
google/gemma-2-2b,adjective_agreement_0079,adjective_agreement,"neut noun, femn adj",-41.89330291748047,-48.78600311279297,5,5,1,-0.8892267942428589,0.9476205110549927,1
google/gemma-2-2b,adjective_agreement_0080,adjective_agreement,"masc noun, femn adj",-39.024627685546875,-42.70216369628906,6,6,1,-0.8683319091796875,0.8868752717971802,1
google/gemma-2-2b,adjective_agreement_0081,adjective_agreement,"masc noun, neut adj",-45.025901794433594,-47.919639587402344,7,7,1,-0.8512536287307739,0.9410934448242188,1
google/gemma-2-2b,adjective_agreement_0082,adjective_agreement,"femn noun, neut adj",-39.957767486572266,-46.816986083984375,5,5,1,-0.83050537109375,0.8765964508056641,1
google/gemma-2-2b,adjective_agreement_0083,adjective_agreement,"femn noun, masc adj",-42.28910827636719,-46.10957336425781,6,6,1,-0.9391670227050781,0.8506221771240234,0
google/gemma-2-2b,adjective_agreement_0084,adjective_agreement,"masc noun, neut adj",-48.07472229003906,-52.535011291503906,7,7,1,-0.9566116333007812,1.1058710813522339,1
google/gemma-2-2b,adjective_agreement_0085,adjective_agreement,"femn noun, neut adj",-40.633358001708984,-52.278907775878906,10,10,1,-0.8168659210205078,0.8482036590576172,1
google/gemma-2-2b,adjective_agreement_0086,adjective_agreement,"neut noun, masc adj",-36.554969787597656,-44.28810119628906,6,7,1,-0.86932373046875,0.9075280427932739,1
google/gemma-2-2b,adjective_agreement_0087,adjective_agreement,"masc noun, femn adj",-48.51719665527344,-50.34541320800781,7,7,1,-0.9031581878662109,1.0436056852340698,1
google/gemma-2-2b,adjective_agreement_0088,adjective_agreement,"neut noun, masc adj",-35.42702865600586,-41.11350631713867,6,7,1,-0.9022541046142578,0.9649143218994141,1
google/gemma-2-2b,adjective_agreement_0089,adjective_agreement,"neut noun, femn adj",-41.39691925048828,-44.12696075439453,7,7,1,-1.0099563598632812,1.01983642578125,1
google/gemma-2-2b,adjective_agreement_0090,adjective_agreement,"neut noun, femn adj",-44.78223419189453,-46.59125900268555,8,8,1,-0.7861043214797974,0.7988491058349609,1
google/gemma-2-2b,adjective_agreement_0091,adjective_agreement,"neut noun, femn adj",-43.099735260009766,-47.63204574584961,4,4,1,-0.8165359497070312,0.9210033416748047,1
google/gemma-2-2b,adjective_agreement_0092,adjective_agreement,"femn noun, neut adj",-40.29684066772461,-46.990631103515625,7,7,1,-0.8469964265823364,0.9192734956741333,1
google/gemma-2-2b,adjective_agreement_0093,adjective_agreement,"femn noun, masc adj",-40.64982604980469,-47.96376037597656,7,7,1,-0.9284725189208984,0.946853518486023,1
google/gemma-2-2b,adjective_agreement_0094,adjective_agreement,"neut noun, masc adj",-36.30218505859375,-39.408058166503906,6,5,1,-1.0506647825241089,1.058742642402649,1
google/gemma-2-2b,adjective_agreement_0095,adjective_agreement,"femn noun, neut adj",-38.86810302734375,-45.81819152832031,7,7,1,-0.9674568176269531,0.9838333129882812,1
google/gemma-2-2b,adjective_agreement_0096,adjective_agreement,"femn noun, neut adj",-34.819801330566406,-40.111663818359375,6,6,1,-1.0564212799072266,1.1327646970748901,1
google/gemma-2-2b,adjective_agreement_0097,adjective_agreement,"femn noun, neut adj",-36.65644836425781,-44.04983139038086,6,6,1,-0.9228001832962036,1.0430887937545776,1
google/gemma-2-2b,adjective_agreement_0098,adjective_agreement,"neut noun, femn adj",-43.33868408203125,-44.10883712768555,7,6,1,-0.9558773040771484,0.9653662443161011,1
google/gemma-2-2b,adjective_agreement_0099,adjective_agreement,"masc noun, neut adj",-42.10026931762695,-43.21263885498047,10,10,1,-0.9003809690475464,0.9107341766357422,1
google/gemma-2-2b,adjective_agreement_0100,adjective_agreement,"femn noun, neut adj",-36.755165100097656,-42.06829071044922,7,7,1,-0.7664488554000854,0.8759956359863281,1
google/gemma-2-2b,adjective_agreement_0101,adjective_agreement,"neut noun, femn adj",-42.42569351196289,-44.631324768066406,7,7,1,-0.9102497100830078,0.9007586240768433,0
google/gemma-2-2b,adjective_agreement_0102,adjective_agreement,"femn noun, masc adj",-36.57329177856445,-42.38795471191406,5,5,1,-0.9958209991455078,0.9709092378616333,0
google/gemma-2-2b,adjective_agreement_0103,adjective_agreement,"masc noun, neut adj",-34.372161865234375,-38.25350570678711,11,11,1,-0.8420428037643433,0.8667680025100708,1
google/gemma-2-2b,adjective_agreement_0104,adjective_agreement,"femn noun, neut adj",-38.616355895996094,-45.879295349121094,10,10,1,-0.8168411254882812,0.8985080718994141,1
google/gemma-2-2b,adjective_agreement_0105,adjective_agreement,"masc noun, femn adj",-35.18406295776367,-43.553955078125,8,7,1,-0.9581489562988281,0.8875178098678589,0
google/gemma-2-2b,adjective_agreement_0106,adjective_agreement,"neut noun, femn adj",-45.06483459472656,-50.9164924621582,6,5,1,-0.9694232940673828,0.9816950559616089,1
google/gemma-2-2b,adjective_agreement_0107,adjective_agreement,"femn noun, masc adj",-43.11101150512695,-46.86677932739258,6,6,1,-0.9620989561080933,0.8667926788330078,0
google/gemma-2-2b,adjective_agreement_0108,adjective_agreement,"femn noun, masc adj",-43.127197265625,-44.355628967285156,5,6,1,-0.8605499267578125,0.8475017547607422,0
google/gemma-2-2b,adjective_agreement_0109,adjective_agreement,"neut noun, femn adj",-38.24223709106445,-43.661155700683594,6,6,1,-0.9386253356933594,0.9238280057907104,0
google/gemma-2-2b,adjective_agreement_0110,adjective_agreement,"femn noun, neut adj",-51.057640075683594,-53.63432312011719,7,7,1,-0.9905128479003906,0.962926983833313,0
google/gemma-2-2b,adjective_agreement_0111,adjective_agreement,"masc noun, neut adj",-43.455177307128906,-48.82328796386719,6,6,1,-1.005191683769226,1.0436402559280396,1
google/gemma-2-2b,adjective_agreement_0112,adjective_agreement,"masc noun, neut adj",-36.31731033325195,-43.439998626708984,10,10,1,-0.9012908935546875,0.9729194641113281,1
google/gemma-2-2b,adjective_agreement_0113,adjective_agreement,"masc noun, femn adj",-49.26648712158203,-52.37996292114258,10,10,1,-0.844772458076477,0.921960711479187,1
google/gemma-2-2b,adjective_agreement_0114,adjective_agreement,"masc noun, neut adj",-45.506282806396484,-49.19229507446289,7,6,1,-0.8685320615768433,0.8890914916992188,1
google/gemma-2-2b,adjective_agreement_0115,adjective_agreement,"femn noun, masc adj",-33.96017837524414,-44.33176040649414,6,5,1,-1.015712857246399,1.0049840211868286,0
google/gemma-2-2b,adjective_agreement_0116,adjective_agreement,"masc noun, femn adj",-48.260154724121094,-54.60659408569336,6,6,1,-0.816726803779602,0.9094524383544922,1
google/gemma-2-2b,adjective_agreement_0117,adjective_agreement,"femn noun, masc adj",-37.25824737548828,-43.3616943359375,6,7,1,-0.829797625541687,0.8797034025192261,1
google/gemma-2-2b,adjective_agreement_0118,adjective_agreement,"femn noun, masc adj",-45.38908004760742,-51.39984893798828,6,6,1,-1.0026627779006958,0.9998893737792969,0
google/gemma-2-2b,adjective_agreement_0119,adjective_agreement,"femn noun, masc adj",-35.23834991455078,-42.14431381225586,9,8,1,-1.01715087890625,1.007308840751648,0
google/gemma-2-2b,adjective_agreement_0120,adjective_agreement,"neut noun, femn adj",-50.106170654296875,-50.37245559692383,6,6,1,-1.0409431457519531,1.078765869140625,1
google/gemma-2-2b,adjective_agreement_0121,adjective_agreement,"neut noun, masc adj",-42.55138397216797,-46.79372787475586,7,7,1,-1.0555267333984375,1.0570697784423828,1
google/gemma-2-2b,adjective_agreement_0122,adjective_agreement,"neut noun, femn adj",-37.460105895996094,-40.85770034790039,11,11,1,-0.9285182952880859,0.9575653076171875,1
google/gemma-2-2b,adjective_agreement_0123,adjective_agreement,"masc noun, femn adj",-39.59600830078125,-44.55997085571289,7,7,1,-0.779007077217102,0.841339111328125,1
google/gemma-2-2b,adjective_agreement_0124,adjective_agreement,"neut noun, femn adj",-40.21723175048828,-46.178340911865234,9,9,1,-0.9065171480178833,0.9304522275924683,1
google/gemma-2-2b,adjective_agreement_0125,adjective_agreement,"femn noun, neut adj",-42.875370025634766,-45.96282196044922,6,7,1,-0.9129562377929688,0.9312361478805542,1
google/gemma-2-2b,adjective_agreement_0126,adjective_agreement,"femn noun, neut adj",-37.50743103027344,-44.677345275878906,9,9,1,-1.044735074043274,1.0827102661132812,1
google/gemma-2-2b,adjective_agreement_0127,adjective_agreement,"femn noun, masc adj",-46.795570373535156,-50.73910903930664,5,6,1,-0.8240929841995239,0.8099250793457031,0
google/gemma-2-2b,adjective_agreement_0128,adjective_agreement,"femn noun, neut adj",-48.45751953125,-55.90104675292969,6,6,1,-0.8117847442626953,0.8409404754638672,1
google/gemma-2-2b,adjective_agreement_0129,adjective_agreement,"neut noun, femn adj",-38.68269348144531,-41.507484436035156,6,6,1,-0.9785937070846558,0.979904055595398,1
google/gemma-2-2b,adjective_agreement_0130,adjective_agreement,"masc noun, femn adj",-44.95018005371094,-49.223236083984375,7,7,1,-0.9842718839645386,1.1785565614700317,1
google/gemma-2-2b,adjective_agreement_0131,adjective_agreement,"neut noun, masc adj",-42.678375244140625,-38.22564697265625,11,11,0,-0.9045486450195312,0.8390082120895386,0
google/gemma-2-2b,adjective_agreement_0132,adjective_agreement,"neut noun, masc adj",-40.226219177246094,-41.41563415527344,8,9,1,-0.8125725984573364,0.8792494535446167,1
google/gemma-2-2b,adjective_agreement_0133,adjective_agreement,"neut noun, masc adj",-36.50071716308594,-39.54447937011719,10,9,1,-1.062326431274414,1.001739501953125,0
google/gemma-2-2b,adjective_agreement_0134,adjective_agreement,"femn noun, masc adj",-39.16516876220703,-43.04914474487305,10,9,1,-0.9857920408248901,0.9422949552536011,0
google/gemma-2-2b,adjective_agreement_0135,adjective_agreement,"masc noun, femn adj",-43.89513397216797,-49.9659423828125,7,6,1,-0.8385354280471802,0.8363379240036011,0
google/gemma-2-2b,adjective_agreement_0136,adjective_agreement,"neut noun, femn adj",-36.80939483642578,-39.63501739501953,10,10,1,-1.0208072662353516,1.0159492492675781,0
google/gemma-2-2b,adjective_agreement_0137,adjective_agreement,"femn noun, neut adj",-38.077728271484375,-41.30886459350586,7,7,1,-1.0580615997314453,1.1425057649612427,1
google/gemma-2-2b,adjective_agreement_0138,adjective_agreement,"masc noun, neut adj",-44.36404800415039,-46.496803283691406,10,10,1,-0.8829269409179688,1.0050048828125,1
google/gemma-2-2b,adjective_agreement_0139,adjective_agreement,"femn noun, masc adj",-37.87861633300781,-46.303009033203125,9,10,1,-0.8274383544921875,0.9214819669723511,1
google/gemma-2-2b,adjective_agreement_0140,adjective_agreement,"neut noun, masc adj",-43.007591247558594,-47.15967559814453,6,6,1,-1.0188482999801636,1.0575600862503052,1
google/gemma-2-2b,adjective_agreement_0141,adjective_agreement,"femn noun, masc adj",-32.91276168823242,-43.60209655761719,6,5,1,-0.9959793090820312,1.0281314849853516,1
google/gemma-2-2b,adjective_agreement_0142,adjective_agreement,"neut noun, femn adj",-37.0315055847168,-42.79140090942383,6,6,1,-0.9993895292282104,1.0249384641647339,1
google/gemma-2-2b,adjective_agreement_0143,adjective_agreement,"femn noun, masc adj",-37.78229522705078,-43.924835205078125,9,9,1,-0.9807167053222656,0.9418487548828125,0
google/gemma-2-2b,adjective_agreement_0144,adjective_agreement,"femn noun, masc adj",-39.44440841674805,-43.33118438720703,6,7,1,-0.8453502655029297,1.0193672180175781,1
google/gemma-2-2b,adjective_agreement_0145,adjective_agreement,"masc noun, femn adj",-34.83395004272461,-40.091941833496094,7,7,1,-0.9643629789352417,1.0188559293746948,1
google/gemma-2-2b,adjective_agreement_0146,adjective_agreement,"femn noun, neut adj",-45.834259033203125,-48.181114196777344,4,5,1,-0.8622339963912964,0.886337161064148,1
google/gemma-2-2b,adjective_agreement_0147,adjective_agreement,"femn noun, masc adj",-43.99402618408203,-47.45492935180664,4,5,1,-0.7919445037841797,0.7911547422409058,0
google/gemma-2-2b,adjective_agreement_0148,adjective_agreement,"femn noun, masc adj",-42.206138610839844,-45.814247131347656,7,7,1,-0.917261004447937,0.9280833005905151,1
google/gemma-2-2b,adjective_agreement_0149,adjective_agreement,"neut noun, femn adj",-38.30989456176758,-44.4896240234375,6,6,1,-0.9038600921630859,0.8856449127197266,0
google/gemma-2-2b,adjective_agreement_0150,adjective_agreement,"masc noun, neut adj",-47.05764389038086,-54.0436897277832,7,7,1,-1.012699007987976,1.0696125030517578,1
google/gemma-2-2b,adjective_agreement_0151,adjective_agreement,"femn noun, masc adj",-45.1872444152832,-46.78559875488281,5,6,1,-0.8515340089797974,0.9027671813964844,1
google/gemma-2-2b,adjective_agreement_0152,adjective_agreement,"neut noun, masc adj",-43.074066162109375,-46.76593780517578,9,9,1,-0.9207249879837036,0.8405303955078125,0
google/gemma-2-2b,adjective_agreement_0153,adjective_agreement,"femn noun, masc adj",-36.059444427490234,-42.39659881591797,6,6,1,-1.0213756561279297,0.9707241058349609,0
google/gemma-2-2b,adjective_agreement_0154,adjective_agreement,"neut noun, femn adj",-35.16770553588867,-40.90777587890625,9,9,1,-0.982574462890625,0.9923534393310547,1
google/gemma-2-2b,adjective_agreement_0155,adjective_agreement,"masc noun, femn adj",-38.73748779296875,-44.722930908203125,7,6,1,-0.8222581148147583,0.8627433776855469,1
google/gemma-2-2b,adjective_agreement_0156,adjective_agreement,"neut noun, femn adj",-46.52996826171875,-42.18525695800781,11,11,0,-0.8171178102493286,0.7973650693893433,0
google/gemma-2-2b,adjective_agreement_0157,adjective_agreement,"neut noun, femn adj",-48.41844940185547,-40.13798904418945,8,8,0,-0.8478621244430542,0.8656444549560547,1
google/gemma-2-2b,adjective_agreement_0158,adjective_agreement,"neut noun, femn adj",-36.51499938964844,-38.82184600830078,7,7,1,-1.0209541320800781,1.0013428926467896,0
google/gemma-2-2b,adjective_agreement_0159,adjective_agreement,"femn noun, neut adj",-42.44029998779297,-48.658565521240234,6,7,1,-0.8372174501419067,0.8322087526321411,0
google/gemma-2-2b,adjective_agreement_0160,adjective_agreement,"masc noun, neut adj",-38.642066955566406,-42.26405715942383,7,7,1,-0.8750115633010864,0.9453926086425781,1
google/gemma-2-2b,adjective_agreement_0161,adjective_agreement,"neut noun, femn adj",-40.77417755126953,-43.61347198486328,11,11,1,-0.9557380676269531,0.9503058195114136,0
google/gemma-2-2b,adjective_agreement_0162,adjective_agreement,"femn noun, masc adj",-38.05072021484375,-45.137603759765625,5,6,1,-0.8092861175537109,0.844009280204773,1
google/gemma-2-2b,adjective_agreement_0163,adjective_agreement,"masc noun, neut adj",-40.912818908691406,-47.093841552734375,6,7,1,-0.9938086271286011,0.9738597869873047,0
google/gemma-2-2b,adjective_agreement_0164,adjective_agreement,"masc noun, neut adj",-45.71714782714844,-50.92190170288086,6,7,1,-1.0085868835449219,1.0136831998825073,1
google/gemma-2-2b,adjective_agreement_0165,adjective_agreement,"femn noun, neut adj",-46.39196014404297,-54.19256591796875,5,5,1,-0.8227633237838745,0.8770694732666016,1
google/gemma-2-2b,adjective_agreement_0166,adjective_agreement,"femn noun, masc adj",-44.08978271484375,-48.64220428466797,5,6,1,-0.7797737121582031,0.8150254487991333,1
google/gemma-2-2b,adjective_agreement_0167,adjective_agreement,"femn noun, masc adj",-39.515113830566406,-42.468162536621094,8,9,1,-0.8716621398925781,0.8875446319580078,1
google/gemma-2-2b,adjective_agreement_0168,adjective_agreement,"femn noun, neut adj",-39.11427307128906,-42.555233001708984,10,11,1,-0.9145852327346802,0.9355355501174927,1
google/gemma-2-2b,adjective_agreement_0169,adjective_agreement,"neut noun, masc adj",-37.6734619140625,-43.72464370727539,9,9,1,-0.957067608833313,0.9009742736816406,0
google/gemma-2-2b,adjective_agreement_0170,adjective_agreement,"femn noun, neut adj",-42.615509033203125,-47.822509765625,7,7,1,-0.853347897529602,0.8707524538040161,1
google/gemma-2-2b,adjective_agreement_0171,adjective_agreement,"femn noun, masc adj",-40.02392578125,-45.635841369628906,6,6,1,-0.9576625823974609,0.9405709505081177,0
google/gemma-2-2b,adjective_agreement_0172,adjective_agreement,"neut noun, femn adj",-42.453704833984375,-47.5839729309082,6,6,1,-0.9095382690429688,0.9499073028564453,1
google/gemma-2-2b,adjective_agreement_0173,adjective_agreement,"neut noun, femn adj",-43.051666259765625,-47.624183654785156,8,8,1,-0.8904420137405396,0.8948898315429688,1
google/gemma-2-2b,adjective_agreement_0174,adjective_agreement,"masc noun, neut adj",-46.6226806640625,-48.312156677246094,7,7,1,-0.7647914886474609,0.7960777282714844,1
google/gemma-2-2b,adjective_agreement_0175,adjective_agreement,"masc noun, neut adj",-42.42998123168945,-48.852928161621094,6,6,1,-0.9233722686767578,1.0359593629837036,1
google/gemma-2-2b,adjective_agreement_0176,adjective_agreement,"femn noun, masc adj",-35.51325988769531,-40.26551818847656,6,6,1,-1.0154839754104614,0.9346904754638672,0
google/gemma-2-2b,adjective_agreement_0177,adjective_agreement,"neut noun, femn adj",-34.32713317871094,-40.73021697998047,7,6,1,-0.9759446382522583,0.9823399782180786,1
google/gemma-2-2b,adjective_agreement_0178,adjective_agreement,"masc noun, femn adj",-45.11637878417969,-45.20329284667969,7,7,1,-0.8302841186523438,0.9163265228271484,1
google/gemma-2-2b,adjective_agreement_0179,adjective_agreement,"masc noun, femn adj",-42.2662239074707,-45.83494567871094,7,7,1,-0.9275761842727661,0.9652576446533203,1
google/gemma-2-2b,adjective_agreement_0180,adjective_agreement,"masc noun, neut adj",-40.63908386230469,-45.727073669433594,7,8,1,-1.004159927368164,1.0142918825149536,1
google/gemma-2-2b,adjective_agreement_0181,adjective_agreement,"neut noun, femn adj",-44.082969665527344,-52.050193786621094,5,5,1,-0.9116247892379761,0.9051437377929688,0
google/gemma-2-2b,adjective_agreement_0182,adjective_agreement,"masc noun, neut adj",-35.43073654174805,-39.35975646972656,10,11,1,-0.9362869262695312,0.9707908630371094,1
google/gemma-2-2b,adjective_agreement_0183,adjective_agreement,"femn noun, masc adj",-40.85679244995117,-45.030250549316406,6,5,1,-0.9003316164016724,0.9398021697998047,1
google/gemma-2-2b,adjective_agreement_0184,adjective_agreement,"masc noun, femn adj",-46.472007751464844,-47.51069259643555,7,7,1,-0.8179988861083984,0.8857536315917969,1
google/gemma-2-2b,adjective_agreement_0185,adjective_agreement,"femn noun, masc adj",-38.71797180175781,-41.1240119934082,10,10,1,-0.9985541105270386,1.0059298276901245,1
google/gemma-2-2b,adjective_agreement_0186,adjective_agreement,"neut noun, masc adj",-40.972373962402344,-43.533287048339844,7,6,1,-1.0741558074951172,1.0679874420166016,0
google/gemma-2-2b,adjective_agreement_0187,adjective_agreement,"femn noun, masc adj",-41.20012664794922,-48.45817184448242,9,10,1,-0.8260002136230469,0.9730300903320312,1
google/gemma-2-2b,adjective_agreement_0188,adjective_agreement,"femn noun, masc adj",-41.23796463012695,-46.487037658691406,8,8,1,-1.1124688386917114,1.1039773225784302,0
google/gemma-2-2b,adjective_agreement_0189,adjective_agreement,"femn noun, neut adj",-51.33302307128906,-55.4638786315918,7,7,1,-0.8624132871627808,0.9095231294631958,1
google/gemma-2-2b,adjective_agreement_0190,adjective_agreement,"femn noun, neut adj",-40.05164337158203,-46.01976013183594,6,6,1,-0.8272037506103516,0.9238263368606567,1
google/gemma-2-2b,adjective_agreement_0191,adjective_agreement,"masc noun, neut adj",-45.04669952392578,-48.91694641113281,11,10,1,-0.8472367525100708,0.7884731292724609,0
google/gemma-2-2b,adjective_agreement_0192,adjective_agreement,"femn noun, neut adj",-38.30071258544922,-42.3848876953125,7,7,1,-0.819555401802063,0.8422795534133911,1
google/gemma-2-2b,adjective_agreement_0193,adjective_agreement,"masc noun, femn adj",-39.964881896972656,-44.225563049316406,11,11,1,-0.8187580108642578,0.8916701078414917,1
google/gemma-2-2b,adjective_agreement_0194,adjective_agreement,"neut noun, femn adj",-50.9005241394043,-54.02033996582031,7,6,1,-1.002410888671875,1.0443440675735474,1
google/gemma-2-2b,adjective_agreement_0195,adjective_agreement,"neut noun, femn adj",-35.87528991699219,-39.567867279052734,7,7,1,-0.9059238433837891,0.9190864562988281,1
google/gemma-2-2b,adjective_agreement_0196,adjective_agreement,"masc noun, neut adj",-41.49064636230469,-45.52911376953125,7,7,1,-0.9420814514160156,1.0719259977340698,1
google/gemma-2-2b,adjective_agreement_0197,adjective_agreement,"femn noun, masc adj",-38.32941436767578,-42.25780487060547,6,7,1,-0.8538417816162109,0.8777486085891724,1
google/gemma-2-2b,adjective_agreement_0198,adjective_agreement,"neut noun, femn adj",-49.47991943359375,-42.778602600097656,8,8,0,-0.9663506746292114,0.960098385810852,0
google/gemma-2-2b,adjective_agreement_0199,adjective_agreement,"femn noun, masc adj",-40.434242248535156,-47.713104248046875,7,7,1,-0.973297119140625,0.9730626344680786,0
google/gemma-2-2b,adjective_agreement_0200,adjective_agreement,"neut noun, femn adj",-53.3724365234375,-46.55592727661133,7,7,0,-1.1726950407028198,1.1629105806350708,0
google/gemma-2-2b,adjective_agreement_0201,adjective_agreement,"neut noun, femn adj",-41.219181060791016,-44.265541076660156,7,7,1,-0.9503058195114136,0.9372996091842651,0
google/gemma-2-2b,adjective_agreement_0202,adjective_agreement,"masc noun, neut adj",-36.59626388549805,-43.0281982421875,7,7,1,-0.8183115720748901,0.9173755645751953,1
google/gemma-2-2b,adjective_agreement_0203,adjective_agreement,"masc noun, neut adj",-42.58793640136719,-47.502620697021484,6,7,1,-0.901214599609375,0.9073657989501953,1
google/gemma-2-2b,adjective_agreement_0204,adjective_agreement,"neut noun, femn adj",-42.27625274658203,-47.58530807495117,7,7,1,-1.1127947568893433,1.1559392213821411,1
google/gemma-2-2b,adjective_agreement_0205,adjective_agreement,"femn noun, neut adj",-42.73612594604492,-46.04322052001953,7,7,1,-0.9349460601806641,1.014272689819336,1
google/gemma-2-2b,adjective_agreement_0206,adjective_agreement,"neut noun, femn adj",-42.796939849853516,-44.975440979003906,11,11,1,-0.9152871370315552,0.917657732963562,1
google/gemma-2-2b,adjective_agreement_0207,adjective_agreement,"femn noun, neut adj",-41.77604675292969,-47.41309356689453,10,10,1,-0.885147213935852,0.9076690673828125,1
google/gemma-2-2b,adjective_agreement_0208,adjective_agreement,"neut noun, masc adj",-53.07411193847656,-48.77408981323242,7,8,0,-0.9788419008255005,1.0230274200439453,1
google/gemma-2-2b,adjective_agreement_0209,adjective_agreement,"femn noun, masc adj",-47.78443145751953,-52.29201126098633,7,7,1,-1.0652238130569458,1.119735836982727,1
google/gemma-2-2b,adjective_agreement_0210,adjective_agreement,"masc noun, femn adj",-37.79781723022461,-41.44846725463867,11,10,1,-0.8763942718505859,0.8303793668746948,0
google/gemma-2-2b,adjective_agreement_0211,adjective_agreement,"masc noun, neut adj",-37.834083557128906,-46.38768768310547,7,7,1,-0.9031351804733276,1.0055007934570312,1
google/gemma-2-2b,adjective_agreement_0212,adjective_agreement,"femn noun, masc adj",-44.73625946044922,-53.17774200439453,6,6,1,-1.10955810546875,1.1257762908935547,1
google/gemma-2-2b,adjective_agreement_0213,adjective_agreement,"neut noun, femn adj",-40.634483337402344,-40.08816146850586,6,5,0,-0.8960591554641724,0.915411114692688,1
google/gemma-2-2b,adjective_agreement_0214,adjective_agreement,"neut noun, masc adj",-47.74015426635742,-50.56161880493164,7,7,1,-1.1714533567428589,1.1024131774902344,0
google/gemma-2-2b,adjective_agreement_0215,adjective_agreement,"masc noun, femn adj",-38.953453063964844,-40.50877380371094,8,8,1,-0.8200207948684692,0.9053535461425781,1
google/gemma-2-2b,adjective_agreement_0216,adjective_agreement,"neut noun, masc adj",-36.911659240722656,-42.718170166015625,6,6,1,-1.0393123626708984,0.9792958498001099,0
google/gemma-2-2b,adjective_agreement_0217,adjective_agreement,"neut noun, femn adj",-36.088836669921875,-39.70775604248047,7,7,1,-1.0887013673782349,1.0652254819869995,0
google/gemma-2-2b,adjective_agreement_0218,adjective_agreement,"femn noun, neut adj",-46.44107437133789,-48.28001403808594,7,7,1,-0.9487113952636719,0.906347393989563,0
google/gemma-2-2b,adjective_agreement_0219,adjective_agreement,"masc noun, neut adj",-41.054908752441406,-45.43592834472656,12,11,1,-0.7609462738037109,0.7499504089355469,0
google/gemma-2-2b,adjective_agreement_0220,adjective_agreement,"masc noun, femn adj",-45.70131301879883,-51.78018569946289,10,9,1,-0.8266812562942505,0.8236751556396484,0
google/gemma-2-2b,adjective_agreement_0221,adjective_agreement,"neut noun, masc adj",-40.438907623291016,-40.43049621582031,11,10,0,-1.039199948310852,1.0062179565429688,0
google/gemma-2-2b,adjective_agreement_0222,adjective_agreement,"femn noun, masc adj",-46.125732421875,-50.85148239135742,6,6,1,-1.0863114595413208,1.0521316528320312,0
google/gemma-2-2b,adjective_agreement_0223,adjective_agreement,"neut noun, masc adj",-41.990631103515625,-42.03972625732422,7,7,1,-1.001998782157898,0.973617434501648,0
google/gemma-2-2b,adjective_agreement_0224,adjective_agreement,"masc noun, neut adj",-43.770263671875,-49.83082580566406,7,7,1,-0.8955440521240234,0.9649487733840942,1
google/gemma-2-2b,adjective_agreement_0225,adjective_agreement,"masc noun, neut adj",-40.94367980957031,-46.031307220458984,6,6,1,-0.9421998262405396,1.0160101652145386,1
google/gemma-2-2b,adjective_agreement_0226,adjective_agreement,"neut noun, femn adj",-50.168800354003906,-48.606407165527344,8,7,0,-0.8816719055175781,0.9093190431594849,1
google/gemma-2-2b,adjective_agreement_0227,adjective_agreement,"femn noun, masc adj",-38.20532989501953,-41.66204833984375,9,9,1,-0.9624651670455933,0.9431799650192261,0
google/gemma-2-2b,adjective_agreement_0228,adjective_agreement,"femn noun, masc adj",-40.46615982055664,-43.293434143066406,6,6,1,-0.943151593208313,0.9504870176315308,1
google/gemma-2-2b,adjective_agreement_0229,adjective_agreement,"masc noun, neut adj",-43.95728302001953,-44.97370529174805,8,7,1,-0.8325079679489136,0.8174208402633667,0
google/gemma-2-2b,adjective_agreement_0230,adjective_agreement,"masc noun, femn adj",-39.722572326660156,-41.983272552490234,9,10,1,-1.0059813261032104,1.0567264556884766,1
google/gemma-2-2b,adjective_agreement_0231,adjective_agreement,"masc noun, femn adj",-45.07463073730469,-50.48735427856445,8,8,1,-0.8638229370117188,0.9943543672561646,1
google/gemma-2-2b,adjective_agreement_0232,adjective_agreement,"masc noun, femn adj",-37.42356872558594,-43.40812301635742,7,7,1,-0.889654278755188,0.9275970458984375,1
google/gemma-2-2b,adjective_agreement_0233,adjective_agreement,"neut noun, masc adj",-46.523895263671875,-46.07926559448242,8,8,0,-1.0701409578323364,1.0328502655029297,0
google/gemma-2-2b,adjective_agreement_0234,adjective_agreement,"masc noun, femn adj",-41.87469482421875,-44.11569595336914,7,7,1,-0.7830981016159058,0.9022026062011719,1
google/gemma-2-2b,adjective_agreement_0235,adjective_agreement,"masc noun, femn adj",-34.20207214355469,-38.34502410888672,11,10,1,-0.7993526458740234,0.8199824094772339,1
google/gemma-2-2b,adjective_agreement_0236,adjective_agreement,"masc noun, neut adj",-44.81645202636719,-48.18867111206055,6,5,1,-0.8490657806396484,0.8533593416213989,1
google/gemma-2-2b,adjective_agreement_0237,adjective_agreement,"masc noun, femn adj",-46.58136749267578,-48.44140625,6,5,1,-0.7836265563964844,0.8243006467819214,1
google/gemma-2-2b,adjective_agreement_0238,adjective_agreement,"masc noun, femn adj",-45.693260192871094,-50.48126983642578,6,6,1,-0.848800778388977,0.9377994537353516,1
google/gemma-2-2b,adjective_agreement_0239,adjective_agreement,"femn noun, masc adj",-43.745643615722656,-45.43302917480469,7,7,1,-1.0670205354690552,1.0880049467086792,1
google/gemma-2-2b,adjective_agreement_0240,adjective_agreement,"femn noun, masc adj",-41.118125915527344,-46.05155944824219,8,9,1,-0.8579615354537964,0.8411521911621094,0
google/gemma-2-2b,adjective_agreement_0241,adjective_agreement,"masc noun, femn adj",-37.0332145690918,-46.31142807006836,7,7,1,-1.01910400390625,1.0806635618209839,1
google/gemma-2-2b,adjective_agreement_0242,adjective_agreement,"masc noun, femn adj",-39.38145446777344,-42.82420349121094,9,8,1,-0.7646619081497192,0.7216148376464844,0
google/gemma-2-2b,adjective_agreement_0243,adjective_agreement,"masc noun, neut adj",-36.016334533691406,-43.69004440307617,8,8,1,-0.8182697296142578,0.9113940000534058,1
google/gemma-2-2b,adjective_agreement_0244,adjective_agreement,"neut noun, masc adj",-42.0758056640625,-48.64488983154297,5,5,1,-0.9905985593795776,0.9061470031738281,0
google/gemma-2-2b,adjective_agreement_0245,adjective_agreement,"neut noun, femn adj",-49.502685546875,-49.5345458984375,6,6,1,-1.0544205904006958,1.0753363370895386,1
google/gemma-2-2b,adjective_agreement_0246,adjective_agreement,"neut noun, masc adj",-41.65154266357422,-45.54026794433594,5,5,1,-1.0088595151901245,0.9873847961425781,0
google/gemma-2-2b,adjective_agreement_0247,adjective_agreement,"masc noun, neut adj",-42.110984802246094,-45.93246841430664,10,10,1,-0.9346541166305542,1.028753399848938,1
google/gemma-2-2b,adjective_agreement_0248,adjective_agreement,"masc noun, neut adj",-37.03479766845703,-42.69010925292969,6,7,1,-0.9128017425537109,0.9547653198242188,1
google/gemma-2-2b,adjective_agreement_0249,adjective_agreement,"neut noun, femn adj",-49.49378967285156,-51.568572998046875,6,6,1,-0.916915774345398,0.8802719116210938,0
google/gemma-2-2b,adjective_agreement_0250,adjective_agreement,"neut noun, masc adj",-41.32466125488281,-42.28838348388672,10,11,1,-0.9289301633834839,0.9269503355026245,0
google/gemma-2-2b,adjective_agreement_0251,adjective_agreement,"femn noun, neut adj",-43.553863525390625,-44.888858795166016,5,5,1,-0.9304637908935547,0.9103298187255859,0
google/gemma-2-2b,adjective_agreement_0252,adjective_agreement,"femn noun, neut adj",-38.4895133972168,-43.71121597290039,9,9,1,-0.9330825805664062,1.0065633058547974,1
google/gemma-2-2b,adjective_agreement_0253,adjective_agreement,"femn noun, neut adj",-41.67671203613281,-46.590084075927734,7,7,1,-0.815460205078125,0.8357486724853516,1
google/gemma-2-2b,adjective_agreement_0254,adjective_agreement,"masc noun, femn adj",-44.34799575805664,-47.24244689941406,10,10,1,-0.9622098207473755,1.0077629089355469,1
google/gemma-2-2b,adjective_agreement_0255,adjective_agreement,"femn noun, neut adj",-43.55581283569336,-47.14459991455078,6,7,1,-0.8970241546630859,0.9405364990234375,1
google/gemma-2-2b,adjective_agreement_0256,adjective_agreement,"neut noun, femn adj",-42.95899963378906,-46.29359817504883,6,5,1,-0.9226245880126953,0.9021319150924683,0
google/gemma-2-2b,adjective_agreement_0257,adjective_agreement,"neut noun, masc adj",-37.04054260253906,-36.75745391845703,8,8,0,-0.9866447448730469,0.9543074369430542,0
google/gemma-2-2b,adjective_agreement_0258,adjective_agreement,"masc noun, neut adj",-46.47900390625,-53.35678482055664,10,10,1,-0.8115290403366089,0.8447285890579224,1
google/gemma-2-2b,adjective_agreement_0259,adjective_agreement,"neut noun, femn adj",-38.06468963623047,-41.97728729248047,7,7,1,-0.9235726594924927,0.9192256927490234,0
google/gemma-2-2b,adjective_agreement_0260,adjective_agreement,"neut noun, masc adj",-38.96236801147461,-38.53825378417969,11,10,0,-0.9829901456832886,0.9649618864059448,0
google/gemma-2-2b,adjective_agreement_0261,adjective_agreement,"masc noun, femn adj",-42.401275634765625,-46.49488067626953,7,6,1,-0.8473185300827026,0.7955493927001953,0
google/gemma-2-2b,adjective_agreement_0262,adjective_agreement,"masc noun, femn adj",-35.49611282348633,-39.50325393676758,10,10,1,-0.8466626405715942,0.9068716764450073,1
google/gemma-2-2b,adjective_agreement_0263,adjective_agreement,"femn noun, masc adj",-35.010284423828125,-40.794559478759766,5,6,1,-0.9152774810791016,0.8658522367477417,0
google/gemma-2-2b,adjective_agreement_0264,adjective_agreement,"femn noun, masc adj",-37.95246124267578,-41.02765655517578,9,10,1,-0.8045673370361328,0.8189829587936401,1
google/gemma-2-2b,adjective_agreement_0265,adjective_agreement,"masc noun, femn adj",-43.931854248046875,-49.68104934692383,7,7,1,-0.8770960569381714,0.9474506378173828,1
google/gemma-2-2b,adjective_agreement_0266,adjective_agreement,"masc noun, neut adj",-41.505165100097656,-48.45317077636719,6,6,1,-0.9562549591064453,1.0080240964889526,1
google/gemma-2-2b,adjective_agreement_0267,adjective_agreement,"femn noun, masc adj",-38.32737731933594,-40.82544708251953,8,9,1,-0.8517475128173828,0.8244304656982422,0
google/gemma-2-2b,adjective_agreement_0268,adjective_agreement,"masc noun, femn adj",-37.35981369018555,-41.068443298339844,7,7,1,-0.831323504447937,0.9658985137939453,1
google/gemma-2-2b,adjective_agreement_0269,adjective_agreement,"femn noun, masc adj",-45.20603942871094,-47.4000129699707,4,5,1,-0.8035449981689453,0.7960395812988281,0
google/gemma-2-2b,adjective_agreement_0270,adjective_agreement,"masc noun, neut adj",-36.84267807006836,-38.92068862915039,6,7,1,-1.0530586242675781,1.1562271118164062,1
google/gemma-2-2b,adjective_agreement_0271,adjective_agreement,"femn noun, neut adj",-39.57325744628906,-47.674583435058594,8,8,1,-0.952926754951477,0.9312230348587036,0
google/gemma-2-2b,adjective_agreement_0272,adjective_agreement,"masc noun, neut adj",-35.513126373291016,-37.56611633300781,11,11,1,-0.9041728973388672,0.9354114532470703,1
google/gemma-2-2b,adjective_agreement_0273,adjective_agreement,"neut noun, masc adj",-42.07542419433594,-43.683380126953125,9,10,1,-0.9490127563476562,0.9788627624511719,1
google/gemma-2-2b,adjective_agreement_0274,adjective_agreement,"neut noun, femn adj",-44.606536865234375,-44.87078857421875,10,10,1,-0.9418848752975464,0.9035683870315552,0
google/gemma-2-2b,adjective_agreement_0275,adjective_agreement,"femn noun, neut adj",-35.32430648803711,-50.851531982421875,6,6,1,-0.9201908111572266,0.8983079195022583,0
google/gemma-2-2b,adjective_agreement_0276,adjective_agreement,"neut noun, masc adj",-34.778778076171875,-40.74086380004883,9,9,1,-0.9347306489944458,0.9447423219680786,1
google/gemma-2-2b,adjective_agreement_0277,adjective_agreement,"femn noun, neut adj",-37.711708068847656,-45.81547927856445,5,5,1,-1.0114116668701172,0.9818611145019531,0
google/gemma-2-2b,adjective_agreement_0278,adjective_agreement,"masc noun, neut adj",-41.505157470703125,-46.51679229736328,5,6,1,-1.0238628387451172,1.0076045989990234,0
google/gemma-2-2b,adjective_agreement_0279,adjective_agreement,"masc noun, neut adj",-37.824195861816406,-40.54730987548828,7,7,1,-0.9344826936721802,0.9847069978713989,1
google/gemma-2-2b,adjective_agreement_0280,adjective_agreement,"masc noun, femn adj",-41.6508903503418,-46.07952880859375,10,10,1,-0.9340113401412964,1.0042020082473755,1
google/gemma-2-2b,adjective_agreement_0281,adjective_agreement,"femn noun, neut adj",-39.51983642578125,-48.100799560546875,11,11,1,-0.8410720825195312,0.8859442472457886,1
google/gemma-2-2b,adjective_agreement_0282,adjective_agreement,"masc noun, femn adj",-35.30201721191406,-37.586761474609375,7,7,1,-0.8902643918991089,0.9990538358688354,1
google/gemma-2-2b,adjective_agreement_0283,adjective_agreement,"masc noun, neut adj",-39.59334945678711,-43.876312255859375,9,10,1,-0.963790774345398,1.026803970336914,1
google/gemma-2-2b,adjective_agreement_0284,adjective_agreement,"neut noun, femn adj",-39.268775939941406,-43.41911697387695,7,7,1,-1.0718327760696411,1.1110421419143677,1
google/gemma-2-2b,adjective_agreement_0285,adjective_agreement,"femn noun, masc adj",-50.884735107421875,-54.1528205871582,5,5,1,-0.8785189390182495,0.8928413391113281,1
google/gemma-2-2b,adjective_agreement_0286,adjective_agreement,"neut noun, femn adj",-45.612220764160156,-43.065460205078125,7,6,0,-0.8585988283157349,0.8731689453125,1
google/gemma-2-2b,adjective_agreement_0287,adjective_agreement,"neut noun, femn adj",-37.81269454956055,-45.250030517578125,10,9,1,-0.9019775390625,0.8942832946777344,0
google/gemma-2-2b,adjective_agreement_0288,adjective_agreement,"masc noun, neut adj",-39.29554748535156,-47.540313720703125,7,7,1,-0.8646126985549927,0.9012717008590698,1
google/gemma-2-2b,adjective_agreement_0289,adjective_agreement,"neut noun, masc adj",-42.10358428955078,-43.495765686035156,11,12,1,-0.7872925996780396,0.8118094205856323,1
google/gemma-2-2b,adjective_agreement_0290,adjective_agreement,"neut noun, femn adj",-41.94349670410156,-46.73136901855469,8,8,1,-0.9074994325637817,0.9425697326660156,1
google/gemma-2-2b,adjective_agreement_0291,adjective_agreement,"femn noun, neut adj",-41.050636291503906,-48.57342529296875,10,10,1,-0.8566972017288208,0.9617215394973755,1
google/gemma-2-2b,adjective_agreement_0292,adjective_agreement,"femn noun, masc adj",-46.20833969116211,-51.88108825683594,6,6,1,-0.9426803588867188,0.9399911165237427,0
google/gemma-2-2b,adjective_agreement_0293,adjective_agreement,"masc noun, femn adj",-49.7332763671875,-55.708797454833984,10,10,1,-0.9102783203125,0.9473038911819458,1
google/gemma-2-2b,adjective_agreement_0294,adjective_agreement,"femn noun, masc adj",-41.31922912597656,-49.20402908325195,6,6,1,-0.881567120552063,0.9238091707229614,1
google/gemma-2-2b,adjective_agreement_0295,adjective_agreement,"femn noun, neut adj",-38.37809753417969,-44.966583251953125,5,5,1,-0.8271826505661011,0.8851966857910156,1
google/gemma-2-2b,adjective_agreement_0296,adjective_agreement,"neut noun, femn adj",-32.804019927978516,-38.5678596496582,7,6,1,-1.0310152769088745,1.0166301727294922,0
google/gemma-2-2b,adjective_agreement_0297,adjective_agreement,"femn noun, masc adj",-40.46834945678711,-44.44750213623047,7,8,1,-0.7974568605422974,0.8833924531936646,1
google/gemma-2-2b,adjective_agreement_0298,adjective_agreement,"femn noun, neut adj",-50.563804626464844,-51.86737060546875,6,6,1,-0.9570351839065552,0.8987350463867188,0
google/gemma-2-2b,adjective_agreement_0299,adjective_agreement,"neut noun, masc adj",-44.7198486328125,-41.471290588378906,6,6,0,-1.0023154020309448,0.9855289459228516,0
google/gemma-2-2b,calques_0000,calques,subtle: брати участь,-32.90373229980469,-35.78947448730469,8,9,1,-1.123529314994812,1.1649036407470703,1
google/gemma-2-2b,calques_0001,calques,subtle: брати участь,-44.500762939453125,-46.29515838623047,10,10,1,-1.0625993013381958,1.0693206787109375,1
google/gemma-2-2b,calques_0002,calques,subtle: брати участь,-39.800079345703125,-44.272216796875,10,9,1,-1.1048299074172974,1.106161117553711,1
google/gemma-2-2b,calques_0003,calques,subtle: брати участь,-41.34417724609375,-41.664276123046875,13,13,1,-1.1100577116012573,1.1364575624465942,1
google/gemma-2-2b,calques_0004,calques,subtle: вживати заходів,-42.104713439941406,-46.1497802734375,11,10,1,-1.1187458038330078,1.1327266693115234,1
google/gemma-2-2b,calques_0005,calques,subtle: вживати заходів,-48.842018127441406,-58.522315979003906,11,11,1,-1.0012130737304688,1.0069694519042969,1
google/gemma-2-2b,calques_0006,calques,subtle: вживати заходів,-39.188453674316406,-46.577877044677734,10,10,1,-1.0079861879348755,1.0113906860351562,1
google/gemma-2-2b,calques_0007,calques,subtle: вживати заходів,-31.789512634277344,-42.94662094116211,9,8,1,-0.9941827058792114,0.9636592864990234,0
google/gemma-2-2b,calques_0008,calques,subtle: протягом,-40.580074310302734,-47.28593444824219,11,11,1,-0.9555587768554688,1.0009649991989136,1
google/gemma-2-2b,calques_0009,calques,subtle: протягом,-37.76430130004883,-43.39216995239258,8,10,1,-0.8613986968994141,0.8944187164306641,1
google/gemma-2-2b,calques_0010,calques,subtle: протягом,-39.380714416503906,-44.34601593017578,10,10,1,-1.1017799377441406,1.145532488822937,1
google/gemma-2-2b,calques_0011,calques,subtle: протягом,-42.76885223388672,-47.523338317871094,7,9,1,-0.905059814453125,0.9461936950683594,1
google/gemma-2-2b,calques_0012,calques,subtle: збігатися,-33.00044250488281,-36.87104797363281,9,8,1,-1.2043668031692505,1.261199951171875,1
google/gemma-2-2b,calques_0013,calques,subtle: збігатися,-41.98842239379883,-47.26049041748047,10,8,1,-1.2608776092529297,1.2648924589157104,1
google/gemma-2-2b,calques_0014,calques,subtle: збігатися,-35.87765884399414,-40.226295471191406,8,7,1,-0.9411125183105469,0.9820995330810547,1
google/gemma-2-2b,calques_0015,calques,subtle: збігатися,-37.61723327636719,-36.337196350097656,9,8,0,-1.1055469512939453,1.087619662284851,0
google/gemma-2-2b,calques_0016,calques,subtle: стосуватися,-55.870079040527344,-55.991455078125,11,12,1,-1.083120346069336,1.0646878480911255,0
google/gemma-2-2b,calques_0017,calques,subtle: стосуватися,-42.09220886230469,-43.637428283691406,7,8,1,-1.1582754850387573,1.1763801574707031,1
google/gemma-2-2b,calques_0018,calques,subtle: стосуватися,-40.93907165527344,-46.834014892578125,8,9,1,-1.3194122314453125,1.4186476469039917,1
google/gemma-2-2b,calques_0019,calques,subtle: завдяки,-39.96269607543945,-50.77288818359375,11,11,1,-1.146932601928711,1.3171213865280151,1
google/gemma-2-2b,calques_0020,calques,subtle: завдяки,-56.65526580810547,-66.5487060546875,14,14,1,-0.9598426818847656,1.1206377744674683,1
google/gemma-2-2b,calques_0021,calques,subtle: завдяки,-48.88177490234375,-61.630821228027344,10,10,1,-0.9838868379592896,1.1231557130813599,1
google/gemma-2-2b,calques_0022,calques,subtle: завдяки,-48.38365173339844,-55.63468933105469,12,12,1,-1.0508290529251099,1.1500605344772339,1
google/gemma-2-2b,calques_0023,calques,subtle: доводиться,-42.53828430175781,-45.7668571472168,11,10,1,-1.0530396699905396,1.0280914306640625,0
google/gemma-2-2b,calques_0024,calques,subtle: доводиться,-40.65134048461914,-46.555667877197266,6,7,1,-1.316640853881836,1.3955174684524536,1
google/gemma-2-2b,calques_0025,calques,subtle: доводиться,-44.1086311340332,-47.99554443359375,10,9,1,-0.8870068788528442,0.8530672788619995,0
google/gemma-2-2b,calques_0026,calques,subtle: доводиться,-53.531944274902344,-57.44527053833008,9,10,1,-1.191593050956726,1.2092113494873047,1
google/gemma-2-2b,calques_0027,calques,subtle: наступний,-34.50820541381836,-40.01447296142578,9,11,1,-0.9408131837844849,0.8808460235595703,0
google/gemma-2-2b,calques_0028,calques,subtle: наступний,-38.558589935302734,-50.9874267578125,10,14,1,-0.4605216979980469,0.15789222717285156,0
google/gemma-2-2b,calques_0029,calques,subtle: наступний,-43.12224578857422,-49.17915725708008,11,13,1,-1.0064506530761719,0.9347476959228516,0
google/gemma-2-2b,calques_0030,calques,subtle: наступний,-35.78660583496094,-42.58479309082031,9,12,1,-0.967544674873352,0.7660560607910156,0
google/gemma-2-2b,calques_0031,calques,subtle: будь-який,-45.169830322265625,-62.84404754638672,11,9,1,-0.9106807708740234,1.0298043489456177,1
google/gemma-2-2b,calques_0032,calques,subtle: будь-який,-36.6247444152832,-45.11512756347656,11,9,1,-0.804540753364563,0.7552090883255005,0
google/gemma-2-2b,calques_0033,calques,subtle: будь-який,-39.86438751220703,-40.80915832519531,9,7,1,-1.0788822174072266,1.134700894355774,1
google/gemma-2-2b,calques_0034,calques,subtle: виняток,-42.15343475341797,-45.33389663696289,12,13,1,-1.2073630094528198,1.2711714506149292,1
google/gemma-2-2b,calques_0035,calques,subtle: виняток,-42.96841049194336,-43.461891174316406,8,8,1,-1.2164572477340698,1.2145920991897583,0
google/gemma-2-2b,calques_0036,calques,subtle: виняток,-47.82332229614258,-49.16832733154297,9,9,1,-1.0997809171676636,1.1250077486038208,1
google/gemma-2-2b,calques_0037,calques,subtle: щодо,-43.6224250793457,-52.990989685058594,11,13,1,-1.2188090085983276,1.3378161191940308,1
google/gemma-2-2b,calques_0038,calques,subtle: щодо,-49.000770568847656,-56.13270950317383,8,11,1,-0.5872324705123901,0.6418362855911255,1
google/gemma-2-2b,calques_0039,calques,subtle: щодо,-53.80859375,-57.40033721923828,8,10,1,-0.8569087982177734,1.0016803741455078,1
google/gemma-2-2b,calques_0040,calques,subtle: вважати,-35.83622741699219,-44.41813659667969,9,10,1,-1.169759750366211,1.2566813230514526,1
google/gemma-2-2b,calques_0041,calques,subtle: вважати,-45.101043701171875,-53.86509704589844,11,12,1,-1.1070634126663208,1.1389331817626953,1
google/gemma-2-2b,calques_0042,calques,subtle: вважати,-48.68635559082031,-54.37162780761719,10,11,1,-0.881927490234375,0.9638978242874146,1
google/gemma-2-2b,calques_0043,calques,subtle: вважати,-37.74304962158203,-50.97083282470703,8,9,1,-1.0493431091308594,1.1170806884765625,1
google/gemma-2-2b,calques_0044,calques,subtle: наводити приклад,-46.43046569824219,-43.003578186035156,8,8,0,-1.114969253540039,1.1481515169143677,1
google/gemma-2-2b,calques_0045,calques,subtle: наводити приклад,-32.29743194580078,-38.104331970214844,8,8,1,-0.32886695861816406,0.6137486696243286,1
google/gemma-2-2b,calques_0046,calques,subtle: наводити приклад,-56.4847412109375,-56.11341094970703,10,10,0,-1.2340660095214844,1.2810152769088745,1
google/gemma-2-2b,calques_0047,calques,subtle: укладати договір,-40.28265380859375,-45.355987548828125,9,8,1,-1.1011886596679688,1.106689453125,1
google/gemma-2-2b,calques_0048,calques,subtle: укладати договір,-48.66986083984375,-48.46134948730469,8,8,0,-1.0717716217041016,1.0764559507369995,1
google/gemma-2-2b,calques_0049,calques,subtle: укладати договір,-34.30701446533203,-39.35845184326172,9,8,1,-1.1343269348144531,1.1058844327926636,0
google/gemma-2-2b,calques_0050,calques,subtle: складати іспит,-48.32335662841797,-45.223167419433594,9,9,0,-1.0062752962112427,0.9474695920944214,0
google/gemma-2-2b,calques_0051,calques,subtle: складати іспит,-33.49555206298828,-38.9798583984375,11,11,1,-1.0181636810302734,1.0150470733642578,0
google/gemma-2-2b,calques_0052,calques,subtle: навчальний,-38.981475830078125,-50.299217224121094,6,7,1,-1.0737228393554688,1.2524281740188599,1
google/gemma-2-2b,calques_0053,calques,subtle: навчальний,-28.346736907958984,-37.03244400024414,9,10,1,-0.9985790252685547,1.052602767944336,1
google/gemma-2-2b,calques_0054,calques,subtle: навчальний,-40.7109260559082,-45.07012939453125,8,9,1,-0.908453106880188,1.0333003997802734,1
google/gemma-2-2b,calques_0055,calques,subtle: зіставляти,-45.77830505371094,-50.06779861450195,9,9,1,-0.9577007293701172,0.9344387054443359,0
google/gemma-2-2b,calques_0056,calques,subtle: зіставляти,-52.327476501464844,-52.344974517822266,9,9,1,-1.2369842529296875,1.28411865234375,1
google/gemma-2-2b,calques_0057,calques,subtle: зіставляти,-42.00860595703125,-42.007930755615234,11,11,0,-0.6050014495849609,0.4993249177932739,0
google/gemma-2-2b,calques_0058,calques,subtle: співпрацювати,-43.345611572265625,-49.504051208496094,10,11,1,-1.1236859560012817,1.1280688047409058,1
google/gemma-2-2b,calques_0059,calques,subtle: співпрацювати,-37.049346923828125,-44.12614440917969,8,9,1,-0.9192771911621094,0.9658547639846802,1
google/gemma-2-2b,calques_0060,calques,subtle: перепрошую,-54.83844757080078,-44.499996185302734,10,11,0,-1.161678433418274,1.1841546297073364,1
google/gemma-2-2b,calques_0061,calques,subtle: перепрошую,-56.38609313964844,-42.45265579223633,10,11,0,-1.050130844116211,1.0313760042190552,0
google/gemma-2-2b,calques_0062,calques,subtle: перепрошую,-59.43339920043945,-49.36505889892578,9,10,0,-0.9489059448242188,0.9474334716796875,0
google/gemma-2-2b,calques_0063,calques,subtle: захід,-30.028553009033203,-51.62602615356445,10,12,1,-0.8367975950241089,0.8208905458450317,0
google/gemma-2-2b,calques_0064,calques,subtle: захід,-47.10972595214844,-61.181236267089844,9,11,1,-0.8476314544677734,0.9283562898635864,1
google/gemma-2-2b,calques_0065,calques,subtle: висновок,-35.21040344238281,-39.45244216918945,10,9,1,-1.190948486328125,1.1270254850387573,0
google/gemma-2-2b,calques_0066,calques,subtle: висновок,-27.886934280395508,-36.54191207885742,8,7,1,-0.5341835021972656,0.5661907196044922,1
google/gemma-2-2b,calques_0067,calques,subtle: бути,-33.646305084228516,-41.86695098876953,6,7,1,-1.0723514556884766,1.1520500183105469,1
google/gemma-2-2b,calques_0068,calques,subtle: бути,-30.65299415588379,-40.11695098876953,8,9,1,-1.2723101377487183,1.3723392486572266,1
google/gemma-2-2b,calques_0069,calques,subtle: бути,-38.22698211669922,-44.331138610839844,8,9,1,-0.9711437225341797,1.077438235282898,1
google/gemma-2-2b,calques_0070,calques,subtle: становити,-47.41716766357422,-39.036720275878906,11,11,0,-1.0630205869674683,1.0865554809570312,1
google/gemma-2-2b,calques_0071,calques,subtle: становити,-43.28495407104492,-45.272430419921875,11,11,1,-1.0817242860794067,1.10174560546875,1
google/gemma-2-2b,calques_0072,calques,subtle: становити,-42.89259338378906,-42.339866638183594,13,13,0,-0.8646355867385864,0.9271774291992188,1
google/gemma-2-2b,calques_0073,calques,subtle: ймовірно,-44.59051513671875,-51.57748794555664,11,11,1,-1.307596206665039,1.2560195922851562,0
google/gemma-2-2b,calques_0074,calques,subtle: ймовірно,-42.36913299560547,-38.05424880981445,8,8,0,-1.1862564086914062,1.1044673919677734,0
google/gemma-2-2b,calques_0075,calques,subtle: ймовірно,-52.34559631347656,-57.02244567871094,11,11,1,-1.3288764953613281,1.1976717710494995,0
google/gemma-2-2b,calques_0076,calques,subtle: брати до уваги,-44.204471588134766,-36.859500885009766,9,10,0,-1.1217670440673828,1.1666604280471802,1
google/gemma-2-2b,calques_0077,calques,subtle: брати до уваги,-45.457603454589844,-46.380374908447266,13,14,1,-1.3795661926269531,1.3227214813232422,0
google/gemma-2-2b,calques_0078,calques,subtle: порушити питання,-59.264495849609375,-50.99266815185547,9,10,0,-1.2347526550292969,1.3566646575927734,1
google/gemma-2-2b,calques_0079,calques,subtle: порушити питання,-51.57489013671875,-43.112701416015625,11,12,0,-1.229476809501648,1.2372835874557495,1
google/gemma-2-2b,calques_0080,calques,subtle: оцінка,-34.56297302246094,-42.584327697753906,10,11,1,-0.8585243225097656,0.9519098997116089,1
google/gemma-2-2b,calques_0081,calques,subtle: оцінка,-48.854705810546875,-47.77140808105469,9,10,0,-0.2914620637893677,0.2387523651123047,0
google/gemma-2-2b,calques_0082,calques,subtle: бо (так як),-37.22517776489258,-41.007423400878906,11,12,1,-1.1612073183059692,1.326168179512024,1
google/gemma-2-2b,calques_0083,calques,subtle: бо (так як),-47.2661247253418,-51.00779724121094,13,14,1,-0.9665719270706177,1.0734997987747192,1
google/gemma-2-2b,calques_0084,calques,subtle: досі,-31.057973861694336,-37.61168670654297,8,11,1,-1.0385704040527344,1.0874309539794922,1
google/gemma-2-2b,calques_0085,calques,subtle: досі,-30.639862060546875,-37.62229537963867,10,13,1,-1.0801409482955933,1.0228327512741089,0
google/gemma-2-2b,calques_0086,calques,subtle: незважаючи,-39.780311584472656,-47.982845306396484,15,16,1,-1.0179824829101562,1.0981922149658203,1
google/gemma-2-2b,calques_0087,calques,subtle: незважаючи,-39.856346130371094,-43.3544807434082,13,14,1,-1.0664806365966797,1.1499977111816406,1
google/gemma-2-2b,calques_0088,calques,subtle: зрештою,-39.1527099609375,-44.75422668457031,9,10,1,-1.1175326108932495,1.2119789123535156,1
google/gemma-2-2b,calques_0089,calques,subtle: принаймні,-51.30780029296875,-55.49762725830078,9,10,1,-0.9914836883544922,0.9516925811767578,0
google/gemma-2-2b,calques_0090,calques,overt: отримувати,-36.12872314453125,-39.360679626464844,6,5,1,-0.9602565765380859,0.9993933439254761,1
google/gemma-2-2b,calques_0091,calques,overt: отримувати,-35.273948669433594,-42.35270309448242,8,7,1,-1.0412596464157104,1.0445632934570312,1
google/gemma-2-2b,calques_0092,calques,overt: отримувати,-34.83842468261719,-45.617549896240234,6,5,1,-0.8361473083496094,0.922760009765625,1
google/gemma-2-2b,calques_0093,calques,overt: визначити,-40.25553894042969,-51.556678771972656,7,9,1,-1.0765800476074219,1.1629753112792969,1
google/gemma-2-2b,calques_0094,calques,overt: визначити,-37.44416809082031,-56.60024642944336,8,10,1,-1.088979721069336,1.1460992097854614,1
google/gemma-2-2b,calques_0095,calques,overt: подобатися,-27.13564109802246,-33.43993377685547,9,8,1,-0.9082010984420776,0.9325370788574219,1
google/gemma-2-2b,calques_0096,calques,overt: подобатися,-44.307029724121094,-49.48432922363281,8,7,1,-0.9793816804885864,0.9971791505813599,1
google/gemma-2-2b,calques_0097,calques,overt: їсти,-42.08238220214844,-47.562339782714844,8,8,1,-0.8588255643844604,0.9507712125778198,1
google/gemma-2-2b,calques_0098,calques,overt: їсти,-39.572052001953125,-46.44989013671875,7,8,1,-0.5886632204055786,0.6442643404006958,1
google/gemma-2-2b,calques_0099,calques,overt: взагалі,-33.812744140625,-25.439960479736328,7,5,0,-1.0086116790771484,0.9501379728317261,0
google/gemma-2-2b,calques_0100,calques,overt: взагалі,-34.40241622924805,-40.50368118286133,9,7,1,-1.0169450044631958,1.1106623411178589,1
google/gemma-2-2b,calques_0101,calques,overt: звичайно,-35.74578094482422,-52.9030876159668,8,8,1,-1.0178413391113281,1.2909202575683594,1
google/gemma-2-2b,calques_0102,calques,overt: дуже,-30.217639923095703,-42.34953308105469,5,5,1,-0.8751450777053833,1.224039077758789,1
google/gemma-2-2b,calques_0103,calques,overt: бувай,-41.961795806884766,-48.04948043823242,7,6,1,-0.8476084470748901,1.0658130645751953,1
google/gemma-2-2b,calques_0104,calques,overt: здаватися,-37.78982162475586,-43.440086364746094,9,9,1,-1.0331040620803833,1.1428567171096802,1
google/gemma-2-2b,calques_0105,calques,overt: заважати,-42.46749496459961,-50.238441467285156,8,7,1,-0.9454402923583984,1.0332258939743042,1
google/gemma-2-2b,calques_0106,calques,overt: заважати,-38.85711669921875,-52.76995849609375,8,8,1,-1.0026111602783203,1.0815428495407104,1
google/gemma-2-2b,calques_0107,calques,overt: виходити,-28.948455810546875,-35.27930450439453,6,6,1,-1.098306655883789,1.2615660429000854,1
google/gemma-2-2b,calques_0108,calques,overt: виходити,-39.115814208984375,-41.12769317626953,8,7,1,-1.1669387817382812,1.1564539670944214,0
google/gemma-2-2b,calques_0109,calques,overt: вистачати,-29.388423919677734,-39.12165832519531,9,7,1,-1.0174561738967896,1.0115679502487183,0
google/gemma-2-2b,calques_0110,calques,overt: вистачати,-55.690086364746094,-52.546653747558594,9,9,0,-1.073825716972351,1.0755635499954224,1
google/gemma-2-2b,calques_0111,calques,overt: зараз,-34.618934631347656,-48.145263671875,6,6,1,-1.2057379484176636,1.1818599700927734,0
google/gemma-2-2b,calques_0112,calques,overt: гаразд,-37.85296630859375,-38.15819549560547,9,8,1,-1.0813313722610474,1.1227397918701172,1
google/gemma-2-2b,calques_0113,calques,overt: колишній,-34.37837600708008,-45.52468490600586,10,9,1,-1.0206738710403442,0.9980677366256714,0
google/gemma-2-2b,calques_0114,calques,subtle: стосуватися,-44.978851318359375,-48.22553634643555,11,12,1,-1.1570987701416016,1.1224137544631958,0
google/gemma-2-2b,calques_0115,calques,subtle: будь-який,-31.946290969848633,-39.14900588989258,11,9,1,-1.0552252531051636,1.0782051086425781,1
google/gemma-2-2b,calques_0116,calques,subtle: виняток,-36.947261810302734,-36.30951690673828,9,9,0,-1.1689949035644531,1.2089195251464844,1
google/gemma-2-2b,calques_0117,calques,subtle: щодо,-42.33238220214844,-47.701324462890625,9,12,1,-1.0315837860107422,1.1495037078857422,1
google/gemma-2-2b,calques_0118,calques,subtle: наводити приклад,-37.03916549682617,-40.78480911254883,7,7,1,-1.2127553224563599,1.2906664609909058,1
google/gemma-2-2b,calques_0119,calques,subtle: укладати договір,-48.30836486816406,-72.87540435791016,12,11,1,-1.0546398162841797,1.043375015258789,0
google/gemma-2-2b,calques_0120,calques,subtle: складати іспит,-53.629337310791016,-48.84886169433594,12,12,0,-0.9769936800003052,0.9140357971191406,0
google/gemma-2-2b,calques_0121,calques,subtle: складати іспит,-45.53989028930664,-52.89418029785156,12,12,1,-1.0205612182617188,1.0153521299362183,0
google/gemma-2-2b,calques_0122,calques,subtle: навчальний,-32.96472930908203,-42.643959045410156,8,9,1,-1.0396671295166016,1.043731689453125,1
google/gemma-2-2b,calques_0123,calques,subtle: зіставляти,-47.5628662109375,-48.27471160888672,9,9,1,-0.972259521484375,1.0011004209518433,1
google/gemma-2-2b,calques_0124,calques,subtle: співпрацювати,-34.787994384765625,-44.16225814819336,12,13,1,-1.0776119232177734,1.0960332155227661,1
google/gemma-2-2b,calques_0125,calques,subtle: співпрацювати,-37.82524108886719,-46.42332458496094,10,11,1,-1.1122702360153198,1.151082992553711,1
google/gemma-2-2b,calques_0126,calques,subtle: перепрошую,-59.390438079833984,-53.57273483276367,8,9,0,-1.0722522735595703,1.114841341972351,1
google/gemma-2-2b,calques_0127,calques,subtle: захід,-43.02289581298828,-54.416290283203125,7,9,1,-0.8219870328903198,0.813928484916687,0
google/gemma-2-2b,calques_0128,calques,subtle: захід,-27.040040969848633,-36.305824279785156,8,10,1,-1.1224325895309448,1.1402627229690552,1
google/gemma-2-2b,calques_0129,calques,subtle: висновок,-36.98338317871094,-39.231842041015625,10,9,1,-1.2389583587646484,1.267971158027649,1
google/gemma-2-2b,calques_0130,calques,subtle: висновок,-45.20561599731445,-50.4925422668457,8,7,1,-1.3053818941116333,1.2762508392333984,0
google/gemma-2-2b,calques_0131,calques,subtle: бути,-39.3160514831543,-43.28358840942383,11,12,1,-0.9653512239456177,1.0829524993896484,1
google/gemma-2-2b,calques_0132,calques,subtle: становити,-43.44789505004883,-44.36013412475586,8,8,1,-0.9674320220947266,1.0080680847167969,1
google/gemma-2-2b,calques_0133,calques,subtle: ймовірно,-43.98546600341797,-47.43025207519531,9,9,1,-1.1365833282470703,1.1373063325881958,1
google/gemma-2-2b,calques_0134,calques,subtle: брати до уваги,-44.398033142089844,-42.167030334472656,9,10,0,-1.0360774993896484,1.212915301322937,1
google/gemma-2-2b,calques_0135,calques,subtle: брати до уваги,-46.188255310058594,-45.61333465576172,12,12,0,-1.2178535461425781,1.2089711427688599,0
google/gemma-2-2b,calques_0136,calques,subtle: порушити питання,-42.438026428222656,-39.11149597167969,12,12,0,-1.0503711700439453,1.13812255859375,1
google/gemma-2-2b,calques_0137,calques,subtle: порушити питання,-52.751747131347656,-46.365543365478516,8,9,0,-1.0878658294677734,1.1668453216552734,1
google/gemma-2-2b,calques_0138,calques,subtle: оцінка,-51.93449401855469,-58.79690933227539,11,12,1,-1.027398943901062,1.0766315460205078,1
google/gemma-2-2b,calques_0139,calques,subtle: оцінка,-48.21965789794922,-53.33282470703125,8,9,1,-0.881927490234375,0.9386577606201172,1
google/gemma-2-2b,calques_0140,calques,subtle: бо (так як),-46.54511260986328,-50.06224822998047,14,15,1,-0.9349765777587891,1.0447484254837036,1
google/gemma-2-2b,calques_0141,calques,subtle: бо (так як),-50.81155014038086,-56.003318786621094,13,14,1,-1.0684280395507812,1.148324966430664,1
google/gemma-2-2b,calques_0142,calques,subtle: досі,-41.49877166748047,-52.80257797241211,9,12,1,-0.9507352113723755,0.9971771240234375,1
google/gemma-2-2b,calques_0143,calques,subtle: досі,-39.7907600402832,-47.619361877441406,9,12,1,-1.069665789604187,1.1111164093017578,1
google/gemma-2-2b,calques_0144,calques,subtle: незважаючи,-39.77814483642578,-47.0272216796875,12,13,1,-1.0571327209472656,1.0718402862548828,1
google/gemma-2-2b,calques_0145,calques,subtle: незважаючи,-50.27724838256836,-53.6090087890625,13,14,1,-1.0396727323532104,1.0741156339645386,1
google/gemma-2-2b,calques_0146,calques,subtle: зрештою,-36.95280075073242,-41.9404296875,11,12,1,-1.073099136352539,1.0697802305221558,0
google/gemma-2-2b,calques_0147,calques,subtle: зрештою,-37.63874816894531,-41.10364532470703,9,11,1,-0.9883594512939453,1.1033668518066406,1
google/gemma-2-2b,calques_0148,calques,subtle: зрештою,-38.02410888671875,-42.91823959350586,11,12,1,-1.1874465942382812,1.156335711479187,0
google/gemma-2-2b,calques_0149,calques,subtle: принаймні,-44.634765625,-59.051177978515625,10,11,1,-1.0036581754684448,1.1303424835205078,1
google/gemma-2-2b,calques_0150,calques,subtle: принаймні,-52.72021484375,-53.719852447509766,9,10,1,-1.006942868232727,1.034683108329773,1
google/gemma-2-2b,calques_0151,calques,subtle: принаймні,-49.315635681152344,-73.12515258789062,9,10,1,-0.8582859039306641,1.0254536867141724,1
google/gemma-2-2b,calques_0152,calques,overt: отримувати,-35.98125457763672,-45.042564392089844,8,7,1,-0.9755076169967651,1.1895657777786255,1
google/gemma-2-2b,calques_0153,calques,overt: визначити,-40.861778259277344,-48.959598541259766,7,9,1,-0.9939345121383667,1.1114596128463745,1
google/gemma-2-2b,calques_0154,calques,overt: визначити,-42.50633239746094,-53.8873291015625,8,10,1,-0.9905985593795776,1.0409259796142578,1
google/gemma-2-2b,calques_0155,calques,overt: подобатися,-38.17933654785156,-40.96834182739258,10,9,1,-0.6407070159912109,0.7155648469924927,1
google/gemma-2-2b,calques_0156,calques,overt: подобатися,-43.252471923828125,-44.09156036376953,8,7,1,-0.976150393486023,1.0392570495605469,1
google/gemma-2-2b,calques_0157,calques,overt: їсти,-36.331600189208984,-36.1323127746582,6,7,0,-1.054794192314148,1.0652333498001099,1
google/gemma-2-2b,calques_0158,calques,overt: їсти,-35.512733459472656,-39.987491607666016,8,9,1,-0.9057331085205078,0.9936407804489136,1
google/gemma-2-2b,calques_0159,calques,overt: взагалі,-38.75997543334961,-46.838783264160156,8,6,1,-0.9293519258499146,0.9249134063720703,0
google/gemma-2-2b,calques_0160,calques,overt: взагалі,-53.282073974609375,-62.17854309082031,10,8,1,-0.6387540102005005,0.7478467226028442,1
google/gemma-2-2b,calques_0161,calques,overt: звичайно,-38.964210510253906,-51.31781768798828,8,8,1,-0.9483489990234375,1.0359172821044922,1
google/gemma-2-2b,calques_0162,calques,overt: звичайно,-33.22691345214844,-56.613983154296875,9,10,1,-1.0595189332962036,1.2484036684036255,1
google/gemma-2-2b,calques_0163,calques,overt: звичайно,-32.907691955566406,-50.89775848388672,10,10,1,-1.0077743530273438,1.2745589017868042,1
google/gemma-2-2b,calques_0164,calques,overt: дуже,-28.27334213256836,-38.230960845947266,6,6,1,-1.0146102905273438,1.213791012763977,1
google/gemma-2-2b,calques_0165,calques,overt: дуже,-34.68346405029297,-53.31654357910156,7,7,1,-1.0750846862792969,1.2559165954589844,1
google/gemma-2-2b,calques_0166,calques,overt: дуже,-28.358190536499023,-32.25987243652344,5,4,1,-0.8865509033203125,1.3357124328613281,1
google/gemma-2-2b,calques_0167,calques,overt: бувай,-52.43798065185547,-62.137718200683594,9,8,1,-0.8342380523681641,0.9391878843307495,1
google/gemma-2-2b,calques_0168,calques,overt: бувай,-37.21623611450195,-31.257465362548828,5,4,0,-0.6753844022750854,0.6715927124023438,0
google/gemma-2-2b,calques_0169,calques,overt: бувай,-45.33148956298828,-51.25608444213867,7,6,1,-0.8690317869186401,0.99896240234375,1
google/gemma-2-2b,calques_0170,calques,overt: здаватися,-31.246322631835938,-36.275428771972656,8,8,1,-1.096343994140625,1.1824703216552734,1
google/gemma-2-2b,calques_0171,calques,overt: здаватися,-36.59147262573242,-44.01055145263672,9,9,1,-1.188497543334961,1.1293563842773438,0
google/gemma-2-2b,calques_0172,calques,overt: здаватися,-48.147132873535156,-51.18718719482422,11,11,1,-1.0375326871871948,1.068233609199524,1
google/gemma-2-2b,calques_0173,calques,overt: заважати,-45.012115478515625,-56.01972198486328,9,9,1,-0.9880295991897583,0.9546985626220703,0
google/gemma-2-2b,calques_0174,calques,overt: заважати,-41.84398651123047,-50.18567657470703,8,8,1,-0.7558079957962036,0.7273730039596558,0
google/gemma-2-2b,calques_0175,calques,overt: виходити,-30.178815841674805,-38.88106918334961,6,6,1,-1.0931434631347656,1.1941680908203125,1
google/gemma-2-2b,calques_0176,calques,overt: виходити,-42.62173080444336,-48.98173141479492,8,7,1,-0.9652957916259766,0.9172382354736328,0
google/gemma-2-2b,calques_0177,calques,overt: вистачати,-43.03078079223633,-41.414085388183594,7,5,0,-0.9250601530075073,0.9949301481246948,1
google/gemma-2-2b,calques_0178,calques,overt: вистачати,-40.45862579345703,-45.56828689575195,6,6,1,-1.168649673461914,1.1547279357910156,0
google/gemma-2-2b,calques_0179,calques,overt: зараз,-31.84209442138672,-40.08549499511719,7,7,1,-1.0603197813034058,1.1617183685302734,1
google/gemma-2-2b,calques_0180,calques,overt: зараз,-35.31035232543945,-41.69696807861328,6,5,1,-0.978851318359375,1.293771743774414,1
google/gemma-2-2b,calques_0181,calques,overt: зараз,-35.743125915527344,-47.99983596801758,7,7,1,-0.5885105133056641,0.6086767911911011,1
google/gemma-2-2b,calques_0182,calques,overt: гаразд,-40.392791748046875,-38.99702453613281,8,7,0,-0.9927005767822266,1.0616073608398438,1
google/gemma-2-2b,calques_0183,calques,overt: гаразд,-52.8787841796875,-43.395076751708984,7,7,0,-1.0041980743408203,1.0250625610351562,1
google/gemma-2-2b,calques_0184,calques,overt: гаразд,-32.68506622314453,-33.73146438598633,8,7,1,-0.9263629913330078,1.0101985931396484,1
google/gemma-2-2b,calques_0185,calques,overt: колишній,-43.72721481323242,-53.38157653808594,9,8,1,-0.9923208951950073,0.9316006898880005,0
google/gemma-2-2b,calques_0186,calques,overt: колишній,-46.83509063720703,-55.43452453613281,11,10,1,-0.918441653251648,0.8997727632522583,0
google/gemma-2-2b,calques_0187,calques,overt: колишній,-42.01860046386719,-53.99266815185547,10,10,1,-0.8253859281539917,0.8222160339355469,0
google/gemma-2-2b,control_subject_verb_0000,control_subject_verb,past-tense gender,-44.45068359375,-47.839149475097656,12,12,1,-1.1410027742385864,1.243560791015625,1
google/gemma-2-2b,control_subject_verb_0001,control_subject_verb,past-tense gender,-43.87175369262695,-49.7715950012207,10,10,1,-0.8729667663574219,0.9412251710891724,1
google/gemma-2-2b,control_subject_verb_0002,control_subject_verb,past-tense gender,-45.98808670043945,-50.012901306152344,9,9,1,-0.6915969848632812,0.7217942476272583,1
google/gemma-2-2b,control_subject_verb_0003,control_subject_verb,past-tense gender,-38.63774108886719,-42.455169677734375,8,8,1,-0.8902473449707031,0.9503269195556641,1
google/gemma-2-2b,control_subject_verb_0004,control_subject_verb,past-tense gender,-55.857093811035156,-61.767337799072266,9,9,1,-0.890823245048523,0.9700736999511719,1
google/gemma-2-2b,control_subject_verb_0005,control_subject_verb,past-tense gender,-50.635986328125,-55.68364334106445,9,9,1,-1.1019039154052734,1.1419793367385864,1
google/gemma-2-2b,control_subject_verb_0006,control_subject_verb,past-tense gender,-47.33958053588867,-54.31841278076172,9,9,1,-0.712646484375,0.8385829925537109,1
google/gemma-2-2b,control_subject_verb_0007,control_subject_verb,past-tense gender,-46.50058364868164,-49.3914909362793,10,11,1,-0.7771987915039062,0.9071599245071411,1
google/gemma-2-2b,control_subject_verb_0008,control_subject_verb,past-tense gender,-55.499534606933594,-57.33526611328125,9,10,1,-0.8578548431396484,1.044620394706726,1
google/gemma-2-2b,control_subject_verb_0009,control_subject_verb,past-tense gender,-51.29869079589844,-54.63736343383789,11,11,1,-1.172079086303711,1.2927398681640625,1
google/gemma-2-2b,control_subject_verb_0010,control_subject_verb,past-tense gender,-49.37691879272461,-53.588680267333984,11,11,1,-1.060903549194336,1.1496849060058594,1
google/gemma-2-2b,control_subject_verb_0011,control_subject_verb,past-tense gender,-54.66042709350586,-59.08864212036133,9,9,1,-0.9194793701171875,1.0130635499954224,1
google/gemma-2-2b,control_subject_verb_0012,control_subject_verb,past-tense gender,-49.20867156982422,-52.784393310546875,9,9,1,-0.7360343933105469,0.8711625337600708,1
google/gemma-2-2b,control_subject_verb_0013,control_subject_verb,past-tense gender,-58.8419189453125,-64.50016784667969,9,9,1,-0.9489573240280151,1.0944956541061401,1
google/gemma-2-2b,control_subject_verb_0014,control_subject_verb,past-tense gender,-52.668678283691406,-55.18264389038086,9,10,1,-0.8259925842285156,0.9526766538619995,1
google/gemma-2-2b,control_subject_verb_0015,control_subject_verb,past-tense gender,-40.72169876098633,-44.73007583618164,11,11,1,-1.0742359161376953,1.095626950263977,1
google/gemma-2-2b,control_subject_verb_0016,control_subject_verb,past-tense gender,-46.359214782714844,-50.395050048828125,10,10,1,-0.8250924348831177,0.8573398590087891,1
google/gemma-2-2b,control_subject_verb_0017,control_subject_verb,past-tense gender,-48.59674835205078,-55.1860237121582,9,9,1,-0.7115440368652344,0.833572268486023,1
google/gemma-2-2b,control_subject_verb_0018,control_subject_verb,past-tense gender,-55.00200653076172,-57.43323516845703,11,11,1,-1.026260495185852,1.1022549867630005,1
google/gemma-2-2b,control_subject_verb_0019,control_subject_verb,past-tense gender,-47.46033477783203,-52.265235900878906,9,10,1,-0.8245943784713745,0.9498405456542969,1
google/gemma-2-2b,control_subject_verb_0020,control_subject_verb,past-tense gender,-58.443946838378906,-57.139556884765625,9,10,0,-0.9266242980957031,1.088937759399414,1
google/gemma-2-2b,control_subject_verb_0021,control_subject_verb,past-tense gender,-46.98716735839844,-51.31013870239258,11,11,1,-1.1027814149856567,1.2086963653564453,1
google/gemma-2-2b,control_subject_verb_0022,control_subject_verb,past-tense gender,-48.39794921875,-57.22101974487305,10,10,1,-1.0152510404586792,1.1942596435546875,1
google/gemma-2-2b,control_subject_verb_0023,control_subject_verb,past-tense gender,-62.15354537963867,-65.53330993652344,9,9,1,-0.7259484529495239,0.8027018308639526,1
google/gemma-2-2b,control_subject_verb_0024,control_subject_verb,past-tense gender,-54.03461456298828,-57.135169982910156,9,9,1,-0.7124042510986328,0.7265987396240234,1
google/gemma-2-2b,control_subject_verb_0025,control_subject_verb,past-tense gender,-43.65968322753906,-48.60199737548828,12,12,1,-1.1117916107177734,1.1982117891311646,1
google/gemma-2-2b,control_subject_verb_0026,control_subject_verb,past-tense gender,-51.1396484375,-54.34314727783203,11,11,1,-1.013113021850586,1.0363216400146484,1
google/gemma-2-2b,control_subject_verb_0027,control_subject_verb,past-tense gender,-47.67637252807617,-52.2952880859375,9,9,1,-0.8747997283935547,0.9160596132278442,1
google/gemma-2-2b,control_subject_verb_0028,control_subject_verb,past-tense gender,-47.105594635009766,-53.47227478027344,9,9,1,-0.7461624145507812,0.8499850034713745,1
google/gemma-2-2b,control_subject_verb_0029,control_subject_verb,past-tense gender,-47.19272232055664,-51.11888885498047,10,10,1,-0.9715882539749146,0.9931659698486328,1
google/gemma-2-2b,control_subject_verb_0030,control_subject_verb,past-tense gender,-45.037567138671875,-49.0554313659668,12,12,1,-1.0126398801803589,1.0609703063964844,1
google/gemma-2-2b,control_subject_verb_0031,control_subject_verb,past-tense gender,-45.04884338378906,-49.29179000854492,7,7,1,-0.9338780641555786,1.0175819396972656,1
google/gemma-2-2b,control_subject_verb_0032,control_subject_verb,past-tense gender,-53.24723815917969,-57.49869155883789,10,10,1,-1.2480260133743286,1.2855091094970703,1
google/gemma-2-2b,control_subject_verb_0033,control_subject_verb,past-tense gender,-45.303062438964844,-51.6401252746582,10,10,1,-0.93438720703125,1.0203056335449219,1
google/gemma-2-2b,control_subject_verb_0034,control_subject_verb,past-tense gender,-48.31558609008789,-51.839805603027344,11,11,1,-0.9416656494140625,1.0201282501220703,1
google/gemma-2-2b,control_subject_verb_0035,control_subject_verb,past-tense gender,-45.63560485839844,-48.79795837402344,11,11,1,-1.1225337982177734,1.1748639345169067,1
google/gemma-2-2b,control_subject_verb_0036,control_subject_verb,past-tense gender,-49.1815185546875,-53.02418518066406,9,9,1,-1.1062184572219849,1.1627179384231567,1
google/gemma-2-2b,control_subject_verb_0037,control_subject_verb,past-tense gender,-51.76544189453125,-58.11699676513672,8,8,1,-0.8415870666503906,1.0347270965576172,1
google/gemma-2-2b,control_subject_verb_0038,control_subject_verb,past-tense gender,-44.648582458496094,-49.860252380371094,11,11,1,-0.9896373748779297,1.0834711790084839,1
google/gemma-2-2b,control_subject_verb_0039,control_subject_verb,past-tense gender,-42.40991973876953,-45.55302429199219,10,10,1,-0.9709300994873047,0.9817827939987183,1
google/gemma-2-2b,control_subject_verb_0040,control_subject_verb,past-tense gender,-50.6641731262207,-54.91575241088867,9,9,1,-0.7936649322509766,0.9094581604003906,1
google/gemma-2-2b,control_subject_verb_0041,control_subject_verb,past-tense gender,-46.70411682128906,-49.7715950012207,8,8,1,-0.9853421449661255,1.1562175750732422,1
google/gemma-2-2b,control_subject_verb_0042,control_subject_verb,past-tense gender,-44.50578308105469,-46.90131378173828,10,10,1,-0.9129372835159302,1.03631591796875,1
google/gemma-2-2b,control_subject_verb_0043,control_subject_verb,past-tense gender,-51.766319274902344,-58.227455139160156,10,10,1,-1.052175521850586,1.1418094635009766,1
google/gemma-2-2b,control_subject_verb_0044,control_subject_verb,past-tense gender,-46.569461822509766,-52.437767028808594,7,7,1,-0.9643001556396484,1.1457575559616089,1
google/gemma-2-2b,control_subject_verb_0045,control_subject_verb,past-tense gender,-50.467506408691406,-52.03124237060547,10,10,1,-0.7658616304397583,0.7650641202926636,0
google/gemma-2-2b,control_subject_verb_0046,control_subject_verb,past-tense gender,-43.711246490478516,-49.31980514526367,9,9,1,-1.1320172548294067,1.2850971221923828,1
google/gemma-2-2b,control_subject_verb_0047,control_subject_verb,past-tense gender,-48.21335983276367,-51.824859619140625,10,10,1,-1.0499267578125,1.1898860931396484,1
google/gemma-2-2b,control_subject_verb_0048,control_subject_verb,past-tense gender,-49.87102508544922,-56.245361328125,9,9,1,-0.840286135673523,0.8934402465820312,1
google/gemma-2-2b,control_subject_verb_0049,control_subject_verb,past-tense gender,-42.5823974609375,-46.897857666015625,8,8,1,-0.9263858795166016,0.9965362548828125,1
google/gemma-2-2b,control_subject_verb_0050,control_subject_verb,past-tense gender,-44.925331115722656,-49.69009017944336,9,9,1,-0.888458251953125,0.9331854581832886,1
google/gemma-2-2b,control_subject_verb_0051,control_subject_verb,past-tense gender,-45.9078483581543,-51.41746520996094,8,8,1,-1.0717753171920776,1.1710128784179688,1
google/gemma-2-2b,control_subject_verb_0052,control_subject_verb,past-tense gender,-40.43510437011719,-47.476409912109375,11,11,1,-0.7375432252883911,0.8631992340087891,1
google/gemma-2-2b,control_subject_verb_0053,control_subject_verb,past-tense gender,-50.99702453613281,-55.26727294921875,10,10,1,-0.9747084379196167,0.9761656522750854,1
google/gemma-2-2b,control_subject_verb_0054,control_subject_verb,past-tense gender,-47.264041900634766,-50.18841552734375,10,10,1,-1.076620101928711,1.1340255737304688,1
google/gemma-2-2b,control_subject_verb_0055,control_subject_verb,past-tense gender,-54.00466537475586,-59.72871780395508,12,12,1,-1.1003457307815552,1.165822982788086,1
google/gemma-2-2b,control_subject_verb_0056,control_subject_verb,past-tense gender,-56.037071228027344,-58.39686584472656,11,11,1,-1.024417757987976,1.0804595947265625,1
google/gemma-2-2b,control_subject_verb_0057,control_subject_verb,past-tense gender,-49.626197814941406,-56.942832946777344,10,10,1,-0.9689197540283203,1.0894910097122192,1
google/gemma-2-2b,control_subject_verb_0058,control_subject_verb,past-tense gender,-56.00768280029297,-61.58523941040039,9,9,1,-1.2078531980514526,1.281762957572937,1
google/gemma-2-2b,control_subject_verb_0059,control_subject_verb,past-tense gender,-46.00010681152344,-50.949283599853516,11,11,1,-0.7209949493408203,0.8336315155029297,1
google/gemma-2-2b,control_subject_verb_0060,control_subject_verb,past-tense gender,-41.01061248779297,-45.832984924316406,10,10,1,-0.8264789581298828,0.887847900390625,1
google/gemma-2-2b,control_subject_verb_0061,control_subject_verb,past-tense gender,-54.497528076171875,-60.09989547729492,12,12,1,-0.9987355470657349,1.0705641508102417,1
google/gemma-2-2b,control_subject_verb_0062,control_subject_verb,past-tense gender,-55.76518630981445,-61.75434112548828,11,11,1,-1.0794354677200317,1.1472378969192505,1
google/gemma-2-2b,control_subject_verb_0063,control_subject_verb,past-tense gender,-54.532936096191406,-60.097267150878906,9,9,1,-0.859655499458313,0.9059257507324219,1
google/gemma-2-2b,control_subject_verb_0064,control_subject_verb,past-tense gender,-45.20953369140625,-50.888675689697266,10,10,1,-1.0778465270996094,1.262216567993164,1
google/gemma-2-2b,control_subject_verb_0065,control_subject_verb,past-tense gender,-40.155426025390625,-45.865936279296875,9,9,1,-0.889398455619812,1.0712605714797974,1
google/gemma-2-2b,control_subject_verb_0066,control_subject_verb,past-tense gender,-50.934059143066406,-56.06343078613281,9,9,1,-1.072586178779602,1.1744956970214844,1
google/gemma-2-2b,control_subject_verb_0067,control_subject_verb,past-tense gender,-53.1173095703125,-58.849822998046875,11,11,1,-0.7445659637451172,0.8677463531494141,1
google/gemma-2-2b,control_subject_verb_0068,control_subject_verb,past-tense gender,-45.88187026977539,-50.899627685546875,9,9,1,-0.7796860933303833,0.9091281890869141,1
google/gemma-2-2b,control_subject_verb_0069,control_subject_verb,past-tense gender,-54.48097610473633,-58.23725891113281,10,10,1,-0.8978921175003052,0.9605311155319214,1
google/gemma-2-2b,control_subject_verb_0070,control_subject_verb,past-tense gender,-45.8538818359375,-53.423851013183594,11,11,1,-1.0057488679885864,1.1803817749023438,1
google/gemma-2-2b,control_subject_verb_0071,control_subject_verb,past-tense gender,-45.66865539550781,-54.554866790771484,11,11,1,-0.8936271667480469,1.0626392364501953,1
google/gemma-2-2b,control_subject_verb_0072,control_subject_verb,past-tense gender,-42.164920806884766,-46.78914260864258,10,10,1,-0.8430136442184448,0.8833028078079224,1
google/gemma-2-2b,control_subject_verb_0073,control_subject_verb,past-tense gender,-42.88330078125,-50.07730484008789,9,9,1,-0.8393840789794922,0.9807529449462891,1
google/gemma-2-2b,control_subject_verb_0074,control_subject_verb,past-tense gender,-52.52696228027344,-55.70415115356445,10,10,1,-0.9885748624801636,1.048482894897461,1
google/gemma-2-2b,control_subject_verb_0075,control_subject_verb,past-tense gender,-41.93427276611328,-45.714324951171875,9,9,1,-0.9671248197555542,1.1048067808151245,1
google/gemma-2-2b,control_subject_verb_0076,control_subject_verb,past-tense gender,-57.07335662841797,-60.07939147949219,10,10,1,-0.8714638948440552,0.9693278074264526,1
google/gemma-2-2b,control_subject_verb_0077,control_subject_verb,past-tense gender,-47.556541442871094,-52.40983581542969,11,11,1,-0.9740409851074219,1.0360983610153198,1
google/gemma-2-2b,control_subject_verb_0078,control_subject_verb,past-tense gender,-56.610599517822266,-59.81816864013672,9,9,1,-0.9324798583984375,1.0078716278076172,1
google/gemma-2-2b,control_subject_verb_0079,control_subject_verb,past-tense gender,-41.761329650878906,-45.84016418457031,8,8,1,-0.9522228240966797,1.1256636381149292,1
google/gemma-2-2b,control_subject_verb_0080,control_subject_verb,past-tense gender,-45.57255554199219,-50.23041915893555,11,11,1,-0.8933144807815552,0.9146976470947266,1
google/gemma-2-2b,control_subject_verb_0081,control_subject_verb,past-tense gender,-48.590660095214844,-52.10112762451172,9,9,1,-1.1183128356933594,1.1755714416503906,1
google/gemma-2-2b,control_subject_verb_0082,control_subject_verb,past-tense gender,-56.5250129699707,-60.23406982421875,11,11,1,-1.0875720977783203,1.1548844575881958,1
google/gemma-2-2b,control_subject_verb_0083,control_subject_verb,past-tense gender,-47.863525390625,-50.85075378417969,11,11,1,-1.2353687286376953,1.3040064573287964,1
google/gemma-2-2b,control_subject_verb_0084,control_subject_verb,past-tense gender,-56.9224967956543,-60.8288688659668,10,10,1,-0.9568386077880859,1.0562494993209839,1
google/gemma-2-2b,control_subject_verb_0085,control_subject_verb,past-tense gender,-43.533355712890625,-49.69770050048828,9,9,1,-0.7756805419921875,0.8905868530273438,1
google/gemma-2-2b,control_subject_verb_0086,control_subject_verb,past-tense gender,-47.83378982543945,-52.07574462890625,9,9,1,-0.9359530210494995,0.9282588958740234,0
google/gemma-2-2b,control_subject_verb_0087,control_subject_verb,past-tense gender,-49.0322151184082,-53.572235107421875,7,7,1,-0.6798858642578125,0.7918262481689453,1
google/gemma-2-2b,control_subject_verb_0088,control_subject_verb,past-tense gender,-55.33982467651367,-59.87705993652344,9,9,1,-0.9106520414352417,0.96649169921875,1
google/gemma-2-2b,control_subject_verb_0089,control_subject_verb,past-tense gender,-49.674415588378906,-53.12856674194336,11,11,1,-1.2464848756790161,1.2994135618209839,1
google/gemma-2-2b,control_subject_verb_0090,control_subject_verb,past-tense gender,-48.73768615722656,-54.08709716796875,8,8,1,-0.9497051239013672,1.0861703157424927,1
google/gemma-2-2b,control_subject_verb_0091,control_subject_verb,past-tense gender,-46.48309326171875,-50.53453063964844,9,9,1,-0.8288191556930542,0.8343410491943359,1
google/gemma-2-2b,control_subject_verb_0092,control_subject_verb,past-tense gender,-37.639801025390625,-42.85295867919922,8,8,1,-0.8873921632766724,1.0810221433639526,1
google/gemma-2-2b,control_subject_verb_0093,control_subject_verb,past-tense gender,-47.79999923706055,-54.06275939941406,11,11,1,-1.0233535766601562,1.2129629850387573,1
google/gemma-2-2b,control_subject_verb_0094,control_subject_verb,past-tense gender,-49.98256301879883,-56.26988220214844,11,10,1,-0.8466148376464844,0.8559187650680542,1
google/gemma-2-2b,control_subject_verb_0095,control_subject_verb,past-tense gender,-51.05500793457031,-54.87990951538086,9,10,1,-0.7416400909423828,0.8672313690185547,1
google/gemma-2-2b,control_subject_verb_0096,control_subject_verb,past-tense gender,-45.33898162841797,-46.50334167480469,11,11,1,-0.7479648590087891,0.7531642913818359,1
google/gemma-2-2b,control_subject_verb_0097,control_subject_verb,past-tense gender,-39.138580322265625,-41.59182357788086,8,8,1,-0.8984298706054688,1.0518876314163208,1
google/gemma-2-2b,control_subject_verb_0098,control_subject_verb,past-tense gender,-50.24483108520508,-54.68375778198242,9,9,1,-0.9615706205368042,1.0528888702392578,1
google/gemma-2-2b,control_subject_verb_0099,control_subject_verb,past-tense gender,-49.371864318847656,-54.97343444824219,11,11,1,-0.9404125213623047,1.0087450742721558,1
google/gemma-2-2b,control_subject_verb_0100,control_subject_verb,past-tense gender,-50.56361389160156,-57.357383728027344,8,8,1,-0.9644681215286255,1.044790267944336,1
google/gemma-2-2b,control_subject_verb_0101,control_subject_verb,past-tense gender,-43.88507080078125,-47.947425842285156,10,10,1,-0.9681739807128906,1.0855712890625,1
google/gemma-2-2b,control_subject_verb_0102,control_subject_verb,past-tense gender,-49.47313690185547,-55.620750427246094,10,10,1,-1.142175555229187,1.2000311613082886,1
google/gemma-2-2b,control_subject_verb_0103,control_subject_verb,past-tense gender,-40.47044372558594,-44.70493698120117,9,9,1,-0.7603492736816406,0.8922940492630005,1
google/gemma-2-2b,control_subject_verb_0104,control_subject_verb,past-tense gender,-51.586517333984375,-56.03205871582031,10,10,1,-1.0755025148391724,1.1241226196289062,1
google/gemma-2-2b,control_subject_verb_0105,control_subject_verb,past-tense gender,-50.0037841796875,-53.3836669921875,11,11,1,-1.2085398435592651,1.2603129148483276,1
google/gemma-2-2b,control_subject_verb_0106,control_subject_verb,past-tense gender,-43.360408782958984,-47.90867614746094,8,8,1,-0.9824676513671875,1.0271376371383667,1
google/gemma-2-2b,control_subject_verb_0107,control_subject_verb,past-tense gender,-56.46625518798828,-61.108673095703125,10,11,1,-1.0597437620162964,1.158737301826477,1
google/gemma-2-2b,control_subject_verb_0108,control_subject_verb,past-tense gender,-43.585289001464844,-51.141029357910156,10,10,1,-1.070455551147461,1.1356390714645386,1
google/gemma-2-2b,control_subject_verb_0109,control_subject_verb,past-tense gender,-53.29237365722656,-57.142601013183594,9,9,1,-0.9743367433547974,1.0472869873046875,1
google/gemma-2-2b,control_subject_verb_0110,control_subject_verb,past-tense gender,-44.204185485839844,-50.01896667480469,10,10,1,-0.8409539461135864,0.9615688323974609,1
google/gemma-2-2b,control_subject_verb_0111,control_subject_verb,past-tense gender,-60.410099029541016,-63.31039047241211,9,9,1,-0.8159197568893433,0.8963756561279297,1
google/gemma-2-2b,control_subject_verb_0112,control_subject_verb,past-tense gender,-50.277488708496094,-56.358123779296875,10,10,1,-0.727768063545227,0.845495343208313,1
google/gemma-2-2b,control_subject_verb_0113,control_subject_verb,past-tense gender,-57.824729919433594,-62.517024993896484,9,9,1,-0.8035680055618286,0.8886795043945312,1
google/gemma-2-2b,control_subject_verb_0114,control_subject_verb,past-tense gender,-49.2791633605957,-55.250221252441406,8,8,1,-0.9021530151367188,1.090429425239563,1
google/gemma-2-2b,control_subject_verb_0115,control_subject_verb,past-tense gender,-45.11576843261719,-50.41877746582031,8,8,1,-0.9307765960693359,1.0466364622116089,1
google/gemma-2-2b,control_subject_verb_0116,control_subject_verb,past-tense gender,-40.79898452758789,-44.329280853271484,11,11,1,-0.7953014373779297,0.8243675231933594,1
google/gemma-2-2b,control_subject_verb_0117,control_subject_verb,past-tense gender,-54.38865280151367,-56.69440460205078,10,10,1,-1.2049161195755005,1.2537649869918823,1
google/gemma-2-2b,control_subject_verb_0118,control_subject_verb,past-tense gender,-44.328514099121094,-49.594791412353516,11,11,1,-1.1197148561477661,1.2144070863723755,1
google/gemma-2-2b,control_subject_verb_0119,control_subject_verb,past-tense gender,-48.99692916870117,-52.863433837890625,9,9,1,-0.85400390625,0.9781284332275391,1
google/gemma-2-2b,control_subject_verb_0120,control_subject_verb,past-tense gender,-55.12599182128906,-60.13241958618164,9,9,1,-0.958664059638977,1.0219820737838745,1
google/gemma-2-2b,control_subject_verb_0121,control_subject_verb,past-tense gender,-48.14972686767578,-55.744789123535156,11,10,1,-1.017898678779602,1.025146484375,1
google/gemma-2-2b,control_subject_verb_0122,control_subject_verb,past-tense gender,-48.52022171020508,-51.59968566894531,10,10,1,-0.7872885465621948,0.8669224977493286,1
google/gemma-2-2b,control_subject_verb_0123,control_subject_verb,past-tense gender,-55.25094985961914,-61.495758056640625,10,9,1,-0.9673730134963989,0.9844492673873901,1
google/gemma-2-2b,control_subject_verb_0124,control_subject_verb,past-tense gender,-47.63990020751953,-52.32246780395508,9,9,1,-0.9342155456542969,1.0191593170166016,1
google/gemma-2-2b,control_subject_verb_0125,control_subject_verb,past-tense gender,-52.713783264160156,-55.395050048828125,12,12,1,-1.1743965148925781,1.2537288665771484,1
google/gemma-2-2b,control_subject_verb_0126,control_subject_verb,past-tense gender,-48.945343017578125,-52.20197677612305,9,9,1,-0.9095593690872192,1.0388641357421875,1
google/gemma-2-2b,control_subject_verb_0127,control_subject_verb,past-tense gender,-51.44465637207031,-53.97079849243164,9,9,1,-0.9588109254837036,1.0173091888427734,1
google/gemma-2-2b,control_subject_verb_0128,control_subject_verb,past-tense gender,-54.668609619140625,-60.68662643432617,10,10,1,-0.9183101654052734,0.9860497713088989,1
google/gemma-2-2b,control_subject_verb_0129,control_subject_verb,past-tense gender,-48.058815002441406,-52.486934661865234,9,9,1,-0.7917556762695312,0.9154605865478516,1
google/gemma-2-2b,control_subject_verb_0130,control_subject_verb,past-tense gender,-47.812782287597656,-51.681671142578125,12,12,1,-1.0254402160644531,1.0741616487503052,1
google/gemma-2-2b,control_subject_verb_0131,control_subject_verb,past-tense gender,-49.006412506103516,-51.96649169921875,9,9,1,-0.8502501249313354,0.9946955442428589,1
google/gemma-2-2b,control_subject_verb_0132,control_subject_verb,past-tense gender,-46.84443664550781,-51.83219909667969,11,11,1,-1.016427993774414,1.0508842468261719,1
google/gemma-2-2b,control_subject_verb_0133,control_subject_verb,past-tense gender,-53.556182861328125,-59.68549346923828,7,7,1,-0.9753990173339844,1.1427117586135864,1
google/gemma-2-2b,control_subject_verb_0134,control_subject_verb,past-tense gender,-54.87958908081055,-60.156124114990234,9,9,1,-0.8823089599609375,0.9306907653808594,1
google/gemma-2-2b,control_subject_verb_0135,control_subject_verb,past-tense gender,-55.38271713256836,-57.17548370361328,9,10,1,-0.9478722810745239,1.0889586210250854,1
google/gemma-2-2b,control_subject_verb_0136,control_subject_verb,past-tense gender,-42.96790313720703,-48.23432159423828,8,8,1,-0.8387831449508667,0.9436244964599609,1
google/gemma-2-2b,control_subject_verb_0137,control_subject_verb,past-tense gender,-47.921016693115234,-50.98399353027344,12,12,1,-1.1542930603027344,1.2137794494628906,1
google/gemma-2-2b,control_subject_verb_0138,control_subject_verb,past-tense gender,-51.09814453125,-53.840736389160156,11,11,1,-1.1259592771530151,1.1918965578079224,1
google/gemma-2-2b,control_subject_verb_0139,control_subject_verb,past-tense gender,-59.80671691894531,-62.788185119628906,11,11,1,-0.7910671234130859,0.8908805847167969,1
google/gemma-2-2b,control_subject_verb_0140,control_subject_verb,past-tense gender,-46.209144592285156,-51.599647521972656,8,8,1,-0.8769949674606323,1.02191162109375,1
google/gemma-2-2b,control_subject_verb_0141,control_subject_verb,past-tense gender,-50.113922119140625,-54.566184997558594,10,10,1,-0.8646506071090698,0.8964272737503052,1
google/gemma-2-2b,control_subject_verb_0142,control_subject_verb,past-tense gender,-50.32768249511719,-51.92546844482422,10,10,1,-0.808263897895813,0.8139438629150391,1
google/gemma-2-2b,control_subject_verb_0143,control_subject_verb,past-tense gender,-46.07476806640625,-52.089080810546875,10,10,1,-0.6886997222900391,0.7903556823730469,1
google/gemma-2-2b,control_subject_verb_0144,control_subject_verb,past-tense gender,-48.92216873168945,-52.81549072265625,11,11,1,-1.0972023010253906,1.1663168668746948,1
google/gemma-2-2b,control_subject_verb_0145,control_subject_verb,past-tense gender,-43.136695861816406,-48.091365814208984,12,12,1,-0.9624862670898438,1.0646820068359375,1
google/gemma-2-2b,control_subject_verb_0146,control_subject_verb,past-tense gender,-44.695884704589844,-48.78211212158203,9,9,1,-0.7799453735351562,0.8183345794677734,1
google/gemma-2-2b,control_subject_verb_0147,control_subject_verb,past-tense gender,-44.48423385620117,-50.043277740478516,9,9,1,-1.084344744682312,1.181406021118164,1
google/gemma-2-2b,control_subject_verb_0148,control_subject_verb,past-tense gender,-53.78014373779297,-57.368927001953125,12,12,1,-1.113144040107727,1.1824798583984375,1
google/gemma-2-2b,control_subject_verb_0149,control_subject_verb,past-tense gender,-55.224342346191406,-59.45033645629883,11,11,1,-0.8910198211669922,0.9197217226028442,1
google/gemma-2-2b,control_subject_verb_0150,control_subject_verb,past-tense gender,-45.89225387573242,-53.42115020751953,9,9,1,-0.6461924314498901,0.7614097595214844,1
google/gemma-2-2b,control_subject_verb_0151,control_subject_verb,past-tense gender,-51.0560188293457,-53.966819763183594,10,10,1,-0.8161221742630005,0.9237555265426636,1
google/gemma-2-2b,control_subject_verb_0152,control_subject_verb,past-tense gender,-51.99860382080078,-58.13719177246094,10,10,1,-0.9242669343948364,1.0967978239059448,1
google/gemma-2-2b,control_subject_verb_0153,control_subject_verb,past-tense gender,-59.41371536254883,-64.79876708984375,7,7,1,-0.8634051084518433,0.9327049255371094,1
google/gemma-2-2b,control_subject_verb_0154,control_subject_verb,past-tense gender,-48.559566497802734,-51.508750915527344,10,9,1,-0.9707890748977661,0.9629688262939453,0
google/gemma-2-2b,control_subject_verb_0155,control_subject_verb,past-tense gender,-48.093387603759766,-51.92753601074219,10,10,1,-0.7810707092285156,0.9043864011764526,1
google/gemma-2-2b,control_subject_verb_0156,control_subject_verb,past-tense gender,-50.057464599609375,-56.61328125,9,9,1,-1.038272738456726,1.1282521486282349,1
google/gemma-2-2b,control_subject_verb_0157,control_subject_verb,past-tense gender,-50.75790023803711,-55.75041961669922,9,9,1,-0.9941922426223755,1.097162127494812,1
google/gemma-2-2b,control_subject_verb_0158,control_subject_verb,past-tense gender,-54.02720642089844,-60.62462615966797,10,9,1,-0.8417681455612183,0.81854248046875,0
google/gemma-2-2b,control_subject_verb_0159,control_subject_verb,past-tense gender,-58.7891960144043,-63.010353088378906,11,10,1,-1.0869635343551636,1.1054819822311401,1
google/gemma-2-2b,control_subject_verb_0160,control_subject_verb,past-tense gender,-62.22527313232422,-65.06683349609375,11,10,1,-1.182119369506836,1.223819613456726,1
google/gemma-2-2b,control_subject_verb_0161,control_subject_verb,past-tense gender,-40.52824401855469,-45.20656204223633,8,8,1,-0.9223936796188354,0.9929275512695312,1
google/gemma-2-2b,control_subject_verb_0162,control_subject_verb,past-tense gender,-45.10050582885742,-48.43450927734375,10,10,1,-0.7358474731445312,0.7780551910400391,1
google/gemma-2-2b,control_subject_verb_0163,control_subject_verb,past-tense gender,-45.69003677368164,-50.1197509765625,8,8,1,-0.7810724973678589,0.8814982175827026,1
google/gemma-2-2b,control_subject_verb_0164,control_subject_verb,past-tense gender,-54.607120513916016,-59.770362854003906,8,8,1,-0.9328919649124146,1.1340522766113281,1
google/gemma-2-2b,control_subject_verb_0165,control_subject_verb,past-tense gender,-47.967079162597656,-51.53288650512695,12,12,1,-1.1687201261520386,1.239345669746399,1
google/gemma-2-2b,control_subject_verb_0166,control_subject_verb,past-tense gender,-43.542171478271484,-48.00414276123047,9,9,1,-0.8421001434326172,0.8607388734817505,1
google/gemma-2-2b,control_subject_verb_0167,control_subject_verb,past-tense gender,-42.18244934082031,-45.78807067871094,10,10,1,-0.6958829164505005,0.7428759336471558,1
google/gemma-2-2b,control_subject_verb_0168,control_subject_verb,past-tense gender,-47.08051300048828,-53.806434631347656,9,9,1,-0.8152389526367188,0.9280109405517578,1
google/gemma-2-2b,control_subject_verb_0169,control_subject_verb,past-tense gender,-44.76968002319336,-50.792640686035156,9,9,1,-0.7940272092819214,0.9309635162353516,1
google/gemma-2-2b,control_subject_verb_0170,control_subject_verb,past-tense gender,-47.691715240478516,-53.35283660888672,8,8,1,-0.8921775817871094,1.1125680208206177,1
google/gemma-2-2b,control_subject_verb_0171,control_subject_verb,past-tense gender,-52.44745635986328,-58.257850646972656,10,9,1,-0.8557186126708984,0.8374978303909302,0
google/gemma-2-2b,control_subject_verb_0172,control_subject_verb,past-tense gender,-41.824195861816406,-44.643035888671875,10,10,1,-0.8144665956497192,0.8420219421386719,1
google/gemma-2-2b,control_subject_verb_0173,control_subject_verb,past-tense gender,-52.13645553588867,-57.69781494140625,11,11,1,-0.8907909393310547,0.9899731874465942,1
google/gemma-2-2b,control_subject_verb_0174,control_subject_verb,past-tense gender,-46.84142303466797,-53.96275329589844,10,10,1,-0.9921913146972656,1.2260454893112183,1
google/gemma-2-2b,control_subject_verb_0175,control_subject_verb,past-tense gender,-55.33497619628906,-60.84109115600586,9,9,1,-1.1711769104003906,1.2251986265182495,1
google/gemma-2-2b,control_subject_verb_0176,control_subject_verb,past-tense gender,-46.11182403564453,-50.34373474121094,12,12,1,-1.0455645322799683,1.1238842010498047,1
google/gemma-2-2b,control_subject_verb_0177,control_subject_verb,past-tense gender,-53.78807830810547,-57.61329650878906,11,11,1,-0.9675253629684448,0.9694042205810547,1
google/gemma-2-2b,control_subject_verb_0178,control_subject_verb,past-tense gender,-50.14433288574219,-56.28303146362305,8,8,1,-0.8692874908447266,1.0775127410888672,1
google/gemma-2-2b,control_subject_verb_0179,control_subject_verb,past-tense gender,-50.98451614379883,-57.11622619628906,10,10,1,-0.6781864166259766,0.7947465181350708,1
google/gemma-2-2b,control_subject_verb_0180,control_subject_verb,past-tense gender,-41.4062614440918,-46.50278091430664,8,8,1,-0.8381938934326172,0.9432851076126099,1
google/gemma-2-2b,control_subject_verb_0181,control_subject_verb,past-tense gender,-55.07386016845703,-58.68787384033203,11,11,1,-1.1562690734863281,1.214559555053711,1
google/gemma-2-2b,control_subject_verb_0182,control_subject_verb,past-tense gender,-49.166751861572266,-54.07571792602539,10,10,1,-0.7944049835205078,0.9153100252151489,1
google/gemma-2-2b,control_subject_verb_0183,control_subject_verb,past-tense gender,-48.745445251464844,-52.85407257080078,11,11,1,-1.0521125793457031,1.1114636659622192,1
google/gemma-2-2b,control_subject_verb_0184,control_subject_verb,past-tense gender,-49.84837341308594,-54.91730499267578,9,9,1,-0.9781990051269531,1.0600357055664062,1
google/gemma-2-2b,control_subject_verb_0185,control_subject_verb,past-tense gender,-49.858619689941406,-53.79365539550781,11,11,1,-1.0546283721923828,1.1629141569137573,1
google/gemma-2-2b,control_subject_verb_0186,control_subject_verb,past-tense gender,-48.71046447753906,-51.985595703125,11,11,1,-0.7302073240280151,0.7722434997558594,1
google/gemma-2-2b,control_subject_verb_0187,control_subject_verb,past-tense gender,-56.254154205322266,-63.309112548828125,8,8,1,-0.8546943664550781,1.0346126556396484,1
google/gemma-2-2b,control_subject_verb_0188,control_subject_verb,past-tense gender,-51.19839859008789,-54.44427490234375,11,11,1,-1.2104721069335938,1.270233154296875,1
google/gemma-2-2b,control_subject_verb_0189,control_subject_verb,past-tense gender,-45.17332077026367,-48.60651397705078,10,10,1,-0.6819305419921875,0.7385120391845703,1
google/gemma-2-2b,control_subject_verb_0190,control_subject_verb,past-tense gender,-52.81732177734375,-56.03815460205078,10,10,1,-1.2486000061035156,1.3016357421875,1
google/gemma-2-2b,control_subject_verb_0191,control_subject_verb,past-tense gender,-42.49565887451172,-47.15642547607422,9,9,1,-1.0191421508789062,1.2124766111373901,1
google/gemma-2-2b,control_subject_verb_0192,control_subject_verb,past-tense gender,-59.56340789794922,-61.55463409423828,12,11,1,-1.0121535062789917,1.0670185089111328,1
google/gemma-2-2b,control_subject_verb_0193,control_subject_verb,past-tense gender,-54.67335510253906,-56.904632568359375,11,10,1,-1.1803854703903198,1.2115440368652344,1
google/gemma-2-2b,control_subject_verb_0194,control_subject_verb,past-tense gender,-47.57221984863281,-52.69546127319336,10,10,1,-0.8770656585693359,0.9585760831832886,1
google/gemma-2-2b,control_subject_verb_0195,control_subject_verb,past-tense gender,-46.46908187866211,-49.26832580566406,11,11,1,-0.797226071357727,0.8546122312545776,1
google/gemma-2-2b,control_subject_verb_0196,control_subject_verb,past-tense gender,-41.64143371582031,-46.07476043701172,10,10,1,-0.7332402467727661,0.8354358673095703,1
google/gemma-2-2b,control_subject_verb_0197,control_subject_verb,past-tense gender,-51.06056213378906,-55.985469818115234,8,8,1,-1.0149251222610474,1.0774364471435547,1
google/gemma-2-2b,control_subject_verb_0198,control_subject_verb,past-tense gender,-49.72832107543945,-54.66094970703125,11,11,1,-1.0990389585494995,1.2083168029785156,1
google/gemma-2-2b,control_subject_verb_0199,control_subject_verb,past-tense gender,-48.04429626464844,-56.29010772705078,12,12,1,-0.9354934692382812,1.0876789093017578,1
google/gemma-2-2b,control_subject_verb_0200,control_subject_verb,past-tense gender,-50.01593017578125,-53.16907501220703,11,11,1,-1.0993708372116089,1.2319526672363281,1
google/gemma-2-2b,control_subject_verb_0201,control_subject_verb,past-tense gender,-46.191471099853516,-51.388065338134766,11,11,1,-1.0390816926956177,1.1406822204589844,1
google/gemma-2-2b,control_subject_verb_0202,control_subject_verb,past-tense gender,-52.83522033691406,-57.99846267700195,10,9,1,-0.8319131135940552,0.8215980529785156,0
google/gemma-2-2b,control_subject_verb_0203,control_subject_verb,past-tense gender,-45.47819519042969,-50.947181701660156,9,9,1,-0.8546199798583984,0.9915981292724609,1
google/gemma-2-2b,control_subject_verb_0204,control_subject_verb,past-tense gender,-42.8558235168457,-45.60185241699219,11,11,1,-0.7915172576904297,0.8465461730957031,1
google/gemma-2-2b,control_subject_verb_0205,control_subject_verb,past-tense gender,-53.6973876953125,-57.55778503417969,10,10,1,-0.8340435028076172,0.9580918550491333,1
google/gemma-2-2b,control_subject_verb_0206,control_subject_verb,past-tense gender,-48.89922332763672,-53.059627532958984,10,10,1,-1.0876199007034302,1.1044844388961792,1
google/gemma-2-2b,control_subject_verb_0207,control_subject_verb,past-tense gender,-44.50587463378906,-48.25626754760742,10,10,1,-1.076131820678711,1.2046602964401245,1
google/gemma-2-2b,control_subject_verb_0208,control_subject_verb,past-tense gender,-53.1865234375,-58.155216217041016,10,10,1,-1.2480907440185547,1.3092442750930786,1
google/gemma-2-2b,control_subject_verb_0209,control_subject_verb,past-tense gender,-52.869544982910156,-55.98041534423828,9,9,1,-0.8964023590087891,0.9520338773727417,1
google/gemma-2-2b,control_subject_verb_0210,control_subject_verb,past-tense gender,-48.79509353637695,-53.70119857788086,9,9,1,-0.7664947509765625,0.8550149202346802,1
google/gemma-2-2b,control_subject_verb_0211,control_subject_verb,past-tense gender,-45.29460906982422,-47.96221160888672,12,12,1,-1.0696582794189453,1.1017893552780151,1
google/gemma-2-2b,control_subject_verb_0212,control_subject_verb,past-tense gender,-50.739810943603516,-58.964088439941406,11,11,1,-0.9725818634033203,1.1052322387695312,1
google/gemma-2-2b,control_subject_verb_0213,control_subject_verb,past-tense gender,-46.28564453125,-51.310543060302734,11,11,1,-0.9007188081741333,1.0011159181594849,1
google/gemma-2-2b,control_subject_verb_0214,control_subject_verb,past-tense gender,-49.913299560546875,-55.36175537109375,10,10,1,-0.8027610778808594,0.8533056974411011,1
google/gemma-2-2b,control_subject_verb_0215,control_subject_verb,past-tense gender,-43.27189636230469,-50.19890594482422,10,10,1,-1.0956040620803833,1.1755238771438599,1
google/gemma-2-2b,control_subject_verb_0216,control_subject_verb,past-tense gender,-46.90898895263672,-53.675018310546875,9,9,1,-0.8240413665771484,0.9714947938919067,1
google/gemma-2-2b,control_subject_verb_0217,control_subject_verb,past-tense gender,-54.974098205566406,-60.029598236083984,10,10,1,-0.8552016019821167,0.8813953399658203,1
google/gemma-2-2b,control_subject_verb_0218,control_subject_verb,past-tense gender,-48.73383331298828,-53.9420166015625,9,9,1,-0.8814201354980469,0.9931392669677734,1
google/gemma-2-2b,control_subject_verb_0219,control_subject_verb,past-tense gender,-51.49458312988281,-57.03490447998047,8,8,1,-1.10272216796875,1.1764658689498901,1
google/gemma-2-2b,control_subject_verb_0220,control_subject_verb,past-tense gender,-53.633262634277344,-59.055580139160156,10,10,1,-0.8892993927001953,0.9212551116943359,1
google/gemma-2-2b,control_subject_verb_0221,control_subject_verb,past-tense gender,-44.79822540283203,-49.44181823730469,9,9,1,-0.7982004880905151,0.8274766206741333,1
google/gemma-2-2b,control_subject_verb_0222,control_subject_verb,past-tense gender,-41.79254150390625,-46.59816360473633,9,9,1,-0.9709873199462891,1.0519657135009766,1
google/gemma-2-2b,control_subject_verb_0223,control_subject_verb,past-tense gender,-48.20496368408203,-51.802146911621094,11,11,1,-1.1420785188674927,1.2265548706054688,1
google/gemma-2-2b,control_subject_verb_0224,control_subject_verb,past-tense gender,-46.24431610107422,-51.50997543334961,10,10,1,-1.0596750974655151,1.1547908782958984,1
google/gemma-2-2b,control_subject_verb_0225,control_subject_verb,past-tense gender,-62.374332427978516,-64.50750732421875,12,11,1,-0.9920501708984375,1.0517196655273438,1
google/gemma-2-2b,control_subject_verb_0226,control_subject_verb,past-tense gender,-50.39647674560547,-55.472137451171875,9,9,1,-1.057052731513977,1.1674844026565552,1
google/gemma-2-2b,control_subject_verb_0227,control_subject_verb,past-tense gender,-48.427059173583984,-52.07146453857422,11,11,1,-0.8684519529342651,0.9835530519485474,1
google/gemma-2-2b,control_subject_verb_0228,control_subject_verb,past-tense gender,-51.20778274536133,-58.849853515625,12,12,1,-0.8860396146774292,1.0472335815429688,1
google/gemma-2-2b,control_subject_verb_0229,control_subject_verb,past-tense gender,-46.72991180419922,-51.3736457824707,8,8,1,-0.844161868095398,0.9599838256835938,1
google/gemma-2-2b,control_subject_verb_0230,control_subject_verb,past-tense gender,-51.447261810302734,-54.57833480834961,11,11,1,-1.2469922304153442,1.2936286926269531,1
google/gemma-2-2b,control_subject_verb_0231,control_subject_verb,past-tense gender,-45.496273040771484,-52.187538146972656,11,11,1,-0.8462467193603516,0.9775295257568359,1
google/gemma-2-2b,control_subject_verb_0232,control_subject_verb,past-tense gender,-46.85073471069336,-52.86172866821289,8,8,1,-0.8167897462844849,0.9514521360397339,1
google/gemma-2-2b,control_subject_verb_0233,control_subject_verb,past-tense gender,-48.048458099365234,-55.00119400024414,10,10,1,-1.0732135772705078,1.2730027437210083,1
google/gemma-2-2b,control_subject_verb_0234,control_subject_verb,past-tense gender,-52.23535919189453,-58.54278564453125,11,11,1,-0.9693411588668823,1.1570566892623901,1
google/gemma-2-2b,control_subject_verb_0235,control_subject_verb,past-tense gender,-49.661415100097656,-56.53943634033203,10,10,1,-0.8007316589355469,0.9303359985351562,1
google/gemma-2-2b,control_subject_verb_0236,control_subject_verb,past-tense gender,-48.389957427978516,-56.15564727783203,11,10,1,-1.0082017183303833,1.0457191467285156,1
google/gemma-2-2b,control_subject_verb_0237,control_subject_verb,past-tense gender,-45.3583984375,-50.276920318603516,8,8,1,-0.8377875089645386,1.0067464113235474,1
google/gemma-2-2b,control_subject_verb_0238,control_subject_verb,past-tense gender,-43.07306671142578,-45.259639739990234,10,10,1,-0.7913799285888672,0.8754998445510864,1
google/gemma-2-2b,control_subject_verb_0239,control_subject_verb,past-tense gender,-50.174163818359375,-52.558692932128906,11,11,1,-0.918289065361023,1.0333499908447266,1
google/gemma-2-2b,control_subject_verb_0240,control_subject_verb,past-tense gender,-40.01854705810547,-47.77366256713867,9,9,1,-0.750512957572937,0.8695278167724609,1
google/gemma-2-2b,control_subject_verb_0241,control_subject_verb,past-tense gender,-50.78406524658203,-55.87074279785156,10,10,1,-0.9996376037597656,1.0909823179244995,1
google/gemma-2-2b,control_subject_verb_0242,control_subject_verb,past-tense gender,-44.06673049926758,-45.90050506591797,11,11,1,-1.033328890800476,1.1183911561965942,1
google/gemma-2-2b,control_subject_verb_0243,control_subject_verb,past-tense gender,-44.753562927246094,-47.546485900878906,9,9,1,-0.8804359436035156,0.8997554779052734,1
google/gemma-2-2b,control_subject_verb_0244,control_subject_verb,past-tense gender,-50.26784133911133,-52.805877685546875,10,10,1,-0.9356671571731567,1.033138394355774,1
google/gemma-2-2b,control_subject_verb_0245,control_subject_verb,past-tense gender,-52.419151306152344,-57.80661392211914,10,10,1,-0.9002017974853516,0.9640884399414062,1
google/gemma-2-2b,control_subject_verb_0246,control_subject_verb,past-tense gender,-43.4038200378418,-47.14509201049805,9,9,1,-0.8280105590820312,0.9414958953857422,1
google/gemma-2-2b,control_subject_verb_0247,control_subject_verb,past-tense gender,-54.93994140625,-58.31025695800781,11,11,1,-1.1756954193115234,1.2553596496582031,1
google/gemma-2-2b,control_subject_verb_0248,control_subject_verb,past-tense gender,-49.444644927978516,-55.40595626831055,9,9,1,-1.0797861814498901,1.259182095527649,1
google/gemma-2-2b,control_subject_verb_0249,control_subject_verb,past-tense gender,-51.68751525878906,-56.904117584228516,10,10,1,-0.7699319124221802,0.8857535123825073,1
google/gemma-2-2b,control_subject_verb_0250,control_subject_verb,past-tense gender,-49.560874938964844,-50.91029357910156,9,9,1,-0.827056884765625,0.8464432954788208,1
google/gemma-2-2b,control_subject_verb_0251,control_subject_verb,past-tense gender,-43.362518310546875,-50.514835357666016,9,9,1,-0.9424705505371094,0.9912700653076172,1
google/gemma-2-2b,control_subject_verb_0252,control_subject_verb,past-tense gender,-45.4517822265625,-52.320594787597656,10,10,1,-0.8478660583496094,0.9762325286865234,1
google/gemma-2-2b,control_subject_verb_0253,control_subject_verb,past-tense gender,-45.171295166015625,-52.11216735839844,11,11,1,-1.1112327575683594,1.1755104064941406,1
google/gemma-2-2b,control_subject_verb_0254,control_subject_verb,past-tense gender,-52.896484375,-56.71791458129883,11,11,1,-1.1269683837890625,1.2323932647705078,1
google/gemma-2-2b,control_subject_verb_0255,control_subject_verb,past-tense gender,-55.02724075317383,-60.97549819946289,9,9,1,-0.8463708162307739,0.9932785034179688,1
google/gemma-2-2b,control_subject_verb_0256,control_subject_verb,past-tense gender,-55.742618560791016,-58.804115295410156,10,10,1,-0.8758069276809692,0.9349536895751953,1
google/gemma-2-2b,control_subject_verb_0257,control_subject_verb,past-tense gender,-52.16758728027344,-55.568817138671875,12,12,1,-1.0757389068603516,1.1507110595703125,1
google/gemma-2-2b,control_subject_verb_0258,control_subject_verb,past-tense gender,-40.81480026245117,-44.22941207885742,11,11,1,-1.073745846748352,1.1060447692871094,1
google/gemma-2-2b,control_subject_verb_0259,control_subject_verb,past-tense gender,-50.992164611816406,-56.259429931640625,10,10,1,-1.174774169921875,1.22296142578125,1
google/gemma-2-2b,control_subject_verb_0260,control_subject_verb,past-tense gender,-48.08673858642578,-52.67417907714844,10,11,1,-0.8269309997558594,0.9315395355224609,1
google/gemma-2-2b,control_subject_verb_0261,control_subject_verb,past-tense gender,-53.713600158691406,-59.029388427734375,11,11,1,-0.8379896879196167,0.9208316802978516,1
google/gemma-2-2b,control_subject_verb_0262,control_subject_verb,past-tense gender,-52.411258697509766,-58.91269302368164,9,9,1,-0.7416591644287109,0.8606719970703125,1
google/gemma-2-2b,control_subject_verb_0263,control_subject_verb,past-tense gender,-49.63304901123047,-52.7744140625,10,10,1,-0.8677082061767578,0.8899383544921875,1
google/gemma-2-2b,control_subject_verb_0264,control_subject_verb,past-tense gender,-49.69935989379883,-55.298614501953125,10,10,1,-1.04925537109375,1.225351333618164,1
google/gemma-2-2b,control_subject_verb_0265,control_subject_verb,past-tense gender,-43.5775146484375,-50.922813415527344,10,10,1,-1.0863418579101562,1.153488039970398,1
google/gemma-2-2b,control_subject_verb_0266,control_subject_verb,past-tense gender,-54.808082580566406,-61.65839385986328,10,10,1,-0.9773101806640625,1.1674214601516724,1
google/gemma-2-2b,control_subject_verb_0267,control_subject_verb,past-tense gender,-49.17795181274414,-55.38535690307617,10,10,1,-1.0073280334472656,1.1038475036621094,1
google/gemma-2-2b,control_subject_verb_0268,control_subject_verb,past-tense gender,-47.02459716796875,-52.85540008544922,9,9,1,-0.8476792573928833,0.885461688041687,1
google/gemma-2-2b,control_subject_verb_0269,control_subject_verb,past-tense gender,-52.13039779663086,-58.892616271972656,9,9,1,-0.9034081697463989,0.9811801910400391,1
google/gemma-2-2b,control_subject_verb_0270,control_subject_verb,past-tense gender,-44.179386138916016,-47.43022155761719,12,12,1,-1.0788078308105469,1.219228744506836,1
google/gemma-2-2b,control_subject_verb_0271,control_subject_verb,past-tense gender,-47.833343505859375,-53.934326171875,10,10,1,-0.7925834655761719,0.931686520576477,1
google/gemma-2-2b,control_subject_verb_0272,control_subject_verb,past-tense gender,-57.224449157714844,-61.102787017822266,9,9,1,-0.9332064390182495,1.0523662567138672,1
google/gemma-2-2b,control_subject_verb_0273,control_subject_verb,past-tense gender,-50.2614860534668,-53.65629577636719,11,11,1,-0.9926567077636719,1.0138797760009766,1
google/gemma-2-2b,control_subject_verb_0274,control_subject_verb,past-tense gender,-46.403053283691406,-51.02214813232422,10,10,1,-1.0154417753219604,1.1256505250930786,1
google/gemma-2-2b,control_subject_verb_0275,control_subject_verb,past-tense gender,-46.99867248535156,-53.33147048950195,10,10,1,-0.8805179595947266,1.0038948059082031,1
google/gemma-2-2b,control_subject_verb_0276,control_subject_verb,past-tense gender,-54.06714630126953,-57.95880889892578,8,8,1,-0.9425276517868042,1.0869026184082031,1
google/gemma-2-2b,control_subject_verb_0277,control_subject_verb,past-tense gender,-42.22858428955078,-45.5533332824707,11,11,1,-0.8447666168212891,0.8513736724853516,1
google/gemma-2-2b,control_subject_verb_0278,control_subject_verb,past-tense gender,-49.00791931152344,-54.71986389160156,10,10,1,-0.9291667938232422,1.0559005737304688,1
google/gemma-2-2b,control_subject_verb_0279,control_subject_verb,past-tense gender,-52.54087829589844,-58.64992141723633,12,12,1,-1.1558417081832886,1.2151888608932495,1
google/gemma-2-2b,control_subject_verb_0280,control_subject_verb,past-tense gender,-50.18532180786133,-52.20076370239258,10,10,1,-0.9748917818069458,1.0634117126464844,1
google/gemma-2-2b,control_subject_verb_0281,control_subject_verb,past-tense gender,-48.219200134277344,-53.835914611816406,10,10,1,-0.7116509675979614,0.7983036041259766,1
google/gemma-2-2b,control_subject_verb_0282,control_subject_verb,past-tense gender,-52.22423553466797,-54.097389221191406,10,11,1,-0.8426132202148438,0.9599226713180542,1
google/gemma-2-2b,control_subject_verb_0283,control_subject_verb,past-tense gender,-60.419639587402344,-62.12956237792969,12,11,1,-1.1469001770019531,1.1881791353225708,1
google/gemma-2-2b,control_subject_verb_0284,control_subject_verb,past-tense gender,-50.17498779296875,-53.44731140136719,11,11,1,-1.0101242065429688,1.111324429512024,1
google/gemma-2-2b,control_subject_verb_0285,control_subject_verb,past-tense gender,-49.503211975097656,-54.739654541015625,11,11,1,-0.972152829170227,1.0653514862060547,1
google/gemma-2-2b,control_subject_verb_0286,control_subject_verb,past-tense gender,-44.35387420654297,-48.024078369140625,11,11,1,-0.7107793092727661,0.8313387632369995,1
google/gemma-2-2b,control_subject_verb_0287,control_subject_verb,past-tense gender,-42.75261688232422,-46.9543342590332,8,8,1,-0.8726178407669067,0.9433956146240234,1
google/gemma-2-2b,control_subject_verb_0288,control_subject_verb,past-tense gender,-64.16658782958984,-66.7367172241211,11,10,1,-1.1220760345458984,1.168249249458313,1
google/gemma-2-2b,control_subject_verb_0289,control_subject_verb,past-tense gender,-52.91004180908203,-58.593990325927734,11,11,1,-0.8893032073974609,1.0694904327392578,1
google/gemma-2-2b,control_subject_verb_0290,control_subject_verb,past-tense gender,-54.37185287475586,-60.93122100830078,10,10,1,-1.0555704832077026,1.2279224395751953,1
google/gemma-2-2b,control_subject_verb_0291,control_subject_verb,past-tense gender,-46.40181350708008,-50.60786819458008,11,11,1,-1.1209602355957031,1.2155400514602661,1
google/gemma-2-2b,control_subject_verb_0292,control_subject_verb,past-tense gender,-57.05839157104492,-63.35393524169922,10,10,1,-1.0062865018844604,1.0841444730758667,1
google/gemma-2-2b,control_subject_verb_0293,control_subject_verb,past-tense gender,-52.71435546875,-55.287559509277344,8,8,1,-0.8050441741943359,0.820398211479187,1
google/gemma-2-2b,control_subject_verb_0294,control_subject_verb,past-tense gender,-44.35641860961914,-48.36476135253906,11,11,1,-1.090810775756836,1.1047190427780151,1
google/gemma-2-2b,control_subject_verb_0295,control_subject_verb,past-tense gender,-63.50506591796875,-67.02759552001953,9,9,1,-1.0316600799560547,1.1221390962600708,1
google/gemma-2-2b,control_subject_verb_0296,control_subject_verb,past-tense gender,-50.54639434814453,-55.68617630004883,10,10,1,-0.8347150087356567,0.9101314544677734,1
google/gemma-2-2b,control_subject_verb_0297,control_subject_verb,past-tense gender,-45.17038345336914,-49.64768981933594,9,9,1,-0.7847309112548828,0.8005447387695312,1
google/gemma-2-2b,control_subject_verb_0298,control_subject_verb,past-tense gender,-46.92011642456055,-51.863616943359375,8,8,1,-0.9061622619628906,1.011703372001648,1
google/gemma-2-2b,control_subject_verb_0299,control_subject_verb,past-tense gender,-45.91450881958008,-53.73571014404297,10,10,1,-0.8672693967819214,1.0042763948440552,1
google/gemma-2-2b,numeral_noun_0000,numeral_noun,2-4 + nom.pl,-44.97840118408203,-47.27981185913086,8,8,1,-1.0507181882858276,1.0303173065185547,0
google/gemma-2-2b,numeral_noun_0001,numeral_noun,2-4 + nom.pl,-47.16630554199219,-49.8919677734375,7,7,1,-1.4052906036376953,1.3670787811279297,0
google/gemma-2-2b,numeral_noun_0002,numeral_noun,2-4 + nom.pl,-39.024444580078125,-39.06468963623047,7,7,1,-0.9379709959030151,0.9233989715576172,0
google/gemma-2-2b,numeral_noun_0003,numeral_noun,2-4 + nom.pl,-38.78327178955078,-36.5184326171875,7,7,0,-0.8098030090332031,0.8070162534713745,0
google/gemma-2-2b,numeral_noun_0004,numeral_noun,2-4 + nom.pl,-39.463768005371094,-43.297630310058594,8,8,1,-1.1384849548339844,1.2315406799316406,1
google/gemma-2-2b,numeral_noun_0005,numeral_noun,2-4 + nom.pl,-40.845237731933594,-41.586631774902344,6,6,1,-0.9999905824661255,1.0168342590332031,1
google/gemma-2-2b,numeral_noun_0006,numeral_noun,2-4 + nom.pl,-41.87323760986328,-40.249969482421875,6,6,0,-1.000919222831726,0.9978618621826172,0
google/gemma-2-2b,numeral_noun_0007,numeral_noun,2-4 + nom.pl,-35.96351623535156,-29.77252197265625,6,6,0,-1.055393099784851,0.9945030212402344,0
google/gemma-2-2b,numeral_noun_0008,numeral_noun,2-4 + nom.pl,-48.94688415527344,-51.3785400390625,10,10,1,-1.1328582763671875,1.1313859224319458,0
google/gemma-2-2b,numeral_noun_0009,numeral_noun,2-4 + nom.pl,-52.15070343017578,-54.66532897949219,9,8,1,-1.122598648071289,1.1104469299316406,0
google/gemma-2-2b,numeral_noun_0010,numeral_noun,2-4 + nom.pl,-44.14670944213867,-44.12439727783203,7,7,0,-1.1863194704055786,1.1885737180709839,1
google/gemma-2-2b,numeral_noun_0011,numeral_noun,2-4 + nom.pl,-38.805171966552734,-44.059242248535156,6,6,1,-1.0175609588623047,1.1141282320022583,1
google/gemma-2-2b,numeral_noun_0012,numeral_noun,2-4 + nom.pl,-38.49031066894531,-44.28900146484375,9,9,1,-1.0912455320358276,1.1267107725143433,1
google/gemma-2-2b,numeral_noun_0013,numeral_noun,2-4 + nom.pl,-48.95637512207031,-49.92256164550781,8,8,1,-0.9807376861572266,0.9817715883255005,1
google/gemma-2-2b,numeral_noun_0014,numeral_noun,2-4 + nom.pl,-35.74674606323242,-30.65361785888672,6,5,0,-0.992538571357727,0.9650249481201172,0
google/gemma-2-2b,numeral_noun_0015,numeral_noun,2-4 + nom.pl,-44.70442199707031,-45.64751052856445,8,7,1,-0.8605117797851562,0.828100323677063,0
google/gemma-2-2b,numeral_noun_0016,numeral_noun,2-4 + nom.pl,-40.33578872680664,-41.98039245605469,6,7,1,-0.9231146574020386,1.0376453399658203,1
google/gemma-2-2b,numeral_noun_0017,numeral_noun,2-4 + nom.pl,-46.432891845703125,-49.739356994628906,8,7,1,-0.8927669525146484,0.9110603332519531,1
google/gemma-2-2b,numeral_noun_0018,numeral_noun,2-4 + nom.pl,-47.905433654785156,-47.786399841308594,6,6,0,-1.1456354856491089,1.161233901977539,1
google/gemma-2-2b,numeral_noun_0019,numeral_noun,2-4 + nom.pl,-44.935646057128906,-46.35077667236328,9,9,1,-0.8902359008789062,0.8660354614257812,0
google/gemma-2-2b,numeral_noun_0020,numeral_noun,2-4 + nom.pl,-45.44115447998047,-47.918128967285156,6,6,1,-1.422750473022461,1.3971060514450073,0
google/gemma-2-2b,numeral_noun_0021,numeral_noun,2-4 + nom.pl,-44.56319046020508,-46.299835205078125,6,6,1,-0.7722568511962891,0.883916974067688,1
google/gemma-2-2b,numeral_noun_0022,numeral_noun,2-4 + nom.pl,-37.720279693603516,-42.6099853515625,6,6,1,-0.9820841550827026,1.0453166961669922,1
google/gemma-2-2b,numeral_noun_0023,numeral_noun,2-4 + nom.pl,-40.08905029296875,-45.67499923706055,6,6,1,-1.1266059875488281,1.135583758354187,1
google/gemma-2-2b,numeral_noun_0024,numeral_noun,2-4 + nom.pl,-46.78235626220703,-47.65650939941406,8,8,1,-1.1475602388381958,1.234954833984375,1
google/gemma-2-2b,numeral_noun_0025,numeral_noun,2-4 + nom.pl,-48.51342010498047,-51.990535736083984,7,7,1,-1.169809341430664,1.2370014190673828,1
google/gemma-2-2b,numeral_noun_0026,numeral_noun,2-4 + nom.pl,-49.733333587646484,-52.074214935302734,8,8,1,-0.9463329315185547,0.9620703458786011,1
google/gemma-2-2b,numeral_noun_0027,numeral_noun,2-4 + nom.pl,-50.973663330078125,-52.37107849121094,6,6,1,-1.175628662109375,1.1578654050827026,0
google/gemma-2-2b,numeral_noun_0028,numeral_noun,2-4 + nom.pl,-49.61143493652344,-49.879085540771484,6,7,1,-1.0620061159133911,1.0413533449172974,0
google/gemma-2-2b,numeral_noun_0029,numeral_noun,2-4 + nom.pl,-46.67542266845703,-46.69280242919922,6,5,1,-1.3661422729492188,1.3496417999267578,0
google/gemma-2-2b,numeral_noun_0030,numeral_noun,2-4 + nom.pl,-48.31437683105469,-53.163780212402344,10,10,1,-1.2301139831542969,1.2553577423095703,1
google/gemma-2-2b,numeral_noun_0031,numeral_noun,2-4 + nom.pl,-32.59754943847656,-35.488487243652344,8,7,1,-1.1485956907272339,1.2190494537353516,1
google/gemma-2-2b,numeral_noun_0032,numeral_noun,2-4 + nom.pl,-50.004188537597656,-51.277042388916016,7,7,1,-1.1761627197265625,1.175369381904602,0
google/gemma-2-2b,numeral_noun_0033,numeral_noun,2-4 + nom.pl,-48.25993728637695,-52.17431640625,8,7,1,-1.0589464902877808,1.0567207336425781,0
google/gemma-2-2b,numeral_noun_0034,numeral_noun,2-4 + nom.pl,-43.08024597167969,-43.76270294189453,8,8,1,-0.8936060667037964,0.8483618497848511,0
google/gemma-2-2b,numeral_noun_0035,numeral_noun,2-4 + nom.pl,-49.27812957763672,-52.190086364746094,9,9,1,-1.0364627838134766,1.0560245513916016,1
google/gemma-2-2b,numeral_noun_0036,numeral_noun,2-4 + nom.pl,-41.721458435058594,-44.664546966552734,7,7,1,-1.0768203735351562,1.061880111694336,0
google/gemma-2-2b,numeral_noun_0037,numeral_noun,2-4 + nom.pl,-51.56974792480469,-53.70857620239258,9,10,1,-0.8766251802444458,0.8992385864257812,1
google/gemma-2-2b,numeral_noun_0038,numeral_noun,2-4 + nom.pl,-45.62795639038086,-48.191261291503906,9,9,1,-0.8579825162887573,0.8201141357421875,0
google/gemma-2-2b,numeral_noun_0039,numeral_noun,2-4 + nom.pl,-46.14899444580078,-43.845489501953125,8,8,0,-0.8444614410400391,0.7820453643798828,0
google/gemma-2-2b,numeral_noun_0040,numeral_noun,2-4 + nom.pl,-44.67512512207031,-46.710418701171875,9,9,1,-1.0326461791992188,1.0558911561965942,1
google/gemma-2-2b,numeral_noun_0041,numeral_noun,2-4 + nom.pl,-49.30028533935547,-50.857669830322266,7,6,1,-1.3496438264846802,1.317215085029602,0
google/gemma-2-2b,numeral_noun_0042,numeral_noun,2-4 + nom.pl,-50.17270278930664,-51.28628158569336,8,8,1,-0.9302979707717896,0.9419326782226562,1
google/gemma-2-2b,numeral_noun_0043,numeral_noun,2-4 + nom.pl,-47.08710479736328,-47.28158187866211,9,9,1,-0.8253002166748047,0.8038922548294067,0
google/gemma-2-2b,numeral_noun_0044,numeral_noun,2-4 + nom.pl,-49.652503967285156,-49.963253021240234,8,7,1,-1.1125602722167969,1.0918655395507812,0
google/gemma-2-2b,numeral_noun_0045,numeral_noun,2-4 + nom.pl,-52.299560546875,-54.42538070678711,7,7,1,-1.114822506904602,1.0761165618896484,0
google/gemma-2-2b,numeral_noun_0046,numeral_noun,2-4 + nom.pl,-50.47547912597656,-51.435691833496094,7,7,1,-1.1473978757858276,1.1610469818115234,1
google/gemma-2-2b,numeral_noun_0047,numeral_noun,2-4 + nom.pl,-44.69274139404297,-49.03778076171875,10,10,1,-0.8781452178955078,0.9341696500778198,1
google/gemma-2-2b,numeral_noun_0048,numeral_noun,2-4 + nom.pl,-38.03558349609375,-45.21492004394531,8,8,1,-1.0741691589355469,1.0779399871826172,1
google/gemma-2-2b,numeral_noun_0049,numeral_noun,2-4 + nom.pl,-45.06678771972656,-49.742740631103516,7,7,1,-1.027395248413086,1.1647967100143433,1
google/gemma-2-2b,numeral_noun_0050,numeral_noun,2-4 + nom.pl,-48.948238372802734,-48.84723663330078,6,5,0,-1.305343747138977,1.2851353883743286,0
google/gemma-2-2b,numeral_noun_0051,numeral_noun,2-4 + nom.pl,-45.854881286621094,-49.143768310546875,8,8,1,-0.9408646821975708,0.919708251953125,0
google/gemma-2-2b,numeral_noun_0052,numeral_noun,2-4 + nom.pl,-55.459964752197266,-60.20946502685547,9,10,1,-1.0108643770217896,1.0433235168457031,1
google/gemma-2-2b,numeral_noun_0053,numeral_noun,2-4 + nom.pl,-51.17474365234375,-52.799076080322266,9,9,1,-0.9177359342575073,0.8981094360351562,0
google/gemma-2-2b,numeral_noun_0054,numeral_noun,2-4 + nom.pl,-50.38520431518555,-50.244361877441406,6,5,0,-1.025915265083313,0.9960500001907349,0
google/gemma-2-2b,numeral_noun_0055,numeral_noun,2-4 + nom.pl,-45.64344787597656,-46.575462341308594,8,8,1,-0.8247318267822266,0.861435055732727,1
google/gemma-2-2b,numeral_noun_0056,numeral_noun,2-4 + nom.pl,-41.757442474365234,-44.375267028808594,7,8,1,-0.9543590545654297,0.9591579437255859,1
google/gemma-2-2b,numeral_noun_0057,numeral_noun,2-4 + nom.pl,-42.165199279785156,-45.418312072753906,7,8,1,-0.9201202392578125,0.9239845275878906,1
google/gemma-2-2b,numeral_noun_0058,numeral_noun,2-4 + nom.pl,-43.32496643066406,-42.04144287109375,7,6,0,-1.1459542512893677,1.2156790494918823,1
google/gemma-2-2b,numeral_noun_0059,numeral_noun,2-4 + nom.pl,-47.4420051574707,-49.83879852294922,6,6,1,-1.2092132568359375,1.2665042877197266,1
google/gemma-2-2b,numeral_noun_0060,numeral_noun,2-4 + nom.pl,-47.06780242919922,-50.02583312988281,9,9,1,-0.9633846282958984,0.9743766784667969,1
google/gemma-2-2b,numeral_noun_0061,numeral_noun,2-4 + nom.pl,-29.294593811035156,-30.396764755249023,7,6,1,-1.1727904081344604,1.239719271659851,1
google/gemma-2-2b,numeral_noun_0062,numeral_noun,2-4 + nom.pl,-45.77668762207031,-47.00105285644531,10,10,1,-0.8758468627929688,0.8159922361373901,0
google/gemma-2-2b,numeral_noun_0063,numeral_noun,2-4 + nom.pl,-42.36363983154297,-44.934532165527344,8,8,1,-0.9629803895950317,0.9797325134277344,1
google/gemma-2-2b,numeral_noun_0064,numeral_noun,2-4 + nom.pl,-40.58570861816406,-41.12834167480469,7,6,1,-1.12921142578125,1.1090792417526245,0
google/gemma-2-2b,numeral_noun_0065,numeral_noun,2-4 + nom.pl,-51.939815521240234,-53.374488830566406,6,6,1,-1.1203747987747192,1.109893798828125,0
google/gemma-2-2b,numeral_noun_0066,numeral_noun,2-4 + nom.pl,-46.43056106567383,-47.3102912902832,8,8,1,-0.9145584106445312,0.9565049409866333,1
google/gemma-2-2b,numeral_noun_0067,numeral_noun,2-4 + nom.pl,-46.919776916503906,-48.113525390625,8,8,1,-0.8641473054885864,0.8973215818405151,1
google/gemma-2-2b,numeral_noun_0068,numeral_noun,2-4 + nom.pl,-28.039697647094727,-27.83541488647461,7,6,0,-1.1428470611572266,1.2081223726272583,1
google/gemma-2-2b,numeral_noun_0069,numeral_noun,2-4 + nom.pl,-52.57879638671875,-53.71233367919922,9,9,1,-1.0541877746582031,1.023483395576477,0
google/gemma-2-2b,numeral_noun_0070,numeral_noun,2-4 + nom.pl,-41.85309600830078,-48.563201904296875,7,7,1,-1.1544305086135864,1.1604442596435547,1
google/gemma-2-2b,numeral_noun_0071,numeral_noun,2-4 + nom.pl,-40.42709732055664,-43.1217155456543,8,8,1,-0.9038640260696411,0.9458714723587036,1
google/gemma-2-2b,numeral_noun_0072,numeral_noun,2-4 + nom.pl,-48.774070739746094,-50.68119812011719,9,9,1,-0.9915752410888672,0.9944418668746948,1
google/gemma-2-2b,numeral_noun_0073,numeral_noun,2-4 + nom.pl,-41.63568115234375,-45.000518798828125,7,7,1,-1.0006502866744995,1.0335959196090698,1
google/gemma-2-2b,numeral_noun_0074,numeral_noun,2-4 + nom.pl,-43.129005432128906,-44.4510498046875,8,8,1,-1.1934300661087036,1.1888275146484375,0
google/gemma-2-2b,numeral_noun_0075,numeral_noun,2-4 + nom.pl,-48.65312194824219,-48.85333251953125,6,6,1,-1.1310194730758667,1.1408100128173828,1
google/gemma-2-2b,numeral_noun_0076,numeral_noun,2-4 + nom.pl,-39.619422912597656,-42.269134521484375,7,7,1,-1.1260108947753906,1.1454657316207886,1
google/gemma-2-2b,numeral_noun_0077,numeral_noun,2-4 + nom.pl,-50.99908447265625,-51.32706832885742,7,7,1,-1.1543503999710083,1.1712646484375,1
google/gemma-2-2b,numeral_noun_0078,numeral_noun,2-4 + nom.pl,-43.98665237426758,-44.480751037597656,8,8,1,-0.9150447845458984,0.8976631164550781,0
google/gemma-2-2b,numeral_noun_0079,numeral_noun,2-4 + nom.pl,-50.644195556640625,-57.553245544433594,8,9,1,-0.955163836479187,0.9722288846969604,1
google/gemma-2-2b,numeral_noun_0080,numeral_noun,2-4 + nom.pl,-40.097625732421875,-32.57618713378906,6,6,0,-0.9114571809768677,0.9271448850631714,1
google/gemma-2-2b,numeral_noun_0081,numeral_noun,2-4 + nom.pl,-51.84586715698242,-51.22282409667969,7,7,0,-0.8120708465576172,0.8595161437988281,1
google/gemma-2-2b,numeral_noun_0082,numeral_noun,2-4 + nom.pl,-49.44743347167969,-51.858219146728516,7,7,1,-1.071517825126648,1.1098707914352417,1
google/gemma-2-2b,numeral_noun_0083,numeral_noun,2-4 + nom.pl,-45.54866027832031,-50.99037170410156,10,10,1,-0.975631833076477,1.0158920288085938,1
google/gemma-2-2b,numeral_noun_0084,numeral_noun,2-4 + nom.pl,-43.87561798095703,-43.644325256347656,9,9,0,-0.8516558408737183,0.7963981628417969,0
google/gemma-2-2b,numeral_noun_0085,numeral_noun,2-4 + nom.pl,-47.554927825927734,-48.44480895996094,7,7,1,-1.0327357053756714,0.9946917295455933,0
google/gemma-2-2b,numeral_noun_0086,numeral_noun,2-4 + nom.pl,-49.97401428222656,-50.84735870361328,5,5,1,-0.9482269287109375,1.0133589506149292,1
google/gemma-2-2b,numeral_noun_0087,numeral_noun,2-4 + nom.pl,-40.21584701538086,-39.93977355957031,7,7,0,-0.9220541715621948,0.8541775941848755,0
google/gemma-2-2b,numeral_noun_0088,numeral_noun,2-4 + nom.pl,-48.12440490722656,-48.30659484863281,7,7,1,-1.0491048097610474,1.0969125032424927,1
google/gemma-2-2b,numeral_noun_0089,numeral_noun,2-4 + nom.pl,-46.34894561767578,-48.14870834350586,6,5,1,-1.2470933198928833,1.1787701845169067,0
google/gemma-2-2b,numeral_noun_0090,numeral_noun,2-4 + nom.pl,-49.92893981933594,-52.42387390136719,9,8,1,-0.9351272583007812,0.9138317108154297,0
google/gemma-2-2b,numeral_noun_0091,numeral_noun,2-4 + nom.pl,-45.40337371826172,-46.769981384277344,9,9,1,-0.9347076416015625,0.9377555847167969,1
google/gemma-2-2b,numeral_noun_0092,numeral_noun,2-4 + nom.pl,-44.36771774291992,-45.413291931152344,9,9,1,-0.8413944244384766,0.7643929719924927,0
google/gemma-2-2b,numeral_noun_0093,numeral_noun,2-4 + nom.pl,-47.73100280761719,-48.873931884765625,6,6,1,-1.1496027708053589,1.1806029081344604,1
google/gemma-2-2b,numeral_noun_0094,numeral_noun,2-4 + nom.pl,-48.06787872314453,-52.619815826416016,7,7,1,-1.1620445251464844,1.2966575622558594,1
google/gemma-2-2b,numeral_noun_0095,numeral_noun,2-4 + nom.pl,-41.577598571777344,-34.09428405761719,6,5,0,-0.7812689542770386,0.7862224578857422,1
google/gemma-2-2b,numeral_noun_0096,numeral_noun,2-4 + nom.pl,-37.462982177734375,-44.391014099121094,8,8,1,-1.0711727142333984,1.0927506685256958,1
google/gemma-2-2b,numeral_noun_0097,numeral_noun,2-4 + nom.pl,-51.823944091796875,-53.89311218261719,7,8,1,-0.995513916015625,0.9794673919677734,0
google/gemma-2-2b,numeral_noun_0098,numeral_noun,2-4 + nom.pl,-51.52497863769531,-53.55967330932617,7,8,1,-1.1744194030761719,1.2289105653762817,1
google/gemma-2-2b,numeral_noun_0099,numeral_noun,2-4 + nom.pl,-39.85841369628906,-42.75300979614258,7,6,1,-1.0254364013671875,1.0551432371139526,1
google/gemma-2-2b,numeral_noun_0100,numeral_noun,2-4 + nom.pl,-49.13013458251953,-50.84202575683594,7,7,1,-1.0977457761764526,1.1431655883789062,1
google/gemma-2-2b,numeral_noun_0101,numeral_noun,2-4 + nom.pl,-53.47160339355469,-60.78635787963867,9,9,1,-1.0290603637695312,1.135888934135437,1
google/gemma-2-2b,numeral_noun_0102,numeral_noun,2-4 + nom.pl,-49.63216018676758,-51.27733612060547,8,8,1,-1.1800041198730469,1.263418197631836,1
google/gemma-2-2b,numeral_noun_0103,numeral_noun,2-4 + nom.pl,-45.84026336669922,-47.38187789916992,7,7,1,-0.9785081148147583,0.9753894805908203,0
google/gemma-2-2b,numeral_noun_0104,numeral_noun,2-4 + nom.pl,-53.98234558105469,-54.80608367919922,7,7,1,-1.0984705686569214,1.0945931673049927,0
google/gemma-2-2b,numeral_noun_0105,numeral_noun,2-4 + nom.pl,-40.22141647338867,-35.91039276123047,6,6,0,-0.7846412658691406,0.8519821166992188,1
google/gemma-2-2b,numeral_noun_0106,numeral_noun,2-4 + nom.pl,-48.70477294921875,-50.29465103149414,6,5,1,-1.2476617097854614,1.159793734550476,0
google/gemma-2-2b,numeral_noun_0107,numeral_noun,2-4 + nom.pl,-36.6149787902832,-38.38862228393555,6,7,1,-0.9361933469772339,0.90625,0
google/gemma-2-2b,numeral_noun_0108,numeral_noun,2-4 + nom.pl,-53.29742431640625,-55.42279052734375,8,8,1,-0.9766769409179688,0.9626731872558594,0
google/gemma-2-2b,numeral_noun_0109,numeral_noun,2-4 + nom.pl,-51.555904388427734,-50.76808547973633,6,6,0,-0.9437559843063354,1.0242899656295776,1
google/gemma-2-2b,numeral_noun_0110,numeral_noun,2-4 + nom.pl,-50.946773529052734,-48.65046691894531,6,6,0,-0.7490463256835938,0.7880821228027344,1
google/gemma-2-2b,numeral_noun_0111,numeral_noun,2-4 + nom.pl,-43.676361083984375,-49.756839752197266,7,7,1,-1.1074085235595703,1.1742401123046875,1
google/gemma-2-2b,numeral_noun_0112,numeral_noun,2-4 + nom.pl,-46.45025634765625,-41.38356399536133,6,7,0,-0.8463135957717896,0.8682632446289062,1
google/gemma-2-2b,numeral_noun_0113,numeral_noun,2-4 + nom.pl,-43.76384353637695,-45.47941589355469,8,8,1,-0.9721240997314453,0.9676858186721802,0
google/gemma-2-2b,numeral_noun_0114,numeral_noun,2-4 + nom.pl,-51.21592712402344,-50.990272521972656,7,6,0,-1.0511302947998047,1.0157967805862427,0
google/gemma-2-2b,numeral_noun_0115,numeral_noun,2-4 + nom.pl,-44.802215576171875,-44.295475006103516,7,8,0,-0.8880825042724609,0.8690375089645386,0
google/gemma-2-2b,numeral_noun_0116,numeral_noun,2-4 + nom.pl,-27.080074310302734,-30.35215187072754,6,6,1,-1.1058140993118286,1.1976815462112427,1
google/gemma-2-2b,numeral_noun_0117,numeral_noun,2-4 + nom.pl,-44.77227020263672,-49.5474739074707,8,8,1,-0.9546583890914917,1.0729180574417114,1
google/gemma-2-2b,numeral_noun_0118,numeral_noun,2-4 + nom.pl,-49.19761657714844,-49.7357177734375,6,6,1,-1.269887924194336,1.2914448976516724,1
google/gemma-2-2b,numeral_noun_0119,numeral_noun,2-4 + nom.pl,-43.32798767089844,-43.05134963989258,10,10,0,-0.8245525360107422,0.7792453765869141,0
google/gemma-2-2b,numeral_noun_0120,numeral_noun,2-4 + nom.pl,-40.30970764160156,-38.59172058105469,7,7,0,-0.9575519561767578,0.9652061462402344,1
google/gemma-2-2b,numeral_noun_0121,numeral_noun,2-4 + nom.pl,-28.39104461669922,-32.981658935546875,6,6,1,-1.1276130676269531,1.2083245515823364,1
google/gemma-2-2b,numeral_noun_0122,numeral_noun,2-4 + nom.pl,-39.27374267578125,-38.480682373046875,6,6,0,-1.0337181091308594,0.9966030120849609,0
google/gemma-2-2b,numeral_noun_0123,numeral_noun,2-4 + nom.pl,-49.03173828125,-47.4310302734375,7,6,0,-0.8690317869186401,0.8736132383346558,1
google/gemma-2-2b,numeral_noun_0124,numeral_noun,2-4 + nom.pl,-51.65622329711914,-52.851070404052734,7,7,1,-1.1135330200195312,1.150314450263977,1
google/gemma-2-2b,numeral_noun_0125,numeral_noun,2-4 + nom.pl,-43.06944274902344,-43.81867218017578,9,9,1,-0.8725777864456177,0.8759630918502808,1
google/gemma-2-2b,numeral_noun_0126,numeral_noun,2-4 + nom.pl,-49.168800354003906,-53.02407455444336,8,8,1,-1.0746574401855469,1.0927505493164062,1
google/gemma-2-2b,numeral_noun_0127,numeral_noun,2-4 + nom.pl,-50.95829391479492,-51.89861297607422,7,7,1,-1.0432626008987427,1.0625896453857422,1
google/gemma-2-2b,numeral_noun_0128,numeral_noun,2-4 + nom.pl,-47.94975280761719,-49.75276184082031,6,7,1,-1.152008056640625,1.1577625274658203,1
google/gemma-2-2b,numeral_noun_0129,numeral_noun,2-4 + nom.pl,-46.3443603515625,-48.36137008666992,8,8,1,-1.0410710573196411,1.078023910522461,1
google/gemma-2-2b,numeral_noun_0130,numeral_noun,2-4 + nom.pl,-43.96665573120117,-45.002872467041016,7,8,1,-1.0637491941452026,1.051233172416687,0
google/gemma-2-2b,numeral_noun_0131,numeral_noun,2-4 + nom.pl,-49.62424850463867,-50.92605209350586,8,8,1,-1.0006771087646484,0.951513409614563,0
google/gemma-2-2b,numeral_noun_0132,numeral_noun,2-4 + nom.pl,-49.28508758544922,-51.08583068847656,8,9,1,-0.8234043121337891,0.8047295808792114,0
google/gemma-2-2b,numeral_noun_0133,numeral_noun,2-4 + nom.pl,-48.104331970214844,-52.0722770690918,6,6,1,-1.1297701597213745,1.1748065948486328,1
google/gemma-2-2b,numeral_noun_0134,numeral_noun,2-4 + nom.pl,-41.185791015625,-43.10808563232422,8,7,1,-1.056386947631836,1.0405521392822266,0
google/gemma-2-2b,numeral_noun_0135,numeral_noun,2-4 + nom.pl,-47.62789535522461,-48.58134460449219,6,6,1,-1.1766451597213745,1.205816388130188,1
google/gemma-2-2b,numeral_noun_0136,numeral_noun,2-4 + nom.pl,-46.95649719238281,-51.224510192871094,8,8,1,-1.1373499631881714,1.146554946899414,1
google/gemma-2-2b,numeral_noun_0137,numeral_noun,2-4 + nom.pl,-47.666664123535156,-50.44853210449219,6,6,1,-1.1282328367233276,1.158163070678711,1
google/gemma-2-2b,numeral_noun_0138,numeral_noun,2-4 + nom.pl,-48.28021240234375,-50.04573059082031,5,5,1,-0.8850612640380859,0.9943027496337891,1
google/gemma-2-2b,numeral_noun_0139,numeral_noun,2-4 + nom.pl,-37.25973129272461,-39.68507385253906,7,7,1,-1.2225379943847656,1.2895793914794922,1
google/gemma-2-2b,numeral_noun_0140,numeral_noun,2-4 + nom.pl,-51.266605377197266,-53.46405029296875,7,8,1,-0.8298892974853516,0.8330098390579224,1
google/gemma-2-2b,numeral_noun_0141,numeral_noun,2-4 + nom.pl,-46.604923248291016,-47.774391174316406,8,7,1,-1.140752911567688,1.2030582427978516,1
google/gemma-2-2b,numeral_noun_0142,numeral_noun,2-4 + nom.pl,-46.83684158325195,-48.19263458251953,6,5,1,-1.1423587799072266,1.1891649961471558,1
google/gemma-2-2b,numeral_noun_0143,numeral_noun,2-4 + nom.pl,-41.54558181762695,-41.903419494628906,7,7,1,-1.0472221374511719,1.0772172212600708,1
google/gemma-2-2b,numeral_noun_0144,numeral_noun,2-4 + nom.pl,-43.43114471435547,-45.79204177856445,7,6,1,-0.9540653228759766,0.9231683015823364,0
google/gemma-2-2b,numeral_noun_0145,numeral_noun,2-4 + nom.pl,-38.11417007446289,-30.188480377197266,5,5,0,-0.7037526369094849,0.7246894836425781,1
google/gemma-2-2b,numeral_noun_0146,numeral_noun,2-4 + nom.pl,-45.84956359863281,-46.45165252685547,8,8,1,-0.9808844327926636,0.972869873046875,0
google/gemma-2-2b,numeral_noun_0147,numeral_noun,2-4 + nom.pl,-45.16178894042969,-47.648582458496094,6,6,1,-1.376638412475586,1.3686580657958984,0
google/gemma-2-2b,numeral_noun_0148,numeral_noun,2-4 + nom.pl,-44.909183502197266,-46.22949981689453,9,9,1,-0.8906210660934448,0.8749904632568359,0
google/gemma-2-2b,numeral_noun_0149,numeral_noun,2-4 + nom.pl,-47.83357238769531,-49.956268310546875,8,9,1,-0.8226414918899536,0.8133888244628906,0
google/gemma-2-2b,numeral_noun_0150,numeral_noun,5+ + gen.pl,-46.35688781738281,-48.93312072753906,10,10,1,-0.8100529909133911,0.8841800689697266,1
google/gemma-2-2b,numeral_noun_0151,numeral_noun,5+ + gen.pl,-43.07574462890625,-49.0333251953125,7,7,1,-1.0438100099563599,1.0983142852783203,1
google/gemma-2-2b,numeral_noun_0152,numeral_noun,5+ + gen.pl,-45.70743179321289,-47.47990798950195,10,9,1,-0.7672863006591797,0.7654476165771484,0
google/gemma-2-2b,numeral_noun_0153,numeral_noun,5+ + gen.pl,-54.56126403808594,-54.700225830078125,8,8,1,-1.0918540954589844,1.0063496828079224,0
google/gemma-2-2b,numeral_noun_0154,numeral_noun,5+ + gen.pl,-51.198699951171875,-57.74029541015625,8,8,1,-0.8312053680419922,0.8724193572998047,1
google/gemma-2-2b,numeral_noun_0155,numeral_noun,5+ + gen.pl,-47.771018981933594,-54.18109893798828,8,8,1,-0.8316365480422974,0.8896541595458984,1
google/gemma-2-2b,numeral_noun_0156,numeral_noun,5+ + gen.pl,-45.58132553100586,-45.72865676879883,7,7,1,-0.9172593355178833,1.0263558626174927,1
google/gemma-2-2b,numeral_noun_0157,numeral_noun,5+ + gen.pl,-42.43061828613281,-49.06774139404297,8,7,1,-0.9028664827346802,0.9201087951660156,1
google/gemma-2-2b,numeral_noun_0158,numeral_noun,5+ + gen.pl,-51.634098052978516,-57.328643798828125,10,9,1,-1.1135348081588745,1.0630054473876953,0
google/gemma-2-2b,numeral_noun_0159,numeral_noun,5+ + gen.pl,-45.717567443847656,-50.91441345214844,11,10,1,-0.7676048278808594,0.8131923675537109,1
google/gemma-2-2b,numeral_noun_0160,numeral_noun,5+ + gen.pl,-49.30219268798828,-52.898773193359375,12,12,1,-0.7458800077438354,0.7648831605911255,1
google/gemma-2-2b,numeral_noun_0161,numeral_noun,5+ + gen.pl,-52.00479507446289,-54.27192687988281,9,9,1,-0.8227177858352661,0.873931884765625,1
google/gemma-2-2b,numeral_noun_0162,numeral_noun,5+ + gen.pl,-47.02994155883789,-54.0966796875,10,9,1,-0.8494127988815308,0.8681658506393433,1
google/gemma-2-2b,numeral_noun_0163,numeral_noun,5+ + gen.pl,-48.01873016357422,-56.083702087402344,10,10,1,-0.8738670349121094,0.9147566556930542,1
google/gemma-2-2b,numeral_noun_0164,numeral_noun,5+ + gen.pl,-42.924888610839844,-45.91302490234375,8,7,1,-0.8558349609375,0.8820247650146484,1
google/gemma-2-2b,numeral_noun_0165,numeral_noun,5+ + gen.pl,-54.12699890136719,-55.10190963745117,9,9,1,-1.0364112854003906,0.9449557065963745,0
google/gemma-2-2b,numeral_noun_0166,numeral_noun,5+ + gen.pl,-39.85551452636719,-48.72488784790039,8,8,1,-0.9145774841308594,0.9334753751754761,1
google/gemma-2-2b,numeral_noun_0167,numeral_noun,5+ + gen.pl,-54.293556213378906,-57.65415954589844,7,7,1,-1.059591293334961,1.0576211214065552,0
google/gemma-2-2b,numeral_noun_0168,numeral_noun,5+ + gen.pl,-42.6088981628418,-48.22674560546875,8,8,1,-0.7822493314743042,0.8273447751998901,1
google/gemma-2-2b,numeral_noun_0169,numeral_noun,5+ + gen.pl,-43.0180549621582,-45.46229934692383,9,8,1,-0.7293491363525391,0.7477378845214844,1
google/gemma-2-2b,numeral_noun_0170,numeral_noun,5+ + gen.pl,-41.54315948486328,-47.4208984375,7,7,1,-0.7796363830566406,0.8273391723632812,1
google/gemma-2-2b,numeral_noun_0171,numeral_noun,5+ + gen.pl,-49.475830078125,-61.701683044433594,10,10,1,-1.1676348447799683,1.1547489166259766,0
google/gemma-2-2b,numeral_noun_0172,numeral_noun,5+ + gen.pl,-49.52222442626953,-58.45682907104492,8,8,1,-1.2166118621826172,1.2366695404052734,1
google/gemma-2-2b,numeral_noun_0173,numeral_noun,5+ + gen.pl,-52.00940704345703,-58.807228088378906,6,6,1,-0.9066964387893677,0.9619789123535156,1
google/gemma-2-2b,numeral_noun_0174,numeral_noun,5+ + gen.pl,-46.86619567871094,-48.85556411743164,9,9,1,-0.9890861511230469,0.9331130981445312,0
google/gemma-2-2b,numeral_noun_0175,numeral_noun,5+ + gen.pl,-52.879669189453125,-57.4797477722168,9,9,1,-0.8817043304443359,0.8724117279052734,0
google/gemma-2-2b,numeral_noun_0176,numeral_noun,5+ + gen.pl,-43.60616683959961,-49.85209655761719,7,7,1,-0.8337078094482422,0.7865962982177734,0
google/gemma-2-2b,numeral_noun_0177,numeral_noun,5+ + gen.pl,-43.533199310302734,-45.818851470947266,8,8,1,-1.0703163146972656,1.0082379579544067,0
google/gemma-2-2b,numeral_noun_0178,numeral_noun,5+ + gen.pl,-57.675315856933594,-60.87494659423828,7,6,1,-0.9178485870361328,0.9400559663772583,1
google/gemma-2-2b,numeral_noun_0179,numeral_noun,5+ + gen.pl,-53.099510192871094,-56.35399627685547,11,10,1,-0.7704659700393677,0.8291987180709839,1
google/gemma-2-2b,numeral_noun_0180,numeral_noun,5+ + gen.pl,-40.311180114746094,-49.99434280395508,7,7,1,-1.0429306030273438,1.1265029907226562,1
google/gemma-2-2b,numeral_noun_0181,numeral_noun,5+ + gen.pl,-41.585296630859375,-47.71073913574219,9,8,1,-0.7343883514404297,0.7485944032669067,1
google/gemma-2-2b,numeral_noun_0182,numeral_noun,5+ + gen.pl,-54.391807556152344,-58.643409729003906,8,8,1,-0.9168568849563599,0.9576684236526489,1
google/gemma-2-2b,numeral_noun_0183,numeral_noun,5+ + gen.pl,-43.198028564453125,-50.36708450317383,9,9,1,-0.9154300689697266,0.9561213254928589,1
google/gemma-2-2b,numeral_noun_0184,numeral_noun,5+ + gen.pl,-53.2823486328125,-61.24762725830078,8,7,1,-1.1573162078857422,1.1090679168701172,0
google/gemma-2-2b,numeral_noun_0185,numeral_noun,5+ + gen.pl,-44.207733154296875,-50.024017333984375,8,8,1,-0.7364768981933594,0.8464736938476562,1
google/gemma-2-2b,numeral_noun_0186,numeral_noun,5+ + gen.pl,-53.29024887084961,-56.181365966796875,7,6,1,-1.0322073698043823,1.0424405336380005,1
google/gemma-2-2b,numeral_noun_0187,numeral_noun,5+ + gen.pl,-56.322750091552734,-57.205902099609375,8,8,1,-0.9530943632125854,1.0042438507080078,1
google/gemma-2-2b,numeral_noun_0188,numeral_noun,5+ + gen.pl,-52.37496566772461,-61.42900848388672,8,8,1,-1.083841323852539,1.0420188903808594,0
google/gemma-2-2b,numeral_noun_0189,numeral_noun,5+ + gen.pl,-48.66438293457031,-51.29775619506836,6,6,1,-1.1032733917236328,0.9569376707077026,0
google/gemma-2-2b,numeral_noun_0190,numeral_noun,5+ + gen.pl,-40.56222915649414,-49.15102005004883,7,7,1,-1.1215248107910156,1.1783448457717896,1
google/gemma-2-2b,numeral_noun_0191,numeral_noun,5+ + gen.pl,-43.4382438659668,-50.830162048339844,8,8,1,-0.7347621917724609,0.7776679992675781,1
google/gemma-2-2b,numeral_noun_0192,numeral_noun,5+ + gen.pl,-45.38225555419922,-47.753387451171875,9,9,1,-0.9963302612304688,0.9522647857666016,0
google/gemma-2-2b,numeral_noun_0193,numeral_noun,5+ + gen.pl,-51.14981460571289,-53.99802017211914,7,7,1,-1.0250321626663208,1.0450860261917114,1
google/gemma-2-2b,numeral_noun_0194,numeral_noun,5+ + gen.pl,-46.903106689453125,-53.41725158691406,7,7,1,-0.7104586362838745,0.7607709169387817,1
google/gemma-2-2b,numeral_noun_0195,numeral_noun,5+ + gen.pl,-50.0057258605957,-53.08629608154297,8,8,1,-0.5288448333740234,0.5990657806396484,1
google/gemma-2-2b,numeral_noun_0196,numeral_noun,5+ + gen.pl,-53.67218780517578,-57.703582763671875,8,8,1,-1.0169391632080078,0.9916552305221558,0
google/gemma-2-2b,numeral_noun_0197,numeral_noun,5+ + gen.pl,-38.453243255615234,-47.626075744628906,10,10,1,-1.0770014524459839,1.0673121213912964,0
google/gemma-2-2b,numeral_noun_0198,numeral_noun,5+ + gen.pl,-43.438079833984375,-46.55280685424805,10,10,1,-0.8460215330123901,0.8780289888381958,1
google/gemma-2-2b,numeral_noun_0199,numeral_noun,5+ + gen.pl,-41.179298400878906,-48.71273422241211,6,6,1,-1.0848923921585083,1.1374893188476562,1
google/gemma-2-2b,numeral_noun_0200,numeral_noun,5+ + gen.pl,-47.96030044555664,-56.14214324951172,10,10,1,-0.9105548858642578,0.9563425779342651,1
google/gemma-2-2b,numeral_noun_0201,numeral_noun,5+ + gen.pl,-45.64525604248047,-52.0794677734375,11,11,1,-0.8353863954544067,0.8477401733398438,1
google/gemma-2-2b,numeral_noun_0202,numeral_noun,5+ + gen.pl,-42.74107360839844,-51.0131950378418,7,6,1,-0.8211879730224609,0.774581789970398,0
google/gemma-2-2b,numeral_noun_0203,numeral_noun,5+ + gen.pl,-46.481483459472656,-46.85935592651367,7,7,1,-1.0810832977294922,1.1631298065185547,1
google/gemma-2-2b,numeral_noun_0204,numeral_noun,5+ + gen.pl,-55.9234619140625,-59.43684005737305,8,8,1,-0.8986167907714844,0.9561214447021484,1
google/gemma-2-2b,numeral_noun_0205,numeral_noun,5+ + gen.pl,-53.9198112487793,-56.61254119873047,10,9,1,-0.7711106538772583,0.7604199647903442,0
google/gemma-2-2b,numeral_noun_0206,numeral_noun,5+ + gen.pl,-55.7056999206543,-58.2020378112793,9,8,1,-0.7512396574020386,0.8166465759277344,1
google/gemma-2-2b,numeral_noun_0207,numeral_noun,5+ + gen.pl,-40.96728515625,-50.76008987426758,7,7,1,-0.9862041473388672,1.0548286437988281,1
google/gemma-2-2b,numeral_noun_0208,numeral_noun,5+ + gen.pl,-50.92192077636719,-58.448585510253906,6,6,1,-1.1774005889892578,1.2052019834518433,1
google/gemma-2-2b,numeral_noun_0209,numeral_noun,5+ + gen.pl,-52.95978927612305,-55.81291198730469,6,6,1,-1.3575401306152344,1.2462444305419922,0
google/gemma-2-2b,numeral_noun_0210,numeral_noun,5+ + gen.pl,-42.96923828125,-51.196937561035156,7,7,1,-1.0897712707519531,1.0703965425491333,0
google/gemma-2-2b,numeral_noun_0211,numeral_noun,5+ + gen.pl,-44.04377365112305,-47.47031784057617,10,10,1,-0.7945917844772339,0.8233718872070312,1
google/gemma-2-2b,numeral_noun_0212,numeral_noun,5+ + gen.pl,-43.26260757446289,-49.264488220214844,9,9,1,-0.6523303985595703,0.6848983764648438,1
google/gemma-2-2b,numeral_noun_0213,numeral_noun,5+ + gen.pl,-43.81103515625,-50.620323181152344,7,7,1,-0.9592132568359375,0.9606342315673828,1
google/gemma-2-2b,numeral_noun_0214,numeral_noun,5+ + gen.pl,-43.34853744506836,-46.82782745361328,9,9,1,-0.8098659515380859,0.8304347991943359,1
google/gemma-2-2b,numeral_noun_0215,numeral_noun,5+ + gen.pl,-41.731536865234375,-44.069091796875,10,9,1,-0.8259049654006958,0.8141803741455078,0
google/gemma-2-2b,numeral_noun_0216,numeral_noun,5+ + gen.pl,-47.07836151123047,-52.175331115722656,9,9,1,-0.9495601654052734,0.9662514925003052,1
google/gemma-2-2b,numeral_noun_0217,numeral_noun,5+ + gen.pl,-52.41297912597656,-55.72369384765625,8,8,1,-1.1008893251419067,1.1169184446334839,1
google/gemma-2-2b,numeral_noun_0218,numeral_noun,5+ + gen.pl,-49.38296127319336,-55.4931640625,9,9,1,-0.8459148406982422,0.8832874298095703,1
google/gemma-2-2b,numeral_noun_0219,numeral_noun,5+ + gen.pl,-54.27438735961914,-58.28032302856445,9,9,1,-0.8739892244338989,0.9080199003219604,1
google/gemma-2-2b,numeral_noun_0220,numeral_noun,5+ + gen.pl,-50.2984619140625,-58.265132904052734,9,9,1,-0.811767578125,0.8475055694580078,1
google/gemma-2-2b,numeral_noun_0221,numeral_noun,5+ + gen.pl,-41.56721115112305,-48.786476135253906,9,9,1,-0.6504764556884766,0.7265547513961792,1
google/gemma-2-2b,numeral_noun_0222,numeral_noun,5+ + gen.pl,-43.88323211669922,-51.153724670410156,9,8,1,-0.6570339202880859,0.672088623046875,1
google/gemma-2-2b,numeral_noun_0223,numeral_noun,5+ + gen.pl,-43.729549407958984,-50.42210388183594,11,10,1,-0.9756413698196411,0.9743576049804688,0
google/gemma-2-2b,numeral_noun_0224,numeral_noun,5+ + gen.pl,-52.65686798095703,-57.87256622314453,7,7,1,-1.004714846611023,1.0384405851364136,1
google/gemma-2-2b,numeral_noun_0225,numeral_noun,5+ + gen.pl,-46.235103607177734,-51.21006774902344,10,9,1,-0.6934927701950073,0.7205219268798828,1
google/gemma-2-2b,numeral_noun_0226,numeral_noun,5+ + gen.pl,-53.6640739440918,-56.88923645019531,6,6,1,-1.1409435272216797,1.0949724912643433,0
google/gemma-2-2b,numeral_noun_0227,numeral_noun,5+ + gen.pl,-43.5290412902832,-49.676856994628906,9,9,1,-0.7626305818557739,0.8111648559570312,1
google/gemma-2-2b,numeral_noun_0228,numeral_noun,5+ + gen.pl,-42.456851959228516,-49.2765007019043,8,8,1,-1.0648974180221558,1.1277008056640625,1
google/gemma-2-2b,numeral_noun_0229,numeral_noun,5+ + gen.pl,-49.544532775878906,-55.29212188720703,12,11,1,-1.0297222137451172,1.0090484619140625,0
google/gemma-2-2b,numeral_noun_0230,numeral_noun,5+ + gen.pl,-43.25395202636719,-50.218387603759766,7,6,1,-0.7630254030227661,0.7504922151565552,0
google/gemma-2-2b,numeral_noun_0231,numeral_noun,5+ + gen.pl,-56.5116081237793,-58.793540954589844,8,8,1,-0.9647331237792969,0.9173277616500854,0
google/gemma-2-2b,numeral_noun_0232,numeral_noun,5+ + gen.pl,-54.23367691040039,-59.58100128173828,9,9,1,-0.9681700468063354,1.0185014009475708,1
google/gemma-2-2b,numeral_noun_0233,numeral_noun,5+ + gen.pl,-52.229774475097656,-53.135013580322266,7,7,1,-1.0979385375976562,1.1822491884231567,1
google/gemma-2-2b,numeral_noun_0234,numeral_noun,5+ + gen.pl,-52.5442008972168,-56.87681198120117,9,9,1,-1.0674208402633667,1.0462628602981567,0
google/gemma-2-2b,numeral_noun_0235,numeral_noun,5+ + gen.pl,-53.71175765991211,-60.51874923706055,9,9,1,-0.8984336853027344,0.9176464080810547,1
google/gemma-2-2b,numeral_noun_0236,numeral_noun,5+ + gen.pl,-49.192283630371094,-60.334537506103516,9,9,1,-1.0926666259765625,1.0860958099365234,0
google/gemma-2-2b,numeral_noun_0237,numeral_noun,5+ + gen.pl,-46.35070037841797,-46.223167419433594,8,8,0,-0.9249305725097656,1.0323809385299683,1
google/gemma-2-2b,numeral_noun_0238,numeral_noun,5+ + gen.pl,-51.943016052246094,-53.452484130859375,6,6,1,-1.1401480436325073,1.1778448820114136,1
google/gemma-2-2b,numeral_noun_0239,numeral_noun,5+ + gen.pl,-42.352264404296875,-47.1251335144043,9,9,1,-0.725519061088562,0.7413425445556641,1
google/gemma-2-2b,numeral_noun_0240,numeral_noun,5+ + gen.pl,-46.17961883544922,-52.1382942199707,7,7,1,-0.8356914520263672,0.8133125305175781,0
google/gemma-2-2b,numeral_noun_0241,numeral_noun,5+ + gen.pl,-47.74607467651367,-50.59389114379883,8,7,1,-0.830001711845398,0.896621823310852,1
google/gemma-2-2b,numeral_noun_0242,numeral_noun,5+ + gen.pl,-52.21879196166992,-59.60517883300781,8,7,1,-1.2067375183105469,1.1777228116989136,0
google/gemma-2-2b,numeral_noun_0243,numeral_noun,5+ + gen.pl,-56.33785629272461,-52.50629425048828,6,6,0,-0.7861517667770386,0.7921600341796875,1
google/gemma-2-2b,numeral_noun_0244,numeral_noun,5+ + gen.pl,-51.46398162841797,-57.431190490722656,8,7,1,-1.0228501558303833,0.9908484220504761,0
google/gemma-2-2b,numeral_noun_0245,numeral_noun,5+ + gen.pl,-57.82145690917969,-58.774723052978516,9,9,1,-0.9661712646484375,1.023050308227539,1
google/gemma-2-2b,numeral_noun_0246,numeral_noun,5+ + gen.pl,-53.308441162109375,-57.912559509277344,6,6,1,-1.0076274871826172,1.0706787109375,1
google/gemma-2-2b,numeral_noun_0247,numeral_noun,5+ + gen.pl,-44.893592834472656,-49.1159553527832,10,10,1,-0.6428623199462891,0.6737384796142578,1
google/gemma-2-2b,numeral_noun_0248,numeral_noun,5+ + gen.pl,-47.066646575927734,-49.826995849609375,7,6,1,-0.9097081422805786,0.9788932800292969,1
google/gemma-2-2b,numeral_noun_0249,numeral_noun,5+ + gen.pl,-46.864566802978516,-52.55370330810547,9,8,1,-0.8517017364501953,0.8109170198440552,0
google/gemma-2-2b,numeral_noun_0250,numeral_noun,5+ + gen.pl,-33.21152114868164,-40.665985107421875,9,9,1,-1.086832046508789,0.9952696561813354,0
google/gemma-2-2b,numeral_noun_0251,numeral_noun,5+ + gen.pl,-48.50393295288086,-53.145633697509766,10,10,1,-0.8395271301269531,0.8535194396972656,1
google/gemma-2-2b,numeral_noun_0252,numeral_noun,5+ + gen.pl,-50.658973693847656,-60.88603210449219,8,8,1,-1.2052000761032104,1.2170658111572266,1
google/gemma-2-2b,numeral_noun_0253,numeral_noun,5+ + gen.pl,-49.69968032836914,-54.32679748535156,7,7,1,-1.2283552885055542,1.2375582456588745,1
google/gemma-2-2b,numeral_noun_0254,numeral_noun,5+ + gen.pl,-40.90960693359375,-46.32121276855469,9,8,1,-0.8017081022262573,0.8149280548095703,1
google/gemma-2-2b,numeral_noun_0255,numeral_noun,5+ + gen.pl,-50.90361785888672,-61.353878021240234,10,10,1,-1.0410594940185547,1.0566235780715942,1
google/gemma-2-2b,numeral_noun_0256,numeral_noun,5+ + gen.pl,-55.05158996582031,-58.277183532714844,8,7,1,-0.8459528684616089,0.8786600828170776,1
google/gemma-2-2b,numeral_noun_0257,numeral_noun,5+ + gen.pl,-46.40547180175781,-54.005226135253906,10,9,1,-0.7815321683883667,0.7705041170120239,0
google/gemma-2-2b,numeral_noun_0258,numeral_noun,5+ + gen.pl,-49.76123046875,-56.10606002807617,8,8,1,-0.9503268003463745,0.9747906923294067,1
google/gemma-2-2b,numeral_noun_0259,numeral_noun,5+ + gen.pl,-53.75452423095703,-55.998252868652344,8,8,1,-0.9194297790527344,0.9997119903564453,1
google/gemma-2-2b,numeral_noun_0260,numeral_noun,5+ + gen.pl,-45.70321273803711,-53.829376220703125,7,7,1,-0.6624490022659302,0.6724205017089844,1
google/gemma-2-2b,numeral_noun_0261,numeral_noun,5+ + gen.pl,-41.07762145996094,-50.65011978149414,9,9,1,-0.9508857727050781,1.0075531005859375,1
google/gemma-2-2b,numeral_noun_0262,numeral_noun,5+ + gen.pl,-47.94444274902344,-50.33673095703125,9,9,1,-1.0023479461669922,1.0041484832763672,1
google/gemma-2-2b,numeral_noun_0263,numeral_noun,5+ + gen.pl,-43.05853271484375,-45.017242431640625,9,8,1,-0.833267331123352,0.8435459136962891,1
google/gemma-2-2b,numeral_noun_0264,numeral_noun,5+ + gen.pl,-47.69172668457031,-51.20166778564453,6,6,1,-0.9209747314453125,0.8655663728713989,0
google/gemma-2-2b,numeral_noun_0265,numeral_noun,5+ + gen.pl,-48.44353485107422,-52.37779235839844,11,10,1,-0.883764386177063,0.8642311096191406,0
google/gemma-2-2b,numeral_noun_0266,numeral_noun,5+ + gen.pl,-54.174400329589844,-57.11128234863281,7,6,1,-1.1536197662353516,1.1526144742965698,0
google/gemma-2-2b,numeral_noun_0267,numeral_noun,5+ + gen.pl,-53.42088317871094,-56.600852966308594,10,10,1,-0.9708806276321411,0.976181149482727,1
google/gemma-2-2b,numeral_noun_0268,numeral_noun,5+ + gen.pl,-43.65045928955078,-50.17845153808594,10,10,1,-0.7568626403808594,0.7910289764404297,1
google/gemma-2-2b,numeral_noun_0269,numeral_noun,5+ + gen.pl,-41.82933807373047,-49.784584045410156,9,9,1,-0.7420560121536255,0.8147543668746948,1
google/gemma-2-2b,numeral_noun_0270,numeral_noun,5+ + gen.pl,-50.925045013427734,-55.212913513183594,8,8,1,-0.8332043886184692,0.8705329895019531,1
google/gemma-2-2b,numeral_noun_0271,numeral_noun,5+ + gen.pl,-47.19463348388672,-50.90855407714844,9,8,1,-0.7045613527297974,0.722976565361023,1
google/gemma-2-2b,numeral_noun_0272,numeral_noun,5+ + gen.pl,-50.00804138183594,-56.81142044067383,9,8,1,-0.7229348421096802,0.723648190498352,1
google/gemma-2-2b,numeral_noun_0273,numeral_noun,5+ + gen.pl,-43.440025329589844,-43.471065521240234,8,8,1,-0.9630317687988281,1.0525037050247192,1
google/gemma-2-2b,numeral_noun_0274,numeral_noun,5+ + gen.pl,-50.639404296875,-56.48847198486328,11,10,1,-0.9698009490966797,0.9306011199951172,0
google/gemma-2-2b,numeral_noun_0275,numeral_noun,5+ + gen.pl,-53.14499282836914,-55.103355407714844,9,8,1,-0.8193892240524292,0.8315678834915161,1
google/gemma-2-2b,numeral_noun_0276,numeral_noun,5+ + gen.pl,-52.62353515625,-56.04732894897461,11,10,1,-0.8294105529785156,0.8733311891555786,1
google/gemma-2-2b,numeral_noun_0277,numeral_noun,5+ + gen.pl,-51.593597412109375,-55.764530181884766,10,10,1,-0.8709505796432495,0.9028968811035156,1
google/gemma-2-2b,numeral_noun_0278,numeral_noun,5+ + gen.pl,-50.15237045288086,-57.105445861816406,10,10,1,-0.7990721464157104,0.8172931671142578,1
google/gemma-2-2b,numeral_noun_0279,numeral_noun,5+ + gen.pl,-43.096405029296875,-48.3865852355957,10,9,1,-1.0037785768508911,0.9871960878372192,0
google/gemma-2-2b,numeral_noun_0280,numeral_noun,5+ + gen.pl,-43.14251708984375,-49.35282516479492,7,7,1,-0.9634780883789062,0.9953536987304688,1
google/gemma-2-2b,numeral_noun_0281,numeral_noun,5+ + gen.pl,-48.429893493652344,-51.17460632324219,8,8,1,-1.128448486328125,1.1890603303909302,1
google/gemma-2-2b,numeral_noun_0282,numeral_noun,5+ + gen.pl,-56.90354919433594,-59.27435302734375,7,6,1,-0.9803048372268677,0.990875244140625,1
google/gemma-2-2b,numeral_noun_0283,numeral_noun,5+ + gen.pl,-50.00136184692383,-54.714012145996094,10,10,1,-1.0428560972213745,1.0500391721725464,1
google/gemma-2-2b,numeral_noun_0284,numeral_noun,5+ + gen.pl,-46.80755615234375,-53.2846794128418,8,8,1,-0.7704830169677734,0.8331414461135864,1
google/gemma-2-2b,numeral_noun_0285,numeral_noun,5+ + gen.pl,-54.51655578613281,-56.85689926147461,9,8,1,-0.8313504457473755,0.8137722015380859,0
google/gemma-2-2b,numeral_noun_0286,numeral_noun,5+ + gen.pl,-52.301513671875,-55.927818298339844,8,8,1,-0.8791313171386719,0.8917447328567505,1
google/gemma-2-2b,numeral_noun_0287,numeral_noun,5+ + gen.pl,-39.29435348510742,-48.686397552490234,6,6,1,-1.164596438407898,1.235738754272461,1
google/gemma-2-2b,numeral_noun_0288,numeral_noun,5+ + gen.pl,-60.54277801513672,-61.251426696777344,7,7,1,-1.0681648254394531,1.1876848936080933,1
google/gemma-2-2b,numeral_noun_0289,numeral_noun,5+ + gen.pl,-51.105987548828125,-57.970191955566406,6,6,1,-0.9909839630126953,1.0408267974853516,1
google/gemma-2-2b,numeral_noun_0290,numeral_noun,5+ + gen.pl,-47.666717529296875,-46.86045837402344,6,6,0,-1.045095443725586,1.0717886686325073,1
google/gemma-2-2b,numeral_noun_0291,numeral_noun,5+ + gen.pl,-54.00393295288086,-58.56018829345703,10,10,1,-0.7441196441650391,0.7812728881835938,1
google/gemma-2-2b,numeral_noun_0292,numeral_noun,5+ + gen.pl,-45.945377349853516,-49.86651611328125,7,7,1,-0.8399924039840698,0.8811551332473755,1
google/gemma-2-2b,numeral_noun_0293,numeral_noun,5+ + gen.pl,-43.66603088378906,-50.647377014160156,8,8,1,-0.8471660614013672,0.8711854219436646,1
google/gemma-2-2b,numeral_noun_0294,numeral_noun,5+ + gen.pl,-44.565269470214844,-45.13835906982422,9,9,1,-0.9765795469284058,1.0344791412353516,1
google/gemma-2-2b,numeral_noun_0295,numeral_noun,5+ + gen.pl,-52.029869079589844,-58.57464599609375,7,7,1,-0.9142950773239136,0.943130612373352,1
google/gemma-2-2b,numeral_noun_0296,numeral_noun,5+ + gen.pl,-54.426998138427734,-59.54801940917969,9,8,1,-1.0367451906204224,1.0655994415283203,1
google/gemma-2-2b,numeral_noun_0297,numeral_noun,5+ + gen.pl,-49.352020263671875,-54.65251159667969,9,9,1,-0.9048234224319458,0.9370592832565308,1
google/gemma-2-2b,numeral_noun_0298,numeral_noun,5+ + gen.pl,-53.02200698852539,-57.10845947265625,11,10,1,-0.9971199035644531,1.0241127014160156,1
google/gemma-2-2b,numeral_noun_0299,numeral_noun,5+ + gen.pl,-46.66070556640625,-53.20124816894531,11,10,1,-0.7526454925537109,0.769989013671875,1
google/gemma-2-2b,verb_government_0000,verb_government,дякувати кому,-26.196239471435547,-32.47407913208008,8,8,1,-0.890533447265625,0.9215717315673828,1
google/gemma-2-2b,verb_government_0001,verb_government,дякувати кому,-37.73658752441406,-38.84715270996094,8,7,1,-0.9124755859375,0.8772753477096558,0
google/gemma-2-2b,verb_government_0002,verb_government,дякувати кому,-42.295013427734375,-44.873939514160156,11,10,1,-0.9288023710250854,0.9715614318847656,1
google/gemma-2-2b,verb_government_0003,verb_government,дякувати кому,-46.67103958129883,-47.22998809814453,9,8,1,-1.030349850654602,0.9818686246871948,0
google/gemma-2-2b,verb_government_0004,verb_government,дякувати кому,-39.054054260253906,-43.782081604003906,10,10,1,-0.9357357025146484,0.9575309753417969,1
google/gemma-2-2b,verb_government_0005,verb_government,дякувати кому,-31.540653228759766,-33.90359115600586,9,8,1,-0.9398480653762817,0.9910851716995239,1
google/gemma-2-2b,verb_government_0006,verb_government,вибачати кому,-38.49604415893555,-38.96574401855469,10,10,1,-1.172387957572937,1.1061344146728516,0
google/gemma-2-2b,verb_government_0007,verb_government,вибачати кому,-42.52387619018555,-39.73839569091797,10,10,0,-1.0531578063964844,1.072982907295227,1
google/gemma-2-2b,verb_government_0008,verb_government,вибачати кому,-36.34351348876953,-34.83770751953125,8,7,0,-1.0770835876464844,0.947998046875,0
google/gemma-2-2b,verb_government_0009,verb_government,вибачати кому,-39.65687561035156,-40.004493713378906,12,12,1,-0.9971674680709839,0.9498939514160156,0
google/gemma-2-2b,verb_government_0010,verb_government,вибачати кому,-33.7979736328125,-29.12181854248047,8,7,0,-0.9746189117431641,1.0105990171432495,1
google/gemma-2-2b,verb_government_0011,verb_government,навчати чого,-35.15763473510742,-35.31048583984375,8,8,1,-0.9606094360351562,1.0436248779296875,1
google/gemma-2-2b,verb_government_0012,verb_government,навчати чого,-52.000816345214844,-52.832252502441406,8,9,1,-0.8188380002975464,0.8961658477783203,1
google/gemma-2-2b,verb_government_0013,verb_government,навчати чого,-50.008827209472656,-49.07745361328125,10,10,0,-1.0203304290771484,1.0178642272949219,0
google/gemma-2-2b,verb_government_0014,verb_government,навчати чого,-55.376556396484375,-52.55921936035156,9,10,0,-0.9437085390090942,1.0495434999465942,1
google/gemma-2-2b,verb_government_0015,verb_government,вчитися чого,-44.16808319091797,-50.861778259277344,9,10,1,-0.8253785371780396,0.8937855958938599,1
google/gemma-2-2b,verb_government_0016,verb_government,вчитися чого,-46.52101135253906,-47.01781463623047,7,7,1,-0.9086645841598511,0.9384497404098511,1
google/gemma-2-2b,verb_government_0017,verb_government,вчитися чого,-47.56639862060547,-45.93714141845703,8,9,0,-0.7570819854736328,0.8299922943115234,1
google/gemma-2-2b,verb_government_0018,verb_government,вчитися чого,-41.51707458496094,-42.08554458618164,7,8,1,-0.861444354057312,0.9258042573928833,1
google/gemma-2-2b,verb_government_0019,verb_government,опанувати що,-44.093505859375,-47.64057922363281,8,8,1,-1.0244427919387817,1.0312978029251099,1
google/gemma-2-2b,verb_government_0020,verb_government,опанувати що,-45.631690979003906,-49.05461120605469,8,9,1,-1.0993863344192505,1.1740341186523438,1
google/gemma-2-2b,verb_government_0021,verb_government,опанувати що,-38.95597839355469,-46.211158752441406,10,10,1,-0.9799383878707886,0.936737060546875,0
google/gemma-2-2b,verb_government_0022,verb_government,опанувати що,-49.455177307128906,-55.50402069091797,9,9,1,-1.0122871398925781,1.0066146850585938,0
google/gemma-2-2b,verb_government_0023,verb_government,оволодіти чим,-40.4393310546875,-43.162662506103516,8,8,1,-1.045501708984375,1.0627765655517578,1
google/gemma-2-2b,verb_government_0024,verb_government,оволодіти чим,-47.51173400878906,-54.3505859375,10,10,1,-0.9538364410400391,0.972112774848938,1
google/gemma-2-2b,verb_government_0025,verb_government,оволодіти чим,-51.19734191894531,-53.738067626953125,10,9,1,-1.125024676322937,1.0498771667480469,0
google/gemma-2-2b,verb_government_0026,verb_government,хворіти на що,-38.04161071777344,-41.82088088989258,9,8,1,-0.9803026914596558,1.0594825744628906,1
google/gemma-2-2b,verb_government_0027,verb_government,хворіти на що,-34.879173278808594,-40.12709426879883,10,10,1,-1.0412006378173828,1.2014942169189453,1
google/gemma-2-2b,verb_government_0028,verb_government,хворіти на що,-43.47013473510742,-47.680572509765625,12,11,1,-0.9706325531005859,1.0287820100784302,1
google/gemma-2-2b,verb_government_0029,verb_government,одружитися з ким,-35.06330108642578,-37.40349578857422,10,10,1,-1.0113868713378906,1.0147207975387573,1
google/gemma-2-2b,verb_government_0030,verb_government,одружитися з ким,-50.020240783691406,-51.73590850830078,11,10,1,-1.0019474029541016,0.9757919311523438,0
google/gemma-2-2b,verb_government_0031,verb_government,одружитися з ким,-38.22621154785156,-40.19771957397461,13,12,1,-0.9466915130615234,0.9628735780715942,1
google/gemma-2-2b,verb_government_0032,verb_government,сумувати за ким,-32.24919128417969,-41.19343566894531,7,7,1,-1.039520263671875,1.0980262756347656,1
google/gemma-2-2b,verb_government_0033,verb_government,сумувати за ким,-37.83856964111328,-39.590660095214844,9,9,1,-0.8867053985595703,0.9579411745071411,1
google/gemma-2-2b,verb_government_0034,verb_government,сумувати за ким,-43.44956970214844,-46.16184997558594,8,7,1,-1.0652523040771484,1.1109790802001953,1
google/gemma-2-2b,verb_government_0035,verb_government,розмовляти мовою,-28.56208038330078,-32.00690460205078,9,10,1,-0.953374981880188,1.0229454040527344,1
google/gemma-2-2b,verb_government_0036,verb_government,розмовляти мовою,-37.994590759277344,-41.271514892578125,8,9,1,-0.9970722198486328,0.9987430572509766,1
google/gemma-2-2b,verb_government_0037,verb_government,розмовляти мовою,-43.81983947753906,-46.52653884887695,8,9,1,-1.0361003875732422,1.1468563079833984,1
google/gemma-2-2b,verb_government_0038,verb_government,розмовляти мовою,-36.64154052734375,-39.916709899902344,9,10,1,-0.9971199035644531,0.9206943511962891,0
google/gemma-2-2b,verb_government_0039,verb_government,розмовляти мовою,-37.514671325683594,-42.014163970947266,9,10,1,-0.7603511810302734,0.7783832550048828,1
google/gemma-2-2b,verb_government_0040,verb_government,розмовляти мовою,-30.855518341064453,-33.641510009765625,6,7,1,-0.9394969940185547,1.0809078216552734,1
google/gemma-2-2b,verb_government_0041,verb_government,вибачати кому,-37.926246643066406,-38.182701110839844,7,7,1,-0.976348876953125,1.0176258087158203,1
google/gemma-2-2b,verb_government_0042,verb_government,навчати чого,-52.66502380371094,-49.448455810546875,12,12,0,-0.9333513975143433,0.9881724119186401,1
google/gemma-2-2b,verb_government_0043,verb_government,навчати чого,-51.55210876464844,-55.59241485595703,11,12,1,-0.883560299873352,0.8768577575683594,0
google/gemma-2-2b,verb_government_0044,verb_government,вчитися чого,-48.409420013427734,-52.482276916503906,8,9,1,-0.7952117919921875,0.849695086479187,1
google/gemma-2-2b,verb_government_0045,verb_government,вчитися чого,-43.33642578125,-46.177268981933594,8,9,1,-0.8204325437545776,0.7923927307128906,0
google/gemma-2-2b,verb_government_0046,verb_government,опанувати що,-43.92097473144531,-48.97331237792969,9,9,1,-0.983612060546875,0.9896678924560547,1
google/gemma-2-2b,verb_government_0047,verb_government,опанувати що,-43.51841354370117,-52.94789123535156,8,8,1,-0.9264144897460938,0.9187164306640625,0
google/gemma-2-2b,verb_government_0048,verb_government,оволодіти чим,-50.89331817626953,-56.09440612792969,10,10,1,-0.9045945405960083,0.954300045967102,1
google/gemma-2-2b,verb_government_0049,verb_government,оволодіти чим,-67.3977279663086,-67.88079833984375,8,8,1,-1.1080342531204224,1.1035423278808594,0
google/gemma-2-2b,verb_government_0050,verb_government,оволодіти чим,-55.84699249267578,-60.666934967041016,8,8,1,-0.9886913299560547,1.0742682218551636,1
google/gemma-2-2b,verb_government_0051,verb_government,хворіти на що,-37.63069152832031,-41.89079666137695,9,9,1,-1.035669207572937,1.070694088935852,1
google/gemma-2-2b,verb_government_0052,verb_government,хворіти на що,-37.24563217163086,-37.58387756347656,10,9,1,-0.92230224609375,0.9728049039840698,1
google/gemma-2-2b,verb_government_0053,verb_government,хворіти на що,-54.147216796875,-56.12792205810547,11,10,1,-0.8880138397216797,0.9634608030319214,1
google/gemma-2-2b,verb_government_0054,verb_government,одружитися з ким,-51.174442291259766,-58.889556884765625,9,9,1,-1.0482312440872192,1.011031985282898,0
google/gemma-2-2b,verb_government_0055,verb_government,одружитися з ким,-34.01503372192383,-39.948638916015625,10,10,1,-1.121883511543274,1.047439455986023,0
google/gemma-2-2b,verb_government_0056,verb_government,одружитися з ким,-42.90266036987305,-42.13794708251953,12,12,0,-1.0218297243118286,1.0302448272705078,1
google/gemma-2-2b,verb_government_0057,verb_government,сумувати за ким,-42.65281295776367,-44.62800216674805,9,9,1,-0.9621257781982422,0.9651089906692505,1
google/gemma-2-2b,verb_government_0058,verb_government,сумувати за ким,-39.411468505859375,-40.979949951171875,7,7,1,-0.9636975526809692,1.1478729248046875,1
google/gemma-2-2b,verb_government_0059,verb_government,сумувати за ким,-40.52952194213867,-41.16310119628906,9,9,1,-1.0087776184082031,1.0949573516845703,1
google/gemma-2-2b,vocative_0000,vocative,vocative f,-39.1190071105957,-33.00183868408203,10,9,0,-1.1488760709762573,1.0206242799758911,0
google/gemma-2-2b,vocative_0001,vocative,vocative m,-50.79048538208008,-37.11751937866211,10,9,0,-1.0104788541793823,0.8453330993652344,0
google/gemma-2-2b,vocative_0002,vocative,vocative m,-39.06920623779297,-36.284706115722656,11,10,0,-1.1708601713180542,1.12640380859375,0
google/gemma-2-2b,vocative_0003,vocative,vocative m,-42.836021423339844,-35.72076416015625,9,9,0,-1.2907543182373047,1.1937122344970703,0
google/gemma-2-2b,vocative_0004,vocative,vocative m,-56.041622161865234,-50.88609313964844,14,14,0,-1.3109321594238281,1.2123624086380005,0
google/gemma-2-2b,vocative_0005,vocative,vocative m,-61.291561126708984,-53.1676139831543,14,14,0,-1.1039677858352661,1.0215626955032349,0
google/gemma-2-2b,vocative_0006,vocative,vocative m,-51.51325607299805,-45.666507720947266,12,12,0,-1.181207537651062,1.0394477844238281,0
google/gemma-2-2b,vocative_0007,vocative,vocative f,-41.17437744140625,-32.62622833251953,9,8,0,-1.0655555725097656,0.9542350769042969,0
google/gemma-2-2b,vocative_0008,vocative,vocative f,-58.01727294921875,-50.02799606323242,10,9,0,-0.7475795745849609,0.596899151802063,0
google/gemma-2-2b,vocative_0009,vocative,vocative f,-60.5930290222168,-54.02680206298828,9,8,0,-0.8162306547164917,0.7247275114059448,0
google/gemma-2-2b,vocative_0010,vocative,vocative m,-49.64531326293945,-43.167213439941406,10,9,0,-1.0938128232955933,0.9415035247802734,0
google/gemma-2-2b,vocative_0011,vocative,vocative f,-60.18458938598633,-57.239280700683594,11,11,0,-1.0025080442428589,0.9137438535690308,0
google/gemma-2-2b,vocative_0012,vocative,vocative f,-37.09806823730469,-31.765296936035156,11,10,0,-1.1186389923095703,1.0680161714553833,0
google/gemma-2-2b,vocative_0013,vocative,vocative m,-32.35639953613281,-28.64154624938965,7,7,0,-1.0813177824020386,0.9812489748001099,0
google/gemma-2-2b,vocative_0014,vocative,vocative f,-50.43976593017578,-39.75897216796875,13,12,0,-1.0190163850784302,0.9721279144287109,0
google/gemma-2-2b,vocative_0015,vocative,vocative m,-58.02464294433594,-50.66764831542969,14,13,0,-0.9819906949996948,0.9832230806350708,1
google/gemma-2-2b,vocative_0016,vocative,vocative m,-34.73161697387695,-32.09405517578125,10,9,0,-1.013370394706726,0.9831123352050781,0
google/gemma-2-2b,vocative_0017,vocative,vocative f,-40.94633483886719,-36.66640090942383,9,9,0,-1.134658932685852,1.0398788452148438,0
google/gemma-2-2b,vocative_0018,vocative,vocative m,-37.00330352783203,-31.93642234802246,10,9,0,-1.1002235412597656,1.0321120023727417,0
google/gemma-2-2b,vocative_0019,vocative,vocative m,-39.48914337158203,-34.243751525878906,9,9,0,-1.0387229919433594,0.9880636930465698,0
google/gemma-2-2b,vocative_0020,vocative,vocative f,-33.6893196105957,-30.49002456665039,8,8,0,-1.0286483764648438,0.9113904237747192,0
google/gemma-2-2b,vocative_0021,vocative,vocative m,-56.51108169555664,-51.719871520996094,9,9,0,-0.8453770875930786,0.7712060213088989,0
google/gemma-2-2b,vocative_0022,vocative,vocative f,-35.46491622924805,-31.09762954711914,9,9,0,-1.1304378509521484,1.003566861152649,0
google/gemma-2-2b,vocative_0023,vocative,vocative m,-39.12873077392578,-34.229103088378906,10,9,0,-1.2691231966018677,1.1664868593215942,0
google/gemma-2-2b,vocative_0024,vocative,vocative m,-41.14937210083008,-44.43478775024414,13,12,1,-1.0784645080566406,0.9317587614059448,0
google/gemma-2-2b,vocative_0025,vocative,vocative m,-44.17475128173828,-39.10675811767578,9,9,0,-1.1620140075683594,1.1086634397506714,0
google/gemma-2-2b,vocative_0026,vocative,vocative m,-47.846622467041016,-44.238277435302734,10,10,0,-1.0765094757080078,0.9743385314941406,0
google/gemma-2-2b,vocative_0027,vocative,vocative m,-37.62798309326172,-31.827186584472656,10,9,0,-0.9815597534179688,0.9400482177734375,0
google/gemma-2-2b,vocative_0028,vocative,vocative f,-59.074066162109375,-54.49186706542969,12,11,0,-0.988195538520813,0.87518310546875,0
google/gemma-2-2b,vocative_0029,vocative,vocative f,-37.30261993408203,-33.35634994506836,9,9,0,-1.029565691947937,0.9338016510009766,0
google/gemma-2-2b,vocative_0030,vocative,vocative f,-57.777442932128906,-54.029502868652344,11,11,0,-1.0844860076904297,0.94683837890625,0
google/gemma-2-2b,vocative_0031,vocative,vocative m,-56.85453796386719,-52.40145492553711,11,10,0,-1.0638999938964844,0.9566364288330078,0
google/gemma-2-2b,vocative_0032,vocative,vocative f,-39.9456787109375,-37.215484619140625,10,9,0,-1.3247777223587036,1.1567190885543823,0
google/gemma-2-2b,vocative_0033,vocative,vocative m,-58.461570739746094,-55.069252014160156,12,12,0,-0.9768753051757812,0.9846744537353516,1
google/gemma-2-2b,vocative_0034,vocative,vocative f,-50.20835494995117,-41.16884994506836,9,9,0,-0.8540955781936646,0.7354488372802734,0
google/gemma-2-2b,vocative_0035,vocative,vocative m,-36.104042053222656,-33.67762756347656,10,9,0,-1.200277328491211,1.0788078308105469,0
google/gemma-2-2b,vocative_0036,vocative,vocative m,-40.88372039794922,-35.916015625,7,7,0,-1.2001171112060547,1.0588207244873047,0
google/gemma-2-2b,vocative_0037,vocative,vocative m,-46.688926696777344,-48.32640075683594,11,10,1,-0.9602584838867188,0.8384534120559692,0
google/gemma-2-2b,vocative_0038,vocative,vocative m,-54.84778594970703,-53.502601623535156,8,9,0,-0.691299319267273,0.6617832183837891,0
google/gemma-2-2b,vocative_0039,vocative,vocative m,-40.985382080078125,-36.24692916870117,9,8,0,-1.2847384214401245,1.1183377504348755,0
google/gemma-2-2b,vocative_0040,vocative,vocative m,-45.682735443115234,-41.96747970581055,10,9,0,-1.0564957857131958,0.9014509916305542,0
google/gemma-2-2b,vocative_0041,vocative,vocative f,-39.42426681518555,-36.5869140625,9,9,0,-1.2658900022506714,1.1085948944091797,0
google/gemma-2-2b,vocative_0042,vocative,vocative f,-38.47083282470703,-33.25226593017578,10,9,0,-1.006256103515625,0.8462694883346558,0
google/gemma-2-2b,vocative_0043,vocative,vocative f,-59.514678955078125,-56.739295959472656,13,13,0,-1.1118831634521484,1.0136795043945312,0
google/gemma-2-2b,vocative_0044,vocative,vocative m,-54.95075225830078,-53.04435729980469,10,9,0,-0.8844375610351562,0.7702808380126953,0
google/gemma-2-2b,vocative_0045,vocative,vocative f,-62.168216705322266,-57.843589782714844,14,14,0,-1.1863174438476562,1.0896204710006714,0
google/gemma-2-2b,vocative_0046,vocative,vocative m,-62.630882263183594,-55.99147033691406,13,13,0,-1.1281147003173828,1.0558185577392578,0
google/gemma-2-2b,vocative_0047,vocative,vocative m,-62.91635513305664,-54.63603591918945,9,8,0,-0.7956620454788208,0.7374380826950073,0
google/gemma-2-2b,vocative_0048,vocative,vocative f,-60.64506530761719,-54.78351593017578,9,8,0,-0.8227232694625854,0.7146261930465698,0
google/gemma-2-2b,vocative_0049,vocative,vocative f,-47.173606872558594,-39.418094635009766,10,10,0,-1.1351128816604614,0.9282609224319458,0
google/gemma-2-2b,vocative_0050,vocative,vocative f,-37.93126678466797,-36.06401062011719,10,9,0,-1.2126483917236328,1.0897998809814453,0
google/gemma-2-2b,vocative_0051,vocative,vocative m,-46.49325180053711,-40.871055603027344,11,10,0,-1.030120849609375,0.9371317625045776,0
google/gemma-2-2b,vocative_0052,vocative,vocative f,-55.773681640625,-53.10684585571289,12,11,0,-1.0876331329345703,0.9846440553665161,0
google/gemma-2-2b,vocative_0053,vocative,vocative f,-38.56302261352539,-29.794790267944336,7,6,0,-0.9607125520706177,0.7562198638916016,0
google/gemma-2-2b,vocative_0054,vocative,vocative f,-41.79048156738281,-37.21337127685547,11,10,0,-1.2511444091796875,1.0995445251464844,0
google/gemma-2-2b,vocative_0055,vocative,vocative m,-57.73816680908203,-48.08013153076172,11,11,0,-1.0472640991210938,0.9736499786376953,0
google/gemma-2-2b,vocative_0056,vocative,vocative m,-57.059715270996094,-57.557838439941406,9,7,1,-0.7325458526611328,0.6655311584472656,0
google/gemma-2-2b,vocative_0057,vocative,vocative f,-63.2469482421875,-58.58845138549805,13,12,0,-1.0237177610397339,0.8735579252243042,0
google/gemma-2-2b,vocative_0058,vocative,vocative f,-49.75911331176758,-46.132057189941406,12,11,0,-1.1270197629928589,0.9653396606445312,0
google/gemma-2-2b,vocative_0059,vocative,vocative f,-57.86167907714844,-56.102745056152344,9,9,0,-0.9026622772216797,0.7805155515670776,0
google/gemma-2-2b,vocative_0060,vocative,vocative f,-47.470157623291016,-46.555389404296875,9,9,0,-0.9867879152297974,0.911676287651062,0
google/gemma-2-2b,vocative_0061,vocative,vocative m,-36.616268157958984,-31.799484252929688,7,7,0,-1.2628841400146484,1.0794144868850708,0
google/gemma-2-2b,vocative_0062,vocative,vocative m,-59.846046447753906,-52.31053924560547,12,10,0,-0.9943771362304688,0.9337635040283203,0
google/gemma-2-2b,vocative_0063,vocative,vocative m,-54.95271301269531,-51.54493713378906,10,9,0,-1.0807132720947266,0.9410039186477661,0
google/gemma-2-2b,vocative_0064,vocative,vocative m,-52.49440002441406,-48.65426254272461,12,10,0,-1.0644073486328125,0.9880828857421875,0
google/gemma-2-2b,vocative_0065,vocative,vocative m,-35.39723587036133,-29.972126007080078,8,7,0,-1.0390987396240234,0.9440174102783203,0
google/gemma-2-2b,vocative_0066,vocative,vocative m,-54.47072982788086,-51.69874572753906,11,11,0,-1.118804931640625,1.0663013458251953,0
google/gemma-2-2b,vocative_0067,vocative,vocative m,-60.32463455200195,-54.876808166503906,14,14,0,-1.0284061431884766,1.001699447631836,0
google/gemma-2-2b,vocative_0068,vocative,vocative f,-56.75825500488281,-53.08904266357422,13,13,0,-1.1136951446533203,1.0528125762939453,0
google/gemma-2-2b,vocative_0069,vocative,vocative f,-54.850608825683594,-53.16978073120117,12,12,0,-1.0285950899124146,0.95904541015625,0
google/gemma-2-2b,vocative_0070,vocative,vocative m,-46.03056335449219,-44.94505310058594,12,11,0,-1.0419902801513672,0.8992956876754761,0
google/gemma-2-2b,vocative_0071,vocative,vocative m,-57.95705032348633,-53.70444107055664,14,13,0,-1.1493511199951172,1.0347442626953125,0
google/gemma-2-2b,vocative_0072,vocative,vocative f,-44.43301773071289,-38.00870132446289,13,12,0,-0.9678821563720703,0.8197364807128906,0
google/gemma-2-2b,vocative_0073,vocative,vocative m,-36.3802604675293,-33.63352966308594,10,10,0,-1.0538579225540161,1.0095843076705933,0
google/gemma-2-2b,vocative_0074,vocative,vocative m,-34.671661376953125,-31.77385711669922,8,7,0,-1.0930595397949219,0.9183236360549927,0
google/gemma-2-2b,vocative_0075,vocative,vocative m,-61.47890090942383,-52.196529388427734,8,8,0,-0.8415261507034302,0.7570761442184448,0
google/gemma-2-2b,vocative_0076,vocative,vocative m,-50.06605529785156,-41.241539001464844,9,9,0,-0.9820232391357422,0.8633174896240234,0
google/gemma-2-2b,vocative_0077,vocative,vocative m,-58.946407318115234,-55.60753631591797,14,13,0,-1.041610598564148,1.0382252931594849,0
google/gemma-2-2b,vocative_0078,vocative,vocative f,-57.586387634277344,-53.62413024902344,11,10,0,-1.007574200630188,0.9178352355957031,0
google/gemma-2-2b,vocative_0079,vocative,vocative m,-39.095977783203125,-32.36274719238281,10,8,0,-1.011074185371399,0.9581661224365234,0
google/gemma-2-2b,vocative_0080,vocative,vocative f,-60.33326721191406,-50.614990234375,14,13,0,-1.2328988313674927,1.096755862236023,0
google/gemma-2-2b,vocative_0081,vocative,vocative f,-35.740440368652344,-35.34400177001953,10,10,0,-1.261654019355774,1.1220933198928833,0
google/gemma-2-2b,vocative_0082,vocative,vocative m,-67.23258972167969,-56.07070541381836,8,8,0,-0.8576087951660156,0.787155032157898,0
google/gemma-2-2b,vocative_0083,vocative,vocative m,-42.94356918334961,-35.48550796508789,10,8,0,-1.2867393493652344,1.1336346864700317,0
google/gemma-2-2b,vocative_0084,vocative,vocative m,-55.81427001953125,-58.59007263183594,13,12,1,-1.0685614347457886,0.9715290069580078,0
google/gemma-2-2b,vocative_0085,vocative,vocative f,-64.9518051147461,-56.8204460144043,15,14,0,-1.1242197751998901,0.9581583738327026,0
google/gemma-2-2b,vocative_0086,vocative,vocative m,-59.58745574951172,-55.84051513671875,9,7,0,-0.8093910217285156,0.777673602104187,0
google/gemma-2-2b,vocative_0087,vocative,vocative m,-47.77440643310547,-43.91862487792969,10,10,0,-0.9079264402389526,0.8699930906295776,0
google/gemma-2-2b,vocative_0088,vocative,vocative m,-51.17796325683594,-53.578487396240234,10,9,1,-1.090671420097351,0.9314290285110474,0
google/gemma-2-2b,vocative_0089,vocative,vocative f,-46.971946716308594,-48.58769226074219,9,9,1,-0.8811550140380859,0.8272895812988281,0
google/gemma-2-2b,vocative_0090,vocative,vocative m,-47.53839874267578,-42.81863021850586,12,12,0,-1.1467227935791016,1.0635051727294922,0
google/gemma-2-2b,vocative_0091,vocative,vocative f,-49.56012725830078,-45.15074157714844,12,12,0,-1.1018714904785156,0.9454059600830078,0
google/gemma-2-2b,vocative_0092,vocative,vocative f,-60.691131591796875,-49.19020080566406,15,14,0,-1.1326618194580078,1.0253335237503052,0
google/gemma-2-2b,vocative_0093,vocative,vocative m,-55.01136016845703,-47.65662384033203,9,9,0,-1.0711631774902344,0.9814109802246094,0
google/gemma-2-2b,vocative_0094,vocative,vocative m,-55.980224609375,-52.44868087768555,11,10,0,-1.0036849975585938,0.9062824249267578,0
google/gemma-2-2b,vocative_0095,vocative,vocative f,-36.834861755371094,-35.99656295776367,10,9,0,-1.2311992645263672,1.0553321838378906,0
google/gemma-2-2b,vocative_0096,vocative,vocative f,-37.30577087402344,-31.306108474731445,8,7,0,-1.0135879516601562,0.796747088432312,0
google/gemma-2-2b,vocative_0097,vocative,vocative f,-37.628379821777344,-32.64739990234375,9,8,0,-0.9121228456497192,0.9138795137405396,1
google/gemma-2-2b,vocative_0098,vocative,vocative f,-42.38393020629883,-37.932762145996094,10,10,0,-1.2711752653121948,1.208456039428711,0
google/gemma-2-2b,vocative_0099,vocative,vocative f,-34.276981353759766,-31.445602416992188,8,7,0,-1.0116405487060547,0.9316310882568359,0
google/gemma-2-2b,vocative_0100,vocative,vocative m,-59.06502151489258,-51.583160400390625,12,11,0,-0.9856643676757812,0.918502688407898,0
google/gemma-2-2b,vocative_0101,vocative,vocative m,-50.971961975097656,-49.961456298828125,15,14,0,-1.1574801206588745,1.0576552152633667,0
google/gemma-2-2b,vocative_0102,vocative,vocative m,-57.13390350341797,-49.35155487060547,14,13,0,-1.0632362365722656,1.0126514434814453,0
google/gemma-2-2b,vocative_0103,vocative,vocative m,-50.426185607910156,-43.029754638671875,9,9,0,-1.0297414064407349,0.9388828277587891,0
google/gemma-2-2b,vocative_0104,vocative,vocative m,-37.37578582763672,-31.290193557739258,9,9,0,-1.2737807035446167,1.2399940490722656,0
google/gemma-2-2b,vocative_0105,vocative,vocative m,-52.32530975341797,-48.989845275878906,12,12,0,-0.957183837890625,0.9160861968994141,0
google/gemma-2-2b,vocative_0106,vocative,vocative f,-57.13268280029297,-55.01137161254883,14,14,0,-1.1825027465820312,1.0356465578079224,0
google/gemma-2-2b,vocative_0107,vocative,vocative f,-55.522335052490234,-46.0748291015625,11,10,0,-0.9951229095458984,0.7789859771728516,0
google/gemma-2-2b,vocative_0108,vocative,vocative m,-37.69322967529297,-30.655073165893555,8,8,0,-1.1730726957321167,1.0393180847167969,0
google/gemma-2-2b,vocative_0109,vocative,vocative m,-44.16824722290039,-40.32233428955078,9,9,0,-1.3550947904586792,1.2236746549606323,0
google/gemma-2-2b,vocative_0110,vocative,vocative m,-39.261322021484375,-36.37378692626953,10,10,0,-0.9748172760009766,0.9950599670410156,1
google/gemma-2-2b,vocative_0111,vocative,vocative m,-55.403541564941406,-47.95570373535156,12,11,0,-1.0214710235595703,0.9507656097412109,0
google/gemma-2-2b,vocative_0112,vocative,vocative m,-41.93055725097656,-36.70746994018555,9,9,0,-1.3392561674118042,1.2518004179000854,0
google/gemma-2-2b,vocative_0113,vocative,vocative m,-69.30489349365234,-57.10279846191406,13,13,0,-1.1302434206008911,1.0382270812988281,0
google/gemma-2-2b,vocative_0114,vocative,vocative m,-61.092960357666016,-54.953712463378906,11,11,0,-1.083004117012024,1.026376724243164,0
google/gemma-2-2b,vocative_0115,vocative,vocative m,-56.4210205078125,-52.60624313354492,8,8,0,-0.8790589570999146,0.8273848295211792,0
google/gemma-2-2b,vocative_0116,vocative,vocative m,-53.14607620239258,-50.42584991455078,12,11,0,-1.0284347534179688,0.9740427732467651,0
google/gemma-2-2b,vocative_0117,vocative,vocative m,-35.29069900512695,-33.427398681640625,10,9,0,-1.0702056884765625,1.0082244873046875,0
google/gemma-2-2b,vocative_0118,vocative,vocative m,-48.74748229980469,-44.893272399902344,11,11,0,-1.0443553924560547,0.9771612882614136,0
google/gemma-2-2b,vocative_0119,vocative,vocative m,-58.49509048461914,-54.844112396240234,11,11,0,-1.1648197174072266,1.0781517028808594,0
google/gemma-2-2b,vocative_0120,vocative,vocative m,-46.77140808105469,-38.638702392578125,9,9,0,-1.2835272550582886,1.215225100517273,0
google/gemma-2-2b,vocative_0121,vocative,vocative m,-47.59422302246094,-41.55225372314453,9,9,0,-1.327701449394226,1.2497615814208984,0
google/gemma-2-2b,vocative_0122,vocative,vocative m,-34.64488983154297,-31.53940200805664,8,7,0,-1.0360431671142578,0.9089487791061401,0
google/gemma-2-2b,vocative_0123,vocative,vocative f,-39.16761016845703,-34.05440902709961,10,9,0,-1.1522541046142578,0.9545708894729614,0
google/gemma-2-2b,vocative_0124,vocative,vocative f,-57.764522552490234,-56.22674560546875,8,8,0,-0.7318631410598755,0.6641141176223755,0
google/gemma-2-2b,vocative_0125,vocative,vocative m,-39.798736572265625,-37.44889831542969,10,9,0,-1.3239344358444214,1.1923102140426636,0
google/gemma-2-2b,vocative_0126,vocative,vocative f,-55.901954650878906,-54.74168014526367,12,11,0,-1.0181444883346558,0.9580001831054688,0
google/gemma-2-2b,vocative_0127,vocative,vocative f,-57.271080017089844,-54.286102294921875,14,13,0,-1.0980663299560547,0.9915827512741089,0
google/gemma-2-2b,vocative_0128,vocative,vocative m,-40.08397674560547,-35.78118896484375,9,8,0,-1.2125357389450073,1.035537838935852,0
google/gemma-2-2b,vocative_0129,vocative,vocative f,-39.94811248779297,-33.18331527709961,7,7,0,-0.9210413694381714,0.7990264892578125,0
google/gemma-2-2b,vocative_0130,vocative,vocative m,-34.66160202026367,-29.969627380371094,7,7,0,-1.0886878967285156,0.9932576417922974,0
google/gemma-2-2b,vocative_0131,vocative,vocative f,-56.4169807434082,-50.44884490966797,14,14,0,-1.0892276763916016,1.000766634941101,0
google/gemma-2-2b,vocative_0132,vocative,vocative m,-40.66936111450195,-33.60393524169922,7,7,0,-1.0739365816116333,0.8782730102539062,0
google/gemma-2-2b,vocative_0133,vocative,vocative m,-46.779701232910156,-45.25621032714844,12,12,0,-1.2483386993408203,1.123809814453125,0
google/gemma-2-2b,vocative_0134,vocative,vocative f,-40.04936218261719,-35.314109802246094,11,10,0,-1.2449378967285156,1.0994014739990234,0
google/gemma-2-2b,vocative_0135,vocative,vocative f,-37.986412048339844,-28.60796356201172,7,7,0,-1.0418814420700073,0.9106407165527344,0
google/gemma-2-2b,vocative_0136,vocative,vocative m,-38.83023452758789,-35.62316131591797,9,8,0,-1.2203387022018433,1.1109331846237183,0
google/gemma-2-2b,vocative_0137,vocative,vocative m,-55.414154052734375,-51.70662307739258,12,12,0,-1.0365201234817505,0.9473972320556641,0
google/gemma-2-2b,vocative_0138,vocative,vocative f,-35.40672302246094,-29.577045440673828,9,8,0,-1.0325984954833984,0.9271928071975708,0
google/gemma-2-2b,vocative_0139,vocative,vocative f,-60.195709228515625,-52.37872314453125,9,8,0,-0.853387713432312,0.7543907165527344,0
google/gemma-2-2b,vocative_0140,vocative,vocative f,-49.12147903442383,-42.224369049072266,10,9,0,-1.015802264213562,0.8655377626419067,0
google/gemma-2-2b,vocative_0141,vocative,vocative m,-51.92332077026367,-50.2059326171875,10,9,0,-0.935339093208313,0.7546005249023438,0
google/gemma-2-2b,vocative_0142,vocative,vocative f,-53.390254974365234,-57.32354736328125,13,13,1,-0.9871234893798828,0.9029558897018433,0
google/gemma-2-2b,vocative_0143,vocative,vocative m,-38.89870834350586,-33.815704345703125,9,8,0,-1.0394115447998047,0.991043210029602,0
google/gemma-2-2b,vocative_0144,vocative,vocative m,-60.07832336425781,-51.49961853027344,13,13,0,-1.1423951387405396,1.0703887939453125,0
google/gemma-2-2b,vocative_0145,vocative,vocative f,-42.338985443115234,-37.82372283935547,10,9,0,-1.122894287109375,0.9184131622314453,0
google/gemma-2-2b,vocative_0146,vocative,vocative m,-64.06173706054688,-58.815757751464844,11,11,0,-1.1592426300048828,1.056619644165039,0
google/gemma-2-2b,vocative_0147,vocative,vocative m,-61.57093048095703,-55.39976501464844,9,9,0,-0.9943579435348511,0.8646506071090698,0
google/gemma-2-2b,vocative_0148,vocative,vocative m,-61.51882553100586,-57.95121765136719,9,8,0,-0.8974361419677734,0.7739964723587036,0
google/gemma-2-2b,vocative_0149,vocative,vocative f,-36.414642333984375,-33.64909744262695,9,9,0,-1.0446032285690308,0.9432393312454224,0
google/gemma-2-2b,vocative_0150,vocative,vocative m,-48.464385986328125,-52.147911071777344,10,9,1,-0.867584228515625,0.736465334892273,0
google/gemma-2-2b,vocative_0151,vocative,vocative f,-33.10541534423828,-32.72296905517578,10,10,0,-1.1300123929977417,1.0271854400634766,0
google/gemma-2-2b,vocative_0152,vocative,vocative f,-48.84796142578125,-48.97962188720703,10,10,1,-1.0151807069778442,0.8946781158447266,0
google/gemma-2-2b,vocative_0153,vocative,vocative m,-62.57981491088867,-56.91277313232422,14,14,0,-1.2257786989212036,1.1277447938919067,0
google/gemma-2-2b,vocative_0154,vocative,vocative m,-38.614158630371094,-33.992855072021484,9,9,0,-1.0663890838623047,0.9646072387695312,0
google/gemma-2-2b,vocative_0155,vocative,vocative f,-35.87281799316406,-32.70867156982422,10,9,0,-1.1522598266601562,1.0167444944381714,0
google/gemma-2-2b,vocative_0156,vocative,vocative m,-63.05992126464844,-59.30542755126953,14,14,0,-1.0732976198196411,1.0462015867233276,0
google/gemma-2-2b,vocative_0157,vocative,vocative f,-38.26066970825195,-34.88547134399414,10,10,0,-1.297784686088562,1.1992759704589844,0
google/gemma-2-2b,vocative_0158,vocative,vocative f,-61.088871002197266,-55.228424072265625,13,13,0,-0.9742393493652344,0.9165172576904297,0
google/gemma-2-2b,vocative_0159,vocative,vocative m,-45.689613342285156,-45.227745056152344,11,12,0,-0.9220027923583984,0.8699666261672974,0
google/gemma-2-2b,vocative_0160,vocative,vocative f,-51.577816009521484,-47.077857971191406,10,10,0,-1.0301132202148438,0.8731555938720703,0
google/gemma-2-2b,vocative_0161,vocative,vocative f,-60.82904815673828,-57.51471710205078,8,8,0,-0.7708301544189453,0.6763743162155151,0
google/gemma-2-2b,vocative_0162,vocative,vocative m,-37.35338592529297,-32.0136604309082,9,9,0,-1.1430758237838745,1.070648193359375,0
google/gemma-2-2b,vocative_0163,vocative,vocative m,-37.80406188964844,-34.420143127441406,10,9,0,-1.019262433052063,0.9918156862258911,0
google/gemma-2-2b,vocative_0164,vocative,vocative f,-37.200157165527344,-29.836872100830078,9,8,0,-1.0645256042480469,0.8625887632369995,0
google/gemma-2-2b,vocative_0165,vocative,vocative m,-36.695438385009766,-33.362396240234375,10,9,0,-1.1183109283447266,0.9870471954345703,0
google/gemma-2-2b,vocative_0166,vocative,vocative f,-61.91477966308594,-59.63002014160156,9,8,0,-0.8825492858886719,0.7172642946243286,0
google/gemma-2-2b,vocative_0167,vocative,vocative m,-38.34806823730469,-36.2393798828125,10,9,0,-1.1545220613479614,1.0541648864746094,0
google/gemma-2-2b,vocative_0168,vocative,vocative m,-57.609981536865234,-50.45212936401367,14,14,0,-1.190158724784851,1.144735336303711,0
google/gemma-2-2b,vocative_0169,vocative,vocative f,-49.746482849121094,-43.975013732910156,11,10,0,-1.0115758180618286,0.8098582029342651,0
google/gemma-2-2b,vocative_0170,vocative,vocative m,-59.0272102355957,-54.16000747680664,8,8,0,-0.8754444122314453,0.78875732421875,0
google/gemma-2-2b,vocative_0171,vocative,vocative f,-38.8203239440918,-33.51609802246094,7,7,0,-1.0251045227050781,0.889165997505188,0
google/gemma-2-2b,vocative_0172,vocative,vocative m,-49.84584426879883,-44.462833404541016,12,12,0,-1.0712814331054688,1.0074995756149292,0
google/gemma-2-2b,vocative_0173,vocative,vocative m,-47.43369674682617,-43.67671585083008,12,12,0,-0.8790398836135864,0.8570117950439453,0
google/gemma-2-2b,vocative_0174,vocative,vocative f,-58.816829681396484,-53.92153549194336,12,11,0,-1.0765819549560547,0.9537621736526489,0
google/gemma-2-2b,vocative_0175,vocative,vocative m,-49.18269729614258,-40.92841339111328,12,11,0,-0.9926317930221558,0.9411431550979614,0
google/gemma-2-2b,vocative_0176,vocative,vocative m,-41.14884948730469,-34.5757942199707,10,10,0,-1.163320541381836,1.1206340789794922,0
google/gemma-2-2b,vocative_0177,vocative,vocative m,-40.68958282470703,-37.079132080078125,10,9,0,-1.261138916015625,1.105417251586914,0
google/gemma-2-2b,vocative_0178,vocative,vocative f,-40.65351104736328,-35.65733337402344,10,9,0,-1.3267897367477417,1.0091972351074219,0
google/gemma-2-2b,vocative_0179,vocative,vocative m,-40.310325622558594,-36.42546844482422,11,10,0,-1.2980194091796875,1.2291145324707031,0
google/gemma-2-2b,vocative_0180,vocative,vocative m,-61.11109924316406,-53.653160095214844,8,8,0,-0.8468247652053833,0.8225860595703125,0
google/gemma-2-2b,vocative_0181,vocative,vocative f,-48.802276611328125,-47.01140594482422,11,11,0,-0.9964675903320312,0.9364832639694214,0
google/gemma-2-2b,vocative_0182,vocative,vocative f,-60.900936126708984,-58.27102279663086,14,13,0,-1.1369190216064453,0.9897613525390625,0
google/gemma-2-2b,vocative_0183,vocative,vocative f,-54.96055603027344,-53.2711296081543,12,12,0,-1.0394153594970703,0.9443987607955933,0
google/gemma-2-2b,vocative_0184,vocative,vocative f,-44.448638916015625,-40.91563034057617,13,12,0,-0.9865093231201172,0.9485303163528442,0
google/gemma-2-2b,vocative_0185,vocative,vocative f,-39.49787902832031,-37.30984115600586,10,9,0,-1.301632046699524,1.1064263582229614,0
google/gemma-2-2b,vocative_0186,vocative,vocative m,-50.219181060791016,-43.478397369384766,11,10,0,-1.0015639066696167,0.9289284944534302,0
google/gemma-2-2b,vocative_0187,vocative,vocative m,-37.8126335144043,-33.361541748046875,9,8,0,-0.966796875,0.8932629823684692,0
google/gemma-2-2b,vocative_0188,vocative,vocative m,-46.84027862548828,-47.67451477050781,9,10,1,-0.8735237121582031,0.7854022979736328,0
google/gemma-2-2b,vocative_0189,vocative,vocative m,-36.404788970947266,-34.678470611572266,7,6,0,-1.0494880676269531,0.9286174774169922,0
google/gemma-2-2b,vocative_0190,vocative,vocative f,-49.96466827392578,-44.96122741699219,13,12,0,-1.080282211303711,0.901861310005188,0
google/gemma-2-2b,vocative_0191,vocative,vocative m,-49.79593276977539,-45.122982025146484,13,12,0,-1.0507450103759766,0.987542986869812,0
google/gemma-2-2b,vocative_0192,vocative,vocative m,-36.48063659667969,-31.765796661376953,9,9,0,-1.0987129211425781,1.0038070678710938,0
google/gemma-2-2b,vocative_0193,vocative,vocative m,-59.39933776855469,-54.89339828491211,9,8,0,-0.7281492948532104,0.5867996215820312,0
google/gemma-2-2b,vocative_0194,vocative,vocative f,-38.13319396972656,-29.037643432617188,7,6,0,-1.0255126953125,0.8900222778320312,0
google/gemma-2-2b,vocative_0195,vocative,vocative m,-58.85277557373047,-54.7786750793457,14,13,0,-1.111318588256836,1.016464114189148,0
google/gemma-2-2b,vocative_0196,vocative,vocative f,-50.93724822998047,-44.44017791748047,11,11,0,-0.9578018188476562,0.8722230195999146,0
google/gemma-2-2b,vocative_0197,vocative,vocative m,-34.42079544067383,-30.099899291992188,8,7,0,-1.1285381317138672,1.0341912508010864,0
google/gemma-2-2b,vocative_0198,vocative,vocative f,-57.087974548339844,-53.015350341796875,11,11,0,-1.0881843566894531,1.0132313966751099,0
google/gemma-2-2b,vocative_0199,vocative,vocative m,-56.278076171875,-45.875083923339844,11,11,0,-1.179052472114563,1.0995904207229614,0
google/gemma-2-2b,vocative_0200,vocative,vocative m,-62.56294631958008,-60.14204788208008,14,13,0,-1.1562803983688354,1.0035972595214844,0
google/gemma-2-2b,vocative_0201,vocative,vocative m,-55.347957611083984,-51.7845344543457,12,11,0,-1.0253580808639526,0.9701156616210938,0
google/gemma-2-2b,vocative_0202,vocative,vocative m,-38.80687713623047,-34.4753303527832,8,7,0,-1.0577259063720703,0.9781094789505005,0
google/gemma-2-2b,vocative_0203,vocative,vocative m,-37.796875,-33.19572830200195,9,9,0,-1.295963168144226,1.2003765106201172,0
google/gemma-2-2b,vocative_0204,vocative,vocative m,-35.59478759765625,-32.165523529052734,7,7,0,-1.0085333585739136,0.8358497619628906,0
google/gemma-2-2b,vocative_0205,vocative,vocative m,-36.17697525024414,-31.1484432220459,7,6,0,-0.9901866912841797,0.9211522340774536,0
google/gemma-2-2b,vocative_0206,vocative,vocative m,-42.76130294799805,-34.5096549987793,8,8,0,-1.066573977470398,0.9531019926071167,0
google/gemma-2-2b,vocative_0207,vocative,vocative m,-39.379554748535156,-34.698028564453125,10,10,0,-1.3001956939697266,1.1876543760299683,0
google/gemma-2-2b,vocative_0208,vocative,vocative f,-50.84431457519531,-45.26331329345703,10,9,0,-1.0339184999465942,0.8948535919189453,0
google/gemma-2-2b,vocative_0209,vocative,vocative f,-43.07073211669922,-36.023101806640625,9,9,0,-0.9031524658203125,0.8152008056640625,0
google/gemma-2-2b,vocative_0210,vocative,vocative m,-51.01288604736328,-47.66124725341797,12,11,0,-0.9776687622070312,0.8763523101806641,0
google/gemma-2-2b,vocative_0211,vocative,vocative m,-48.41450500488281,-48.79137420654297,12,10,1,-0.9722117185592651,0.8893184661865234,0
google/gemma-2-2b,vocative_0212,vocative,vocative m,-56.875511169433594,-53.5683708190918,9,9,0,-0.9818992614746094,0.9151345491409302,0
google/gemma-2-2b,vocative_0213,vocative,vocative m,-43.877967834472656,-37.636573791503906,10,10,0,-1.2375143766403198,1.1956653594970703,0
google/gemma-2-2b,vocative_0214,vocative,vocative f,-56.96416473388672,-49.72552490234375,15,14,0,-1.087411880493164,1.016866683959961,0
google/gemma-2-2b,vocative_0215,vocative,vocative f,-38.70588302612305,-34.883575439453125,9,9,0,-1.2331562042236328,1.139551043510437,0
google/gemma-2-2b,vocative_0216,vocative,vocative f,-63.589500427246094,-59.39796447753906,8,7,0,-0.844283938407898,0.6608219146728516,0
google/gemma-2-2b,vocative_0217,vocative,vocative m,-50.85211944580078,-45.71796417236328,12,11,0,-1.1170310974121094,0.9966009855270386,0
google/gemma-2-2b,vocative_0218,vocative,vocative m,-46.28662872314453,-43.04601287841797,10,9,0,-1.044729232788086,0.9019508361816406,0
google/gemma-2-2b,vocative_0219,vocative,vocative m,-42.12446212768555,-35.447200775146484,10,10,0,-1.3408660888671875,1.2662698030471802,0
google/gemma-2-2b,vocative_0220,vocative,vocative m,-55.548343658447266,-53.94378662109375,10,10,0,-0.9550666809082031,0.8797301054000854,0
google/gemma-2-2b,vocative_0221,vocative,vocative m,-34.21662139892578,-31.7036075592041,8,7,0,-1.0275992155075073,0.9137533903121948,0
google/gemma-2-2b,vocative_0222,vocative,vocative m,-55.25327682495117,-53.118316650390625,11,10,0,-1.100326657295227,0.9766387939453125,0
google/gemma-2-2b,vocative_0223,vocative,vocative f,-33.510231018066406,-31.789791107177734,11,10,0,-1.1381624937057495,1.0482330322265625,0
google/gemma-2-2b,vocative_0224,vocative,vocative f,-55.219696044921875,-51.80095672607422,10,9,0,-1.0222129821777344,0.8647098541259766,0
google/gemma-2-2b,vocative_0225,vocative,vocative f,-62.12881088256836,-58.177337646484375,8,8,0,-0.8684577941894531,0.7631338834762573,0
google/gemma-2-2b,vocative_0226,vocative,vocative f,-35.702762603759766,-30.97781753540039,7,7,0,-1.0899028778076172,0.9247779846191406,0
google/gemma-2-2b,vocative_0227,vocative,vocative f,-58.98561096191406,-55.379981994628906,12,11,0,-1.069644808769226,0.9373360872268677,0
google/gemma-2-2b,vocative_0228,vocative,vocative f,-58.01100158691406,-56.01681900024414,8,8,0,-0.8998297452926636,0.8167895078659058,0
google/gemma-2-2b,vocative_0229,vocative,vocative f,-34.42583084106445,-31.485748291015625,8,7,0,-1.0422688722610474,0.8847295045852661,0
google/gemma-2-2b,vocative_0230,vocative,vocative m,-34.037452697753906,-30.683338165283203,9,8,0,-1.1350630521774292,0.9804002046585083,0
google/gemma-2-2b,vocative_0231,vocative,vocative f,-61.454898834228516,-52.836830139160156,13,12,0,-1.0229778289794922,0.9609317779541016,0
google/gemma-2-2b,vocative_0232,vocative,vocative m,-58.35083770751953,-51.74159240722656,14,14,0,-1.1778031587600708,1.0594539642333984,0
google/gemma-2-2b,vocative_0233,vocative,vocative m,-40.729915618896484,-31.059898376464844,8,6,0,-1.053979754447937,0.9792671203613281,0
google/gemma-2-2b,vocative_0234,vocative,vocative m,-65.18113708496094,-55.54694366455078,15,14,0,-1.1389579772949219,1.0433521270751953,0
google/gemma-2-2b,vocative_0235,vocative,vocative f,-53.37007141113281,-43.35771179199219,12,11,0,-0.9524267911911011,0.9024333953857422,0
google/gemma-2-2b,vocative_0236,vocative,vocative m,-66.01897430419922,-55.7835693359375,8,8,0,-0.9612084627151489,0.8668842315673828,0
google/gemma-2-2b,vocative_0237,vocative,vocative f,-41.129676818847656,-36.00303649902344,9,8,0,-1.202407956123352,1.0113296508789062,0
google/gemma-2-2b,vocative_0238,vocative,vocative m,-58.19264602661133,-52.121456146240234,12,10,0,-1.0825366973876953,1.0117970705032349,0
google/gemma-2-2b,vocative_0239,vocative,vocative m,-44.26385498046875,-38.18414306640625,9,9,0,-1.2105083465576172,1.0734232664108276,0
google/gemma-2-2b,vocative_0240,vocative,vocative f,-46.22743225097656,-39.2283935546875,12,11,0,-1.1111621856689453,1.0187262296676636,0
google/gemma-2-2b,vocative_0241,vocative,vocative m,-54.85551452636719,-51.66279602050781,12,11,0,-1.1068134307861328,0.9829999208450317,0
google/gemma-2-2b,vocative_0242,vocative,vocative m,-49.799556732177734,-44.703243255615234,10,9,0,-0.9152469635009766,0.860671877861023,0
google/gemma-2-2b,vocative_0243,vocative,vocative f,-38.18224334716797,-34.86433792114258,10,10,0,-1.2581939697265625,1.147607684135437,0
google/gemma-2-2b,vocative_0244,vocative,vocative m,-38.08308410644531,-33.034881591796875,9,9,0,-1.246728777885437,1.1197948455810547,0
google/gemma-2-2b,vocative_0245,vocative,vocative m,-35.63202667236328,-32.167964935302734,11,10,0,-1.0377672910690308,1.0041866302490234,0
google/gemma-2-2b,vocative_0246,vocative,vocative f,-44.995094299316406,-38.2188835144043,11,10,0,-1.006027102470398,0.9294528961181641,0
google/gemma-2-2b,vocative_0247,vocative,vocative f,-50.093719482421875,-47.52207946777344,10,10,0,-1.067773699760437,0.9649868011474609,0
google/gemma-2-2b,vocative_0248,vocative,vocative m,-39.67331314086914,-34.59062957763672,10,9,0,-1.220376968383789,1.1273001432418823,0
google/gemma-2-2b,vocative_0249,vocative,vocative f,-48.55839538574219,-41.830570220947266,12,11,0,-1.0223922729492188,0.9632282257080078,0
google/gemma-2-2b,vocative_0250,vocative,vocative m,-55.1063117980957,-51.82625961303711,11,11,0,-1.046957015991211,0.9926242828369141,0
google/gemma-2-2b,vocative_0251,vocative,vocative m,-37.725196838378906,-33.30106735229492,9,9,0,-1.0328751802444458,0.9102001190185547,0
google/gemma-2-2b,vocative_0252,vocative,vocative f,-46.600341796875,-46.22288513183594,11,11,0,-0.886816143989563,0.8466378450393677,0
google/gemma-2-2b,vocative_0253,vocative,vocative f,-57.43122100830078,-48.85668182373047,15,14,0,-1.036722183227539,0.9011133909225464,0
google/gemma-2-2b,vocative_0254,vocative,vocative m,-54.929283142089844,-54.71646499633789,9,8,0,-0.8705730438232422,0.7447853088378906,0
google/gemma-2-2b,vocative_0255,vocative,vocative f,-60.809173583984375,-54.98095703125,11,10,0,-1.013219952583313,0.9391213655471802,0
google/gemma-2-2b,vocative_0256,vocative,vocative m,-40.164302825927734,-29.494773864746094,8,6,0,-1.0126571655273438,0.8758487701416016,0
google/gemma-2-2b,vocative_0257,vocative,vocative f,-57.995582580566406,-48.955833435058594,14,14,0,-1.211954116821289,1.1012173891067505,0
google/gemma-2-2b,vocative_0258,vocative,vocative m,-55.52368927001953,-46.121681213378906,11,11,0,-1.071004867553711,0.9489383697509766,0
google/gemma-2-2b,vocative_0259,vocative,vocative m,-58.06403350830078,-59.978519439697266,14,12,1,-0.9379597902297974,0.9236125946044922,0
google/gemma-2-2b,vocative_0260,vocative,vocative f,-48.137611389160156,-41.83103942871094,10,10,0,-0.9991683959960938,0.8958091735839844,0
google/gemma-2-2b,vocative_0261,vocative,vocative f,-57.20626449584961,-54.918704986572266,12,11,0,-1.0281982421875,0.9913921356201172,0
google/gemma-2-2b,vocative_0262,vocative,vocative f,-46.85995101928711,-38.759437561035156,12,12,0,-1.1502608060836792,1.0290508270263672,0
google/gemma-2-2b,vocative_0263,vocative,vocative m,-39.91425704956055,-37.67436981201172,10,10,0,-1.1166610717773438,1.1417827606201172,1
google/gemma-2-2b,vocative_0264,vocative,vocative f,-58.955116271972656,-54.401344299316406,12,12,0,-1.099191665649414,0.9616469144821167,0
google/gemma-2-2b,vocative_0265,vocative,vocative f,-49.320396423339844,-42.81063461303711,12,11,0,-1.045944094657898,0.9521026611328125,0
google/gemma-2-2b,vocative_0266,vocative,vocative m,-63.3010368347168,-54.78990936279297,13,13,0,-1.2526264190673828,1.1432209014892578,0
google/gemma-2-2b,vocative_0267,vocative,vocative m,-39.487091064453125,-31.287662506103516,8,7,0,-0.9448661804199219,0.8453254699707031,0
google/gemma-2-2b,vocative_0268,vocative,vocative m,-60.917869567871094,-56.26818084716797,14,13,0,-1.0484925508499146,0.9107685089111328,0
google/gemma-2-2b,vocative_0269,vocative,vocative m,-50.956809997558594,-44.15480041503906,10,10,0,-1.093298077583313,0.9679242372512817,0
google/gemma-2-2b,vocative_0270,vocative,vocative m,-33.820220947265625,-29.244232177734375,8,8,0,-1.1125221252441406,1.0065518617630005,0
google/gemma-2-2b,vocative_0271,vocative,vocative m,-39.994686126708984,-33.706443786621094,7,7,0,-1.0626298189163208,0.9515590667724609,0
google/gemma-2-2b,vocative_0272,vocative,vocative m,-57.997135162353516,-53.054107666015625,9,9,0,-0.6425762176513672,0.6418265104293823,0
google/gemma-2-2b,vocative_0273,vocative,vocative f,-53.145286560058594,-59.26673889160156,14,12,1,-0.9948786497116089,0.9092904329299927,0
google/gemma-2-2b,vocative_0274,vocative,vocative m,-42.41990280151367,-34.22233581542969,10,8,0,-1.1881178617477417,1.0111654996871948,0
google/gemma-2-2b,vocative_0275,vocative,vocative f,-57.11191177368164,-53.11469268798828,11,11,0,-0.9690284729003906,0.8994961977005005,0
google/gemma-2-2b,vocative_0276,vocative,vocative f,-48.97292709350586,-55.976863861083984,10,8,1,-0.9216841459274292,0.814010500907898,0
google/gemma-2-2b,vocative_0277,vocative,vocative m,-46.302215576171875,-41.35805892944336,9,9,0,-1.0226860046386719,0.9332008361816406,0
google/gemma-2-2b,vocative_0278,vocative,vocative f,-58.39070510864258,-55.153358459472656,14,14,0,-1.1394844055175781,1.0475958585739136,0
google/gemma-2-2b,vocative_0279,vocative,vocative f,-52.703125,-39.55653381347656,11,10,0,-1.071579098701477,0.9213314056396484,0
google/gemma-2-2b,vocative_0280,vocative,vocative m,-60.14045333862305,-55.86531066894531,10,9,0,-0.8092955350875854,0.7359256744384766,0
google/gemma-2-2b,vocative_0281,vocative,vocative m,-60.52909469604492,-49.6820068359375,9,9,0,-0.9365404844284058,0.8731061220169067,0
google/gemma-2-2b,vocative_0282,vocative,vocative f,-38.73930740356445,-31.006000518798828,9,9,0,-1.0692652463912964,0.9552860260009766,0
google/gemma-2-2b,vocative_0283,vocative,vocative m,-49.495697021484375,-43.527305603027344,10,10,0,-0.9865951538085938,0.8534622192382812,0
google/gemma-2-2b,vocative_0284,vocative,vocative m,-58.446624755859375,-53.45842742919922,9,8,0,-0.8616026639938354,0.7568931579589844,0
google/gemma-2-2b,vocative_0285,vocative,vocative m,-42.51756286621094,-35.305110931396484,10,9,0,-1.1496065855026245,1.0489176511764526,0
google/gemma-2-2b,vocative_0286,vocative,vocative m,-48.67351150512695,-46.53925323486328,11,11,0,-1.0429953336715698,0.9192200899124146,0
google/gemma-2-2b,vocative_0287,vocative,vocative m,-35.97142028808594,-33.01483917236328,11,10,0,-1.1047724485397339,1.0686321258544922,0
google/gemma-2-2b,vocative_0288,vocative,vocative f,-62.43230438232422,-58.876861572265625,10,9,0,-0.7824095487594604,0.6598550081253052,0
google/gemma-2-2b,vocative_0289,vocative,vocative m,-36.60636520385742,-33.45515441894531,8,8,0,-0.9431344270706177,0.9652919769287109,1
google/gemma-2-2b,vocative_0290,vocative,vocative f,-36.517173767089844,-30.33822250366211,7,7,0,-1.1342774629592896,0.9773081541061401,0
google/gemma-2-2b,vocative_0291,vocative,vocative f,-48.00787353515625,-42.76762771606445,12,12,0,-1.0095959901809692,0.899200439453125,0
google/gemma-2-2b,vocative_0292,vocative,vocative m,-53.78485107421875,-50.744598388671875,11,11,0,-1.092947006225586,1.0280094146728516,0
google/gemma-2-2b,vocative_0293,vocative,vocative m,-55.675437927246094,-50.5682258605957,12,11,0,-1.0601903200149536,1.0253486633300781,0
google/gemma-2-2b,vocative_0294,vocative,vocative m,-39.204673767089844,-35.08867645263672,10,10,0,-1.2101974487304688,1.1210802793502808,0
google/gemma-2-2b,vocative_0295,vocative,vocative m,-58.00373840332031,-50.770896911621094,12,12,0,-1.1194647550582886,1.02294921875,0
google/gemma-2-2b,vocative_0296,vocative,vocative m,-54.413902282714844,-53.11979675292969,9,8,0,-0.7955589294433594,0.6744633913040161,0
google/gemma-2-2b,vocative_0297,vocative,vocative m,-60.907779693603516,-56.254295349121094,9,8,0,-0.6968479156494141,0.6419525146484375,0
google/gemma-2-2b,vocative_0298,vocative,vocative f,-57.80316162109375,-51.60160827636719,11,11,0,-1.026397705078125,0.9292564392089844,0
google/gemma-2-2b,vocative_0299,vocative,vocative m,-63.069122314453125,-49.62141418457031,9,8,0,-0.7970067262649536,0.7482031583786011,0
