model,uid,phenomenon,group,lp_good,lp_bad,ntok_good,ntok_bad,prob_correct,prompt_margin_ab,prompt_margin_ba,prompt_correct
google/gemma-3-4b-it,adjective_agreement_0000,adjective_agreement,"masc noun, neut adj",-45.296260833740234,-52.66908264160156,7,7,1,14.375000015832484,21.125000358026227,1
google/gemma-3-4b-it,adjective_agreement_0001,adjective_agreement,"neut noun, femn adj",-44.28134536743164,-61.43828582763672,6,6,1,5.499999966472387,17.375000004918547,1
google/gemma-3-4b-it,adjective_agreement_0002,adjective_agreement,"femn noun, masc adj",-48.31625747680664,-58.831783294677734,6,6,1,-12.124999895051587,17.374999763342203,1
google/gemma-3-4b-it,adjective_agreement_0003,adjective_agreement,"femn noun, neut adj",-53.849769592285156,-59.15806198120117,7,7,1,5.499999845400453,16.749999049308826,1
google/gemma-3-4b-it,adjective_agreement_0004,adjective_agreement,"neut noun, masc adj",-53.76449203491211,-62.93645477294922,7,7,1,-16.625000837455445,17.249999405736162,1
google/gemma-3-4b-it,adjective_agreement_0005,adjective_agreement,"neut noun, femn adj",-68.67648315429688,-83.01045227050781,6,6,1,3.9999999906867743,20.625000597759936,1
google/gemma-3-4b-it,adjective_agreement_0006,adjective_agreement,"femn noun, neut adj",-61.34438705444336,-61.733943939208984,5,5,1,-6.500000111409463,13.124999916733941,1
google/gemma-3-4b-it,adjective_agreement_0007,adjective_agreement,"femn noun, masc adj",-55.996177673339844,-58.54418182373047,9,10,1,-12.250000297906809,0.0,0
google/gemma-3-4b-it,adjective_agreement_0008,adjective_agreement,"femn noun, masc adj",-65.83552551269531,-74.14376068115234,5,5,1,14.750000169035047,17.250000481704774,1
google/gemma-3-4b-it,adjective_agreement_0009,adjective_agreement,"neut noun, masc adj",-52.286468505859375,-51.809173583984375,7,7,0,-1.5,16.749999531151843,1
google/gemma-3-4b-it,adjective_agreement_0010,adjective_agreement,"masc noun, neut adj",-56.13676452636719,-62.85203552246094,8,8,1,8.0000003837049,17.37499953607039,1
google/gemma-3-4b-it,adjective_agreement_0011,adjective_agreement,"femn noun, masc adj",-56.91243362426758,-57.65129852294922,7,8,1,-10.000000375934178,7.250000211584847,0
google/gemma-3-4b-it,adjective_agreement_0012,adjective_agreement,"masc noun, neut adj",-48.09359359741211,-52.14471435546875,11,11,1,12.500000238418579,20.124999411709723,1
google/gemma-3-4b-it,adjective_agreement_0013,adjective_agreement,"masc noun, neut adj",-55.83757019042969,-66.15219116210938,6,7,1,13.374999759718776,19.75000000174623,1
google/gemma-3-4b-it,adjective_agreement_0014,adjective_agreement,"neut noun, femn adj",-59.502952575683594,-58.058563232421875,5,5,0,5.500000134110451,18.250000360509148,1
google/gemma-3-4b-it,adjective_agreement_0015,adjective_agreement,"neut noun, masc adj",-44.592201232910156,-51.518524169921875,9,9,1,-14.250000417407136,13.500000159838237,0
google/gemma-3-4b-it,adjective_agreement_0016,adjective_agreement,"neut noun, femn adj",-65.66260528564453,-72.78042602539062,5,5,1,-12.375000013926183,15.874999902021955,1
google/gemma-3-4b-it,adjective_agreement_0017,adjective_agreement,"neut noun, femn adj",-57.50753402709961,-64.51919555664062,7,6,1,12.749999996740371,19.625000238820576,1
google/gemma-3-4b-it,adjective_agreement_0018,adjective_agreement,"neut noun, femn adj",-61.8575439453125,-72.49370574951172,5,5,1,-12.625000418745913,15.499999581283191,1
google/gemma-3-4b-it,adjective_agreement_0019,adjective_agreement,"neut noun, masc adj",-48.773780822753906,-48.892578125,11,11,1,-14.749999619554728,15.499999977037078,1
google/gemma-3-4b-it,adjective_agreement_0020,adjective_agreement,"neut noun, masc adj",-50.154579162597656,-58.36647033691406,6,5,1,8.500000005587935,15.37500000804721,1
google/gemma-3-4b-it,adjective_agreement_0021,adjective_agreement,"masc noun, femn adj",-52.51336669921875,-69.4150390625,6,6,1,13.999999897554517,19.25000012095188,1
google/gemma-3-4b-it,adjective_agreement_0022,adjective_agreement,"femn noun, masc adj",-59.07536315917969,-66.80119323730469,6,6,1,14.62500025331974,19.125000238820576,1
google/gemma-3-4b-it,adjective_agreement_0023,adjective_agreement,"femn noun, neut adj",-54.52623748779297,-64.92054748535156,6,7,1,15.250000103842467,21.499999165588633,1
google/gemma-3-4b-it,adjective_agreement_0024,adjective_agreement,"femn noun, masc adj",-52.196495056152344,-57.311283111572266,7,6,1,-9.499999892737833,16.375000842279405,1
google/gemma-3-4b-it,adjective_agreement_0025,adjective_agreement,"femn noun, neut adj",-52.56900405883789,-60.819969177246094,6,6,1,-5.99999976856634,-6.499999961350113,0
google/gemma-3-4b-it,adjective_agreement_0026,adjective_agreement,"femn noun, neut adj",-53.07826232910156,-63.99074172973633,10,10,1,14.749999985098839,21.62500059643935,1
google/gemma-3-4b-it,adjective_agreement_0027,adjective_agreement,"femn noun, masc adj",-59.4964714050293,-67.81236267089844,7,7,1,8.00000034365803,17.249999531151843,1
google/gemma-3-4b-it,adjective_agreement_0028,adjective_agreement,"neut noun, masc adj",-72.24092102050781,-76.25044250488281,7,6,1,-14.374999796797056,15.99999943873263,1
google/gemma-3-4b-it,adjective_agreement_0029,adjective_agreement,"masc noun, neut adj",-62.183876037597656,-77.66364288330078,6,7,1,11.249999778345227,17.999999186533387,1
google/gemma-3-4b-it,adjective_agreement_0030,adjective_agreement,"femn noun, neut adj",-63.08197784423828,-59.624046325683594,5,5,0,-3.7500000838190317,12.125000404659659,1
google/gemma-3-4b-it,adjective_agreement_0031,adjective_agreement,"femn noun, masc adj",-50.946006774902344,-65.71705627441406,10,9,1,15.500000070314854,21.749999888488674,1
google/gemma-3-4b-it,adjective_agreement_0032,adjective_agreement,"masc noun, neut adj",-48.75074005126953,-58.61182403564453,7,8,1,13.500000152736902,19.62500000174623,1
google/gemma-3-4b-it,adjective_agreement_0033,adjective_agreement,"femn noun, neut adj",-43.91240692138672,-63.966800689697266,6,7,1,16.2500004991889,20.874999046380253,1
google/gemma-3-4b-it,adjective_agreement_0034,adjective_agreement,"femn noun, masc adj",-49.72404098510742,-63.195404052734375,7,7,1,-1.2499999701976776,16.99999976633262,1
google/gemma-3-4b-it,adjective_agreement_0035,adjective_agreement,"femn noun, neut adj",-53.31871032714844,-55.92251205444336,9,9,1,-9.249999556690454,10.875000462197931,1
google/gemma-3-4b-it,adjective_agreement_0036,adjective_agreement,"femn noun, neut adj",-70.12200927734375,-78.98930358886719,5,5,1,-6.99999999551801,15.874999738298357,1
google/gemma-3-4b-it,adjective_agreement_0037,adjective_agreement,"masc noun, femn adj",-63.46485900878906,-64.7650146484375,7,6,1,7.000000142259523,14.375000094529241,1
google/gemma-3-4b-it,adjective_agreement_0038,adjective_agreement,"femn noun, masc adj",-52.08851623535156,-58.5691032409668,10,10,1,-11.62500010128133,17.250000176776666,1
google/gemma-3-4b-it,adjective_agreement_0039,adjective_agreement,"femn noun, masc adj",-65.27484130859375,-78.65998840332031,5,5,1,-5.750000211410224,16.62500059715603,1
google/gemma-3-4b-it,adjective_agreement_0040,adjective_agreement,"neut noun, femn adj",-50.80107879638672,-54.742393493652344,10,9,1,17.624999387655407,21.37499964343806,1
google/gemma-3-4b-it,adjective_agreement_0041,adjective_agreement,"femn noun, masc adj",-68.02606201171875,-66.93328857421875,5,5,0,12.375000457279384,15.874999783045496,1
google/gemma-3-4b-it,adjective_agreement_0042,adjective_agreement,"femn noun, masc adj",-51.048282623291016,-56.81494140625,6,6,1,14.749999748077244,19.875000477233698,1
google/gemma-3-4b-it,adjective_agreement_0043,adjective_agreement,"masc noun, femn adj",-60.658206939697266,-76.95317840576172,6,6,1,13.499999603256583,19.37499953090446,1
google/gemma-3-4b-it,adjective_agreement_0044,adjective_agreement,"neut noun, masc adj",-60.95768737792969,-56.92149353027344,11,11,0,-15.374999938445399,12.625000260974048,0
google/gemma-3-4b-it,adjective_agreement_0045,adjective_agreement,"masc noun, neut adj",-60.19428253173828,-66.13401794433594,7,7,1,11.000000411644578,13.375000143423676,1
google/gemma-3-4b-it,adjective_agreement_0046,adjective_agreement,"neut noun, femn adj",-73.73541259765625,-72.35540771484375,6,6,0,-13.625000259984517,18.87500059643935,1
google/gemma-3-4b-it,adjective_agreement_0047,adjective_agreement,"neut noun, masc adj",-64.91578674316406,-59.430931091308594,8,8,0,-14.750000035128323,14.125000246436684,0
google/gemma-3-4b-it,adjective_agreement_0048,adjective_agreement,"neut noun, femn adj",-57.89542007446289,-66.3431625366211,6,5,1,13.500000290805474,20.62500059643935,1
google/gemma-3-4b-it,adjective_agreement_0049,adjective_agreement,"femn noun, neut adj",-49.72732162475586,-62.016761779785156,8,8,1,-9.50000000482396,15.499999528030457,1
google/gemma-3-4b-it,adjective_agreement_0050,adjective_agreement,"masc noun, neut adj",-54.58516311645508,-59.02190399169922,9,10,1,7.749999842373654,15.250000096624717,1
google/gemma-3-4b-it,adjective_agreement_0051,adjective_agreement,"masc noun, neut adj",-51.51382064819336,-61.35839080810547,10,10,1,16.62500018859282,22.500000001047738,1
google/gemma-3-4b-it,adjective_agreement_0052,adjective_agreement,"femn noun, neut adj",-51.1107063293457,-65.17337036132812,7,7,1,5.250000196043402,15.499999857041985,1
google/gemma-3-4b-it,adjective_agreement_0053,adjective_agreement,"femn noun, masc adj",-52.99595642089844,-60.86952590942383,10,9,1,4.000000027939677,15.750000094529241,1
google/gemma-3-4b-it,adjective_agreement_0054,adjective_agreement,"neut noun, masc adj",-65.0062255859375,-53.765869140625,9,9,0,-10.125000013926183,15.749999796273187,1
google/gemma-3-4b-it,adjective_agreement_0055,adjective_agreement,"femn noun, masc adj",-47.48523712158203,-58.53865432739258,7,7,1,-8.250000077183358,15.500000251515303,1
google/gemma-3-4b-it,adjective_agreement_0056,adjective_agreement,"masc noun, femn adj",-49.249290466308594,-60.553619384765625,7,6,1,-10.874999885629222,19.874999527943146,1
google/gemma-3-4b-it,adjective_agreement_0057,adjective_agreement,"masc noun, femn adj",-57.60328674316406,-56.136871337890625,10,9,0,13.750000230967999,21.375000719919626,1
google/gemma-3-4b-it,adjective_agreement_0058,adjective_agreement,"masc noun, neut adj",-56.4390869140625,-61.199562072753906,7,6,1,11.749999766238034,19.124999544088496,1
google/gemma-3-4b-it,adjective_agreement_0059,adjective_agreement,"femn noun, neut adj",-63.24639129638672,-78.89677429199219,7,7,1,13.24999981559813,20.12500035827179,1
google/gemma-3-4b-it,adjective_agreement_0060,adjective_agreement,"femn noun, neut adj",-53.151283264160156,-60.88544845581055,9,9,1,8.999999842839316,20.62499953090446,1
google/gemma-3-4b-it,adjective_agreement_0061,adjective_agreement,"masc noun, neut adj",-62.822105407714844,-60.90438461303711,7,6,0,-12.87500001344597,18.374999882544216,1
google/gemma-3-4b-it,adjective_agreement_0062,adjective_agreement,"femn noun, neut adj",-57.475738525390625,-64.69136047363281,6,6,1,8.750000333413482,18.37499964414019,1
google/gemma-3-4b-it,adjective_agreement_0063,adjective_agreement,"femn noun, neut adj",-50.37861633300781,-60.53049850463867,7,7,1,10.00000005401671,20.87500059643935,1
google/gemma-3-4b-it,adjective_agreement_0064,adjective_agreement,"femn noun, masc adj",-51.8303337097168,-57.555355072021484,8,8,1,-0.5,14.249999889099854,1
google/gemma-3-4b-it,adjective_agreement_0065,adjective_agreement,"femn noun, masc adj",-50.595035552978516,-53.68388366699219,8,8,1,-8.250000283733243,15.500000124207872,1
google/gemma-3-4b-it,adjective_agreement_0066,adjective_agreement,"masc noun, neut adj",-49.84550857543945,-61.51042175292969,7,7,1,12.25000015925616,20.50000083470877,1
google/gemma-3-4b-it,adjective_agreement_0067,adjective_agreement,"neut noun, masc adj",-58.40090560913086,-58.57328414916992,5,5,1,-8.49999979097629,18.37500012095188,1
google/gemma-3-4b-it,adjective_agreement_0068,adjective_agreement,"femn noun, neut adj",-57.51239013671875,-65.26876831054688,4,5,1,14.499999748077244,18.500000360509148,1
google/gemma-3-4b-it,adjective_agreement_0069,adjective_agreement,"femn noun, masc adj",-48.66859817504883,-56.64714813232422,10,10,1,-12.625000160944182,16.124999819294317,1
google/gemma-3-4b-it,adjective_agreement_0070,adjective_agreement,"femn noun, neut adj",-50.99312973022461,-69.90789794921875,6,7,1,15.24999983375892,21.12500011935481,1
google/gemma-3-4b-it,adjective_agreement_0071,adjective_agreement,"masc noun, neut adj",-59.218650817871094,-58.308963775634766,7,7,0,15.625000070314854,20.749999284978912,1
google/gemma-3-4b-it,adjective_agreement_0072,adjective_agreement,"femn noun, masc adj",-59.29140090942383,-71.900146484375,5,6,1,7.250000066123903,17.124999173320248,1
google/gemma-3-4b-it,adjective_agreement_0073,adjective_agreement,"masc noun, femn adj",-51.0943603515625,-52.65545654296875,11,11,1,11.749999884516,21.00000071811519,1
google/gemma-3-4b-it,adjective_agreement_0074,adjective_agreement,"masc noun, femn adj",-51.83642578125,-53.031982421875,7,7,1,15.625000070314854,19.375000243126124,1
google/gemma-3-4b-it,adjective_agreement_0075,adjective_agreement,"neut noun, femn adj",-51.33318328857422,-58.77306365966797,6,6,1,5.250000012572855,19.374999764506356,1
google/gemma-3-4b-it,adjective_agreement_0076,adjective_agreement,"femn noun, masc adj",-49.73126220703125,-55.37150573730469,9,9,1,17.625000425614417,20.999999762640073,1
google/gemma-3-4b-it,adjective_agreement_0077,adjective_agreement,"masc noun, neut adj",-52.599769592285156,-69.04966735839844,7,8,1,12.999999755527824,19.74999964343806,1
google/gemma-3-4b-it,adjective_agreement_0078,adjective_agreement,"masc noun, femn adj",-57.86572265625,-62.972450256347656,5,5,1,14.875000380910933,20.12500011935481,1
google/gemma-3-4b-it,adjective_agreement_0079,adjective_agreement,"neut noun, femn adj",-54.263221740722656,-56.69978332519531,5,5,1,-13.875000255662599,17.374999051149643,1
google/gemma-3-4b-it,adjective_agreement_0080,adjective_agreement,"masc noun, femn adj",-52.98985290527344,-65.46753692626953,6,6,1,10.874999967869371,19.87499964246581,1
google/gemma-3-4b-it,adjective_agreement_0081,adjective_agreement,"masc noun, neut adj",-48.70798110961914,-57.6691780090332,7,7,1,-9.00000001078297,20.625000119860488,1
google/gemma-3-4b-it,adjective_agreement_0082,adjective_agreement,"femn noun, neut adj",-54.476318359375,-64.39747619628906,6,6,1,-10.37500044668559,16.00000051234383,1
google/gemma-3-4b-it,adjective_agreement_0083,adjective_agreement,"femn noun, masc adj",-49.70954132080078,-48.9322624206543,7,7,0,-8.249999812076567,11.374999538311386,1
google/gemma-3-4b-it,adjective_agreement_0084,adjective_agreement,"masc noun, neut adj",-59.38740921020508,-68.95561218261719,7,7,1,14.250000015832484,20.250000477233698,1
google/gemma-3-4b-it,adjective_agreement_0085,adjective_agreement,"femn noun, neut adj",-52.89530944824219,-62.47459030151367,10,10,1,12.500000357162207,20.750000598913175,1
google/gemma-3-4b-it,adjective_agreement_0086,adjective_agreement,"neut noun, masc adj",-55.08918762207031,-59.07893753051758,6,7,1,-14.249999664054485,16.625000718260708,1
google/gemma-3-4b-it,adjective_agreement_0087,adjective_agreement,"masc noun, femn adj",-62.90253829956055,-60.87676239013672,7,7,0,14.624999748077244,20.125000000147338,1
google/gemma-3-4b-it,adjective_agreement_0088,adjective_agreement,"neut noun, masc adj",-58.003814697265625,-63.62580871582031,6,7,1,-13.87500039319275,14.500000251835445,1
google/gemma-3-4b-it,adjective_agreement_0089,adjective_agreement,"neut noun, femn adj",-55.813438415527344,-65.1400146484375,8,8,1,14.00000046659261,20.625000715645,1
google/gemma-3-4b-it,adjective_agreement_0090,adjective_agreement,"neut noun, femn adj",-54.0350227355957,-56.75634002685547,8,8,1,-7.749999872845365,10.000000002764864,1
google/gemma-3-4b-it,adjective_agreement_0091,adjective_agreement,"neut noun, femn adj",-54.34852600097656,-60.018314361572266,4,4,1,4.750000152736902,18.750000240153895,1
google/gemma-3-4b-it,adjective_agreement_0092,adjective_agreement,"femn noun, neut adj",-57.826255798339844,-63.88703155517578,7,7,1,8.000000462401658,17.000000259577064,1
google/gemma-3-4b-it,adjective_agreement_0093,adjective_agreement,"femn noun, masc adj",-59.00018310546875,-69.79330444335938,7,7,1,3.99999981187284,16.999999416875653,1
google/gemma-3-4b-it,adjective_agreement_0094,adjective_agreement,"neut noun, masc adj",-51.73565673828125,-57.82444763183594,5,5,1,-14.874999779087375,15.25000037101563,1
google/gemma-3-4b-it,adjective_agreement_0095,adjective_agreement,"femn noun, neut adj",-60.14653015136719,-72.25204467773438,7,7,1,8.249999899882823,17.375000609084964,1
google/gemma-3-4b-it,adjective_agreement_0096,adjective_agreement,"femn noun, neut adj",-54.29346466064453,-69.23139953613281,6,6,1,14.499999748077244,20.125000000147338,1
google/gemma-3-4b-it,adjective_agreement_0097,adjective_agreement,"femn noun, neut adj",-52.17182540893555,-65.30426025390625,6,6,1,14.625000134576112,19.625000119860488,1
google/gemma-3-4b-it,adjective_agreement_0098,adjective_agreement,"neut noun, femn adj",-65.15361022949219,-73.9795913696289,7,6,1,1.2499999403953552,20.250000358026227,1
google/gemma-3-4b-it,adjective_agreement_0099,adjective_agreement,"masc noun, neut adj",-54.49348068237305,-66.09588623046875,10,10,1,-0.25,14.999999679508619,1
google/gemma-3-4b-it,adjective_agreement_0100,adjective_agreement,"femn noun, neut adj",-49.849754333496094,-54.48297882080078,7,7,1,5.999999839812517,13.99999953637598,1
google/gemma-3-4b-it,adjective_agreement_0101,adjective_agreement,"neut noun, femn adj",-52.91294860839844,-55.61210632324219,7,7,1,-12.499999656356522,16.49999916851084,1
google/gemma-3-4b-it,adjective_agreement_0102,adjective_agreement,"femn noun, masc adj",-48.198448181152344,-58.92353057861328,5,5,1,13.625000172061846,19.49999964304152,1
google/gemma-3-4b-it,adjective_agreement_0103,adjective_agreement,"masc noun, neut adj",-48.51820373535156,-54.9802360534668,9,10,1,16.374999773688614,22.875000834850653,1
google/gemma-3-4b-it,adjective_agreement_0104,adjective_agreement,"femn noun, neut adj",-53.416648864746094,-57.498199462890625,10,10,1,9.749999986495823,14.874999938445399,1
google/gemma-3-4b-it,adjective_agreement_0105,adjective_agreement,"masc noun, femn adj",-55.04912567138672,-65.5118408203125,8,7,1,2.5000000074505806,19.124999523319275,1
google/gemma-3-4b-it,adjective_agreement_0106,adjective_agreement,"neut noun, femn adj",-59.442684173583984,-65.50994873046875,7,6,1,-8.749999887950253,17.375000772619387,1
google/gemma-3-4b-it,adjective_agreement_0107,adjective_agreement,"femn noun, masc adj",-52.003814697265625,-53.663116455078125,6,6,1,-12.00000012962846,13.999999772262527,1
google/gemma-3-4b-it,adjective_agreement_0108,adjective_agreement,"femn noun, masc adj",-62.669105529785156,-68.43460845947266,6,7,1,-8.000000301253749,12.624999645609932,1
google/gemma-3-4b-it,adjective_agreement_0109,adjective_agreement,"neut noun, femn adj",-57.53023910522461,-67.73821258544922,6,6,1,9.499999814201146,17.2500001206281,1
google/gemma-3-4b-it,adjective_agreement_0110,adjective_agreement,"femn noun, neut adj",-64.8547134399414,-73.39932250976562,7,7,1,-13.749999915948138,2.9999999217689037,0
google/gemma-3-4b-it,adjective_agreement_0111,adjective_agreement,"masc noun, neut adj",-59.46471405029297,-66.86811828613281,6,6,1,-9.375000388739863,14.75000025704503,1
google/gemma-3-4b-it,adjective_agreement_0112,adjective_agreement,"masc noun, neut adj",-50.891761779785156,-56.197166442871094,10,11,1,14.000000134576112,18.999999411709723,1
google/gemma-3-4b-it,adjective_agreement_0113,adjective_agreement,"masc noun, femn adj",-56.309356689453125,-61.58832550048828,10,10,1,12.249999561347067,21.62500071811519,1
google/gemma-3-4b-it,adjective_agreement_0114,adjective_agreement,"masc noun, neut adj",-57.141456604003906,-55.59870529174805,8,7,0,4.74999996740371,12.124999801337253,1
google/gemma-3-4b-it,adjective_agreement_0115,adjective_agreement,"femn noun, masc adj",-54.219078063964844,-64.15929412841797,6,6,1,13.375000053085387,18.124999524232408,1
google/gemma-3-4b-it,adjective_agreement_0116,adjective_agreement,"masc noun, femn adj",-69.97660827636719,-69.49261474609375,6,6,0,15.124999545514584,19.12499916662273,1
google/gemma-3-4b-it,adjective_agreement_0117,adjective_agreement,"femn noun, masc adj",-49.064422607421875,-60.477294921875,6,7,1,6.75000008335337,16.000000251515303,1
google/gemma-3-4b-it,adjective_agreement_0118,adjective_agreement,"femn noun, masc adj",-64.93054962158203,-80.61430358886719,6,6,1,12.50000011967495,19.625000723084668,1
google/gemma-3-4b-it,adjective_agreement_0119,adjective_agreement,"femn noun, masc adj",-49.031349182128906,-54.576377868652344,9,9,1,12.999999874271452,20.000000004729372,1
google/gemma-3-4b-it,adjective_agreement_0120,adjective_agreement,"neut noun, femn adj",-60.95331954956055,-58.58967208862305,7,7,0,-8.500000067375368,18.4999990590004,1
google/gemma-3-4b-it,adjective_agreement_0121,adjective_agreement,"neut noun, masc adj",-60.863704681396484,-51.78264617919922,8,8,0,-16.625000035128323,18.25000060388993,1
google/gemma-3-4b-it,adjective_agreement_0122,adjective_agreement,"neut noun, femn adj",-52.74925994873047,-63.857154846191406,11,11,1,3.9999998472630978,18.24999943873263,1
google/gemma-3-4b-it,adjective_agreement_0123,adjective_agreement,"masc noun, femn adj",-51.39912414550781,-62.060462951660156,7,7,1,11.49999975413084,13.000000058265869,1
google/gemma-3-4b-it,adjective_agreement_0124,adjective_agreement,"neut noun, femn adj",-57.02046203613281,-61.08666229248047,9,9,1,11.749999897554517,19.8749990590004,1
google/gemma-3-4b-it,adjective_agreement_0125,adjective_agreement,"femn noun, neut adj",-65.52014923095703,-62.633426666259766,6,7,0,-17.75000083930354,13.874999902225682,0
google/gemma-3-4b-it,adjective_agreement_0126,adjective_agreement,"femn noun, neut adj",-53.26912307739258,-58.712501525878906,9,9,1,1.0,16.00000039546285,1
google/gemma-3-4b-it,adjective_agreement_0127,adjective_agreement,"femn noun, masc adj",-61.62586212158203,-67.42060852050781,6,7,1,15.124999952036887,20.125000477477442,1
google/gemma-3-4b-it,adjective_agreement_0128,adjective_agreement,"femn noun, neut adj",-54.526084899902344,-60.882110595703125,6,6,1,-4.250000008381903,14.374999678111635,1
google/gemma-3-4b-it,adjective_agreement_0129,adjective_agreement,"neut noun, femn adj",-60.15721893310547,-60.567176818847656,6,6,1,-16.749999292762368,18.87499988370837,1
google/gemma-3-4b-it,adjective_agreement_0130,adjective_agreement,"masc noun, femn adj",-58.22034454345703,-69.855712890625,7,7,1,11.249999920837581,19.24999904656579,1
google/gemma-3-4b-it,adjective_agreement_0131,adjective_agreement,"neut noun, masc adj",-53.30135726928711,-49.853515625,12,12,0,-15.249999678460881,-1.9999999850988388,0
google/gemma-3-4b-it,adjective_agreement_0132,adjective_agreement,"neut noun, masc adj",-64.58879089355469,-62.45067596435547,8,9,0,-12.749999775071046,12.500000136657036,0
google/gemma-3-4b-it,adjective_agreement_0133,adjective_agreement,"neut noun, masc adj",-48.07098388671875,-51.017730712890625,10,10,1,-15.250000335770892,16.124999201390892,1
google/gemma-3-4b-it,adjective_agreement_0134,adjective_agreement,"femn noun, masc adj",-51.34400939941406,-60.58088684082031,10,9,1,-14.624999542953447,16.125000653468305,1
google/gemma-3-4b-it,adjective_agreement_0135,adjective_agreement,"masc noun, femn adj",-56.9916877746582,-61.22419357299805,7,6,1,12.499999578110874,15.624999902225682,1
google/gemma-3-4b-it,adjective_agreement_0136,adjective_agreement,"neut noun, femn adj",-53.66117858886719,-56.384056091308594,10,10,1,-4.750000098720193,17.49999967761687,1
google/gemma-3-4b-it,adjective_agreement_0137,adjective_agreement,"femn noun, neut adj",-56.40721130371094,-73.3016128540039,7,7,1,-1.7500000149011612,18.24999904656579,1
google/gemma-3-4b-it,adjective_agreement_0138,adjective_agreement,"masc noun, neut adj",-53.694358825683594,-62.79261779785156,10,10,1,16.749999773688614,22.500000001047738,1
google/gemma-3-4b-it,adjective_agreement_0139,adjective_agreement,"femn noun, masc adj",-60.54319763183594,-72.06951141357422,9,10,1,9.499999697320163,14.999999819934601,1
google/gemma-3-4b-it,adjective_agreement_0140,adjective_agreement,"neut noun, masc adj",-62.113502502441406,-65.19587707519531,7,7,1,-15.124999581603333,16.999999306106474,1
google/gemma-3-4b-it,adjective_agreement_0141,adjective_agreement,"femn noun, masc adj",-59.35628890991211,-66.36333465576172,7,7,1,-0.5,16.749999526109605,1
google/gemma-3-4b-it,adjective_agreement_0142,adjective_agreement,"neut noun, femn adj",-55.03827667236328,-57.949745178222656,6,6,1,14.875000287778676,18.875000360509148,1
google/gemma-3-4b-it,adjective_agreement_0143,adjective_agreement,"femn noun, masc adj",-59.79655456542969,-58.24845886230469,10,10,0,17.25000001117587,17.24999958029366,1
google/gemma-3-4b-it,adjective_agreement_0144,adjective_agreement,"femn noun, masc adj",-58.709014892578125,-62.563804626464844,7,8,1,-12.37500025620102,13.749999551233486,1
google/gemma-3-4b-it,adjective_agreement_0145,adjective_agreement,"masc noun, femn adj",-52.344459533691406,-67.24195861816406,7,7,1,14.37499966006726,19.625000000409273,1
google/gemma-3-4b-it,adjective_agreement_0146,adjective_agreement,"femn noun, neut adj",-62.7330322265625,-67.93994140625,5,6,1,15.625000222586095,19.625000477477442,1
google/gemma-3-4b-it,adjective_agreement_0147,adjective_agreement,"femn noun, masc adj",-61.31927490234375,-65.81673431396484,4,5,1,3.0000000670552254,16.999999059305992,1
google/gemma-3-4b-it,adjective_agreement_0148,adjective_agreement,"femn noun, masc adj",-53.74229049682617,-59.69610595703125,7,7,1,-15.875000155065209,16.749999411957106,1
google/gemma-3-4b-it,adjective_agreement_0149,adjective_agreement,"neut noun, femn adj",-50.234039306640625,-62.209693908691406,5,5,1,-13.249999569583451,12.99999983923044,0
google/gemma-3-4b-it,adjective_agreement_0150,adjective_agreement,"masc noun, neut adj",-61.273170471191406,-60.610328674316406,7,7,0,0.75,20.000000238820576,1
google/gemma-3-4b-it,adjective_agreement_0151,adjective_agreement,"femn noun, masc adj",-59.20979309082031,-66.92564392089844,5,6,1,11.249999606516212,19.75000083470877,1
google/gemma-3-4b-it,adjective_agreement_0152,adjective_agreement,"neut noun, masc adj",-53.127113342285156,-57.00144577026367,9,9,1,-1.5,14.249999663850758,1
google/gemma-3-4b-it,adjective_agreement_0153,adjective_agreement,"femn noun, masc adj",-58.39404296875,-56.6611328125,7,7,0,-11.499999704072252,12.24999965619645,1
google/gemma-3-4b-it,adjective_agreement_0154,adjective_agreement,"neut noun, femn adj",-47.07903289794922,-59.71294403076172,9,9,1,9.999999955762178,18.374999699473847,1
google/gemma-3-4b-it,adjective_agreement_0155,adjective_agreement,"masc noun, femn adj",-55.95680236816406,-73.74363708496094,6,5,1,-10.125000005304173,18.875000021216692,1
google/gemma-3-4b-it,adjective_agreement_0156,adjective_agreement,"neut noun, femn adj",-60.35436248779297,-70.33161926269531,11,11,1,-13.999999797029886,5.499999950174242,0
google/gemma-3-4b-it,adjective_agreement_0157,adjective_agreement,"neut noun, femn adj",-66.76304626464844,-69.41859436035156,8,8,1,8.000000024447218,15.375000004729372,1
google/gemma-3-4b-it,adjective_agreement_0158,adjective_agreement,"neut noun, femn adj",-62.46763229370117,-71.3119888305664,7,7,1,-9.375000015395926,17.374999405736162,1
google/gemma-3-4b-it,adjective_agreement_0159,adjective_agreement,"femn noun, neut adj",-53.077945709228516,-61.00457763671875,6,7,1,-15.125000155065209,17.250000241307134,1
google/gemma-3-4b-it,adjective_agreement_0160,adjective_agreement,"masc noun, neut adj",-55.76232147216797,-60.489646911621094,5,6,1,12.625000051222742,21.62500011935481,1
google/gemma-3-4b-it,adjective_agreement_0161,adjective_agreement,"neut noun, femn adj",-54.785865783691406,-64.85539245605469,12,12,1,-14.625000018801074,18.00000027299393,1
google/gemma-3-4b-it,adjective_agreement_0162,adjective_agreement,"femn noun, masc adj",-51.261863708496094,-63.778648376464844,5,6,1,11.500000377651304,15.999999411957106,1
google/gemma-3-4b-it,adjective_agreement_0163,adjective_agreement,"masc noun, neut adj",-62.50923156738281,-82.72005462646484,6,7,1,13.499999603256583,19.249999411709723,1
google/gemma-3-4b-it,adjective_agreement_0164,adjective_agreement,"masc noun, neut adj",-52.41260528564453,-56.728851318359375,6,7,1,10.750000335741788,21.25000011935481,1
google/gemma-3-4b-it,adjective_agreement_0165,adjective_agreement,"femn noun, neut adj",-51.939537048339844,-64.10055541992188,5,5,1,15.249999545514584,19.499999405030394,1
google/gemma-3-4b-it,adjective_agreement_0166,adjective_agreement,"femn noun, masc adj",-58.111488342285156,-62.11190414428711,6,7,1,13.87500019511208,15.249999764550012,1
google/gemma-3-4b-it,adjective_agreement_0167,adjective_agreement,"femn noun, masc adj",-51.10646057128906,-57.790565490722656,9,9,1,6.249999933410436,17.250000489904778,1
google/gemma-3-4b-it,adjective_agreement_0168,adjective_agreement,"femn noun, neut adj",-51.14582824707031,-61.41035461425781,10,11,1,14.500000169035047,18.750000122112397,1
google/gemma-3-4b-it,adjective_agreement_0169,adjective_agreement,"neut noun, masc adj",-52.15790557861328,-61.21983337402344,9,8,1,9.500000051222742,17.375000484695192,1
google/gemma-3-4b-it,adjective_agreement_0170,adjective_agreement,"femn noun, neut adj",-52.104156494140625,-62.32594680786133,7,7,1,10.000000163214281,20.37500023906614,1
google/gemma-3-4b-it,adjective_agreement_0171,adjective_agreement,"femn noun, masc adj",-58.361087799072266,-57.5022087097168,7,7,0,16.124999690568075,20.625000000147338,1
google/gemma-3-4b-it,adjective_agreement_0172,adjective_agreement,"neut noun, femn adj",-52.23426818847656,-56.85045623779297,6,6,1,12.750000475905836,20.49999976167419,1
google/gemma-3-4b-it,adjective_agreement_0173,adjective_agreement,"neut noun, femn adj",-66.07478332519531,-71.37496948242188,9,9,1,6.000000045169145,18.249999882544216,1
google/gemma-3-4b-it,adjective_agreement_0174,adjective_agreement,"masc noun, neut adj",-52.152244567871094,-59.36598587036133,7,7,1,7.2499999849824235,14.874999545470928,1
google/gemma-3-4b-it,adjective_agreement_0175,adjective_agreement,"masc noun, neut adj",-56.823707580566406,-59.97792053222656,6,7,1,14.000000027008355,19.000000243126124,1
google/gemma-3-4b-it,adjective_agreement_0176,adjective_agreement,"femn noun, masc adj",-55.78274154663086,-58.9367790222168,6,6,1,-14.000000094936695,11.500000244406692,0
google/gemma-3-4b-it,adjective_agreement_0177,adjective_agreement,"neut noun, femn adj",-49.427589416503906,-60.50820541381836,6,5,1,14.375000345520675,17.999999167332135,1
google/gemma-3-4b-it,adjective_agreement_0178,adjective_agreement,"masc noun, femn adj",-61.864471435546875,-63.170806884765625,7,7,1,14.875000380910933,20.62500035827179,1
google/gemma-3-4b-it,adjective_agreement_0179,adjective_agreement,"masc noun, femn adj",-48.83636474609375,-57.863460540771484,8,8,1,12.625000451225787,19.875000000654836,1
google/gemma-3-4b-it,adjective_agreement_0180,adjective_agreement,"masc noun, neut adj",-59.09828186035156,-77.62721252441406,7,8,1,6.250000058207661,19.87500000174623,1
google/gemma-3-4b-it,adjective_agreement_0181,adjective_agreement,"neut noun, femn adj",-61.73204803466797,-72.28215789794922,5,5,1,-12.250000268628355,15.500000035390258,1
google/gemma-3-4b-it,adjective_agreement_0182,adjective_agreement,"masc noun, neut adj",-46.28465270996094,-53.204612731933594,10,10,1,15.124999985098839,21.50000000174623,1
google/gemma-3-4b-it,adjective_agreement_0183,adjective_agreement,"femn noun, masc adj",-53.03192901611328,-56.58285903930664,7,7,1,3.7500000055879354,14.500000246669515,1
google/gemma-3-4b-it,adjective_agreement_0184,adjective_agreement,"masc noun, femn adj",-65.52883911132812,-66.62421417236328,7,7,1,12.750000178115442,16.249999416875653,1
google/gemma-3-4b-it,adjective_agreement_0185,adjective_agreement,"femn noun, masc adj",-48.674259185791016,-53.10013198852539,10,10,1,-14.875000342610292,15.375000019499566,1
google/gemma-3-4b-it,adjective_agreement_0186,adjective_agreement,"neut noun, masc adj",-51.045021057128906,-52.9958381652832,8,8,1,-15.500000415777322,16.99999978284177,1
google/gemma-3-4b-it,adjective_agreement_0187,adjective_agreement,"femn noun, masc adj",-64.12891387939453,-74.6225357055664,10,11,1,-14.000000296597136,11.624999824241968,0
google/gemma-3-4b-it,adjective_agreement_0188,adjective_agreement,"femn noun, masc adj",-56.446434020996094,-66.2451171875,8,8,1,-9.49999989036587,9.999999768377165,1
google/gemma-3-4b-it,adjective_agreement_0189,adjective_agreement,"femn noun, neut adj",-55.52701950073242,-73.3587875366211,7,7,1,-13.499999893945642,12.875000132800778,0
google/gemma-3-4b-it,adjective_agreement_0190,adjective_agreement,"femn noun, neut adj",-51.610511779785156,-60.20425033569336,6,6,1,14.875000345520675,20.24999988120362,1
google/gemma-3-4b-it,adjective_agreement_0191,adjective_agreement,"masc noun, neut adj",-67.48567199707031,-68.76947021484375,11,10,1,-1.0000000298023224,14.124999977037078,1
google/gemma-3-4b-it,adjective_agreement_0192,adjective_agreement,"femn noun, neut adj",-53.59040069580078,-65.9293212890625,7,7,1,4.7499999068677425,14.875000177446054,1
google/gemma-3-4b-it,adjective_agreement_0193,adjective_agreement,"masc noun, femn adj",-52.48409652709961,-62.26617431640625,10,10,1,17.124999773688614,22.250000600717613,1
google/gemma-3-4b-it,adjective_agreement_0194,adjective_agreement,"neut noun, femn adj",-60.88492202758789,-70.66726684570312,8,7,1,10.250000081956387,20.50000059643935,1
google/gemma-3-4b-it,adjective_agreement_0195,adjective_agreement,"neut noun, femn adj",-54.05879211425781,-57.72677230834961,6,6,1,6.499999988358468,17.25000072333205,1
google/gemma-3-4b-it,adjective_agreement_0196,adjective_agreement,"masc noun, neut adj",-48.99760437011719,-59.561492919921875,8,8,1,4.250000149011612,17.124999647137884,1
google/gemma-3-4b-it,adjective_agreement_0197,adjective_agreement,"femn noun, masc adj",-52.04204559326172,-61.60600280761719,6,6,1,-14.250000251515303,17.75000012095188,1
google/gemma-3-4b-it,adjective_agreement_0198,adjective_agreement,"neut noun, femn adj",-60.226749420166016,-63.98370361328125,9,9,1,5.750000170897692,20.25000000174623,1
google/gemma-3-4b-it,adjective_agreement_0199,adjective_agreement,"femn noun, masc adj",-58.51006317138672,-68.5062255859375,7,7,1,14.500000050058588,20.62500059643935,1
google/gemma-3-4b-it,adjective_agreement_0200,adjective_agreement,"neut noun, femn adj",-56.2890625,-59.37861633300781,6,6,1,-11.749999792140443,10.875000366489985,0
google/gemma-3-4b-it,adjective_agreement_0201,adjective_agreement,"neut noun, femn adj",-57.616668701171875,-62.802513122558594,7,7,1,10.500000260071829,18.999999404630216,1
google/gemma-3-4b-it,adjective_agreement_0202,adjective_agreement,"masc noun, neut adj",-50.595909118652344,-57.0633544921875,6,7,1,-12.500000124600774,18.625000119614924,1
google/gemma-3-4b-it,adjective_agreement_0203,adjective_agreement,"masc noun, neut adj",-46.634124755859375,-57.550811767578125,7,7,1,1.9999998956918716,14.625000371175702,1
google/gemma-3-4b-it,adjective_agreement_0204,adjective_agreement,"neut noun, femn adj",-51.14727783203125,-58.00328063964844,8,8,1,5.250000071711838,20.749999762640073,1
google/gemma-3-4b-it,adjective_agreement_0205,adjective_agreement,"femn noun, neut adj",-50.149349212646484,-61.11815643310547,7,7,1,-10.749999544670573,16.750000481704774,1
google/gemma-3-4b-it,adjective_agreement_0206,adjective_agreement,"neut noun, femn adj",-57.9654541015625,-65.45481872558594,11,11,1,-9.5000003783789,20.124999292514985,1
google/gemma-3-4b-it,adjective_agreement_0207,adjective_agreement,"femn noun, neut adj",-53.822357177734375,-61.1707763671875,10,10,1,-13.625000394356903,12.000000217463821,0
google/gemma-3-4b-it,adjective_agreement_0208,adjective_agreement,"neut noun, masc adj",-70.74403381347656,-67.54167938232422,8,9,0,-10.24999953401857,16.99999906733865,1
google/gemma-3-4b-it,adjective_agreement_0209,adjective_agreement,"femn noun, masc adj",-63.27368927001953,-67.27947998046875,7,7,1,-9.875000363921572,14.624999796797056,1
google/gemma-3-4b-it,adjective_agreement_0210,adjective_agreement,"masc noun, femn adj",-63.02107238769531,-68.42044830322266,11,10,1,5.000000231899321,21.375000000654836,1
google/gemma-3-4b-it,adjective_agreement_0211,adjective_agreement,"masc noun, neut adj",-50.59220886230469,-57.378353118896484,7,8,1,8.250000133179128,19.00000047971116,1
google/gemma-3-4b-it,adjective_agreement_0212,adjective_agreement,"femn noun, masc adj",-60.32180404663086,-69.17666625976562,7,7,1,11.500000384170562,18.375000122112397,1
google/gemma-3-4b-it,adjective_agreement_0213,adjective_agreement,"neut noun, femn adj",-61.352203369140625,-64.99156188964844,6,5,1,5.500000082422048,19.750000238820576,1
google/gemma-3-4b-it,adjective_agreement_0214,adjective_agreement,"neut noun, masc adj",-63.454345703125,-63.562828063964844,7,7,1,-13.50000039319275,16.000000004918547,1
google/gemma-3-4b-it,adjective_agreement_0215,adjective_agreement,"masc noun, femn adj",-53.97229766845703,-64.23175048828125,8,8,1,3.5000000670552254,16.000000021216692,1
google/gemma-3-4b-it,adjective_agreement_0216,adjective_agreement,"neut noun, masc adj",-56.4910888671875,-63.54400634765625,6,5,1,7.749999817227945,17.125000238820576,1
google/gemma-3-4b-it,adjective_agreement_0217,adjective_agreement,"neut noun, femn adj",-63.67329406738281,-61.852115631103516,7,7,0,8.749999782303348,18.24999928653415,1
google/gemma-3-4b-it,adjective_agreement_0218,adjective_agreement,"femn noun, neut adj",-56.51298904418945,-60.03624725341797,7,7,1,-13.000000415777322,12.999999819934601,0
google/gemma-3-4b-it,adjective_agreement_0219,adjective_agreement,"masc noun, neut adj",-64.60176086425781,-63.367279052734375,12,11,0,10.250000319443643,15.12500045201159,1
google/gemma-3-4b-it,adjective_agreement_0220,adjective_agreement,"masc noun, femn adj",-58.194461822509766,-58.883155822753906,10,9,1,5.499999926891178,12.249999981955625,1
google/gemma-3-4b-it,adjective_agreement_0221,adjective_agreement,"neut noun, masc adj",-54.335289001464844,-55.81273651123047,11,10,1,-15.250000095780706,15.125000021609594,0
google/gemma-3-4b-it,adjective_agreement_0222,adjective_agreement,"femn noun, masc adj",-65.595703125,-65.52548217773438,7,7,0,14.99999953666702,15.749999893640052,1
google/gemma-3-4b-it,adjective_agreement_0223,adjective_agreement,"neut noun, masc adj",-61.95800018310547,-58.03314971923828,8,8,0,-0.25,11.624999702733476,1
google/gemma-3-4b-it,adjective_agreement_0224,adjective_agreement,"masc noun, neut adj",-52.1252555847168,-60.64149856567383,7,7,1,12.49999969638884,20.49999916577326,1
google/gemma-3-4b-it,adjective_agreement_0225,adjective_agreement,"masc noun, neut adj",-57.816261291503906,-60.05706024169922,5,6,1,-0.25,15.375000035390258,1
google/gemma-3-4b-it,adjective_agreement_0226,adjective_agreement,"neut noun, femn adj",-70.678955078125,-76.01537322998047,9,8,1,15.000000052154064,20.12500000174623,1
google/gemma-3-4b-it,adjective_agreement_0227,adjective_agreement,"femn noun, masc adj",-55.15362548828125,-58.36626434326172,9,9,1,12.999999846331775,15.500000094529241,1
google/gemma-3-4b-it,adjective_agreement_0228,adjective_agreement,"femn noun, masc adj",-50.66345977783203,-60.17576599121094,6,6,1,-17.00000049834489,17.499999764506356,1
google/gemma-3-4b-it,adjective_agreement_0229,adjective_agreement,"masc noun, neut adj",-61.047943115234375,-67.65296936035156,7,6,1,-11.750000256928615,18.49999988370837,1
google/gemma-3-4b-it,adjective_agreement_0230,adjective_agreement,"masc noun, femn adj",-53.67311096191406,-56.55988311767578,9,10,1,15.374999655410647,22.250000600717613,1
google/gemma-3-4b-it,adjective_agreement_0231,adjective_agreement,"masc noun, femn adj",-58.81449890136719,-69.81015014648438,7,7,1,10.000000172760338,20.37500023906614,1
google/gemma-3-4b-it,adjective_agreement_0232,adjective_agreement,"masc noun, femn adj",-50.356563568115234,-57.46977233886719,7,7,1,15.374999715015292,19.624999524938175,1
google/gemma-3-4b-it,adjective_agreement_0233,adjective_agreement,"neut noun, masc adj",-59.83880615234375,-57.835853576660156,9,9,0,0.25,13.499999783438398,1
google/gemma-3-4b-it,adjective_agreement_0234,adjective_agreement,"masc noun, femn adj",-46.111968994140625,-63.26027297973633,7,7,1,12.874999907333404,20.25000059643935,1
google/gemma-3-4b-it,adjective_agreement_0235,adjective_agreement,"masc noun, femn adj",-47.98443603515625,-59.47163391113281,10,9,1,14.749999952036887,21.87500037040445,1
google/gemma-3-4b-it,adjective_agreement_0236,adjective_agreement,"masc noun, neut adj",-56.662322998046875,-65.52682495117188,6,5,1,-13.875000379164703,17.999999408741132,1
google/gemma-3-4b-it,adjective_agreement_0237,adjective_agreement,"masc noun, femn adj",-58.63261413574219,-62.917327880859375,6,5,1,13.875000230967999,20.624999881842086,1
google/gemma-3-4b-it,adjective_agreement_0238,adjective_agreement,"masc noun, femn adj",-63.31658935546875,-78.06182861328125,6,6,1,9.999999584630132,10.875000132073183,1
google/gemma-3-4b-it,adjective_agreement_0239,adjective_agreement,"femn noun, masc adj",-60.95372009277344,-68.89991760253906,7,7,1,-8.0000001937442,10.875000255662599,1
google/gemma-3-4b-it,adjective_agreement_0240,adjective_agreement,"femn noun, masc adj",-54.325740814208984,-56.873008728027344,8,9,1,1.2499999701976776,14.249999707739335,1
google/gemma-3-4b-it,adjective_agreement_0241,adjective_agreement,"masc noun, femn adj",-55.71398162841797,-63.643943786621094,7,7,1,13.999999541789293,15.750000154570444,1
google/gemma-3-4b-it,adjective_agreement_0242,adjective_agreement,"masc noun, femn adj",-54.396183013916016,-62.902984619140625,8,7,1,12.12500040140003,19.250000002910383,1
google/gemma-3-4b-it,adjective_agreement_0243,adjective_agreement,"masc noun, neut adj",-46.19168472290039,-55.296024322509766,8,8,1,6.749999982304871,14.999999796797056,1
google/gemma-3-4b-it,adjective_agreement_0244,adjective_agreement,"neut noun, masc adj",-55.63743591308594,-67.0672836303711,5,4,1,-8.749999660998583,16.37499988370837,1
google/gemma-3-4b-it,adjective_agreement_0245,adjective_agreement,"neut noun, femn adj",-58.29958724975586,-60.65080642700195,6,6,1,10.99999989150092,18.249999523835868,1
google/gemma-3-4b-it,adjective_agreement_0246,adjective_agreement,"neut noun, masc adj",-54.79323196411133,-67.12345886230469,5,5,1,14.000000345520675,16.499999888721504,1
google/gemma-3-4b-it,adjective_agreement_0247,adjective_agreement,"masc noun, neut adj",-52.74915313720703,-60.772857666015625,11,11,1,9.000000210478902,19.874999769293936,1
google/gemma-3-4b-it,adjective_agreement_0248,adjective_agreement,"masc noun, neut adj",-54.53480911254883,-59.300209045410156,6,6,1,12.99999960931018,20.374999881452823,1
google/gemma-3-4b-it,adjective_agreement_0249,adjective_agreement,"neut noun, femn adj",-60.67918014526367,-61.77042007446289,6,6,1,-7.499999826482963,16.250000631029252,1
google/gemma-3-4b-it,adjective_agreement_0250,adjective_agreement,"neut noun, masc adj",-53.882774353027344,-57.478118896484375,11,12,1,-12.375000335334335,14.999999943305738,1
google/gemma-3-4b-it,adjective_agreement_0251,adjective_agreement,"femn noun, neut adj",-53.89139175415039,-57.73777770996094,5,5,1,11.1249996162951,17.62499978284177,1
google/gemma-3-4b-it,adjective_agreement_0252,adjective_agreement,"femn noun, neut adj",-51.68901824951172,-58.86419677734375,10,10,1,2.2500001043081284,17.12500065410859,1
google/gemma-3-4b-it,adjective_agreement_0253,adjective_agreement,"femn noun, neut adj",-49.912899017333984,-54.74553680419922,7,7,1,8.24999958067201,15.874999650462996,1
google/gemma-3-4b-it,adjective_agreement_0254,adjective_agreement,"masc noun, femn adj",-54.38001251220703,-63.4504280090332,11,11,1,13.499999870546162,20.62500047971116,1
google/gemma-3-4b-it,adjective_agreement_0255,adjective_agreement,"femn noun, neut adj",-60.83096694946289,-66.49835205078125,6,7,1,-13.874999797553755,12.87499979729182,0
google/gemma-3-4b-it,adjective_agreement_0256,adjective_agreement,"neut noun, femn adj",-63.60862731933594,-67.40353393554688,6,5,1,-13.874999536536052,19.37499988370837,1
google/gemma-3-4b-it,adjective_agreement_0257,adjective_agreement,"neut noun, masc adj",-48.68086242675781,-45.26759338378906,9,9,0,7.000000024912879,16.250000021216692,1
google/gemma-3-4b-it,adjective_agreement_0258,adjective_agreement,"masc noun, neut adj",-58.70803451538086,-68.1429214477539,10,10,1,-2.749999947845936,17.625000415137038,1
google/gemma-3-4b-it,adjective_agreement_0259,adjective_agreement,"neut noun, femn adj",-58.40301513671875,-61.00312042236328,7,7,1,8.249999609775841,18.87499976224717,1
google/gemma-3-4b-it,adjective_agreement_0260,adjective_agreement,"neut noun, masc adj",-50.79553985595703,-51.90272521972656,11,11,1,-16.8749994392565,15.375000214524334,0
google/gemma-3-4b-it,adjective_agreement_0261,adjective_agreement,"masc noun, femn adj",-55.95758819580078,-66.90026092529297,7,6,1,-6.999999777413905,17.000000122112397,1
google/gemma-3-4b-it,adjective_agreement_0262,adjective_agreement,"masc noun, femn adj",-49.742435455322266,-63.86796188354492,10,10,1,16.62499926891178,20.500000243126124,1
google/gemma-3-4b-it,adjective_agreement_0263,adjective_agreement,"femn noun, masc adj",-45.99345397949219,-59.92303466796875,5,5,1,13.12499999301508,19.874999880939868,1
google/gemma-3-4b-it,adjective_agreement_0264,adjective_agreement,"femn noun, masc adj",-47.8238639831543,-52.700103759765625,9,9,1,-15.999999141262379,15.750000057625584,0
google/gemma-3-4b-it,adjective_agreement_0265,adjective_agreement,"masc noun, femn adj",-64.95881652832031,-69.43312072753906,6,6,1,15.999999952036887,19.875000122112397,1
google/gemma-3-4b-it,adjective_agreement_0266,adjective_agreement,"masc noun, neut adj",-61.48741912841797,-67.84014892578125,6,6,1,-5.000000153668225,17.374999882544216,1
google/gemma-3-4b-it,adjective_agreement_0267,adjective_agreement,"femn noun, masc adj",-49.766685485839844,-54.50872802734375,8,8,1,14.249999715015292,19.624999173320248,1
google/gemma-3-4b-it,adjective_agreement_0268,adjective_agreement,"masc noun, femn adj",-47.739227294921875,-62.17094421386719,7,7,1,12.250000277999789,19.87500035827179,1
google/gemma-3-4b-it,adjective_agreement_0269,adjective_agreement,"femn noun, masc adj",-62.563838958740234,-68.86395263671875,5,6,1,-1.999999925494194,14.000000035652192,1
google/gemma-3-4b-it,adjective_agreement_0270,adjective_agreement,"masc noun, neut adj",-54.62785339355469,-56.4536247253418,8,8,1,12.000000084983185,18.249999405030394,1
google/gemma-3-4b-it,adjective_agreement_0271,adjective_agreement,"femn noun, neut adj",-50.36467361450195,-57.813575744628906,8,8,1,7.5000000519212335,15.374999779858626,1
google/gemma-3-4b-it,adjective_agreement_0272,adjective_agreement,"masc noun, neut adj",-47.63862991333008,-55.85371398925781,10,10,1,15.874999952036887,21.50000072797411,1
google/gemma-3-4b-it,adjective_agreement_0273,adjective_agreement,"neut noun, masc adj",-54.245460510253906,-57.98377990722656,8,9,1,14.999999571824446,19.500000771979103,1
google/gemma-3-4b-it,adjective_agreement_0274,adjective_agreement,"neut noun, femn adj",-54.00303268432617,-59.40343475341797,11,11,1,-11.25000012552482,-2.5000000447034836,0
google/gemma-3-4b-it,adjective_agreement_0275,adjective_agreement,"femn noun, neut adj",-54.69918441772461,-72.08966064453125,7,7,1,10.999999695457518,12.124999765881512,1
google/gemma-3-4b-it,adjective_agreement_0276,adjective_agreement,"neut noun, masc adj",-51.39221954345703,-59.697181701660156,9,9,1,9.750000321306288,16.375000274012564,1
google/gemma-3-4b-it,adjective_agreement_0277,adjective_agreement,"femn noun, neut adj",-68.83866882324219,-79.63770294189453,5,5,1,12.749999996740371,19.87500000174623,1
google/gemma-3-4b-it,adjective_agreement_0278,adjective_agreement,"masc noun, neut adj",-72.03588104248047,-82.15863037109375,5,6,1,-0.7499999701976776,13.25000045451452,1
google/gemma-3-4b-it,adjective_agreement_0279,adjective_agreement,"masc noun, neut adj",-56.52875518798828,-64.12665557861328,6,7,1,8.750000017462298,17.75000012711098,1
google/gemma-3-4b-it,adjective_agreement_0280,adjective_agreement,"masc noun, femn adj",-51.48357009887695,-60.752132415771484,10,10,1,11.499999872408807,16.250000394356903,1
google/gemma-3-4b-it,adjective_agreement_0281,adjective_agreement,"femn noun, neut adj",-50.288543701171875,-67.50006866455078,11,11,1,4.749999956227839,15.750000140993507,1
google/gemma-3-4b-it,adjective_agreement_0282,adjective_agreement,"masc noun, femn adj",-54.25589370727539,-69.63595581054688,7,7,1,13.375000467989594,21.249999165588633,1
google/gemma-3-4b-it,adjective_agreement_0283,adjective_agreement,"masc noun, neut adj",-51.512107849121094,-59.375247955322266,10,10,1,9.500000156927854,16.874999976193067,1
google/gemma-3-4b-it,adjective_agreement_0284,adjective_agreement,"neut noun, femn adj",-47.43280792236328,-58.20917510986328,6,6,1,-11.000000361447746,18.125000365500455,1
google/gemma-3-4b-it,adjective_agreement_0285,adjective_agreement,"femn noun, masc adj",-68.97171020507812,-73.56109619140625,5,5,1,12.624999912455678,17.87500037071004,1
google/gemma-3-4b-it,adjective_agreement_0286,adjective_agreement,"neut noun, femn adj",-57.77241516113281,-61.842430114746094,7,6,1,6.749999791849405,19.62500047795038,1
google/gemma-3-4b-it,adjective_agreement_0287,adjective_agreement,"neut noun, femn adj",-54.88220977783203,-57.56794738769531,11,10,1,11.250000395812094,20.00000037040445,1
google/gemma-3-4b-it,adjective_agreement_0288,adjective_agreement,"masc noun, neut adj",-53.725990295410156,-63.089691162109375,7,7,1,-12.62500024176552,18.125000119860488,1
google/gemma-3-4b-it,adjective_agreement_0289,adjective_agreement,"neut noun, masc adj",-63.97730255126953,-67.82056427001953,11,12,1,-8.999999901061528,16.625000609084964,1
google/gemma-3-4b-it,adjective_agreement_0290,adjective_agreement,"neut noun, femn adj",-52.04826354980469,-59.19926452636719,9,9,1,14.999999816529453,20.249999762640073,1
google/gemma-3-4b-it,adjective_agreement_0291,adjective_agreement,"femn noun, neut adj",-55.94962692260742,-67.50418090820312,10,10,1,14.74999986635521,19.125000153813744,1
google/gemma-3-4b-it,adjective_agreement_0292,adjective_agreement,"femn noun, masc adj",-66.03483581542969,-76.93801879882812,6,6,1,-9.125000151601853,14.00000009703217,1
google/gemma-3-4b-it,adjective_agreement_0293,adjective_agreement,"masc noun, femn adj",-56.92570495605469,-67.31919860839844,10,10,1,11.250000089639798,16.625000690313755,1
google/gemma-3-4b-it,adjective_agreement_0294,adjective_agreement,"femn noun, masc adj",-58.324851989746094,-66.16271209716797,6,6,1,12.750000268220901,18.625000600906787,1
google/gemma-3-4b-it,adjective_agreement_0295,adjective_agreement,"femn noun, neut adj",-51.5330924987793,-63.18486785888672,5,5,1,13.125000331550837,18.874999526109605,1
google/gemma-3-4b-it,adjective_agreement_0296,adjective_agreement,"neut noun, femn adj",-55.0576171875,-64.07450103759766,6,5,1,10.999999983003363,18.250000835563696,1
google/gemma-3-4b-it,adjective_agreement_0297,adjective_agreement,"femn noun, masc adj",-54.11583709716797,-59.757286071777344,7,8,1,-12.25000039866427,12.624999801861122,1
google/gemma-3-4b-it,adjective_agreement_0298,adjective_agreement,"femn noun, neut adj",-64.48588562011719,-64.58094787597656,6,6,1,-15.625000392406946,11.499999624240445,0
google/gemma-3-4b-it,adjective_agreement_0299,adjective_agreement,"neut noun, masc adj",-49.984798431396484,-60.21129608154297,6,6,1,10.624999967869371,17.62500083627674,1
google/gemma-3-4b-it,calques_0000,calques,subtle: брати участь,-45.79129409790039,-47.65481185913086,8,9,1,10.249999925028533,20.24999988088166,1
google/gemma-3-4b-it,calques_0001,calques,subtle: брати участь,-46.23407745361328,-55.952877044677734,10,10,1,8.74999973969534,17.87499976465915,1
google/gemma-3-4b-it,calques_0002,calques,subtle: брати участь,-49.326663970947266,-57.13154602050781,10,10,1,8.749999779742211,12.99999953401857,1
google/gemma-3-4b-it,calques_0003,calques,subtle: брати участь,-50.28071594238281,-49.9415283203125,11,11,0,15.875000371597707,18.3749990470169,1
google/gemma-3-4b-it,calques_0004,calques,subtle: вживати заходів,-50.09382629394531,-59.62699890136719,11,10,1,-12.25000000088039,11.999999644256604,0
google/gemma-3-4b-it,calques_0005,calques,subtle: вживати заходів,-54.75542449951172,-67.28905487060547,9,9,1,-12.625000141590135,15.500000251675374,1
google/gemma-3-4b-it,calques_0006,calques,subtle: вживати заходів,-45.89473342895508,-74.40727233886719,10,9,1,-14.624999883781129,11.249999524512532,0
google/gemma-3-4b-it,calques_0007,calques,subtle: вживати заходів,-46.65956497192383,-71.23826599121094,9,8,1,-9.749999764506356,13.000000000800355,1
google/gemma-3-4b-it,calques_0008,calques,subtle: протягом,-59.167423248291016,-77.77257537841797,11,11,1,12.750000089406967,18.750000259577064,1
google/gemma-3-4b-it,calques_0009,calques,subtle: протягом,-64.01667022705078,-74.3426284790039,8,10,1,12.000000068219379,17.624999663661583,1
google/gemma-3-4b-it,calques_0010,calques,subtle: протягом,-55.121543884277344,-72.41773223876953,10,10,1,6.500000215135515,16.74999967950862,1
google/gemma-3-4b-it,calques_0011,calques,subtle: протягом,-70.33307647705078,-74.63600158691406,7,9,1,9.750000427709892,18.874999763342203,1
google/gemma-3-4b-it,calques_0012,calques,subtle: збігатися,-46.24784851074219,-46.62106704711914,9,8,1,1.0000000596046448,12.125000141793862,1
google/gemma-3-4b-it,calques_0013,calques,subtle: збігатися,-73.56322479248047,-87.07679748535156,10,9,1,-11.625000380779966,12.000000298576197,1
google/gemma-3-4b-it,calques_0014,calques,subtle: збігатися,-42.38054656982422,-45.686279296875,8,7,1,-10.500000369502231,1.0000000298023224,0
google/gemma-3-4b-it,calques_0015,calques,subtle: збігатися,-43.81389617919922,-44.65630340576172,9,8,1,-10.249999926512828,0.9999999701976776,0
google/gemma-3-4b-it,calques_0016,calques,subtle: стосуватися,-58.98377990722656,-61.94231033325195,11,11,1,9.249999806750566,3.7500000707805157,1
google/gemma-3-4b-it,calques_0017,calques,subtle: стосуватися,-64.97761535644531,-62.794349670410156,7,7,0,-12.500000397034455,11.375000248313881,0
google/gemma-3-4b-it,calques_0018,calques,subtle: стосуватися,-56.10947799682617,-58.98078918457031,9,9,1,-9.624999907886377,10.624999779625796,1
google/gemma-3-4b-it,calques_0019,calques,subtle: завдяки,-63.130977630615234,-71.23576354980469,9,10,1,-16.874999585154,16.12500009429641,0
google/gemma-3-4b-it,calques_0020,calques,subtle: завдяки,-86.32159423828125,-105.62596130371094,13,14,1,-12.375000148953404,14.37500021676533,1
google/gemma-3-4b-it,calques_0021,calques,subtle: завдяки,-61.182395935058594,-78.15515899658203,8,9,1,1.0000000298023224,17.62500003463356,1
google/gemma-3-4b-it,calques_0022,calques,subtle: завдяки,-69.16455078125,-70.92686462402344,12,13,1,-15.750000015366822,14.374999827705324,0
google/gemma-3-4b-it,calques_0023,calques,subtle: доводиться,-56.379913330078125,-58.52175521850586,11,10,1,-11.749999670370016,13.500000467873178,1
google/gemma-3-4b-it,calques_0024,calques,subtle: доводиться,-49.413352966308594,-61.65391540527344,8,9,1,-13.250000132640707,16.000000654777978,1
google/gemma-3-4b-it,calques_0025,calques,subtle: доводиться,-57.29594802856445,-62.982154846191406,12,11,1,-15.125000275787897,17.00000015430851,1
google/gemma-3-4b-it,calques_0026,calques,subtle: доводиться,-72.11077880859375,-72.6902084350586,10,11,1,-11.875000245607225,14.749999829451554,1
google/gemma-3-4b-it,calques_0027,calques,subtle: наступний,-59.040950775146484,-66.28011322021484,10,12,1,11.000000342726707,13.749999523512088,1
google/gemma-3-4b-it,calques_0028,calques,subtle: наступний,-64.84321594238281,-84.65620422363281,10,14,1,6.624999814666808,-2.4999998807907104,1
google/gemma-3-4b-it,calques_0029,calques,subtle: наступний,-83.0129165649414,-69.96769714355469,11,13,0,5.499999761581421,9.125000270491,1
google/gemma-3-4b-it,calques_0030,calques,subtle: наступний,-62.853965759277344,-71.06831359863281,9,12,1,-9.249999890496838,14.375000072875991,1
google/gemma-3-4b-it,calques_0031,calques,subtle: будь-який,-62.01979446411133,-84.56570434570312,12,10,1,-10.374999949970515,13.750000339583494,1
google/gemma-3-4b-it,calques_0032,calques,subtle: будь-який,-54.31232833862305,-69.10651397705078,11,9,1,0.0,10.875000340893166,1
google/gemma-3-4b-it,calques_0033,calques,subtle: будь-який,-52.80548858642578,-63.28473663330078,9,7,1,-11.999999754014425,14.99999997636769,1
google/gemma-3-4b-it,calques_0034,calques,subtle: виняток,-55.359840393066406,-58.876121520996094,13,14,1,8.0000003837049,9.00000038946746,1
google/gemma-3-4b-it,calques_0035,calques,subtle: виняток,-61.12352752685547,-62.73520278930664,8,8,1,-6.250000108149834,10.125000242333044,1
google/gemma-3-4b-it,calques_0036,calques,subtle: виняток,-70.1971435546875,-76.62173461914062,9,9,1,6.499999869382009,16.49999978323467,1
google/gemma-3-4b-it,calques_0037,calques,subtle: щодо,-57.29896926879883,-57.5758056640625,11,12,1,16.249999809544533,15.000000378771801,1
google/gemma-3-4b-it,calques_0038,calques,subtle: щодо,-51.52955627441406,-57.043296813964844,8,10,1,9.250000444357283,13.000000274769263,1
google/gemma-3-4b-it,calques_0039,calques,subtle: щодо,-68.390869140625,-61.61911392211914,9,10,0,5.500000063795596,15.750000036437996,1
google/gemma-3-4b-it,calques_0040,calques,subtle: вважати,-49.18015670776367,-49.03547286987305,9,9,0,3.2500000298023224,18.12500012711098,1
google/gemma-3-4b-it,calques_0041,calques,subtle: вважати,-58.2356071472168,-67.05665588378906,11,11,1,7.00000019185245,17.74999967761687,1
google/gemma-3-4b-it,calques_0042,calques,subtle: вважати,-63.43075180053711,-59.619140625,9,9,0,6.24999994202517,14.499999666237272,1
google/gemma-3-4b-it,calques_0043,calques,subtle: вважати,-54.30752182006836,-49.76890563964844,8,8,0,7.9999996272381395,13.999999857478542,1
google/gemma-3-4b-it,calques_0044,calques,subtle: наводити приклад,-54.79652786254883,-50.8260383605957,8,8,0,-12.124999656356522,11.499999799882062,0
google/gemma-3-4b-it,calques_0045,calques,subtle: наводити приклад,-44.37995147705078,-56.950782775878906,8,8,1,-2.0000000596046448,8.49999979097629,1
google/gemma-3-4b-it,calques_0046,calques,subtle: наводити приклад,-76.70600128173828,-71.54423522949219,10,10,0,-8.500000300904503,7.000000163563527,0
google/gemma-3-4b-it,calques_0047,calques,subtle: укладати договір,-60.11020278930664,-54.73548889160156,9,8,0,-14.375000127241947,14.99999976977415,1
google/gemma-3-4b-it,calques_0048,calques,subtle: укладати договір,-57.184146881103516,-57.77456283569336,9,8,1,-11.624999537976691,12.625000005406037,1
google/gemma-3-4b-it,calques_0049,calques,subtle: укладати договір,-55.435577392578125,-58.906097412109375,8,7,1,-16.499999774765456,13.749999526407919,0
google/gemma-3-4b-it,calques_0050,calques,subtle: складати іспит,-46.33880615234375,-52.01240539550781,10,10,1,-12.37499988959462,10.00000000570435,0
google/gemma-3-4b-it,calques_0051,calques,subtle: складати іспит,-48.511474609375,-55.100189208984375,10,10,1,-6.250000230036676,10.12500031144009,1
google/gemma-3-4b-it,calques_0052,calques,subtle: навчальний,-49.430198669433594,-64.62019348144531,5,6,1,8.499999784864485,14.74999979729182,1
google/gemma-3-4b-it,calques_0053,calques,subtle: навчальний,-44.256011962890625,-53.002838134765625,8,9,1,-10.749999884166755,18.750000132029527,1
google/gemma-3-4b-it,calques_0054,calques,subtle: навчальний,-57.12390899658203,-61.1501579284668,8,9,1,-12.749999559193384,13.87499959213892,1
google/gemma-3-4b-it,calques_0055,calques,subtle: зіставляти,-68.73817443847656,-67.52901458740234,8,8,0,-16.750000598913175,14.375000154308509,0
google/gemma-3-4b-it,calques_0056,calques,subtle: зіставляти,-69.03076934814453,-76.22346496582031,8,8,1,-13.124999529652996,10.124999792606104,0
google/gemma-3-4b-it,calques_0057,calques,subtle: зіставляти,-51.158329010009766,-67.95675659179688,10,10,1,-5.999999779742211,10.250000002102752,1
google/gemma-3-4b-it,calques_0058,calques,subtle: співпрацювати,-49.404869079589844,-72.83857727050781,9,11,1,-11.499999657666194,16.124999298001057,1
google/gemma-3-4b-it,calques_0059,calques,subtle: співпрацювати,-45.28105545043945,-68.3829345703125,8,10,1,-15.124999682186171,15.000000454077963,0
google/gemma-3-4b-it,calques_0060,calques,subtle: перепрошую,-56.15723419189453,-52.05190658569336,10,11,0,7.000000194180757,13.499999893945642,1
google/gemma-3-4b-it,calques_0061,calques,subtle: перепрошую,-53.604698181152344,-51.31846618652344,10,11,0,4.999999784864485,11.750000001004082,1
google/gemma-3-4b-it,calques_0062,calques,subtle: перепрошую,-50.121009826660156,-62.156341552734375,9,10,1,10.750000206753612,13.50000045201159,1
google/gemma-3-4b-it,calques_0063,calques,subtle: захід,-57.18135070800781,-83.79443359375,10,13,1,11.250000456697308,12.124999534440576,1
google/gemma-3-4b-it,calques_0064,calques,subtle: захід,-55.27880859375,-84.7596435546875,8,12,1,10.749999671767,14.874999524276063,1
google/gemma-3-4b-it,calques_0065,calques,subtle: висновок,-55.79961395263672,-63.17939758300781,10,9,1,-11.374999681225745,11.375000144078513,1
google/gemma-3-4b-it,calques_0066,calques,subtle: висновок,-56.95194625854492,-51.46539306640625,8,7,0,-14.625000243220711,12.875000241532689,0
google/gemma-3-4b-it,calques_0067,calques,subtle: бути,-51.22657012939453,-57.61974334716797,6,7,1,13.37499981559813,19.49999976224717,1
google/gemma-3-4b-it,calques_0068,calques,subtle: бути,-53.9079704284668,-63.835235595703125,8,9,1,14.375000169035047,18.500000238820576,1
google/gemma-3-4b-it,calques_0069,calques,subtle: бути,-53.376129150390625,-58.21599578857422,7,8,1,15.874999848892912,17.87499965557072,1
google/gemma-3-4b-it,calques_0070,calques,subtle: становити,-72.30667114257812,-62.097434997558594,12,12,0,9.999999542720616,1.4999999552965164,1
google/gemma-3-4b-it,calques_0071,calques,subtle: становити,-70.89024353027344,-69.46890258789062,10,10,0,-9.62499966820178,12.375000261177775,1
google/gemma-3-4b-it,calques_0072,calques,subtle: становити,-55.89824295043945,-57.29118347167969,13,13,1,10.999999586958438,-10.24999983329326,1
google/gemma-3-4b-it,calques_0073,calques,subtle: ймовірно,-57.57091522216797,-61.84324645996094,10,10,1,4.499999916180968,13.625000370870112,1
google/gemma-3-4b-it,calques_0074,calques,subtle: ймовірно,-46.599945068359375,-52.36481475830078,7,8,1,8.749999811407179,12.125000252301106,1
google/gemma-3-4b-it,calques_0075,calques,subtle: ймовірно,-52.592308044433594,-82.88677978515625,10,11,1,-9.250000250758603,11.500000244304829,1
google/gemma-3-4b-it,calques_0076,calques,subtle: брати до уваги,-69.93046569824219,-62.00361633300781,9,9,0,-14.000000394356903,-5.499999928288162,0
google/gemma-3-4b-it,calques_0077,calques,subtle: брати до уваги,-49.887794494628906,-55.963951110839844,13,13,1,-12.124999645689968,9.500000011641532,0
google/gemma-3-4b-it,calques_0078,calques,subtle: порушити питання,-108.41143798828125,-76.58131408691406,9,10,0,-13.125000036408892,6.000000000931323,0
google/gemma-3-4b-it,calques_0079,calques,subtle: порушити питання,-70.87482452392578,-71.88008117675781,12,12,1,-15.50000000804721,4.000000225380063,0
google/gemma-3-4b-it,calques_0080,calques,subtle: оцінка,-51.65338897705078,-62.516754150390625,9,10,1,0.5,12.124999763764208,1
google/gemma-3-4b-it,calques_0081,calques,subtle: оцінка,-60.969200134277344,-80.73036193847656,8,9,1,-7.749999979772838,11.500000240826921,1
google/gemma-3-4b-it,calques_0082,calques,subtle: бо (так як),-55.51612091064453,-64.7500991821289,12,13,1,13.250000434578396,15.999999060251866,1
google/gemma-3-4b-it,calques_0083,calques,subtle: бо (так як),-58.13581085205078,-68.10250854492188,12,13,1,11.000000464147888,14.375000027765054,1
google/gemma-3-4b-it,calques_0084,calques,subtle: досі,-47.79005432128906,-54.743431091308594,9,11,1,7.250000077532604,16.124999663661583,1
google/gemma-3-4b-it,calques_0085,calques,subtle: досі,-57.219539642333984,-59.32654571533203,10,12,1,0.7500000596046448,13.9999996778497,1
google/gemma-3-4b-it,calques_0086,calques,subtle: незважаючи,-75.8564224243164,-64.8447265625,14,15,0,-13.875000258383807,14.37499967898475,1
google/gemma-3-4b-it,calques_0087,calques,subtle: незважаючи,-56.33774185180664,-59.02855682373047,15,16,1,-0.5,14.250000312924385,1
google/gemma-3-4b-it,calques_0088,calques,subtle: зрештою,-59.81611633300781,-59.36377716064453,9,10,0,6.000000109663233,13.250000005209586,1
google/gemma-3-4b-it,calques_0089,calques,subtle: принаймні,-64.81507873535156,-97.34469604492188,9,10,1,12.000000222120434,-3.2500000968575478,1
google/gemma-3-4b-it,calques_0090,calques,overt: отримувати,-52.3469123840332,-57.51610565185547,5,5,1,2.499999985098839,8.249999811465386,1
google/gemma-3-4b-it,calques_0091,calques,overt: отримувати,-49.071964263916016,-54.020240783691406,8,8,1,14.500000169035047,20.624999647137884,1
google/gemma-3-4b-it,calques_0092,calques,overt: отримувати,-57.005924224853516,-61.19373321533203,6,5,1,14.125000464264303,13.625000379353878,1
google/gemma-3-4b-it,calques_0093,calques,overt: визначити,-59.34111785888672,-79.79459381103516,7,9,1,10.750000116531737,15.874999738734914,1
google/gemma-3-4b-it,calques_0094,calques,overt: визначити,-60.29093551635742,-74.90992736816406,7,9,1,16.49999915016815,16.3749992929952,1
google/gemma-3-4b-it,calques_0095,calques,overt: подобатися,-42.691688537597656,-47.979270935058594,9,8,1,1.2499999403953552,17.625000122112397,1
google/gemma-3-4b-it,calques_0096,calques,overt: подобатися,-56.62665939331055,-60.94004440307617,8,7,1,-14.500000394356903,16.12499918692629,1
google/gemma-3-4b-it,calques_0097,calques,overt: їсти,-42.97471618652344,-56.658538818359375,9,9,1,7.4999999441206455,9.50000012552482,1
google/gemma-3-4b-it,calques_0098,calques,overt: їсти,-48.884483337402344,-70.75048065185547,8,9,1,6.999999882187694,17.8750001206281,1
google/gemma-3-4b-it,calques_0099,calques,overt: взагалі,-49.89055633544922,-41.34663391113281,7,5,0,-15.249999916239176,12.749999977881089,0
google/gemma-3-4b-it,calques_0100,calques,overt: взагалі,-48.79815673828125,-55.89441680908203,10,8,1,-7.249999943422154,13.625000132800778,1
google/gemma-3-4b-it,calques_0101,calques,overt: звичайно,-40.343292236328125,-54.517578125,7,8,1,11.250000000931323,20.750000358026227,1
google/gemma-3-4b-it,calques_0102,calques,overt: дуже,-51.754554748535156,-61.341064453125,5,5,1,8.624999842140824,18.250000717074727,1
google/gemma-3-4b-it,calques_0103,calques,overt: бувай,-50.14311599731445,-46.35552215576172,7,7,0,11.499999947380275,10.249999883424607,1
google/gemma-3-4b-it,calques_0104,calques,overt: здаватися,-49.69003677368164,-59.747379302978516,9,10,1,12.749999818624929,14.12499979729182,1
google/gemma-3-4b-it,calques_0105,calques,overt: заважати,-53.61829376220703,-61.06604766845703,9,8,1,-10.499999769657734,13.125000358792022,1
google/gemma-3-4b-it,calques_0106,calques,overt: заважати,-70.44513702392578,-75.73319244384766,8,8,1,4.750000056810677,10.749999645689968,1
google/gemma-3-4b-it,calques_0107,calques,overt: виходити,-46.26627731323242,-51.6785888671875,6,6,1,7.499999823630787,17.62499976224717,1
google/gemma-3-4b-it,calques_0108,calques,overt: виходити,-51.207157135009766,-50.78190612792969,7,7,0,-10.999999524563464,11.25000000088039,1
google/gemma-3-4b-it,calques_0109,calques,overt: вистачати,-43.17930603027344,-50.709529876708984,9,7,1,-10.249999884166755,15.125000004729372,1
google/gemma-3-4b-it,calques_0110,calques,overt: вистачати,-64.1729736328125,-71.57731628417969,9,8,1,-11.49999966629548,17.99999965526513,1
google/gemma-3-4b-it,calques_0111,calques,overt: зараз,-46.728553771972656,-66.4429931640625,6,6,1,12.375000213389285,15.750000365631422,1
google/gemma-3-4b-it,calques_0112,calques,overt: гаразд,-57.16976547241211,-55.37171936035156,9,8,0,-3.2500000558793545,14.875000392406946,1
google/gemma-3-4b-it,calques_0113,calques,overt: колишній,-67.37955474853516,-73.52395629882812,10,9,1,-13.874999526182364,19.37500035827179,1
google/gemma-3-4b-it,calques_0114,calques,subtle: стосуватися,-47.13727569580078,-51.673797607421875,11,11,1,-9.499999771040166,12.749999766812834,1
google/gemma-3-4b-it,calques_0115,calques,subtle: будь-який,-52.25139617919922,-58.17970275878906,11,9,1,-1.0000000596046448,12.12500015826663,1
google/gemma-3-4b-it,calques_0116,calques,subtle: виняток,-55.146018981933594,-60.707000732421875,9,9,1,-5.2499999506399035,10.000000253276085,1
google/gemma-3-4b-it,calques_0117,calques,subtle: щодо,-50.33454132080078,-59.765933990478516,9,11,1,11.749999778810889,17.00000047795038,1
google/gemma-3-4b-it,calques_0118,calques,subtle: наводити приклад,-51.746925354003906,-52.731204986572266,7,7,1,-10.25000011184602,7.49999978125561,0
google/gemma-3-4b-it,calques_0119,calques,subtle: укладати договір,-67.73623657226562,-87.02909851074219,12,11,1,-15.499999581603333,13.000000366359018,0
google/gemma-3-4b-it,calques_0120,calques,subtle: складати іспит,-66.12985229492188,-64.13398742675781,12,12,0,-10.999999885258148,11.12500012563396,1
google/gemma-3-4b-it,calques_0121,calques,subtle: складати іспит,-58.61982727050781,-50.096858978271484,12,12,0,-7.999999847699655,12.250000155589078,1
google/gemma-3-4b-it,calques_0122,calques,subtle: навчальний,-51.01121139526367,-67.46963500976562,7,8,1,-12.874999763698725,16.249999289546395,1
google/gemma-3-4b-it,calques_0123,calques,subtle: зіставляти,-65.16242980957031,-69.60311889648438,9,9,1,-11.249999771171133,12.12500013296085,1
google/gemma-3-4b-it,calques_0124,calques,subtle: співпрацювати,-48.241920471191406,-65.44425964355469,13,15,1,-14.624999683292117,15.874999769657734,1
google/gemma-3-4b-it,calques_0125,calques,subtle: співпрацювати,-50.824851989746094,-78.16014862060547,9,11,1,-7.999999848892912,12.499999528612534,1
google/gemma-3-4b-it,calques_0126,calques,subtle: перепрошую,-62.900875091552734,-66.39900970458984,8,9,1,9.500000051222742,11.749999545878381,1
google/gemma-3-4b-it,calques_0127,calques,subtle: захід,-58.52769088745117,-77.06520080566406,6,10,1,9.750000146101229,7.2500001434236765,1
google/gemma-3-4b-it,calques_0128,calques,subtle: захід,-47.45032501220703,-70.88031005859375,7,11,1,9.999999547959305,1.25,1
google/gemma-3-4b-it,calques_0129,calques,subtle: висновок,-50.59980773925781,-54.741722106933594,10,9,1,-8.999999578372808,7.499999934982043,0
google/gemma-3-4b-it,calques_0130,calques,subtle: висновок,-58.595035552978516,-67.28047180175781,7,6,1,-12.874999939114787,14.49999955817475,1
google/gemma-3-4b-it,calques_0131,calques,subtle: бути,-50.969078063964844,-56.66357421875,11,12,1,16.249999596271664,15.87500045451452,1
google/gemma-3-4b-it,calques_0132,calques,subtle: становити,-51.08232879638672,-52.50935745239258,10,10,1,12.750000207684934,10.75000030535739,1
google/gemma-3-4b-it,calques_0133,calques,subtle: ймовірно,-58.88764953613281,-63.488014221191406,8,9,1,-10.12499976545223,13.749999581603333,1
google/gemma-3-4b-it,calques_0134,calques,subtle: брати до уваги,-47.272071838378906,-68.89222717285156,10,9,1,-5.0000000591389835,11.250000009487849,1
google/gemma-3-4b-it,calques_0135,calques,subtle: брати до уваги,-69.51347351074219,-56.719512939453125,12,11,0,-15.000000339234248,12.874999978288542,0
google/gemma-3-4b-it,calques_0136,calques,subtle: порушити питання,-79.43087768554688,-76.72407531738281,11,12,0,-12.375000003521563,11.374999887135345,0
google/gemma-3-4b-it,calques_0137,calques,subtle: порушити питання,-63.60859298706055,-62.88906478881836,8,9,0,-13.874999797029886,9.499999770778231,0
google/gemma-3-4b-it,calques_0138,calques,subtle: оцінка,-73.0043716430664,-82.72572326660156,11,12,1,-3.7499999701976776,11.375000240266672,1
google/gemma-3-4b-it,calques_0139,calques,subtle: оцінка,-49.96184539794922,-55.9287109375,9,10,1,9.500000341096893,12.500000141793862,1
google/gemma-3-4b-it,calques_0140,calques,subtle: бо (так як),-77.86346435546875,-79.47663879394531,12,13,1,13.499999633058906,13.625000350759365,1
google/gemma-3-4b-it,calques_0141,calques,subtle: бо (так як),-61.78463363647461,-69.87757110595703,12,13,1,13.49999998928979,14.750000257743523,1
google/gemma-3-4b-it,calques_0142,calques,subtle: досі,-76.7787094116211,-73.36648559570312,9,11,0,7.999999742489308,12.749999783642124,1
google/gemma-3-4b-it,calques_0143,calques,subtle: досі,-51.16172409057617,-56.756500244140625,9,11,1,-4.250000030733645,17.124999186533387,1
google/gemma-3-4b-it,calques_0144,calques,subtle: незважаючи,-66.13133239746094,-59.513999938964844,12,13,0,-12.249999537161784,14.500000213680323,1
google/gemma-3-4b-it,calques_0145,calques,subtle: незважаючи,-63.394073486328125,-63.382049560546875,13,14,0,-0.25,14.875000190280844,1
google/gemma-3-4b-it,calques_0146,calques,subtle: зрештою,-58.14304733276367,-59.80663299560547,10,11,1,5.250000228639692,12.62500000127693,1
google/gemma-3-4b-it,calques_0147,calques,subtle: зрештою,-53.45508575439453,-58.537357330322266,9,11,1,-3.2500000558793545,16.250000837455445,1
google/gemma-3-4b-it,calques_0148,calques,subtle: зрештою,-53.70672607421875,-57.77846145629883,11,12,1,6.500000176485628,5.250000205356628,1
google/gemma-3-4b-it,calques_0149,calques,subtle: принаймні,-53.90932846069336,-60.767616271972656,10,11,1,8.750000143423676,5.250000155996531,1
google/gemma-3-4b-it,calques_0150,calques,subtle: принаймні,-71.95829010009766,-101.05296325683594,10,11,1,14.749999985098839,2.249999985098839,1
google/gemma-3-4b-it,calques_0151,calques,subtle: принаймні,-67.14408874511719,-91.98291015625,10,11,1,5.000000088009983,10.125000244406692,1
google/gemma-3-4b-it,calques_0152,calques,overt: отримувати,-53.109493255615234,-67.21342468261719,8,7,1,12.499999977182597,17.875000000409273,1
google/gemma-3-4b-it,calques_0153,calques,overt: визначити,-57.32574462890625,-78.4580307006836,7,9,1,12.500000438303687,15.499999781895895,1
google/gemma-3-4b-it,calques_0154,calques,overt: визначити,-54.69963836669922,-61.760009765625,9,11,1,13.500000450527295,16.99999954071245,1
google/gemma-3-4b-it,calques_0155,calques,overt: подобатися,-49.71860122680664,-57.8456916809082,10,9,1,-11.749999889725586,14.499999655410647,1
google/gemma-3-4b-it,calques_0156,calques,overt: подобатися,-46.89223098754883,-55.67385482788086,9,8,1,-13.500000297906809,16.7500002433153,1
google/gemma-3-4b-it,calques_0157,calques,overt: їсти,-51.05788803100586,-57.11186218261719,6,7,1,14.625000326894224,11.999999547319021,1
google/gemma-3-4b-it,calques_0158,calques,overt: їсти,-48.42523193359375,-54.997928619384766,8,9,1,10.250000369967893,13.249999885818397,1
google/gemma-3-4b-it,calques_0159,calques,overt: взагалі,-58.578521728515625,-55.61064147949219,8,6,0,-12.124999822553946,7.999999610183295,0
google/gemma-3-4b-it,calques_0160,calques,overt: взагалі,-63.50128173828125,-61.723976135253906,9,7,0,-7.7499997652485035,4.750000046566129,0
google/gemma-3-4b-it,calques_0161,calques,overt: звичайно,-50.27061462402344,-62.40205383300781,7,8,1,10.499999923631549,18.875000243126124,1
google/gemma-3-4b-it,calques_0162,calques,overt: звичайно,-47.32625198364258,-76.53585815429688,9,10,1,11.749999958556145,19.49999964304152,1
google/gemma-3-4b-it,calques_0163,calques,overt: звичайно,-43.68165588378906,-56.73445129394531,9,10,1,14.125000448198989,19.874999047417077,1
google/gemma-3-4b-it,calques_0164,calques,overt: дуже,-41.17604064941406,-50.6092643737793,6,6,1,7.5000000153668225,21.125000598913175,1
google/gemma-3-4b-it,calques_0165,calques,overt: дуже,-45.75630187988281,-81.67034912109375,7,7,1,10.499999889638275,19.75000083470877,1
google/gemma-3-4b-it,calques_0166,calques,overt: дуже,-52.923736572265625,-40.59061813354492,5,4,0,7.875000060070306,17.124999881452823,1
google/gemma-3-4b-it,calques_0167,calques,overt: бувай,-58.1544303894043,-60.526546478271484,9,9,1,7.750000210944563,10.00000000570435,1
google/gemma-3-4b-it,calques_0168,calques,overt: бувай,-47.16344451904297,-38.72312545776367,5,4,0,8.875000406987965,16.374999528125045,1
google/gemma-3-4b-it,calques_0169,calques,overt: бувай,-55.422420501708984,-52.39909362792969,7,7,0,7.250000202329829,12.749999711231794,1
google/gemma-3-4b-it,calques_0170,calques,overt: здаватися,-44.95796203613281,-56.169044494628906,8,9,1,5.499999817926437,13.749999652791303,1
google/gemma-3-4b-it,calques_0171,calques,overt: здаватися,-38.852603912353516,-65.29356384277344,9,9,1,3.499999914318323,12.500000001324224,1
google/gemma-3-4b-it,calques_0172,calques,overt: здаватися,-62.45032501220703,-65.8505630493164,13,13,1,-9.249999914463842,13.62499965573079,1
google/gemma-3-4b-it,calques_0173,calques,overt: заважати,-70.55562591552734,-82.4738998413086,11,11,1,7.750000170897692,-5.0000002244487405,1
google/gemma-3-4b-it,calques_0174,calques,overt: заважати,-55.01951217651367,-63.699623107910156,7,7,1,-4.250000222586095,16.74999988370837,1
google/gemma-3-4b-it,calques_0175,calques,overt: виходити,-32.08035659790039,-36.080509185791016,7,7,1,6.750000095926225,15.750000300584361,1
google/gemma-3-4b-it,calques_0176,calques,overt: виходити,-66.05803680419922,-74.61341094970703,8,8,1,-13.12500024032488,3.249999973922968,0
google/gemma-3-4b-it,calques_0177,calques,overt: вистачати,-56.39772033691406,-69.509521484375,7,5,1,-10.499999644256604,11.875000126303348,1
google/gemma-3-4b-it,calques_0178,calques,overt: вистачати,-87.46507263183594,-77.77458953857422,6,5,0,-8.749999786101398,19.000000132029527,1
google/gemma-3-4b-it,calques_0179,calques,overt: зараз,-54.13607406616211,-60.365089416503906,7,7,1,10.500000218045898,17.12500060388993,1
google/gemma-3-4b-it,calques_0180,calques,overt: зараз,-44.101863861083984,-50.375083923339844,7,6,1,10.50000036554411,13.874999647327058,1
google/gemma-3-4b-it,calques_0181,calques,overt: зараз,-43.96998596191406,-55.34907531738281,8,8,1,6.749999765539542,15.750000012980308,1
google/gemma-3-4b-it,calques_0182,calques,overt: гаразд,-62.707794189453125,-57.417572021484375,8,7,0,-9.749999766150722,16.749999292514985,1
google/gemma-3-4b-it,calques_0183,calques,overt: гаразд,-65.63546752929688,-59.22023010253906,8,7,0,-14.124999938445399,14.749999540275894,1
google/gemma-3-4b-it,calques_0184,calques,overt: гаразд,-58.940391540527344,-50.372535705566406,8,7,0,-7.999999721185304,16.75000037040445,1
google/gemma-3-4b-it,calques_0185,calques,overt: колишній,-62.6295280456543,-71.89356231689453,8,7,1,-1.5,20.37500035827179,1
google/gemma-3-4b-it,calques_0186,calques,overt: колишній,-69.44873046875,-67.88382720947266,11,10,0,-11.124999531515641,16.249999680614565,1
google/gemma-3-4b-it,calques_0187,calques,overt: колишній,-76.76341247558594,-77.41962432861328,11,10,1,9.500000175088644,20.000000715313035,1
google/gemma-3-4b-it,control_subject_verb_0000,control_subject_verb,past-tense gender,-77.36981201171875,-83.59658813476562,12,12,1,12.749999618157744,18.749999259598553,1
google/gemma-3-4b-it,control_subject_verb_0001,control_subject_verb,past-tense gender,-65.94606018066406,-82.63169860839844,9,9,1,11.749999969732016,12.249999599240255,1
google/gemma-3-4b-it,control_subject_verb_0002,control_subject_verb,past-tense gender,-68.2317123413086,-82.27090454101562,8,8,1,12.999999972991645,17.874999167332135,1
google/gemma-3-4b-it,control_subject_verb_0003,control_subject_verb,past-tense gender,-61.41831970214844,-70.51069641113281,9,9,1,15.124999897554517,17.874999405030394,1
google/gemma-3-4b-it,control_subject_verb_0004,control_subject_verb,past-tense gender,-72.59471130371094,-79.4429931640625,9,9,1,14.249999598017894,10.99999979720451,1
google/gemma-3-4b-it,control_subject_verb_0005,control_subject_verb,past-tense gender,-82.32180786132812,-90.76917266845703,9,9,1,15.124999611172825,13.374999723862857,1
google/gemma-3-4b-it,control_subject_verb_0006,control_subject_verb,past-tense gender,-73.06904602050781,-81.49337005615234,7,7,1,13.24999981559813,19.125000122112397,1
google/gemma-3-4b-it,control_subject_verb_0007,control_subject_verb,past-tense gender,-77.87118530273438,-87.93936157226562,9,10,1,12.125000305939466,15.874999550564098,1
google/gemma-3-4b-it,control_subject_verb_0008,control_subject_verb,past-tense gender,-77.9666976928711,-90.31818389892578,10,11,1,12.999999890103936,15.500000045693014,1
google/gemma-3-4b-it,control_subject_verb_0009,control_subject_verb,past-tense gender,-93.43049621582031,-102.46842956542969,11,11,1,10.749999903375283,17.750000394356903,1
google/gemma-3-4b-it,control_subject_verb_0010,control_subject_verb,past-tense gender,-78.29782104492188,-91.00800323486328,11,11,1,11.499999605119228,18.625000630534487,1
google/gemma-3-4b-it,control_subject_verb_0011,control_subject_verb,past-tense gender,-73.25216674804688,-82.75645446777344,9,9,1,10.999999936670065,12.125000170839485,1
google/gemma-3-4b-it,control_subject_verb_0012,control_subject_verb,past-tense gender,-63.29381561279297,-75.5662841796875,9,9,1,11.749999955529347,16.62500057282159,1
google/gemma-3-4b-it,control_subject_verb_0013,control_subject_verb,past-tense gender,-63.78369140625,-77.41122436523438,10,10,1,16.249999848892912,16.625000691972673,1
google/gemma-3-4b-it,control_subject_verb_0014,control_subject_verb,past-tense gender,-67.5124282836914,-79.60155487060547,8,9,1,11.499999856343493,17.499999289546395,1
google/gemma-3-4b-it,control_subject_verb_0015,control_subject_verb,past-tense gender,-87.82864379882812,-93.2780532836914,10,10,1,15.625000445870683,14.7500002465531,1
google/gemma-3-4b-it,control_subject_verb_0016,control_subject_verb,past-tense gender,-84.14053344726562,-89.36453247070312,9,9,1,14.875000371597707,18.875000241307134,1
google/gemma-3-4b-it,control_subject_verb_0017,control_subject_verb,past-tense gender,-75.61901092529297,-84.50823211669922,8,8,1,12.500000438303687,18.24999976199797,1
google/gemma-3-4b-it,control_subject_verb_0018,control_subject_verb,past-tense gender,-91.4642333984375,-100.07290649414062,10,10,1,9.250000033993274,11.874999721185304,1
google/gemma-3-4b-it,control_subject_verb_0019,control_subject_verb,past-tense gender,-64.07194519042969,-80.90755462646484,8,9,1,9.999999938998371,15.99999919324182,1
google/gemma-3-4b-it,control_subject_verb_0020,control_subject_verb,past-tense gender,-73.37461853027344,-81.11177062988281,9,10,1,12.62499965261668,11.749999822553946,1
google/gemma-3-4b-it,control_subject_verb_0021,control_subject_verb,past-tense gender,-79.28933715820312,-89.34141540527344,10,10,1,9.749999640043825,13.999999740393832,1
google/gemma-3-4b-it,control_subject_verb_0022,control_subject_verb,past-tense gender,-77.89053344726562,-93.68678283691406,10,10,1,11.499999735504389,17.1249995593098,1
google/gemma-3-4b-it,control_subject_verb_0023,control_subject_verb,past-tense gender,-62.15312957763672,-73.05911254882812,10,10,1,15.874999571824446,16.12499949792982,1
google/gemma-3-4b-it,control_subject_verb_0024,control_subject_verb,past-tense gender,-67.99271392822266,-73.89753723144531,9,9,1,14.750000287778676,18.875000243126124,1
google/gemma-3-4b-it,control_subject_verb_0025,control_subject_verb,past-tense gender,-88.25636291503906,-98.94465637207031,11,11,1,7.9999998298007995,13.49999965011375,1
google/gemma-3-4b-it,control_subject_verb_0026,control_subject_verb,past-tense gender,-64.69221496582031,-70.50312805175781,10,10,1,9.999999566469342,18.00000001283479,1
google/gemma-3-4b-it,control_subject_verb_0027,control_subject_verb,past-tense gender,-57.59960174560547,-73.72897338867188,9,9,1,15.249999938940164,17.1250007282797,1
google/gemma-3-4b-it,control_subject_verb_0028,control_subject_verb,past-tense gender,-66.27915954589844,-75.73907470703125,8,8,1,15.249999545514584,17.999999763342203,1
google/gemma-3-4b-it,control_subject_verb_0029,control_subject_verb,past-tense gender,-70.47233581542969,-84.04857635498047,10,10,1,14.250000015832484,17.375000176136382,1
google/gemma-3-4b-it,control_subject_verb_0030,control_subject_verb,past-tense gender,-78.3037109375,-83.22037506103516,11,11,1,15.375000445870683,15.12499979729182,1
google/gemma-3-4b-it,control_subject_verb_0031,control_subject_verb,past-tense gender,-62.990116119384766,-74.3858642578125,8,8,1,11.749999647960067,15.874999917286914,1
google/gemma-3-4b-it,control_subject_verb_0032,control_subject_verb,past-tense gender,-86.15296936035156,-98.44741821289062,9,9,1,7.750000176951289,20.25000047971116,1
google/gemma-3-4b-it,control_subject_verb_0033,control_subject_verb,past-tense gender,-64.61277770996094,-84.17591094970703,9,9,1,9.499999921536073,12.50000014482066,1
google/gemma-3-4b-it,control_subject_verb_0034,control_subject_verb,past-tense gender,-78.5727310180664,-84.5819091796875,11,11,1,14.500000050058588,18.249999915453373,1
google/gemma-3-4b-it,control_subject_verb_0035,control_subject_verb,past-tense gender,-83.02186584472656,-88.89723205566406,10,10,1,13.75000032922253,15.250000251675374,1
google/gemma-3-4b-it,control_subject_verb_0036,control_subject_verb,past-tense gender,-72.84430694580078,-79.22936248779297,9,9,1,15.000000406522304,12.875000092491973,1
google/gemma-3-4b-it,control_subject_verb_0037,control_subject_verb,past-tense gender,-75.88996887207031,-91.09532165527344,9,9,1,14.125000345520675,19.249999881452823,1
google/gemma-3-4b-it,control_subject_verb_0038,control_subject_verb,past-tense gender,-89.1577377319336,-101.0909423828125,9,9,1,12.874999737134203,17.250000604137313,1
google/gemma-3-4b-it,control_subject_verb_0039,control_subject_verb,past-tense gender,-81.97016906738281,-88.00618743896484,9,9,1,15.250000089174137,16.375000600906787,1
google/gemma-3-4b-it,control_subject_verb_0040,control_subject_verb,past-tense gender,-79.25090026855469,-87.97252655029297,8,8,1,10.249999658670276,13.124999910389306,1
google/gemma-3-4b-it,control_subject_verb_0041,control_subject_verb,past-tense gender,-58.15748596191406,-70.89606475830078,9,9,1,13.500000139698386,15.625000184110831,1
google/gemma-3-4b-it,control_subject_verb_0042,control_subject_verb,past-tense gender,-56.99208068847656,-62.983909606933594,9,9,1,9.750000474974513,10.250000167783583,1
google/gemma-3-4b-it,control_subject_verb_0043,control_subject_verb,past-tense gender,-89.23825073242188,-102.22466278076172,10,10,1,3.0,12.124999802967068,1
google/gemma-3-4b-it,control_subject_verb_0044,control_subject_verb,past-tense gender,-73.90475463867188,-86.81836700439453,8,8,1,13.875000076834112,19.375000360509148,1
google/gemma-3-4b-it,control_subject_verb_0045,control_subject_verb,past-tense gender,-78.57637023925781,-84.70356750488281,9,9,1,13.249999696621671,17.12499905412551,1
google/gemma-3-4b-it,control_subject_verb_0046,control_subject_verb,past-tense gender,-70.32711029052734,-95.58741760253906,10,10,1,14.250000050058588,15.625000137253664,1
google/gemma-3-4b-it,control_subject_verb_0047,control_subject_verb,past-tense gender,-74.74472045898438,-83.93492126464844,9,9,1,9.499999694759026,13.500000432832167,1
google/gemma-3-4b-it,control_subject_verb_0048,control_subject_verb,past-tense gender,-62.68449401855469,-69.11812591552734,8,8,1,13.375000230502337,16.624999059305992,1
google/gemma-3-4b-it,control_subject_verb_0049,control_subject_verb,past-tense gender,-59.818870544433594,-68.75157928466797,8,8,1,15.249999748077244,19.62500023906614,1
google/gemma-3-4b-it,control_subject_verb_0050,control_subject_verb,past-tense gender,-59.32749938964844,-74.31324005126953,9,9,1,15.499999729916453,18.874999774459866,1
google/gemma-3-4b-it,control_subject_verb_0051,control_subject_verb,past-tense gender,-87.0294189453125,-99.13790893554688,8,8,1,12.250000123400241,14.4999998358835,1
google/gemma-3-4b-it,control_subject_verb_0052,control_subject_verb,past-tense gender,-62.70781707763672,-72.9468994140625,11,11,1,13.625000172061846,17.74999916662273,1
google/gemma-3-4b-it,control_subject_verb_0053,control_subject_verb,past-tense gender,-72.75028228759766,-78.68414306640625,9,9,1,12.375000062165782,18.62500073632691,1
google/gemma-3-4b-it,control_subject_verb_0054,control_subject_verb,past-tense gender,-84.48026275634766,-91.97618103027344,10,10,1,14.49999995494727,18.625000855507096,1
google/gemma-3-4b-it,control_subject_verb_0055,control_subject_verb,past-tense gender,-84.84072875976562,-100.02484893798828,11,11,1,1.0000000298023224,10.874999945808668,1
google/gemma-3-4b-it,control_subject_verb_0056,control_subject_verb,past-tense gender,-92.44680786132812,-99.24697875976562,10,10,1,12.750000452855602,16.750000809464836,1
google/gemma-3-4b-it,control_subject_verb_0057,control_subject_verb,past-tense gender,-80.58053588867188,-92.68067932128906,10,10,1,10.499999746214598,14.1249999156571,1
google/gemma-3-4b-it,control_subject_verb_0058,control_subject_verb,past-tense gender,-78.64816284179688,-93.08822631835938,9,9,1,8.499999768100679,19.12500003463356,1
google/gemma-3-4b-it,control_subject_verb_0059,control_subject_verb,past-tense gender,-64.88837432861328,-77.38900756835938,10,10,1,12.499999882187694,16.500000452826498,1
google/gemma-3-4b-it,control_subject_verb_0060,control_subject_verb,past-tense gender,-66.13373565673828,-81.40514373779297,9,9,1,13.87500029662624,18.249999405736162,1
google/gemma-3-4b-it,control_subject_verb_0061,control_subject_verb,past-tense gender,-78.30480194091797,-91.79336547851562,12,12,1,4.500000162981451,9.624999907013262,1
google/gemma-3-4b-it,control_subject_verb_0062,control_subject_verb,past-tense gender,-84.26168823242188,-96.55267333984375,11,11,1,2.249999925494194,10.374999580148142,1
google/gemma-3-4b-it,control_subject_verb_0063,control_subject_verb,past-tense gender,-70.00749206542969,-77.28662109375,9,9,1,11.750000108033419,13.624999799765646,1
google/gemma-3-4b-it,control_subject_verb_0064,control_subject_verb,past-tense gender,-68.17799377441406,-95.87860870361328,11,11,1,11.000000174157321,15.999999739346094,1
google/gemma-3-4b-it,control_subject_verb_0065,control_subject_verb,past-tense gender,-60.381595611572266,-76.27937316894531,9,9,1,13.749999541789293,20.375000240153895,1
google/gemma-3-4b-it,control_subject_verb_0066,control_subject_verb,past-tense gender,-75.03192138671875,-86.87648010253906,9,9,1,13.000000381842256,15.99999943873263,1
google/gemma-3-4b-it,control_subject_verb_0067,control_subject_verb,past-tense gender,-65.16462707519531,-75.50209045410156,11,11,1,14.375000345520675,15.12499994947575,1
google/gemma-3-4b-it,control_subject_verb_0068,control_subject_verb,past-tense gender,-51.790035247802734,-63.34608840942383,7,7,1,11.749999955529347,13.37499961204594,1
google/gemma-3-4b-it,control_subject_verb_0069,control_subject_verb,past-tense gender,-88.21073913574219,-105.88041687011719,9,9,1,13.749999956809916,16.875000750209438,1
google/gemma-3-4b-it,control_subject_verb_0070,control_subject_verb,past-tense gender,-83.5528793334961,-99.164794921875,11,11,1,13.999999812571332,18.62500045201159,1
google/gemma-3-4b-it,control_subject_verb_0071,control_subject_verb,past-tense gender,-74.7389144897461,-95.08168029785156,11,11,1,10.50000025704503,18.125000617132173,1
google/gemma-3-4b-it,control_subject_verb_0072,control_subject_verb,past-tense gender,-68.9898452758789,-83.28099060058594,9,9,1,12.750000061350875,18.125000238820576,1
google/gemma-3-4b-it,control_subject_verb_0073,control_subject_verb,past-tense gender,-57.197269439697266,-68.50982666015625,8,8,1,13.75000029662624,19.000000365500455,1
google/gemma-3-4b-it,control_subject_verb_0074,control_subject_verb,past-tense gender,-70.7594223022461,-78.28876495361328,10,10,1,14.250000207917765,17.375000869913492,1
google/gemma-3-4b-it,control_subject_verb_0075,control_subject_verb,past-tense gender,-68.5886001586914,-85.52072143554688,8,8,1,13.374999916180968,18.624999173320248,1
google/gemma-3-4b-it,control_subject_verb_0076,control_subject_verb,past-tense gender,-68.7885971069336,-80.82015991210938,11,11,1,15.250000169035047,17.249999103631126,1
google/gemma-3-4b-it,control_subject_verb_0077,control_subject_verb,past-tense gender,-70.07374572753906,-87.00261688232422,9,9,1,9.250000244705006,3.5000000074505806,1
google/gemma-3-4b-it,control_subject_verb_0078,control_subject_verb,past-tense gender,-66.79673767089844,-80.67576599121094,9,9,1,12.74999955156818,18.000000736719812,1
google/gemma-3-4b-it,control_subject_verb_0079,control_subject_verb,past-tense gender,-62.23447799682617,-74.68708801269531,8,8,1,14.374999908730388,20.87500023906614,1
google/gemma-3-4b-it,control_subject_verb_0080,control_subject_verb,past-tense gender,-73.43590545654297,-79.62657165527344,10,10,1,15.124999812571332,15.250000021609594,1
google/gemma-3-4b-it,control_subject_verb_0081,control_subject_verb,past-tense gender,-77.07456970214844,-83.58051300048828,9,9,1,11.000000342493877,21.875000240153895,1
google/gemma-3-4b-it,control_subject_verb_0082,control_subject_verb,past-tense gender,-76.11740112304688,-88.87220764160156,11,11,1,8.50000036531128,18.625000259577064,1
google/gemma-3-4b-it,control_subject_verb_0083,control_subject_verb,past-tense gender,-72.11907958984375,-77.87799072265625,11,11,1,10.250000403495505,20.500000360509148,1
google/gemma-3-4b-it,control_subject_verb_0084,control_subject_verb,past-tense gender,-72.19740295410156,-86.2723388671875,10,10,1,12.49999973946251,16.875000333675416,1
google/gemma-3-4b-it,control_subject_verb_0085,control_subject_verb,past-tense gender,-48.72954177856445,-57.584197998046875,8,8,1,15.874999655410647,19.375000240153895,1
google/gemma-3-4b-it,control_subject_verb_0086,control_subject_verb,past-tense gender,-69.13296508789062,-74.79695129394531,8,8,1,12.250000421889126,16.749999081221176,1
google/gemma-3-4b-it,control_subject_verb_0087,control_subject_verb,past-tense gender,-60.462799072265625,-64.89187622070312,7,7,1,15.49999986635521,16.874999796273187,1
google/gemma-3-4b-it,control_subject_verb_0088,control_subject_verb,past-tense gender,-70.16941833496094,-85.92176818847656,10,10,1,13.750000448198989,14.625000396510586,1
google/gemma-3-4b-it,control_subject_verb_0089,control_subject_verb,past-tense gender,-78.64622497558594,-81.95326232910156,11,11,1,10.750000357627869,19.37500073632691,1
google/gemma-3-4b-it,control_subject_verb_0090,control_subject_verb,past-tense gender,-56.053741455078125,-63.52931213378906,8,8,1,14.500000464264303,18.625000598913175,1
google/gemma-3-4b-it,control_subject_verb_0091,control_subject_verb,past-tense gender,-68.3577880859375,-71.16597747802734,7,7,1,12.12500024586916,16.99999964414019,1
google/gemma-3-4b-it,control_subject_verb_0092,control_subject_verb,past-tense gender,-53.82364273071289,-69.36479187011719,8,8,1,13.874999541789293,18.49999988370837,1
google/gemma-3-4b-it,control_subject_verb_0093,control_subject_verb,past-tense gender,-84.343994140625,-91.64047241210938,10,10,1,8.000000105705112,16.749999200896127,1
google/gemma-3-4b-it,control_subject_verb_0094,control_subject_verb,past-tense gender,-56.22418212890625,-67.38055419921875,10,9,1,12.749999996740371,16.749999411957106,1
google/gemma-3-4b-it,control_subject_verb_0095,control_subject_verb,past-tense gender,-63.524173736572266,-73.43485260009766,8,9,1,12.250000083236955,18.24999976633262,1
google/gemma-3-4b-it,control_subject_verb_0096,control_subject_verb,past-tense gender,-66.04954528808594,-71.34196472167969,10,10,1,13.00000007764902,19.749999881842086,1
google/gemma-3-4b-it,control_subject_verb_0097,control_subject_verb,past-tense gender,-64.43467712402344,-80.7412109375,9,9,1,14.124999672174454,15.750000296597136,1
google/gemma-3-4b-it,control_subject_verb_0098,control_subject_verb,past-tense gender,-61.29281997680664,-66.70571899414062,9,9,1,14.000000226777047,17.499999319581548,1
google/gemma-3-4b-it,control_subject_verb_0099,control_subject_verb,past-tense gender,-63.77153778076172,-76.50956726074219,11,11,1,9.000000094762072,6.375000188359991,1
google/gemma-3-4b-it,control_subject_verb_0100,control_subject_verb,past-tense gender,-60.077125549316406,-73.5892562866211,9,9,1,15.249999629333615,19.375000119860488,1
google/gemma-3-4b-it,control_subject_verb_0101,control_subject_verb,past-tense gender,-57.273048400878906,-71.99610900878906,10,10,1,12.750000299420208,17.87499918731919,1
google/gemma-3-4b-it,control_subject_verb_0102,control_subject_verb,past-tense gender,-71.51432037353516,-92.10466003417969,10,10,1,10.250000350177288,16.500000511849066,1
google/gemma-3-4b-it,control_subject_verb_0103,control_subject_verb,past-tense gender,-55.640403747558594,-69.27662658691406,9,9,1,13.25000008288771,18.250000140396878,1
google/gemma-3-4b-it,control_subject_verb_0104,control_subject_verb,past-tense gender,-62.63743591308594,-78.0215072631836,10,10,1,11.750000055879354,18.125000810308848,1
google/gemma-3-4b-it,control_subject_verb_0105,control_subject_verb,past-tense gender,-81.21394348144531,-86.48312377929688,11,11,1,9.499999942723662,20.124999763342203,1
google/gemma-3-4b-it,control_subject_verb_0106,control_subject_verb,past-tense gender,-63.71698760986328,-70.32183074951172,8,8,1,15.25000025331974,19.125000240153895,1
google/gemma-3-4b-it,control_subject_verb_0107,control_subject_verb,past-tense gender,-85.22193908691406,-85.49392700195312,10,11,1,2.0000000447034836,18.87500047971116,1
google/gemma-3-4b-it,control_subject_verb_0108,control_subject_verb,past-tense gender,-71.44701385498047,-91.39904022216797,10,10,1,11.25000009976793,16.374999461782863,1
google/gemma-3-4b-it,control_subject_verb_0109,control_subject_verb,past-tense gender,-63.81359100341797,-71.05760192871094,9,9,1,14.624999629333615,19.00000037040445,1
google/gemma-3-4b-it,control_subject_verb_0110,control_subject_verb,past-tense gender,-69.32333374023438,-77.98977661132812,8,8,1,12.250000040978193,13.374999583902536,1
google/gemma-3-4b-it,control_subject_verb_0111,control_subject_verb,past-tense gender,-63.38497543334961,-72.11222076416016,10,10,1,12.250000083236955,15.375000035128323,1
google/gemma-3-4b-it,control_subject_verb_0112,control_subject_verb,past-tense gender,-61.13426208496094,-71.40536499023438,10,10,1,14.624999748077244,16.75000060388993,1
google/gemma-3-4b-it,control_subject_verb_0113,control_subject_verb,past-tense gender,-71.63836669921875,-84.20030975341797,10,10,1,10.749999879393727,11.375000090454705,1
google/gemma-3-4b-it,control_subject_verb_0114,control_subject_verb,past-tense gender,-66.50691223144531,-83.9676513671875,9,9,1,15.624999952036887,20.75000000174623,1
google/gemma-3-4b-it,control_subject_verb_0115,control_subject_verb,past-tense gender,-60.925254821777344,-65.10100555419922,8,8,1,14.99999986635521,15.374999659368768,1
google/gemma-3-4b-it,control_subject_verb_0116,control_subject_verb,past-tense gender,-75.17855834960938,-77.64337158203125,9,9,1,15.000000287778676,15.625000240208465,1
google/gemma-3-4b-it,control_subject_verb_0117,control_subject_verb,past-tense gender,-83.2015380859375,-86.45741271972656,10,10,1,9.000000201631337,18.625000617132173,1
google/gemma-3-4b-it,control_subject_verb_0118,control_subject_verb,past-tense gender,-79.14827728271484,-91.5721664428711,10,10,1,12.749999618157744,17.874999411957106,1
google/gemma-3-4b-it,control_subject_verb_0119,control_subject_verb,past-tense gender,-72.92229461669922,-84.32791900634766,8,8,1,13.500000257976353,20.375000358026227,1
google/gemma-3-4b-it,control_subject_verb_0120,control_subject_verb,past-tense gender,-68.20858764648438,-81.85730743408203,10,10,1,15.250000464264303,14.875000284606358,1
google/gemma-3-4b-it,control_subject_verb_0121,control_subject_verb,past-tense gender,-71.00491333007812,-82.01121520996094,12,11,1,15.375000287778676,17.125000122257916,1
google/gemma-3-4b-it,control_subject_verb_0122,control_subject_verb,past-tense gender,-68.09379577636719,-79.38748168945312,10,10,1,13.874999541789293,17.874999885534635,1
google/gemma-3-4b-it,control_subject_verb_0123,control_subject_verb,past-tense gender,-81.23506164550781,-91.74148559570312,10,9,1,16.37499915016815,17.999999531151843,1
google/gemma-3-4b-it,control_subject_verb_0124,control_subject_verb,past-tense gender,-66.80033111572266,-72.08001708984375,9,9,1,14.250000089174137,18.62500084716885,1
google/gemma-3-4b-it,control_subject_verb_0125,control_subject_verb,past-tense gender,-80.62496185302734,-87.54610443115234,12,12,1,13.499999837833457,18.12499967761687,1
google/gemma-3-4b-it,control_subject_verb_0126,control_subject_verb,past-tense gender,-53.97416687011719,-65.94781494140625,8,8,1,12.499999977648258,17.375000773288775,1
google/gemma-3-4b-it,control_subject_verb_0127,control_subject_verb,past-tense gender,-70.52366638183594,-79.054931640625,9,9,1,13.250000230502337,17.624999774459866,1
google/gemma-3-4b-it,control_subject_verb_0128,control_subject_verb,past-tense gender,-77.54225158691406,-89.3665771484375,10,10,1,10.25000005797483,3.2500001154839993,1
google/gemma-3-4b-it,control_subject_verb_0129,control_subject_verb,past-tense gender,-78.27095794677734,-93.90145111083984,9,9,1,13.624999839812517,16.875000809464836,1
google/gemma-3-4b-it,control_subject_verb_0130,control_subject_verb,past-tense gender,-71.79446411132812,-84.7459945678711,12,12,1,11.999999533873051,18.499999186533387,1
google/gemma-3-4b-it,control_subject_verb_0131,control_subject_verb,past-tense gender,-66.47187805175781,-77.95835876464844,8,8,1,14.12500019511208,19.874999285824742,1
google/gemma-3-4b-it,control_subject_verb_0132,control_subject_verb,past-tense gender,-79.8304443359375,-92.42318725585938,11,11,1,12.250000004656613,18.500000489599188,1
google/gemma-3-4b-it,control_subject_verb_0133,control_subject_verb,past-tense gender,-64.61155700683594,-77.05304718017578,9,9,1,13.24999990221113,12.000000009487849,1
google/gemma-3-4b-it,control_subject_verb_0134,control_subject_verb,past-tense gender,-77.3814468383789,-91.16813659667969,9,9,1,12.749999852851033,16.750000633765012,1
google/gemma-3-4b-it,control_subject_verb_0135,control_subject_verb,past-tense gender,-95.77346801757812,-92.13113403320312,9,10,0,0.25,17.499999408741132,1
google/gemma-3-4b-it,control_subject_verb_0136,control_subject_verb,past-tense gender,-59.79100036621094,-62.92852783203125,7,7,1,16.249999655410647,17.250000489599188,1
google/gemma-3-4b-it,control_subject_verb_0137,control_subject_verb,past-tense gender,-83.62588500976562,-88.73550415039062,12,12,1,13.749999613501132,19.750000123931386,1
google/gemma-3-4b-it,control_subject_verb_0138,control_subject_verb,past-tense gender,-88.79837799072266,-93.83174133300781,11,11,1,13.499999956809916,18.249999902021955,1
google/gemma-3-4b-it,control_subject_verb_0139,control_subject_verb,past-tense gender,-78.82662200927734,-91.8766098022461,11,11,1,14.625000169035047,17.37499981862493,1
google/gemma-3-4b-it,control_subject_verb_0140,control_subject_verb,past-tense gender,-65.57996368408203,-77.90802001953125,8,8,1,14.750000371597707,18.749999774459866,1
google/gemma-3-4b-it,control_subject_verb_0141,control_subject_verb,past-tense gender,-73.22916412353516,-79.78936767578125,10,10,1,13.249999818624929,14.249999926803866,1
google/gemma-3-4b-it,control_subject_verb_0142,control_subject_verb,past-tense gender,-73.33004760742188,-80.38981628417969,9,9,1,14.500000169035047,19.250000837309926,1
google/gemma-3-4b-it,control_subject_verb_0143,control_subject_verb,past-tense gender,-71.81455993652344,-79.99578857421875,8,8,1,12.87499955156818,13.500000386877218,1
google/gemma-3-4b-it,control_subject_verb_0144,control_subject_verb,past-tense gender,-82.41827392578125,-88.24836730957031,11,11,1,13.749999613501132,18.37500003463356,1
google/gemma-3-4b-it,control_subject_verb_0145,control_subject_verb,past-tense gender,-83.9006118774414,-94.72817993164062,11,11,1,11.875000105705112,15.500000075320713,1
google/gemma-3-4b-it,control_subject_verb_0146,control_subject_verb,past-tense gender,-70.99620056152344,-86.34480285644531,8,8,1,11.875000306637958,17.750000002910383,1
google/gemma-3-4b-it,control_subject_verb_0147,control_subject_verb,past-tense gender,-79.71868133544922,-87.94651794433594,9,9,1,14.374999629333615,19.250000123931386,1
google/gemma-3-4b-it,control_subject_verb_0148,control_subject_verb,past-tense gender,-71.12954711914062,-81.90028381347656,12,12,1,2.7500000447034836,11.625000420084689,1
google/gemma-3-4b-it,control_subject_verb_0149,control_subject_verb,past-tense gender,-70.23486328125,-76.61287689208984,10,10,1,11.375000089639798,12.624999741266947,1
google/gemma-3-4b-it,control_subject_verb_0150,control_subject_verb,past-tense gender,-70.31834411621094,-80.44818878173828,7,7,1,13.999999812571332,20.499999524232408,1
google/gemma-3-4b-it,control_subject_verb_0151,control_subject_verb,past-tense gender,-63.54833221435547,-76.5279312133789,11,11,1,10.750000354484655,17.000000155327143,1
google/gemma-3-4b-it,control_subject_verb_0152,control_subject_verb,past-tense gender,-74.37081909179688,-84.41072082519531,8,8,1,12.250000421889126,18.124999416875653,1
google/gemma-3-4b-it,control_subject_verb_0153,control_subject_verb,past-tense gender,-64.06012725830078,-69.85295867919922,8,8,1,16.124999571824446,12.874999828403816,1
google/gemma-3-4b-it,control_subject_verb_0154,control_subject_verb,past-tense gender,-79.29753112792969,-89.82801818847656,11,10,1,15.500000371597707,16.00000072858529,1
google/gemma-3-4b-it,control_subject_verb_0155,control_subject_verb,past-tense gender,-57.79660415649414,-69.18635559082031,9,9,1,13.00000044470653,16.625000035652192,1
google/gemma-3-4b-it,control_subject_verb_0156,control_subject_verb,past-tense gender,-78.91471862792969,-94.55947875976562,8,8,1,14.749999748077244,17.12500001283479,1
google/gemma-3-4b-it,control_subject_verb_0157,control_subject_verb,past-tense gender,-81.99819946289062,-87.77229309082031,9,9,1,13.500000349245965,17.749999059626134,1
google/gemma-3-4b-it,control_subject_verb_0158,control_subject_verb,past-tense gender,-71.9497299194336,-81.73204040527344,9,8,1,12.00000036880374,18.250000716358045,1
google/gemma-3-4b-it,control_subject_verb_0159,control_subject_verb,past-tense gender,-95.15069580078125,-101.69901275634766,11,10,1,5.999999907333404,18.000000736719812,1
google/gemma-3-4b-it,control_subject_verb_0160,control_subject_verb,past-tense gender,-90.3125,-101.484619140625,11,10,1,6.250000071944669,15.874999919440597,1
google/gemma-3-4b-it,control_subject_verb_0161,control_subject_verb,past-tense gender,-59.969024658203125,-71.33535766601562,8,8,1,15.499999715015292,20.874999284978912,1
google/gemma-3-4b-it,control_subject_verb_0162,control_subject_verb,past-tense gender,-67.89730834960938,-76.30252075195312,9,9,1,14.875000134576112,18.875000837309926,1
google/gemma-3-4b-it,control_subject_verb_0163,control_subject_verb,past-tense gender,-57.98583984375,-68.24409484863281,8,8,1,15.125000134576112,19.12500083470877,1
google/gemma-3-4b-it,control_subject_verb_0164,control_subject_verb,past-tense gender,-60.936729431152344,-81.74522399902344,10,10,1,16.249999655410647,19.874999763342203,1
google/gemma-3-4b-it,control_subject_verb_0165,control_subject_verb,past-tense gender,-79.5001449584961,-87.33146667480469,12,12,1,13.249999972525984,19.62500037040445,1
google/gemma-3-4b-it,control_subject_verb_0166,control_subject_verb,past-tense gender,-60.33338165283203,-71.23075103759766,8,8,1,12.250000302912667,16.62500039266888,1
google/gemma-3-4b-it,control_subject_verb_0167,control_subject_verb,past-tense gender,-63.302459716796875,-73.42884826660156,10,10,1,14.49999966006726,17.12499989364005,1
google/gemma-3-4b-it,control_subject_verb_0168,control_subject_verb,past-tense gender,-57.920692443847656,-69.31446838378906,8,8,1,12.749999996740371,18.750000021216692,1
google/gemma-3-4b-it,control_subject_verb_0169,control_subject_verb,past-tense gender,-67.62371063232422,-82.71018981933594,9,9,1,12.99999960931018,15.499999680090696,1
google/gemma-3-4b-it,control_subject_verb_0170,control_subject_verb,past-tense gender,-59.55790710449219,-76.63711547851562,9,9,1,13.749999541789293,17.999999764506356,1
google/gemma-3-4b-it,control_subject_verb_0171,control_subject_verb,past-tense gender,-69.51301574707031,-78.2391357421875,9,8,1,13.999999693594873,18.74999976633262,1
google/gemma-3-4b-it,control_subject_verb_0172,control_subject_verb,past-tense gender,-62.710182189941406,-71.88485717773438,8,8,1,14.125000108033419,14.374999800813384,1
google/gemma-3-4b-it,control_subject_verb_0173,control_subject_verb,past-tense gender,-79.66100311279297,-94.90492248535156,10,10,1,13.874999839812517,15.12500009429641,1
google/gemma-3-4b-it,control_subject_verb_0174,control_subject_verb,past-tense gender,-72.2236328125,-84.15615844726562,10,10,1,10.000000413972884,18.24999904813012,1
google/gemma-3-4b-it,control_subject_verb_0175,control_subject_verb,past-tense gender,-77.16352844238281,-87.67555236816406,9,9,1,7.750000207219273,18.374999557912815,1
google/gemma-3-4b-it,control_subject_verb_0176,control_subject_verb,past-tense gender,-79.01607513427734,-90.67929077148438,12,12,1,11.749999541323632,19.37500071811519,1
google/gemma-3-4b-it,control_subject_verb_0177,control_subject_verb,past-tense gender,-86.31600952148438,-94.09222412109375,9,9,1,12.000000071246177,14.000000274012564,1
google/gemma-3-4b-it,control_subject_verb_0178,control_subject_verb,past-tense gender,-63.73785400390625,-82.40904998779297,9,9,1,12.750000287778676,17.874999526109605,1
google/gemma-3-4b-it,control_subject_verb_0179,control_subject_verb,past-tense gender,-80.67422485351562,-91.40410614013672,8,8,1,12.49999979371205,13.625000312691554,1
google/gemma-3-4b-it,control_subject_verb_0180,control_subject_verb,past-tense gender,-64.56692504882812,-73.47073364257812,7,7,1,16.87500018859282,20.12500059643935,1
google/gemma-3-4b-it,control_subject_verb_0181,control_subject_verb,past-tense gender,-84.49822998046875,-101.18866729736328,11,11,1,3.9999999813735485,17.87499946114258,1
google/gemma-3-4b-it,control_subject_verb_0182,control_subject_verb,past-tense gender,-71.59424591064453,-82.9425277709961,9,9,1,12.749999580904841,19.75000084716885,1
google/gemma-3-4b-it,control_subject_verb_0183,control_subject_verb,past-tense gender,-79.60800170898438,-91.86961364746094,11,11,1,10.250000382540748,14.250000276835635,1
google/gemma-3-4b-it,control_subject_verb_0184,control_subject_verb,past-tense gender,-55.34638977050781,-69.02995300292969,9,9,1,12.500000095926225,16.625000654777978,1
google/gemma-3-4b-it,control_subject_verb_0185,control_subject_verb,past-tense gender,-62.347023010253906,-77.39641571044922,11,11,1,10.000000196509063,17.374999462423148,1
google/gemma-3-4b-it,control_subject_verb_0186,control_subject_verb,past-tense gender,-71.87362670898438,-85.32278442382812,10,10,1,14.125000345520675,17.875000123931386,1
google/gemma-3-4b-it,control_subject_verb_0187,control_subject_verb,past-tense gender,-69.955322265625,-84.63310241699219,9,9,1,14.249999851221219,19.00000047795038,1
google/gemma-3-4b-it,control_subject_verb_0188,control_subject_verb,past-tense gender,-84.51351928710938,-90.9141845703125,11,11,1,13.000000331550837,19.00000003463356,1
google/gemma-3-4b-it,control_subject_verb_0189,control_subject_verb,past-tense gender,-62.863136291503906,-71.5367660522461,9,9,1,15.124999748077244,19.125000240153895,1
google/gemma-3-4b-it,control_subject_verb_0190,control_subject_verb,past-tense gender,-86.09612274169922,-91.5565414428711,10,10,1,8.249999847495928,20.375000123931386,1
google/gemma-3-4b-it,control_subject_verb_0191,control_subject_verb,past-tense gender,-59.3492546081543,-77.3070297241211,9,9,1,13.500000152736902,20.12499964343806,1
google/gemma-3-4b-it,control_subject_verb_0192,control_subject_verb,past-tense gender,-97.27777862548828,-103.2748031616211,12,11,1,5.999999966472387,17.87500014078978,1
google/gemma-3-4b-it,control_subject_verb_0193,control_subject_verb,past-tense gender,-89.40176391601562,-98.01055145263672,11,10,1,7.250000040279701,17.499999320076313,1
google/gemma-3-4b-it,control_subject_verb_0194,control_subject_verb,past-tense gender,-56.64286804199219,-67.9450912475586,9,9,1,12.25000006519258,15.49999968931661,1
google/gemma-3-4b-it,control_subject_verb_0195,control_subject_verb,past-tense gender,-81.12757110595703,-91.20407104492188,9,9,1,13.624999633058906,17.374999173320248,1
google/gemma-3-4b-it,control_subject_verb_0196,control_subject_verb,past-tense gender,-68.35238647460938,-79.07264709472656,10,10,1,13.99999966006726,17.750000002910383,1
google/gemma-3-4b-it,control_subject_verb_0197,control_subject_verb,past-tense gender,-66.52842712402344,-77.90091705322266,9,9,1,15.250000464264303,19.000000004729372,1
google/gemma-3-4b-it,control_subject_verb_0198,control_subject_verb,past-tense gender,-80.38032531738281,-95.27622985839844,11,11,1,3.499999925494194,11.249999586259946,1
google/gemma-3-4b-it,control_subject_verb_0199,control_subject_verb,past-tense gender,-75.23097229003906,-92.10198974609375,12,12,1,9.999999697785825,17.12500077963341,1
google/gemma-3-4b-it,control_subject_verb_0200,control_subject_verb,past-tense gender,-95.56214904785156,-106.580078125,10,10,1,12.499999858438969,19.000000259577064,1
google/gemma-3-4b-it,control_subject_verb_0201,control_subject_verb,past-tense gender,-77.2509536743164,-89.23448181152344,10,10,1,13.12500007764902,16.99999917880632,1
google/gemma-3-4b-it,control_subject_verb_0202,control_subject_verb,past-tense gender,-74.47880554199219,-86.51482391357422,9,8,1,10.749999532941729,17.999999881452823,1
google/gemma-3-4b-it,control_subject_verb_0203,control_subject_verb,past-tense gender,-70.43607330322266,-82.23786163330078,8,8,1,12.75000041583553,18.749999663661583,1
google/gemma-3-4b-it,control_subject_verb_0204,control_subject_verb,past-tense gender,-56.3807487487793,-65.82231140136719,10,10,1,11.87500022444874,13.12499983885209,1
google/gemma-3-4b-it,control_subject_verb_0205,control_subject_verb,past-tense gender,-82.14778137207031,-93.59803009033203,9,9,1,12.749999570660293,16.8749999384454,1
google/gemma-3-4b-it,control_subject_verb_0206,control_subject_verb,past-tense gender,-71.81012725830078,-77.12287902832031,9,9,1,12.249999586958438,18.624999292514985,1
google/gemma-3-4b-it,control_subject_verb_0207,control_subject_verb,past-tense gender,-72.71665954589844,-84.43359375,10,10,1,7.249999845866114,15.124999820924131,1
google/gemma-3-4b-it,control_subject_verb_0208,control_subject_verb,past-tense gender,-77.54378509521484,-88.7723388671875,10,10,1,2.250000089406967,18.49999981862493,1
google/gemma-3-4b-it,control_subject_verb_0209,control_subject_verb,past-tense gender,-65.00041198730469,-78.69520568847656,10,10,1,11.50000042654574,15.999999443360139,1
google/gemma-3-4b-it,control_subject_verb_0210,control_subject_verb,past-tense gender,-69.40938568115234,-79.33173370361328,8,8,1,8.000000065658242,3.000000063329935,1
google/gemma-3-4b-it,control_subject_verb_0211,control_subject_verb,past-tense gender,-68.52532196044922,-75.05655670166016,11,11,1,14.874999716994353,16.624999766521796,1
google/gemma-3-4b-it,control_subject_verb_0212,control_subject_verb,past-tense gender,-64.1286849975586,-79.61004638671875,11,11,1,13.99999966006726,16.249999661406036,1
google/gemma-3-4b-it,control_subject_verb_0213,control_subject_verb,past-tense gender,-45.316192626953125,-55.62013626098633,10,10,1,11.375000446103513,14.874999745108653,1
google/gemma-3-4b-it,control_subject_verb_0214,control_subject_verb,past-tense gender,-77.99321746826172,-90.57691955566406,10,10,1,15.500000193016604,17.124999342602678,1
google/gemma-3-4b-it,control_subject_verb_0215,control_subject_verb,past-tense gender,-71.16697692871094,-88.23397064208984,11,11,1,9.249999850871973,14.87500009618816,1
google/gemma-3-4b-it,control_subject_verb_0216,control_subject_verb,past-tense gender,-53.59244155883789,-63.989097595214844,8,8,1,12.500000000931323,19.125000021216692,1
google/gemma-3-4b-it,control_subject_verb_0217,control_subject_verb,past-tense gender,-69.040283203125,-75.34790802001953,9,9,1,8.499999790918082,10.75000009854557,1
google/gemma-3-4b-it,control_subject_verb_0218,control_subject_verb,past-tense gender,-63.96736145019531,-70.28692626953125,9,9,1,13.500000257976353,18.000000484695192,1
google/gemma-3-4b-it,control_subject_verb_0219,control_subject_verb,past-tense gender,-72.52925109863281,-84.24398803710938,8,8,1,14.499999748077244,17.749999885534635,1
google/gemma-3-4b-it,control_subject_verb_0220,control_subject_verb,past-tense gender,-88.06193542480469,-95.62677001953125,8,8,1,10.249999687541276,13.000000039115548,1
google/gemma-3-4b-it,control_subject_verb_0221,control_subject_verb,past-tense gender,-66.21961975097656,-79.1328125,8,8,1,13.499999837833457,19.374999761732397,1
google/gemma-3-4b-it,control_subject_verb_0222,control_subject_verb,past-tense gender,-63.54498291015625,-68.05623626708984,9,9,1,15.249999729916453,17.124999855383066,1
google/gemma-3-4b-it,control_subject_verb_0223,control_subject_verb,past-tense gender,-82.25226593017578,-86.78099060058594,12,12,1,14.000000432715751,18.500000891799573,1
google/gemma-3-4b-it,control_subject_verb_0224,control_subject_verb,past-tense gender,-81.71398162841797,-92.0550537109375,9,9,1,10.000000084517524,16.500000132640707,1
google/gemma-3-4b-it,control_subject_verb_0225,control_subject_verb,past-tense gender,-91.04118347167969,-95.63618469238281,12,11,1,8.500000254251063,17.12500051234383,1
google/gemma-3-4b-it,control_subject_verb_0226,control_subject_verb,past-tense gender,-90.32423400878906,-100.634033203125,9,9,1,13.99999993131496,17.750000123931386,1
google/gemma-3-4b-it,control_subject_verb_0227,control_subject_verb,past-tense gender,-63.585453033447266,-76.4026107788086,11,11,1,11.500000146683306,18.124999558436684,1
google/gemma-3-4b-it,control_subject_verb_0228,control_subject_verb,past-tense gender,-78.41363525390625,-90.90225219726562,12,12,1,10.25000017695129,17.250000213680323,1
google/gemma-3-4b-it,control_subject_verb_0229,control_subject_verb,past-tense gender,-61.5372428894043,-70.30104064941406,7,7,1,15.374999715015292,20.12500000008913,1
google/gemma-3-4b-it,control_subject_verb_0230,control_subject_verb,past-tense gender,-74.64398193359375,-81.2640151977539,11,11,1,9.249999618623406,19.999999763342203,1
google/gemma-3-4b-it,control_subject_verb_0231,control_subject_verb,past-tense gender,-74.02538299560547,-85.67713928222656,10,10,1,13.250000111758709,19.00000037040445,1
google/gemma-3-4b-it,control_subject_verb_0232,control_subject_verb,past-tense gender,-70.5967025756836,-78.62019348144531,7,7,1,16.999999773688614,20.37500059643935,1
google/gemma-3-4b-it,control_subject_verb_0233,control_subject_verb,past-tense gender,-71.6602783203125,-84.83763122558594,10,10,1,9.750000474974513,16.75000086988439,1
google/gemma-3-4b-it,control_subject_verb_0234,control_subject_verb,past-tense gender,-88.65872192382812,-99.43060302734375,9,9,1,9.250000360421836,14.999999542313162,1
google/gemma-3-4b-it,control_subject_verb_0235,control_subject_verb,past-tense gender,-65.18341064453125,-78.42162322998047,10,10,1,14.000000108033419,17.250000856700353,1
google/gemma-3-4b-it,control_subject_verb_0236,control_subject_verb,past-tense gender,-71.71632385253906,-83.58248901367188,11,10,1,16.124999571824446,17.375000837455445,1
google/gemma-3-4b-it,control_subject_verb_0237,control_subject_verb,past-tense gender,-60.13029098510742,-77.90118408203125,8,8,1,14.749999715015292,20.249999524232408,1
google/gemma-3-4b-it,control_subject_verb_0238,control_subject_verb,past-tense gender,-68.03280639648438,-77.26542663574219,9,9,1,11.75000037625432,10.874999551015208,1
google/gemma-3-4b-it,control_subject_verb_0239,control_subject_verb,past-tense gender,-81.21360778808594,-94.51458740234375,10,10,1,9.250000363448635,17.749999796797056,1
google/gemma-3-4b-it,control_subject_verb_0240,control_subject_verb,past-tense gender,-57.81995391845703,-67.85623168945312,7,7,1,13.625000448198989,19.37499916851084,1
google/gemma-3-4b-it,control_subject_verb_0241,control_subject_verb,past-tense gender,-60.910377502441406,-76.1640625,10,10,1,8.750000038649887,14.500000095780706,1
google/gemma-3-4b-it,control_subject_verb_0242,control_subject_verb,past-tense gender,-63.19831085205078,-71.57203674316406,11,11,1,12.750000079511665,13.249999978288542,1
google/gemma-3-4b-it,control_subject_verb_0243,control_subject_verb,past-tense gender,-66.89110565185547,-72.17484283447266,9,9,1,13.375000020954758,17.12499917850073,1
google/gemma-3-4b-it,control_subject_verb_0244,control_subject_verb,past-tense gender,-64.12495422363281,-72.69142150878906,10,10,1,12.62500008137431,14.87499955893145,1
google/gemma-3-4b-it,control_subject_verb_0245,control_subject_verb,past-tense gender,-58.5291748046875,-73.89802551269531,10,10,1,10.500000218045898,13.37500045451452,1
google/gemma-3-4b-it,control_subject_verb_0246,control_subject_verb,past-tense gender,-69.51914978027344,-83.27460479736328,10,10,1,14.624999629333615,16.49999990282231,1
google/gemma-3-4b-it,control_subject_verb_0247,control_subject_verb,past-tense gender,-85.72146606445312,-95.62336730957031,11,11,1,4.999999889172614,10.75000022520544,1
google/gemma-3-4b-it,control_subject_verb_0248,control_subject_verb,past-tense gender,-82.49581146240234,-111.36734008789062,9,9,1,13.000000175088644,15.749999700434273,1
google/gemma-3-4b-it,control_subject_verb_0249,control_subject_verb,past-tense gender,-71.155029296875,-86.13849639892578,9,9,1,11.249999606516212,20.375000240153895,1
google/gemma-3-4b-it,control_subject_verb_0250,control_subject_verb,past-tense gender,-67.49496459960938,-74.521240234375,8,8,1,13.249999665189534,16.749999059305992,1
google/gemma-3-4b-it,control_subject_verb_0251,control_subject_verb,past-tense gender,-71.942138671875,-92.3873519897461,9,9,1,10.499999979976565,14.000000157684553,1
google/gemma-3-4b-it,control_subject_verb_0252,control_subject_verb,past-tense gender,-46.62894821166992,-58.592315673828125,9,9,1,11.749999955529347,18.625000132335117,1
google/gemma-3-4b-it,control_subject_verb_0253,control_subject_verb,past-tense gender,-68.07664489746094,-87.2236099243164,11,11,1,8.750000409199856,14.124999581923475,1
google/gemma-3-4b-it,control_subject_verb_0254,control_subject_verb,past-tense gender,-91.31338500976562,-101.3231201171875,11,11,1,11.999999830732122,18.750000511849066,1
google/gemma-3-4b-it,control_subject_verb_0255,control_subject_verb,past-tense gender,-65.2830810546875,-81.16911315917969,10,10,1,16.499999729916453,18.49999917356763,1
google/gemma-3-4b-it,control_subject_verb_0256,control_subject_verb,past-tense gender,-70.76673889160156,-80.39021301269531,10,10,1,13.999999870546162,16.62499943873263,1
google/gemma-3-4b-it,control_subject_verb_0257,control_subject_verb,past-tense gender,-83.13949584960938,-94.23139953613281,12,12,1,6.000000107800588,11.37499984187889,1
google/gemma-3-4b-it,control_subject_verb_0258,control_subject_verb,past-tense gender,-76.85526275634766,-82.28092193603516,11,11,1,15.250000089174137,15.50000001330045,1
google/gemma-3-4b-it,control_subject_verb_0259,control_subject_verb,past-tense gender,-78.30186462402344,-83.30772399902344,10,10,1,13.249999696621671,12.625000362168066,1
google/gemma-3-4b-it,control_subject_verb_0260,control_subject_verb,past-tense gender,-64.70745849609375,-77.28949737548828,9,10,1,12.124999890103936,16.12500084747444,1
google/gemma-3-4b-it,control_subject_verb_0261,control_subject_verb,past-tense gender,-80.7088394165039,-95.77482604980469,10,10,1,9.75000011571683,12.875000042899046,1
google/gemma-3-4b-it,control_subject_verb_0262,control_subject_verb,past-tense gender,-76.63117218017578,-87.77464294433594,8,8,1,12.125000127125531,17.87500039266888,1
google/gemma-3-4b-it,control_subject_verb_0263,control_subject_verb,past-tense gender,-70.32301330566406,-74.2335433959961,9,9,1,13.499999934341758,14.499999764659151,1
google/gemma-3-4b-it,control_subject_verb_0264,control_subject_verb,past-tense gender,-73.89562225341797,-103.02473449707031,11,11,1,9.499999819789082,0.75,1
google/gemma-3-4b-it,control_subject_verb_0265,control_subject_verb,past-tense gender,-73.00820922851562,-88.01527404785156,9,9,1,8.749999978695996,13.999999680614565,1
google/gemma-3-4b-it,control_subject_verb_0266,control_subject_verb,past-tense gender,-79.33877563476562,-87.95039367675781,9,9,1,11.500000112690032,19.37499965526513,1
google/gemma-3-4b-it,control_subject_verb_0267,control_subject_verb,past-tense gender,-55.71332550048828,-66.9810791015625,10,10,1,10.249999806284904,1.7499999850988388,1
google/gemma-3-4b-it,control_subject_verb_0268,control_subject_verb,past-tense gender,-59.029449462890625,-64.00090789794922,8,8,1,12.250000457745045,13.500000361702405,1
google/gemma-3-4b-it,control_subject_verb_0269,control_subject_verb,past-tense gender,-77.29345703125,-94.43189239501953,9,9,1,8.999999808846042,12.124999957391992,1
google/gemma-3-4b-it,control_subject_verb_0270,control_subject_verb,past-tense gender,-94.6490249633789,-103.01244354248047,12,12,1,11.49999961652793,19.249999699473847,1
google/gemma-3-4b-it,control_subject_verb_0271,control_subject_verb,past-tense gender,-64.60323333740234,-78.15078735351562,10,10,1,13.62500032922253,17.74999928973557,1
google/gemma-3-4b-it,control_subject_verb_0272,control_subject_verb,past-tense gender,-68.65495300292969,-83.42813873291016,10,10,1,11.99999994947575,17.500000452826498,1
google/gemma-3-4b-it,control_subject_verb_0273,control_subject_verb,past-tense gender,-80.03392028808594,-92.26383972167969,11,11,1,12.999999636784196,16.12500015506521,1
google/gemma-3-4b-it,control_subject_verb_0274,control_subject_verb,past-tense gender,-56.92364501953125,-64.39456939697266,10,10,1,7.500000181375071,10.874999789637513,1
google/gemma-3-4b-it,control_subject_verb_0275,control_subject_verb,past-tense gender,-73.96055603027344,-83.84956359863281,9,9,1,10.000000084517524,15.124999887681042,1
google/gemma-3-4b-it,control_subject_verb_0276,control_subject_verb,past-tense gender,-78.74946594238281,-91.95741271972656,8,8,1,12.99999960931018,19.374999764506356,1
google/gemma-3-4b-it,control_subject_verb_0277,control_subject_verb,past-tense gender,-69.99346160888672,-74.31600952148438,9,9,1,14.62499993131496,15.624999643481715,1
google/gemma-3-4b-it,control_subject_verb_0278,control_subject_verb,past-tense gender,-79.46812438964844,-89.72535705566406,9,9,1,8.749999679857865,16.375000855419785,1
google/gemma-3-4b-it,control_subject_verb_0279,control_subject_verb,past-tense gender,-91.66004180908203,-103.6060791015625,12,12,1,-1.0,10.874999930849299,1
google/gemma-3-4b-it,control_subject_verb_0280,control_subject_verb,past-tense gender,-60.2384033203125,-68.12428283691406,10,10,1,11.875000326661393,12.499999702733476,1
google/gemma-3-4b-it,control_subject_verb_0281,control_subject_verb,past-tense gender,-71.35293579101562,-78.69540405273438,9,9,1,10.750000357627869,16.87499916744855,1
google/gemma-3-4b-it,control_subject_verb_0282,control_subject_verb,past-tense gender,-87.23323059082031,-100.38600158691406,8,9,1,10.499999653548002,15.749999558436684,1
google/gemma-3-4b-it,control_subject_verb_0283,control_subject_verb,past-tense gender,-104.86103820800781,-107.6492691040039,12,11,1,3.7499999403953552,15.12500045367051,1
google/gemma-3-4b-it,control_subject_verb_0284,control_subject_verb,past-tense gender,-78.50159454345703,-91.73387145996094,11,11,1,8.500000263098627,17.12500017808634,1
google/gemma-3-4b-it,control_subject_verb_0285,control_subject_verb,past-tense gender,-76.2755355834961,-91.66053771972656,11,11,1,5.7500000218860805,11.375000437314156,1
google/gemma-3-4b-it,control_subject_verb_0286,control_subject_verb,past-tense gender,-60.079750061035156,-69.73304748535156,9,9,1,11.499999909196049,12.374999660809408,1
google/gemma-3-4b-it,control_subject_verb_0287,control_subject_verb,past-tense gender,-61.60680389404297,-70.85176086425781,8,8,1,15.624999715015292,20.25000059643935,1
google/gemma-3-4b-it,control_subject_verb_0288,control_subject_verb,past-tense gender,-93.25532531738281,-97.26715087890625,11,10,1,7.750000182073563,16.999999737890903,1
google/gemma-3-4b-it,control_subject_verb_0289,control_subject_verb,past-tense gender,-73.17144012451172,-83.35733032226562,10,10,1,11.750000345753506,17.2499999384454,1
google/gemma-3-4b-it,control_subject_verb_0290,control_subject_verb,past-tense gender,-81.18515014648438,-91.84014892578125,9,9,1,11.000000010477379,16.624999421823304,1
google/gemma-3-4b-it,control_subject_verb_0291,control_subject_verb,past-tense gender,-89.80545043945312,-98.85710144042969,10,10,1,10.49999992013909,14.74999992211815,1
google/gemma-3-4b-it,control_subject_verb_0292,control_subject_verb,past-tense gender,-73.43418884277344,-88.5241470336914,10,10,1,10.500000008614734,7.375000020838343,1
google/gemma-3-4b-it,control_subject_verb_0293,control_subject_verb,past-tense gender,-61.301856994628906,-67.29534149169922,8,8,1,13.750000108033419,18.87499906733865,1
google/gemma-3-4b-it,control_subject_verb_0294,control_subject_verb,past-tense gender,-72.11491394042969,-87.23074340820312,11,11,1,11.999999533873051,19.3749996500992,1
google/gemma-3-4b-it,control_subject_verb_0295,control_subject_verb,past-tense gender,-63.62812042236328,-77.6360855102539,10,10,1,11.750000246334821,15.749999828578439,1
google/gemma-3-4b-it,control_subject_verb_0296,control_subject_verb,past-tense gender,-62.38728332519531,-73.22389221191406,9,9,1,10.999999868683517,14.624999529565684,1
google/gemma-3-4b-it,control_subject_verb_0297,control_subject_verb,past-tense gender,-64.03428649902344,-67.29234313964844,7,7,1,12.749999996740371,16.624999764506356,1
google/gemma-3-4b-it,control_subject_verb_0298,control_subject_verb,past-tense gender,-60.957881927490234,-73.16632080078125,9,9,1,15.99999933410436,19.249999882544216,1
google/gemma-3-4b-it,control_subject_verb_0299,control_subject_verb,past-tense gender,-48.431541442871094,-62.40727996826172,10,10,1,13.374999615829438,18.749999411957106,1
google/gemma-3-4b-it,numeral_noun_0000,numeral_noun,2-4 + nom.pl,-52.42694091796875,-55.83423614501953,8,8,1,-14.125000305008143,12.624999725958332,0
google/gemma-3-4b-it,numeral_noun_0001,numeral_noun,2-4 + nom.pl,-73.77008056640625,-80.76760864257812,8,8,1,-13.624999707739335,13.3749997416744,0
google/gemma-3-4b-it,numeral_noun_0002,numeral_noun,2-4 + nom.pl,-55.6507453918457,-55.25787353515625,7,7,0,-6.999999874562491,16.375000273488695,1
google/gemma-3-4b-it,numeral_noun_0003,numeral_noun,2-4 + nom.pl,-62.99019241333008,-57.9601936340332,7,7,0,10.99999974842649,2.0000000298023224,1
google/gemma-3-4b-it,numeral_noun_0004,numeral_noun,2-4 + nom.pl,-64.32793426513672,-84.038818359375,8,8,1,10.250000188592821,9.875000237865606,1
google/gemma-3-4b-it,numeral_noun_0005,numeral_noun,2-4 + nom.pl,-59.44457244873047,-65.20379638671875,7,6,1,12.125000040978193,14.624999621417373,1
google/gemma-3-4b-it,numeral_noun_0006,numeral_noun,2-4 + nom.pl,-61.901214599609375,-62.45774841308594,6,7,1,-11.374999984283932,15.124999831255991,1
google/gemma-3-4b-it,numeral_noun_0007,numeral_noun,2-4 + nom.pl,-61.90211868286133,-47.250701904296875,6,6,0,-13.999999591265805,15.50000013859244,1
google/gemma-3-4b-it,numeral_noun_0008,numeral_noun,2-4 + nom.pl,-57.19461441040039,-66.5315170288086,10,10,1,-11.250000278174412,12.250000365020242,1
google/gemma-3-4b-it,numeral_noun_0009,numeral_noun,2-4 + nom.pl,-56.74782943725586,-63.267730712890625,8,8,1,-17.000000180618372,19.37499906733865,1
google/gemma-3-4b-it,numeral_noun_0010,numeral_noun,2-4 + nom.pl,-53.877628326416016,-56.59252166748047,7,7,1,-4.75000021327287,-4.7499999068677425,0
google/gemma-3-4b-it,numeral_noun_0011,numeral_noun,2-4 + nom.pl,-66.70960235595703,-63.95745849609375,6,6,0,14.375000432133675,17.24999906733865,1
google/gemma-3-4b-it,numeral_noun_0012,numeral_noun,2-4 + nom.pl,-57.5093994140625,-70.4217300415039,9,9,1,14.999999545514584,19.375000132029527,1
google/gemma-3-4b-it,numeral_noun_0013,numeral_noun,2-4 + nom.pl,-63.661537170410156,-63.501304626464844,8,8,0,-13.875000137893949,0.7500000298023224,0
google/gemma-3-4b-it,numeral_noun_0014,numeral_noun,2-4 + nom.pl,-62.75521469116211,-53.173213958740234,6,5,0,0.25,13.24999985890463,1
google/gemma-3-4b-it,numeral_noun_0015,numeral_noun,2-4 + nom.pl,-54.80555725097656,-57.561004638671875,8,7,1,8.249999715480953,13.124999621417373,1
google/gemma-3-4b-it,numeral_noun_0016,numeral_noun,2-4 + nom.pl,-75.97090148925781,-75.44570922851562,6,6,0,10.750000022351742,14.249999901046976,1
google/gemma-3-4b-it,numeral_noun_0017,numeral_noun,2-4 + nom.pl,-53.4681396484375,-56.608070373535156,8,7,1,10.249999891966581,19.875000837309926,1
google/gemma-3-4b-it,numeral_noun_0018,numeral_noun,2-4 + nom.pl,-77.42381286621094,-80.75758361816406,7,7,1,-12.625000217027264,10.874999810592271,0
google/gemma-3-4b-it,numeral_noun_0019,numeral_noun,2-4 + nom.pl,-56.12351989746094,-59.22974395751953,9,9,1,8.49999989126809,12.000000434287358,1
google/gemma-3-4b-it,numeral_noun_0020,numeral_noun,2-4 + nom.pl,-71.55081176757812,-78.32249450683594,7,7,1,-12.12499983474845,11.000000456115231,0
google/gemma-3-4b-it,numeral_noun_0021,numeral_noun,2-4 + nom.pl,-54.13389587402344,-59.336116790771484,6,7,1,-13.749999779858626,11.6250000417931,0
google/gemma-3-4b-it,numeral_noun_0022,numeral_noun,2-4 + nom.pl,-67.29373168945312,-65.76332092285156,6,6,0,15.000000380910933,18.7499996500992,1
google/gemma-3-4b-it,numeral_noun_0023,numeral_noun,2-4 + nom.pl,-53.51406478881836,-60.58452606201172,6,6,1,16.62500018859282,18.75000001283479,1
google/gemma-3-4b-it,numeral_noun_0024,numeral_noun,2-4 + nom.pl,-52.213802337646484,-58.45338439941406,8,8,1,-10.749999933701474,12.125000178755727,1
google/gemma-3-4b-it,numeral_noun_0025,numeral_noun,2-4 + nom.pl,-72.69486236572266,-78.72675323486328,9,8,1,-2.7500000819563866,13.249999825959094,1
google/gemma-3-4b-it,numeral_noun_0026,numeral_noun,2-4 + nom.pl,-58.933631896972656,-65.58673858642578,8,8,1,6.999999986262992,17.2499990590004,1
google/gemma-3-4b-it,numeral_noun_0027,numeral_noun,2-4 + nom.pl,-73.50857543945312,-80.12388610839844,7,7,1,4.999999841675162,13.125000303261913,1
google/gemma-3-4b-it,numeral_noun_0028,numeral_noun,2-4 + nom.pl,-77.12559509277344,-81.80155181884766,8,8,1,-12.87500027794158,10.375000189029379,0
google/gemma-3-4b-it,numeral_noun_0029,numeral_noun,2-4 + nom.pl,-72.37881469726562,-75.07334899902344,6,6,1,-10.124999801744707,13.124999701423803,1
google/gemma-3-4b-it,numeral_noun_0030,numeral_noun,2-4 + nom.pl,-71.47862243652344,-85.18474578857422,10,10,1,15.000000380910933,13.625000449013896,1
google/gemma-3-4b-it,numeral_noun_0031,numeral_noun,2-4 + nom.pl,-53.049888610839844,-62.231998443603516,8,7,1,-15.374999856634531,12.250000260770321,0
google/gemma-3-4b-it,numeral_noun_0032,numeral_noun,2-4 + nom.pl,-78.67692565917969,-81.18890380859375,8,8,1,-14.74999961789581,14.000000454951078,0
google/gemma-3-4b-it,numeral_noun_0033,numeral_noun,2-4 + nom.pl,-53.700233459472656,-58.34794235229492,8,7,1,-5.249999897554517,18.50000045116758,1
google/gemma-3-4b-it,numeral_noun_0034,numeral_noun,2-4 + nom.pl,-55.04750061035156,-56.9323844909668,8,8,1,6.999999911058694,14.750000392406946,1
google/gemma-3-4b-it,numeral_noun_0035,numeral_noun,2-4 + nom.pl,-54.24713897705078,-61.66827392578125,10,9,1,8.49999976484105,17.875000240153895,1
google/gemma-3-4b-it,numeral_noun_0036,numeral_noun,2-4 + nom.pl,-50.16450500488281,-57.20886993408203,7,7,1,-13.499999984516762,14.124999980907887,1
google/gemma-3-4b-it,numeral_noun_0037,numeral_noun,2-4 + nom.pl,-63.12422180175781,-63.546043395996094,9,10,1,8.750000017462298,18.24999966326868,1
google/gemma-3-4b-it,numeral_noun_0038,numeral_noun,2-4 + nom.pl,-59.721961975097656,-61.24924850463867,10,10,1,-13.749999955412932,9.000000258805812,0
google/gemma-3-4b-it,numeral_noun_0039,numeral_noun,2-4 + nom.pl,-64.84452056884766,-64.52661895751953,8,8,0,8.499999886844307,16.25000045201159,1
google/gemma-3-4b-it,numeral_noun_0040,numeral_noun,2-4 + nom.pl,-56.05133056640625,-63.819602966308594,9,9,1,-5.249999839346856,13.24999959039269,1
google/gemma-3-4b-it,numeral_noun_0041,numeral_noun,2-4 + nom.pl,-74.6363296508789,-76.2020034790039,7,7,1,-11.375000467873178,13.250000185042154,1
google/gemma-3-4b-it,numeral_noun_0042,numeral_noun,2-4 + nom.pl,-55.58087158203125,-61.71015930175781,8,9,1,-13.500000385509338,19.375000243126124,1
google/gemma-3-4b-it,numeral_noun_0043,numeral_noun,2-4 + nom.pl,-56.912841796875,-57.308128356933594,9,9,1,7.250000150175765,11.750000126718078,1
google/gemma-3-4b-it,numeral_noun_0044,numeral_noun,2-4 + nom.pl,-54.8499870300293,-60.168609619140625,7,7,1,-13.750000098720193,16.99999908171594,1
google/gemma-3-4b-it,numeral_noun_0045,numeral_noun,2-4 + nom.pl,-73.839599609375,-79.62576293945312,8,8,1,-13.874999917810783,11.499999786028638,0
google/gemma-3-4b-it,numeral_noun_0046,numeral_noun,2-4 + nom.pl,-71.01008605957031,-74.93521118164062,8,8,1,3.749999947845936,15.999999797611963,1
google/gemma-3-4b-it,numeral_noun_0047,numeral_noun,2-4 + nom.pl,-53.21098327636719,-55.1508903503418,10,10,1,12.875000471714884,-6.749999972060323,1
google/gemma-3-4b-it,numeral_noun_0048,numeral_noun,2-4 + nom.pl,-51.82963562011719,-66.90756225585938,8,8,1,14.624999715015292,20.625000598913175,1
google/gemma-3-4b-it,numeral_noun_0049,numeral_noun,2-4 + nom.pl,-54.587974548339844,-57.23149871826172,7,7,1,15.875000070314854,18.374999411709723,1
google/gemma-3-4b-it,numeral_noun_0050,numeral_noun,2-4 + nom.pl,-70.55558776855469,-72.21292877197266,6,6,1,-9.25000026221096,11.875000375745003,1
google/gemma-3-4b-it,numeral_noun_0051,numeral_noun,2-4 + nom.pl,-51.17478942871094,-63.46904754638672,8,8,1,6.999999902909622,19.37499916577326,1
google/gemma-3-4b-it,numeral_noun_0052,numeral_noun,2-4 + nom.pl,-67.96958923339844,-75.58235931396484,9,9,1,8.999999972758815,18.00000037040445,1
google/gemma-3-4b-it,numeral_noun_0053,numeral_noun,2-4 + nom.pl,-58.53954315185547,-65.42837524414062,9,9,1,-12.49999989810749,14.750000132029527,1
google/gemma-3-4b-it,numeral_noun_0054,numeral_noun,2-4 + nom.pl,-70.36289978027344,-76.41006469726562,7,6,1,-12.125000243948307,13.749999859603122,1
google/gemma-3-4b-it,numeral_noun_0055,numeral_noun,2-4 + nom.pl,-53.34132766723633,-55.764766693115234,8,9,1,-9.874999619147275,13.750000255648047,1
google/gemma-3-4b-it,numeral_noun_0056,numeral_noun,2-4 + nom.pl,-56.57915115356445,-62.22627639770508,7,8,1,5.999999993015081,14.124999779160134,1
google/gemma-3-4b-it,numeral_noun_0057,numeral_noun,2-4 + nom.pl,-55.89093780517578,-62.31581115722656,7,8,1,4.250000223517418,11.500000286963768,1
google/gemma-3-4b-it,numeral_noun_0058,numeral_noun,2-4 + nom.pl,-60.38617706298828,-63.21685028076172,7,6,1,-16.499999663661583,13.375000157160684,0
google/gemma-3-4b-it,numeral_noun_0059,numeral_noun,2-4 + nom.pl,-70.62067413330078,-77.23776245117188,8,7,1,5.749999838881195,14.124999588122591,1
google/gemma-3-4b-it,numeral_noun_0060,numeral_noun,2-4 + nom.pl,-51.01714324951172,-56.327667236328125,9,9,1,8.499999908264726,12.750000314001227,1
google/gemma-3-4b-it,numeral_noun_0061,numeral_noun,2-4 + nom.pl,-50.99956512451172,-43.74153137207031,7,6,0,-15.000000065017957,7.000000158208422,0
google/gemma-3-4b-it,numeral_noun_0062,numeral_noun,2-4 + nom.pl,-51.57996368408203,-57.59435272216797,10,10,1,-5.249999763909727,19.25000072797411,1
google/gemma-3-4b-it,numeral_noun_0063,numeral_noun,2-4 + nom.pl,-51.69683074951172,-55.877471923828125,8,8,1,-12.624999593244866,11.874999988824129,0
google/gemma-3-4b-it,numeral_noun_0064,numeral_noun,2-4 + nom.pl,-55.31517028808594,-56.26112365722656,6,6,1,-14.999999780557118,15.250000016763806,1
google/gemma-3-4b-it,numeral_noun_0065,numeral_noun,2-4 + nom.pl,-72.30320739746094,-78.42293548583984,7,7,1,-11.249999572522938,9.749999675841536,0
google/gemma-3-4b-it,numeral_noun_0066,numeral_noun,2-4 + nom.pl,-67.23683166503906,-70.38035583496094,8,8,1,0.7499999403953552,16.875000842279405,1
google/gemma-3-4b-it,numeral_noun_0067,numeral_noun,2-4 + nom.pl,-55.076194763183594,-61.080726623535156,8,8,1,5.499999845866114,15.750000140207703,1
google/gemma-3-4b-it,numeral_noun_0068,numeral_noun,2-4 + nom.pl,-49.56672668457031,-42.34122848510742,7,6,0,-12.8750003981404,11.12500045960769,0
google/gemma-3-4b-it,numeral_noun_0069,numeral_noun,2-4 + nom.pl,-79.66092681884766,-83.85527801513672,10,10,1,-13.25000037823338,16.000000537955202,1
google/gemma-3-4b-it,numeral_noun_0070,numeral_noun,2-4 + nom.pl,-55.019649505615234,-65.1619873046875,7,7,1,15.74999966379255,18.12500073632691,1
google/gemma-3-4b-it,numeral_noun_0071,numeral_noun,2-4 + nom.pl,-52.22975158691406,-52.2094841003418,8,9,0,-10.124999901250703,12.374999886007572,1
google/gemma-3-4b-it,numeral_noun_0072,numeral_noun,2-4 + nom.pl,-57.24516677856445,-60.17445373535156,9,9,1,-16.250000570667908,12.750000460539013,0
google/gemma-3-4b-it,numeral_noun_0073,numeral_noun,2-4 + nom.pl,-51.887725830078125,-54.879600524902344,7,8,1,-9.499999556923285,10.749999764884706,1
google/gemma-3-4b-it,numeral_noun_0074,numeral_noun,2-4 + nom.pl,-51.86936569213867,-56.73599624633789,8,8,1,-13.625000156636816,13.375000094936695,0
google/gemma-3-4b-it,numeral_noun_0075,numeral_noun,2-4 + nom.pl,-77.12811279296875,-80.73846435546875,7,7,1,-11.875000027765054,11.000000085448846,0
google/gemma-3-4b-it,numeral_noun_0076,numeral_noun,2-4 + nom.pl,-54.46717071533203,-58.96520233154297,8,7,1,11.499999591615051,19.499999901643605,1
google/gemma-3-4b-it,numeral_noun_0077,numeral_noun,2-4 + nom.pl,-71.86561584472656,-76.36659240722656,8,8,1,-7.74999986786861,17.125000393309165,1
google/gemma-3-4b-it,numeral_noun_0078,numeral_noun,2-4 + nom.pl,-55.258094787597656,-56.55126953125,8,8,1,7.500000179512426,12.125000226893462,1
google/gemma-3-4b-it,numeral_noun_0079,numeral_noun,2-4 + nom.pl,-67.86341857910156,-74.26919555664062,8,8,1,7.249999946216121,17.3750005113543,1
google/gemma-3-4b-it,numeral_noun_0080,numeral_noun,2-4 + nom.pl,-60.692909240722656,-52.522621154785156,6,6,0,9.374999610241503,13.124999681662302,1
google/gemma-3-4b-it,numeral_noun_0081,numeral_noun,2-4 + nom.pl,-75.99201965332031,-77.99999237060547,7,7,1,-12.12499960459536,13.749999707739335,1
google/gemma-3-4b-it,numeral_noun_0082,numeral_noun,2-4 + nom.pl,-72.3222885131836,-76.93730163574219,8,8,1,-14.12499997857958,13.75000021411688,0
google/gemma-3-4b-it,numeral_noun_0083,numeral_noun,2-4 + nom.pl,-53.32814025878906,-55.976905822753906,10,10,1,12.500000238418579,-2.0000001043081284,1
google/gemma-3-4b-it,numeral_noun_0084,numeral_noun,2-4 + nom.pl,-51.08393859863281,-54.85803985595703,9,9,1,9.999999904073775,17.875000392174115,1
google/gemma-3-4b-it,numeral_noun_0085,numeral_noun,2-4 + nom.pl,-71.4888687133789,-77.18869018554688,8,8,1,-12.999999679508619,11.749999903782737,0
google/gemma-3-4b-it,numeral_noun_0086,numeral_noun,2-4 + nom.pl,-74.16587829589844,-81.96305847167969,6,7,1,-14.000000018801074,14.125000305881258,1
google/gemma-3-4b-it,numeral_noun_0087,numeral_noun,2-4 + nom.pl,-63.8607177734375,-65.36279296875,7,7,1,-0.5,11.875000192085281,1
google/gemma-3-4b-it,numeral_noun_0088,numeral_noun,2-4 + nom.pl,-60.62581253051758,-62.769004821777344,7,7,1,-16.375000213680323,14.124999539577402,0
google/gemma-3-4b-it,numeral_noun_0089,numeral_noun,2-4 + nom.pl,-73.65017700195312,-75.48233032226562,7,6,1,-9.374999773994205,10.87499996527913,1
google/gemma-3-4b-it,numeral_noun_0090,numeral_noun,2-4 + nom.pl,-57.22179412841797,-60.91346740722656,9,8,1,9.750000236555934,20.87500012024975,1
google/gemma-3-4b-it,numeral_noun_0091,numeral_noun,2-4 + nom.pl,-53.19568634033203,-53.076515197753906,9,9,0,9.249999968335032,14.12499978125561,1
google/gemma-3-4b-it,numeral_noun_0092,numeral_noun,2-4 + nom.pl,-53.25860595703125,-52.85300064086914,9,9,0,7.499999770894647,14.625000295956852,1
google/gemma-3-4b-it,numeral_noun_0093,numeral_noun,2-4 + nom.pl,-69.42169189453125,-82.56073760986328,7,8,1,-12.750000038009603,13.749999580933945,1
google/gemma-3-4b-it,numeral_noun_0094,numeral_noun,2-4 + nom.pl,-72.49342346191406,-77.27268981933594,8,8,1,9.9999998442363,17.874999186533387,1
google/gemma-3-4b-it,numeral_noun_0095,numeral_noun,2-4 + nom.pl,-59.72639083862305,-54.070556640625,6,5,0,-9.874999603925971,13.49999995296821,1
google/gemma-3-4b-it,numeral_noun_0096,numeral_noun,2-4 + nom.pl,-51.96513748168945,-64.90127563476562,8,8,1,15.000000371597707,21.12500071811519,1
google/gemma-3-4b-it,numeral_noun_0097,numeral_noun,2-4 + nom.pl,-70.72549438476562,-76.20016479492188,9,9,1,-12.99999966280302,12.000000040687155,0
google/gemma-3-4b-it,numeral_noun_0098,numeral_noun,2-4 + nom.pl,-73.13729858398438,-76.21208190917969,8,8,1,-11.999999530031346,12.124999530497007,1
google/gemma-3-4b-it,numeral_noun_0099,numeral_noun,2-4 + nom.pl,-53.166595458984375,-57.9417724609375,7,6,1,12.99999960931018,17.375000809464836,1
google/gemma-3-4b-it,numeral_noun_0100,numeral_noun,2-4 + nom.pl,-71.0340576171875,-79.19085693359375,8,9,1,-12.999999976193067,13.000000094936695,1
google/gemma-3-4b-it,numeral_noun_0101,numeral_noun,2-4 + nom.pl,-54.503719329833984,-62.78033447265625,9,9,1,15.750000103842467,19.25000047971116,1
google/gemma-3-4b-it,numeral_noun_0102,numeral_noun,2-4 + nom.pl,-54.252376556396484,-60.978336334228516,8,8,1,-10.125000038504368,12.374999701423803,1
google/gemma-3-4b-it,numeral_noun_0103,numeral_noun,2-4 + nom.pl,-63.23931884765625,-66.55162811279297,7,8,1,-13.125000433181413,14.750000296276994,1
google/gemma-3-4b-it,numeral_noun_0104,numeral_noun,2-4 + nom.pl,-69.88023376464844,-70.79259490966797,8,8,1,7.500000136438757,12.8749997143168,1
google/gemma-3-4b-it,numeral_noun_0105,numeral_noun,2-4 + nom.pl,-70.2226333618164,-62.14823532104492,6,6,0,-12.375000127707608,13.8749997416744,1
google/gemma-3-4b-it,numeral_noun_0106,numeral_noun,2-4 + nom.pl,-72.67054748535156,-73.16989135742188,7,6,1,-10.249999534440576,10.99999979455606,1
google/gemma-3-4b-it,numeral_noun_0107,numeral_noun,2-4 + nom.pl,-62.642417907714844,-84.85005950927734,6,7,1,15.12499983375892,19.00000027299393,1
google/gemma-3-4b-it,numeral_noun_0108,numeral_noun,2-4 + nom.pl,-64.46380615234375,-67.78494262695312,8,8,1,-13.125000324391294,14.875000217929482,1
google/gemma-3-4b-it,numeral_noun_0109,numeral_noun,2-4 + nom.pl,-73.5052490234375,-79.99220275878906,7,8,1,-13.99999995098915,10.875000322703272,0
google/gemma-3-4b-it,numeral_noun_0110,numeral_noun,2-4 + nom.pl,-72.09801483154297,-74.7144775390625,6,7,1,-11.750000340864062,14.124999945925083,1
google/gemma-3-4b-it,numeral_noun_0111,numeral_noun,2-4 + nom.pl,-61.22157287597656,-72.49107360839844,7,7,1,14.874999715015292,15.500000018102583,1
google/gemma-3-4b-it,numeral_noun_0112,numeral_noun,2-4 + nom.pl,-74.12701416015625,-70.8165283203125,7,7,0,-11.999999604187906,-8.749999542022124,0
google/gemma-3-4b-it,numeral_noun_0113,numeral_noun,2-4 + nom.pl,-60.99994659423828,-65.09642028808594,9,9,1,-15.750000393309165,9.625000156636816,0
google/gemma-3-4b-it,numeral_noun_0114,numeral_noun,2-4 + nom.pl,-75.20404815673828,-79.01744079589844,8,7,1,-10.124999690975528,13.6249997158302,1
google/gemma-3-4b-it,numeral_noun_0115,numeral_noun,2-4 + nom.pl,-61.41542053222656,-66.32733154296875,8,8,1,-14.000000376137905,-10.499999860767275,0
google/gemma-3-4b-it,numeral_noun_0116,numeral_noun,2-4 + nom.pl,-51.742034912109375,-56.182090759277344,6,6,1,14.62500025331974,21.375000001047738,1
google/gemma-3-4b-it,numeral_noun_0117,numeral_noun,2-4 + nom.pl,-54.790042877197266,-56.26046371459961,8,8,1,17.624999773688614,16.500000251209713,1
google/gemma-3-4b-it,numeral_noun_0118,numeral_noun,2-4 + nom.pl,-71.02900695800781,-75.30703735351562,7,7,1,-13.125000396510586,12.374999832129106,0
google/gemma-3-4b-it,numeral_noun_0119,numeral_noun,2-4 + nom.pl,-55.833465576171875,-58.29987335205078,10,10,1,-10.374999790510628,15.875000155589078,1
google/gemma-3-4b-it,numeral_noun_0120,numeral_noun,2-4 + nom.pl,-67.18606567382812,-63.02379608154297,7,7,0,-9.500000144078513,15.99999967761687,1
google/gemma-3-4b-it,numeral_noun_0121,numeral_noun,2-4 + nom.pl,-49.54157257080078,-56.58135986328125,6,6,1,14.87499983375892,20.00000035827179,1
google/gemma-3-4b-it,numeral_noun_0122,numeral_noun,2-4 + nom.pl,-59.37718963623047,-65.1059341430664,7,6,1,13.249999783933163,17.875000332016498,1
google/gemma-3-4b-it,numeral_noun_0123,numeral_noun,2-4 + nom.pl,-68.19380187988281,-71.82737731933594,7,6,1,-10.000000333675416,13.12500027846545,1
google/gemma-3-4b-it,numeral_noun_0124,numeral_noun,2-4 + nom.pl,-76.28262329101562,-82.24925231933594,9,9,1,-15.99999949792982,15.749999677937012,0
google/gemma-3-4b-it,numeral_noun_0125,numeral_noun,2-4 + nom.pl,-50.04430389404297,-51.984703063964844,9,9,1,12.49999960360583,15.374999580613803,1
google/gemma-3-4b-it,numeral_noun_0126,numeral_noun,2-4 + nom.pl,-70.15809631347656,-72.82034301757812,9,9,1,5.999999767635018,8.999999577761628,1
google/gemma-3-4b-it,numeral_noun_0127,numeral_noun,2-4 + nom.pl,-61.16726303100586,-62.01982116699219,7,7,1,-14.000000018801074,-4.7500000251457095,0
google/gemma-3-4b-it,numeral_noun_0128,numeral_noun,2-4 + nom.pl,-74.62452697753906,-81.93603515625,7,8,1,5.000000096857548,15.625000373460352,1
google/gemma-3-4b-it,numeral_noun_0129,numeral_noun,2-4 + nom.pl,-67.66835021972656,-78.65412139892578,8,8,1,-10.499999970459612,12.000000043422915,1
google/gemma-3-4b-it,numeral_noun_0130,numeral_noun,2-4 + nom.pl,-58.26362991333008,-61.22221755981445,7,7,1,13.249999546445906,14.124999662104528,1
google/gemma-3-4b-it,numeral_noun_0131,numeral_noun,2-4 + nom.pl,-72.60662841796875,-77.83277893066406,9,9,1,1.2499999701976776,14.00000001740409,1
google/gemma-3-4b-it,numeral_noun_0132,numeral_noun,2-4 + nom.pl,-48.07835388183594,-58.41283416748047,9,9,1,-11.500000329338945,-4.999999885447323,0
google/gemma-3-4b-it,numeral_noun_0133,numeral_noun,2-4 + nom.pl,-71.25374603271484,-78.80595397949219,7,7,1,-12.624999977037078,15.875000414816895,1
google/gemma-3-4b-it,numeral_noun_0134,numeral_noun,2-4 + nom.pl,-55.4068603515625,-53.39128112792969,7,7,0,-14.624999946798198,13.375000214524334,0
google/gemma-3-4b-it,numeral_noun_0135,numeral_noun,2-4 + nom.pl,-69.10786437988281,-74.92162322998047,7,8,1,-14.500000256346539,14.749999678460881,1
google/gemma-3-4b-it,numeral_noun_0136,numeral_noun,2-4 + nom.pl,-71.62791442871094,-74.32249450683594,9,9,1,4.249999986961484,11.624999714782462,1
google/gemma-3-4b-it,numeral_noun_0137,numeral_noun,2-4 + nom.pl,-71.39961242675781,-77.77751159667969,7,7,1,-14.000000275787897,13.62499954161467,0
google/gemma-3-4b-it,numeral_noun_0138,numeral_noun,2-4 + nom.pl,-70.97052001953125,-78.4918212890625,6,7,1,-13.875000098836608,11.749999623803888,0
google/gemma-3-4b-it,numeral_noun_0139,numeral_noun,2-4 + nom.pl,-57.06598663330078,-59.61088180541992,7,7,1,14.00000046659261,15.6250000569853,1
google/gemma-3-4b-it,numeral_noun_0140,numeral_noun,2-4 + nom.pl,-64.74772644042969,-69.39134216308594,8,8,1,-11.875000208325218,6.249999842140824,0
google/gemma-3-4b-it,numeral_noun_0141,numeral_noun,2-4 + nom.pl,-63.35885238647461,-69.21440887451172,8,7,1,-17.249999699473847,14.624999938125256,0
google/gemma-3-4b-it,numeral_noun_0142,numeral_noun,2-4 + nom.pl,-71.66339874267578,-76.70376586914062,7,6,1,7.25000003259629,18.875000212865416,1
google/gemma-3-4b-it,numeral_noun_0143,numeral_noun,2-4 + nom.pl,-65.40909576416016,-68.8147201538086,7,7,1,-10.000000214931788,12.624999597202986,1
google/gemma-3-4b-it,numeral_noun_0144,numeral_noun,2-4 + nom.pl,-52.655364990234375,-59.57112121582031,7,6,1,12.749999971129,15.875000373460352,1
google/gemma-3-4b-it,numeral_noun_0145,numeral_noun,2-4 + nom.pl,-62.201045989990234,-51.02119445800781,5,6,0,-10.124999828753062,12.249999647494406,1
google/gemma-3-4b-it,numeral_noun_0146,numeral_noun,2-4 + nom.pl,-57.062904357910156,-59.4095458984375,8,8,1,10.249999579973519,13.875000273255864,1
google/gemma-3-4b-it,numeral_noun_0147,numeral_noun,2-4 + nom.pl,-73.34283447265625,-78.57510375976562,7,7,1,-12.875000377534889,12.125000308500603,0
google/gemma-3-4b-it,numeral_noun_0148,numeral_noun,2-4 + nom.pl,-57.10566711425781,-55.28822326660156,9,9,0,10.249999565538019,10.375000246916898,1
google/gemma-3-4b-it,numeral_noun_0149,numeral_noun,2-4 + nom.pl,-56.57778549194336,-58.044219970703125,8,9,1,12.499999702675268,18.374999769293936,1
google/gemma-3-4b-it,numeral_noun_0150,numeral_noun,5+ + gen.pl,-57.926918029785156,-57.85404968261719,10,10,0,4.7500000316649675,-9.25000026426278,0
google/gemma-3-4b-it,numeral_noun_0151,numeral_noun,5+ + gen.pl,-53.97478485107422,-65.43756103515625,7,8,1,15.500000070314854,17.999999438237865,1
google/gemma-3-4b-it,numeral_noun_0152,numeral_noun,5+ + gen.pl,-57.87590026855469,-64.37855529785156,10,9,1,7.500000065891072,1.2500000298023224,1
google/gemma-3-4b-it,numeral_noun_0153,numeral_noun,5+ + gen.pl,-64.05219268798828,-75.16312408447266,8,8,1,10.75000014109537,17.125000723084668,1
google/gemma-3-4b-it,numeral_noun_0154,numeral_noun,5+ + gen.pl,-78.34873962402344,-93.60975646972656,9,9,1,13.499999541789293,12.875000018102583,1
google/gemma-3-4b-it,numeral_noun_0155,numeral_noun,5+ + gen.pl,-58.1532096862793,-67.12066650390625,9,9,1,14.000000313390046,7.7500001298612915,1
google/gemma-3-4b-it,numeral_noun_0156,numeral_noun,5+ + gen.pl,-65.88806915283203,-73.5488510131836,7,7,1,-7.749999938416295,14.62499983201269,1
google/gemma-3-4b-it,numeral_noun_0157,numeral_noun,5+ + gen.pl,-57.39837646484375,-63.39494323730469,8,7,1,-0.25,10.875000289059244,1
google/gemma-3-4b-it,numeral_noun_0158,numeral_noun,5+ + gen.pl,-76.9772720336914,-81.96742248535156,11,10,1,-10.37499981673318,13.500000376137905,1
google/gemma-3-4b-it,numeral_noun_0159,numeral_noun,5+ + gen.pl,-64.13703918457031,-75.33576965332031,11,10,1,16.999999715248123,12.500000192085281,1
google/gemma-3-4b-it,numeral_noun_0160,numeral_noun,5+ + gen.pl,-56.19134521484375,-63.118064880371094,12,12,1,12.874999636784196,16.12499906733865,1
google/gemma-3-4b-it,numeral_noun_0161,numeral_noun,5+ + gen.pl,-63.37559509277344,-63.31577682495117,9,9,0,-10.999999723484507,12.250000297906809,1
google/gemma-3-4b-it,numeral_noun_0162,numeral_noun,5+ + gen.pl,-54.170658111572266,-63.754493713378906,10,9,1,16.87500018859282,13.374999779858626,1
google/gemma-3-4b-it,numeral_noun_0163,numeral_noun,5+ + gen.pl,-54.00182342529297,-64.60839080810547,10,10,1,11.499999667983502,11.24999959138222,1
google/gemma-3-4b-it,numeral_noun_0164,numeral_noun,5+ + gen.pl,-54.45391845703125,-59.80855941772461,8,7,1,4.249999910593033,14.374999580293661,1
google/gemma-3-4b-it,numeral_noun_0165,numeral_noun,5+ + gen.pl,-59.079132080078125,-67.84991455078125,9,9,1,10.000000081956387,17.499999882544216,1
google/gemma-3-4b-it,numeral_noun_0166,numeral_noun,5+ + gen.pl,-60.53166961669922,-72.83850860595703,8,8,1,10.624999903608114,18.249999305713573,1
google/gemma-3-4b-it,numeral_noun_0167,numeral_noun,5+ + gen.pl,-90.28211975097656,-98.50528717041016,8,8,1,-13.000000422354788,15.000000300584361,1
google/gemma-3-4b-it,numeral_noun_0168,numeral_noun,5+ + gen.pl,-67.40190887451172,-74.97850799560547,8,8,1,13.374999633058906,19.250000001047738,1
google/gemma-3-4b-it,numeral_noun_0169,numeral_noun,5+ + gen.pl,-54.74135208129883,-61.961124420166016,9,8,1,11.749999897554517,16.750000153813744,1
google/gemma-3-4b-it,numeral_noun_0170,numeral_noun,5+ + gen.pl,-65.13372802734375,-77.08367919921875,7,7,1,4.999999787658453,14.375000097672455,1
google/gemma-3-4b-it,numeral_noun_0171,numeral_noun,5+ + gen.pl,-70.24072265625,-83.79989624023438,10,10,1,7.250000101514161,10.37499989871867,1
google/gemma-3-4b-it,numeral_noun_0172,numeral_noun,5+ + gen.pl,-73.54605865478516,-79.86567687988281,8,8,1,-9.875000050116796,13.37500021676533,1
google/gemma-3-4b-it,numeral_noun_0173,numeral_noun,5+ + gen.pl,-75.12340545654297,-84.43061828613281,7,7,1,10.249999612569809,16.625000492553227,1
google/gemma-3-4b-it,numeral_noun_0174,numeral_noun,5+ + gen.pl,-54.13353729248047,-69.98468780517578,9,9,1,13.125000111758709,19.37499964343806,1
google/gemma-3-4b-it,numeral_noun_0175,numeral_noun,5+ + gen.pl,-60.9084587097168,-67.2787094116211,9,9,1,-13.875000333267963,18.000000243126124,1
google/gemma-3-4b-it,numeral_noun_0176,numeral_noun,5+ + gen.pl,-63.77052307128906,-71.03572082519531,7,8,1,17.124999506399035,19.125000001047738,1
google/gemma-3-4b-it,numeral_noun_0177,numeral_noun,5+ + gen.pl,-67.57288360595703,-81.41709899902344,8,8,1,10.249999535735697,17.24999905412551,1
google/gemma-3-4b-it,numeral_noun_0178,numeral_noun,5+ + gen.pl,-78.80158996582031,-93.3402099609375,8,8,1,11.000000411644578,14.249999825085979,1
google/gemma-3-4b-it,numeral_noun_0179,numeral_noun,5+ + gen.pl,-59.10881423950195,-68.57521057128906,11,11,1,11.875000462401658,12.625000274769263,1
google/gemma-3-4b-it,numeral_noun_0180,numeral_noun,5+ + gen.pl,-52.282562255859375,-66.34262084960938,7,7,1,15.500000070314854,19.874999438237865,1
google/gemma-3-4b-it,numeral_noun_0181,numeral_noun,5+ + gen.pl,-66.12030792236328,-71.25525665283203,9,8,1,-11.000000040919986,11.999999551975634,1
google/gemma-3-4b-it,numeral_noun_0182,numeral_noun,5+ + gen.pl,-76.47284698486328,-86.39915466308594,9,9,1,15.625000070314854,18.624999258783646,1
google/gemma-3-4b-it,numeral_noun_0183,numeral_noun,5+ + gen.pl,-53.78583526611328,-59.90739059448242,8,8,1,9.250000026077032,11.125000199361239,1
google/gemma-3-4b-it,numeral_noun_0184,numeral_noun,5+ + gen.pl,-73.60826873779297,-79.62872314453125,9,8,1,-11.87500026251655,13.374999825959094,1
google/gemma-3-4b-it,numeral_noun_0185,numeral_noun,5+ + gen.pl,-68.49946594238281,-71.447021484375,8,8,1,-9.500000443542376,9.875000356056262,1
google/gemma-3-4b-it,numeral_noun_0186,numeral_noun,5+ + gen.pl,-77.052734375,-84.89753723144531,8,7,1,-9.875000181404175,13.874999797611963,1
google/gemma-3-4b-it,numeral_noun_0187,numeral_noun,5+ + gen.pl,-84.52168273925781,-83.2320327758789,9,9,0,3.4999999552965164,-6.2499998160637915,0
google/gemma-3-4b-it,numeral_noun_0188,numeral_noun,5+ + gen.pl,-65.74750518798828,-83.25211334228516,8,8,1,6.750000209081918,2.499999888241291,1
google/gemma-3-4b-it,numeral_noun_0189,numeral_noun,5+ + gen.pl,-64.83503723144531,-75.64945220947266,6,6,1,11.749999541323632,15.99999917850073,1
google/gemma-3-4b-it,numeral_noun_0190,numeral_noun,5+ + gen.pl,-62.906734466552734,-73.69041442871094,7,7,1,15.24999966379255,18.24999997453415,1
google/gemma-3-4b-it,numeral_noun_0191,numeral_noun,5+ + gen.pl,-63.38837432861328,-69.79817199707031,8,8,1,14.125000207917765,17.87500036232086,1
google/gemma-3-4b-it,numeral_noun_0192,numeral_noun,5+ + gen.pl,-53.40509796142578,-66.80252838134766,9,9,1,14.50000025331974,17.874999882544216,1
google/gemma-3-4b-it,numeral_noun_0193,numeral_noun,5+ + gen.pl,-76.7403564453125,-88.42539978027344,8,8,1,13.374999633058906,14.49999997537816,1
google/gemma-3-4b-it,numeral_noun_0194,numeral_noun,5+ + gen.pl,-68.70030975341797,-85.07688903808594,7,7,1,15.750000222586095,12.99999991885852,1
google/gemma-3-4b-it,numeral_noun_0195,numeral_noun,5+ + gen.pl,-67.41346740722656,-79.9375,8,8,1,16.249999690568075,16.250000928645022,1
google/gemma-3-4b-it,numeral_noun_0196,numeral_noun,5+ + gen.pl,-58.69824981689453,-61.982662200927734,8,8,1,-15.624999796273187,17.75000084716885,1
google/gemma-3-4b-it,numeral_noun_0197,numeral_noun,5+ + gen.pl,-53.20064163208008,-64.67022705078125,10,10,1,-10.750000340398401,13.750000123400241,1
google/gemma-3-4b-it,numeral_noun_0198,numeral_noun,5+ + gen.pl,-54.38779067993164,-67.3760986328125,10,10,1,17.37499996786937,12.000000148051186,1
google/gemma-3-4b-it,numeral_noun_0199,numeral_noun,5+ + gen.pl,-64.65800476074219,-73.82164764404297,6,6,1,7.499999965541065,17.874999378749635,1
google/gemma-3-4b-it,numeral_noun_0200,numeral_noun,5+ + gen.pl,-55.8568115234375,-63.616455078125,10,10,1,12.000000283122063,14.624999916239176,1
google/gemma-3-4b-it,numeral_noun_0201,numeral_noun,5+ + gen.pl,-49.83421325683594,-62.46623992919922,11,11,1,15.249999729916453,17.37499953090446,1
google/gemma-3-4b-it,numeral_noun_0202,numeral_noun,5+ + gen.pl,-54.33265686035156,-62.7740592956543,7,6,1,6.749999962281436,11.6249999787251,1
google/gemma-3-4b-it,numeral_noun_0203,numeral_noun,5+ + gen.pl,-55.56047058105469,-60.45623016357422,7,7,1,10.499999570660293,14.000000393309165,1
google/gemma-3-4b-it,numeral_noun_0204,numeral_noun,5+ + gen.pl,-60.80815887451172,-66.47657775878906,8,8,1,11.000000105355866,14.875000136555173,1
google/gemma-3-4b-it,numeral_noun_0205,numeral_noun,5+ + gen.pl,-68.51173400878906,-72.64346313476562,10,9,1,-13.87500040262239,10.499999524417944,0
google/gemma-3-4b-it,numeral_noun_0206,numeral_noun,5+ + gen.pl,-69.004638671875,-76.78227233886719,9,9,1,10.250000295927748,15.87499955817475,1
google/gemma-3-4b-it,numeral_noun_0207,numeral_noun,5+ + gen.pl,-52.951011657714844,-65.30008697509766,7,7,1,16.250000070314854,18.625000749714673,1
google/gemma-3-4b-it,numeral_noun_0208,numeral_noun,5+ + gen.pl,-71.95116424560547,-79.93357849121094,7,7,1,12.749999907333404,18.125000392174115,1
google/gemma-3-4b-it,numeral_noun_0209,numeral_noun,5+ + gen.pl,-75.05165100097656,-86.78111267089844,7,7,1,8.49999977229163,14.50000021411688,1
google/gemma-3-4b-it,numeral_noun_0210,numeral_noun,5+ + gen.pl,-55.76826095581055,-60.642364501953125,6,7,1,4.500000073574483,11.750000336905941,1
google/gemma-3-4b-it,numeral_noun_0211,numeral_noun,5+ + gen.pl,-55.928977966308594,-69.06031799316406,10,10,1,17.49999996786937,13.999999915948138,1
google/gemma-3-4b-it,numeral_noun_0212,numeral_noun,5+ + gen.pl,-54.60761260986328,-69.54801940917969,9,9,1,18.12499926891178,17.12500027299393,1
google/gemma-3-4b-it,numeral_noun_0213,numeral_noun,5+ + gen.pl,-55.46748352050781,-65.65255737304688,7,7,1,9.499999814201146,12.124999919964466,1
google/gemma-3-4b-it,numeral_noun_0214,numeral_noun,5+ + gen.pl,-52.016265869140625,-57.6096305847168,9,9,1,9.250000386033207,9.499999967665644,1
google/gemma-3-4b-it,numeral_noun_0215,numeral_noun,5+ + gen.pl,-52.29197692871094,-58.82671356201172,10,9,1,9.249999647494406,17.750000608779374,1
google/gemma-3-4b-it,numeral_noun_0216,numeral_noun,5+ + gen.pl,-54.157989501953125,-62.36363983154297,9,9,1,13.249999934341758,15.749999677937012,1
google/gemma-3-4b-it,numeral_noun_0217,numeral_noun,5+ + gen.pl,-56.474273681640625,-65.07376861572266,8,9,1,10.500000335741788,20.625000834850653,1
google/gemma-3-4b-it,numeral_noun_0218,numeral_noun,5+ + gen.pl,-72.70526885986328,-88.052001953125,10,10,1,7.249999818857759,13.750000422354788,1
google/gemma-3-4b-it,numeral_noun_0219,numeral_noun,5+ + gen.pl,-83.00630950927734,-90.1609878540039,10,10,1,15.999999502673745,18.749999462568667,1
google/gemma-3-4b-it,numeral_noun_0220,numeral_noun,5+ + gen.pl,-58.58882522583008,-67.11919403076172,9,9,1,-2.7500000558793545,15.249999677413143,1
google/gemma-3-4b-it,numeral_noun_0221,numeral_noun,5+ + gen.pl,-62.43659973144531,-74.54794311523438,9,9,1,17.74999992828816,13.875000154832378,1
google/gemma-3-4b-it,numeral_noun_0222,numeral_noun,5+ + gen.pl,-56.6275634765625,-60.28242492675781,9,8,1,5.7500000284053385,15.624999855383066,1
google/gemma-3-4b-it,numeral_noun_0223,numeral_noun,5+ + gen.pl,-54.85403060913086,-59.02206039428711,11,10,1,8.999999972758815,10.25000000903674,1
google/gemma-3-4b-it,numeral_noun_0224,numeral_noun,5+ + gen.pl,-81.70011901855469,-86.18853759765625,8,8,1,8.999999662861228,9.749999642837793,1
google/gemma-3-4b-it,numeral_noun_0225,numeral_noun,5+ + gen.pl,-63.31987762451172,-80.85224914550781,10,10,1,18.124999809544533,11.374999785679393,1
google/gemma-3-4b-it,numeral_noun_0226,numeral_noun,5+ + gen.pl,-75.02052307128906,-89.35139465332031,7,7,1,9.500000051222742,14.375000094529241,1
google/gemma-3-4b-it,numeral_noun_0227,numeral_noun,5+ + gen.pl,-52.24128723144531,-62.4344596862793,9,9,1,16.999999809544533,16.125000630534487,1
google/gemma-3-4b-it,numeral_noun_0228,numeral_noun,5+ + gen.pl,-55.51348114013672,-64.58455657958984,8,8,1,-9.875000117404852,13.625000308500603,1
google/gemma-3-4b-it,numeral_noun_0229,numeral_noun,5+ + gen.pl,-57.01725769042969,-61.05184555053711,12,11,1,3.5000000670552254,10.750000121559424,1
google/gemma-3-4b-it,numeral_noun_0230,numeral_noun,5+ + gen.pl,-61.49003601074219,-62.480796813964844,7,6,1,5.749999785795808,15.00000025430927,1
google/gemma-3-4b-it,numeral_noun_0231,numeral_noun,5+ + gen.pl,-68.54739379882812,-75.73582458496094,8,8,1,6.499999869382009,15.74999967898475,1
google/gemma-3-4b-it,numeral_noun_0232,numeral_noun,5+ + gen.pl,-77.24932098388672,-83.63214111328125,11,11,1,8.249999867752194,10.749999802559614,1
google/gemma-3-4b-it,numeral_noun_0233,numeral_noun,5+ + gen.pl,-78.14436340332031,-84.10810089111328,8,8,1,-4.000000011175871,13.500000328524038,1
google/gemma-3-4b-it,numeral_noun_0234,numeral_noun,5+ + gen.pl,-65.83384704589844,-80.90530395507812,9,9,1,9.625000120140612,6.24999999278225,1
google/gemma-3-4b-it,numeral_noun_0235,numeral_noun,5+ + gen.pl,-57.97102355957031,-63.8385009765625,10,10,1,3.499999962747097,9.750000242587703,1
google/gemma-3-4b-it,numeral_noun_0236,numeral_noun,5+ + gen.pl,-66.27934265136719,-81.32550048828125,9,9,1,15.499999655410647,12.12500006944174,1
google/gemma-3-4b-it,numeral_noun_0237,numeral_noun,5+ + gen.pl,-54.275535583496094,-61.20716094970703,8,8,1,12.499999932944775,14.75000013585668,1
google/gemma-3-4b-it,numeral_noun_0238,numeral_noun,5+ + gen.pl,-73.19203186035156,-81.38838195800781,7,7,1,4.0000001806765795,13.12499995098915,1
google/gemma-3-4b-it,numeral_noun_0239,numeral_noun,5+ + gen.pl,-64.84016418457031,-74.31126403808594,9,9,1,15.750000430969521,15.999999796797056,1
google/gemma-3-4b-it,numeral_noun_0240,numeral_noun,5+ + gen.pl,-68.4011001586914,-76.97119140625,7,7,1,-9.750000192667358,15.25000013585668,1
google/gemma-3-4b-it,numeral_noun_0241,numeral_noun,5+ + gen.pl,-68.47860717773438,-75.0604248046875,8,7,1,12.000000187195837,15.000000007916242,1
google/gemma-3-4b-it,numeral_noun_0242,numeral_noun,5+ + gen.pl,-77.55348205566406,-82.2270736694336,9,8,1,-11.62499976833351,12.249999800289515,1
google/gemma-3-4b-it,numeral_noun_0243,numeral_noun,5+ + gen.pl,-73.82987213134766,-70.113525390625,6,6,0,9.500000051222742,15.50000039493898,1
google/gemma-3-4b-it,numeral_noun_0244,numeral_noun,5+ + gen.pl,-65.12369537353516,-70.2447738647461,8,7,1,-9.499999833700713,10.500000377302058,1
google/gemma-3-4b-it,numeral_noun_0245,numeral_noun,5+ + gen.pl,-74.78118896484375,-76.81867980957031,10,10,1,6.249999936437234,7.250000026717316,1
google/gemma-3-4b-it,numeral_noun_0246,numeral_noun,5+ + gen.pl,-75.89854431152344,-82.37898254394531,7,7,1,12.87499960931018,13.124999783045496,1
google/gemma-3-4b-it,numeral_noun_0247,numeral_noun,5+ + gen.pl,-64.93470764160156,-72.7889404296875,10,10,1,17.874999809544533,18.6249990590004,1
google/gemma-3-4b-it,numeral_noun_0248,numeral_noun,5+ + gen.pl,-68.16885375976562,-80.31861877441406,7,6,1,11.000000129221007,10.624999664447387,1
google/gemma-3-4b-it,numeral_noun_0249,numeral_noun,5+ + gen.pl,-62.338233947753906,-70.61637115478516,9,8,1,-8.874999832973117,13.499999680090696,1
google/gemma-3-4b-it,numeral_noun_0250,numeral_noun,5+ + gen.pl,-55.23993682861328,-57.2235107421875,8,9,1,8.75000014854595,12.374999747262336,1
google/gemma-3-4b-it,numeral_noun_0251,numeral_noun,5+ + gen.pl,-59.56780242919922,-60.259857177734375,10,10,1,2.249999888241291,-6.750000118743628,0
google/gemma-3-4b-it,numeral_noun_0252,numeral_noun,5+ + gen.pl,-73.78701782226562,-80.88864135742188,8,8,1,-10.87500010576332,12.75000013859244,1
google/gemma-3-4b-it,numeral_noun_0253,numeral_noun,5+ + gen.pl,-74.28964233398438,-83.17250061035156,7,7,1,11.500000226311386,18.750000600717613,1
google/gemma-3-4b-it,numeral_noun_0254,numeral_noun,5+ + gen.pl,-67.59779357910156,-75.63475036621094,9,8,1,-14.750000415777322,12.500000432832167,0
google/gemma-3-4b-it,numeral_noun_0255,numeral_noun,5+ + gen.pl,-55.51192092895508,-61.11178970336914,9,9,1,-10.625000400090357,14.750000333267963,1
google/gemma-3-4b-it,numeral_noun_0256,numeral_noun,5+ + gen.pl,-82.24286651611328,-92.7381820678711,9,9,1,8.749999929685146,13.999999540916178,1
google/gemma-3-4b-it,numeral_noun_0257,numeral_noun,5+ + gen.pl,-57.24262237548828,-64.71176147460938,10,9,1,16.49999915016815,12.12500027794158,1
google/gemma-3-4b-it,numeral_noun_0258,numeral_noun,5+ + gen.pl,-72.81819915771484,-81.898193359375,9,9,1,3.9999999906867743,12.749999944469891,1
google/gemma-3-4b-it,numeral_noun_0259,numeral_noun,5+ + gen.pl,-62.44904327392578,-61.7571907043457,8,8,0,-11.999999921012204,13.374999680090696,1
google/gemma-3-4b-it,numeral_noun_0260,numeral_noun,5+ + gen.pl,-67.52890014648438,-76.541015625,7,7,1,10.749999595806003,16.624999180843588,1
google/gemma-3-4b-it,numeral_noun_0261,numeral_noun,5+ + gen.pl,-49.68449783325195,-62.663856506347656,9,9,1,14.999999655410647,18.749999222141923,1
google/gemma-3-4b-it,numeral_noun_0262,numeral_noun,5+ + gen.pl,-76.83631896972656,-88.62265014648438,10,10,1,11.000000101746991,13.499999899009708,1
google/gemma-3-4b-it,numeral_noun_0263,numeral_noun,5+ + gen.pl,-68.46633911132812,-73.28337097167969,9,8,1,-9.999999669089448,19.249999769293936,1
google/gemma-3-4b-it,numeral_noun_0264,numeral_noun,5+ + gen.pl,-65.41831970214844,-68.67403411865234,5,5,1,-13.125000040163286,14.749999581283191,1
google/gemma-3-4b-it,numeral_noun_0265,numeral_noun,5+ + gen.pl,-56.99456024169922,-59.245201110839844,11,10,1,0.25,16.62500060388993,1
google/gemma-3-4b-it,numeral_noun_0266,numeral_noun,5+ + gen.pl,-72.76837921142578,-81.96107482910156,8,7,1,7.250000152736902,13.624999796797056,1
google/gemma-3-4b-it,numeral_noun_0267,numeral_noun,5+ + gen.pl,-61.85520935058594,-69.8785171508789,10,10,1,11.249999970663339,15.749999659368768,1
google/gemma-3-4b-it,numeral_noun_0268,numeral_noun,5+ + gen.pl,-52.457977294921875,-67.91706848144531,10,10,1,17.874999387655407,11.625000018364517,1
google/gemma-3-4b-it,numeral_noun_0269,numeral_noun,5+ + gen.pl,-52.804603576660156,-64.71932220458984,9,9,1,15.625000070314854,18.62499931891216,1
google/gemma-3-4b-it,numeral_noun_0270,numeral_noun,5+ + gen.pl,-67.11709594726562,-76.92012023925781,8,8,1,15.749999892432243,15.750000451604137,1
google/gemma-3-4b-it,numeral_noun_0271,numeral_noun,5+ + gen.pl,-77.921630859375,-86.32243347167969,9,9,1,1.5,13.874999559833668,1
google/gemma-3-4b-it,numeral_noun_0272,numeral_noun,5+ + gen.pl,-65.92362213134766,-73.16351318359375,9,8,1,14.999999611172825,12.374999682768248,1
google/gemma-3-4b-it,numeral_noun_0273,numeral_noun,5+ + gen.pl,-63.35087203979492,-66.38711547851562,8,8,1,7.750000202096999,13.124999782594386,1
google/gemma-3-4b-it,numeral_noun_0274,numeral_noun,5+ + gen.pl,-58.92268753051758,-63.48796844482422,11,10,1,0.0,12.499999778912752,1
google/gemma-3-4b-it,numeral_noun_0275,numeral_noun,5+ + gen.pl,-71.56605529785156,-70.3214111328125,9,8,0,-13.8749998358835,9.750000240826921,0
google/gemma-3-4b-it,numeral_noun_0276,numeral_noun,5+ + gen.pl,-58.01544189453125,-62.77962112426758,11,11,1,8.999999687541276,13.999999663850758,1
google/gemma-3-4b-it,numeral_noun_0277,numeral_noun,5+ + gen.pl,-57.39813995361328,-67.62088012695312,10,10,1,-6.750000156695023,12.624999919440597,1
google/gemma-3-4b-it,numeral_noun_0278,numeral_noun,5+ + gen.pl,-61.49882888793945,-76.72621154785156,10,10,1,14.500000287778676,8.999999534295057,1
google/gemma-3-4b-it,numeral_noun_0279,numeral_noun,5+ + gen.pl,-65.51386260986328,-72.55375671386719,10,9,1,-7.250000028172508,11.87499956524698,1
google/gemma-3-4b-it,numeral_noun_0280,numeral_noun,5+ + gen.pl,-56.316375732421875,-62.48561477661133,6,6,1,6.499999997206032,12.249999766412657,1
google/gemma-3-4b-it,numeral_noun_0281,numeral_noun,5+ + gen.pl,-71.58464813232422,-81.27279663085938,9,9,1,-12.500000190455467,13.62500023166649,1
google/gemma-3-4b-it,numeral_noun_0282,numeral_noun,5+ + gen.pl,-80.47249603271484,-92.926025390625,8,8,1,6.500000099185854,13.12500025704503,1
google/gemma-3-4b-it,numeral_noun_0283,numeral_noun,5+ + gen.pl,-53.13517379760742,-59.75050354003906,10,11,1,12.750000115484,20.6250001192966,1
google/gemma-3-4b-it,numeral_noun_0284,numeral_noun,5+ + gen.pl,-59.32884979248047,-71.9318618774414,9,9,1,17.999999387655407,16.24999943873263,1
google/gemma-3-4b-it,numeral_noun_0285,numeral_noun,5+ + gen.pl,-64.57294464111328,-68.50016784667969,9,8,1,-12.750000415777322,12.249999642664989,0
google/gemma-3-4b-it,numeral_noun_0286,numeral_noun,5+ + gen.pl,-60.677589416503906,-66.5506820678711,8,8,1,0.75,18.12499964343806,1
google/gemma-3-4b-it,numeral_noun_0287,numeral_noun,5+ + gen.pl,-62.75554656982422,-72.9482192993164,6,6,1,-9.500000266329153,17.124999378749635,1
google/gemma-3-4b-it,numeral_noun_0288,numeral_noun,5+ + gen.pl,-82.68885803222656,-84.5941390991211,8,8,1,-8.8750001648732,3.9999998826533556,0
google/gemma-3-4b-it,numeral_noun_0289,numeral_noun,5+ + gen.pl,-74.8750991821289,-83.67433166503906,7,7,1,10.250000019557774,15.625000180618372,1
google/gemma-3-4b-it,numeral_noun_0290,numeral_noun,5+ + gen.pl,-63.615577697753906,-69.67218780517578,6,6,1,2.4999999552965164,14.124999900348485,1
google/gemma-3-4b-it,numeral_noun_0291,numeral_noun,5+ + gen.pl,-56.22626495361328,-64.27291107177734,10,10,1,11.375000443076715,15.62500021327287,1
google/gemma-3-4b-it,numeral_noun_0292,numeral_noun,5+ + gen.pl,-68.00950622558594,-81.03439331054688,7,7,1,12.000000341096893,14.12499973748345,1
google/gemma-3-4b-it,numeral_noun_0293,numeral_noun,5+ + gen.pl,-56.20103454589844,-67.33412170410156,8,8,1,14.249999715015292,11.74999992211815,1
google/gemma-3-4b-it,numeral_noun_0294,numeral_noun,5+ + gen.pl,-52.51812744140625,-59.41132736206055,9,9,1,6.749999801628292,14.37500001740409,1
google/gemma-3-4b-it,numeral_noun_0295,numeral_noun,5+ + gen.pl,-74.6556396484375,-91.3887710571289,8,8,1,12.24999991711229,14.125000452622771,1
google/gemma-3-4b-it,numeral_noun_0296,numeral_noun,5+ + gen.pl,-72.84919738769531,-82.76863098144531,10,9,1,14.62499983375892,11.625000226893462,1
google/gemma-3-4b-it,numeral_noun_0297,numeral_noun,5+ + gen.pl,-57.872169494628906,-68.7564697265625,9,9,1,15.000000193016604,16.74999905412551,1
google/gemma-3-4b-it,numeral_noun_0298,numeral_noun,5+ + gen.pl,-62.83474349975586,-70.06597137451172,11,10,1,10.499999530846253,12.874999647421646,1
google/gemma-3-4b-it,numeral_noun_0299,numeral_noun,5+ + gen.pl,-55.84501266479492,-62.86103057861328,11,10,1,16.999999892432243,14.37500045201159,1
google/gemma-3-4b-it,verb_government_0000,verb_government,дякувати кому,-41.81718063354492,-47.43612289428711,8,8,1,14.999999655410647,11.124999986262992,1
google/gemma-3-4b-it,verb_government_0001,verb_government,дякувати кому,-51.697723388671875,-54.275386810302734,7,7,1,-9.249999928550096,6.7499997719423845,0
google/gemma-3-4b-it,verb_government_0002,verb_government,дякувати кому,-54.929622650146484,-61.709693908691406,10,9,1,7.749999812338501,14.000000158790499,1
google/gemma-3-4b-it,verb_government_0003,verb_government,дякувати кому,-52.008419036865234,-56.914207458496094,9,8,1,12.250000102445483,18.12500087096123,1
google/gemma-3-4b-it,verb_government_0004,verb_government,дякувати кому,-60.781864166259766,-78.85916137695312,9,9,1,15.750000103842467,13.12499985913746,1
google/gemma-3-4b-it,verb_government_0005,verb_government,дякувати кому,-46.53157043457031,-51.65557861328125,8,8,1,-9.000000110943802,12.249999545674655,1
google/gemma-3-4b-it,verb_government_0006,verb_government,вибачати кому,-47.87128448486328,-47.98270034790039,11,10,1,3.2499999403953552,-7.625000204890966,0
google/gemma-3-4b-it,verb_government_0007,verb_government,вибачати кому,-72.87120056152344,-66.21104431152344,10,10,0,10.625000382773578,-1.25,1
google/gemma-3-4b-it,verb_government_0008,verb_government,вибачати кому,-48.03209686279297,-45.001800537109375,8,7,0,-15.74999966280302,-14.74999983375892,0
google/gemma-3-4b-it,verb_government_0009,verb_government,вибачати кому,-54.04457092285156,-45.93352508544922,12,12,0,9.874999930150807,7.500000218278728,1
google/gemma-3-4b-it,verb_government_0010,verb_government,вибачати кому,-49.2572021484375,-48.60932159423828,7,7,0,-9.24999954859959,8.500000151107088,0
google/gemma-3-4b-it,verb_government_0011,verb_government,навчати чого,-61.589324951171875,-63.3251953125,8,8,1,15.25000022072345,-1.0000000596046448,1
google/gemma-3-4b-it,verb_government_0012,verb_government,навчати чого,-58.928924560546875,-62.925262451171875,8,10,1,-2.250000052154064,14.125000020838343,1
google/gemma-3-4b-it,verb_government_0013,verb_government,навчати чого,-66.22259521484375,-65.6702880859375,9,9,0,-10.749999916355591,9.499999594991095,0
google/gemma-3-4b-it,verb_government_0014,verb_government,навчати чого,-80.0172119140625,-80.52978515625,8,9,1,-14.374999542953447,12.249999846331775,0
google/gemma-3-4b-it,verb_government_0015,verb_government,вчитися чого,-70.52146911621094,-71.26664733886719,9,10,1,-12.49999987531919,11.875000310363248,0
google/gemma-3-4b-it,verb_government_0016,verb_government,вчитися чого,-57.4565315246582,-54.0058479309082,7,7,0,-10.999999655468855,-1.7499999552965164,0
google/gemma-3-4b-it,verb_government_0017,verb_government,вчитися чого,-53.55740737915039,-52.29512405395508,9,10,0,-5.500000071711838,-8.999999954365194,0
google/gemma-3-4b-it,verb_government_0018,verb_government,вчитися чого,-56.34874725341797,-63.04349899291992,7,9,1,-1.7500000596046448,11.874999566876795,1
google/gemma-3-4b-it,verb_government_0019,verb_government,опанувати що,-50.480804443359375,-60.33415985107422,8,8,1,-1.9999999701976776,13.99999995296821,1
google/gemma-3-4b-it,verb_government_0020,verb_government,опанувати що,-65.70706176757812,-77.83186340332031,9,8,1,9.999999776482582,18.12500085128704,1
google/gemma-3-4b-it,verb_government_0021,verb_government,опанувати що,-57.599853515625,-67.82825469970703,10,10,1,4.2499998062849045,11.499999927124009,1
google/gemma-3-4b-it,verb_government_0022,verb_government,опанувати що,-61.15469741821289,-70.08726501464844,9,9,1,13.87499979045242,13.749999919964466,1
google/gemma-3-4b-it,verb_government_0023,verb_government,оволодіти чим,-58.146217346191406,-69.54320526123047,8,8,1,10.499999979510903,20.8749990590004,1
google/gemma-3-4b-it,verb_government_0024,verb_government,оволодіти чим,-60.528663635253906,-69.74467468261719,10,10,1,-8.124999702209607,11.875000081490725,1
google/gemma-3-4b-it,verb_government_0025,verb_government,оволодіти чим,-72.16466522216797,-75.75910949707031,9,10,1,8.74999997089617,16.000000446103513,1
google/gemma-3-4b-it,verb_government_0026,verb_government,хворіти на що,-56.75932312011719,-60.71788024902344,9,8,1,-6.74999994749669,-6.499999882187694,0
google/gemma-3-4b-it,verb_government_0027,verb_government,хворіти на що,-55.69561767578125,-60.66954040527344,10,9,1,-1.5000000298023224,11.749999666091753,1
google/gemma-3-4b-it,verb_government_0028,verb_government,хворіти на що,-67.78575897216797,-75.05388641357422,11,10,1,9.500000341096893,3.99999987334013,1
google/gemma-3-4b-it,verb_government_0029,verb_government,одружитися з ким,-51.87531280517578,-57.90065383911133,10,10,1,-12.125000456609996,5.999999982537702,0
google/gemma-3-4b-it,verb_government_0030,verb_government,одружитися з ким,-71.082763671875,-72.46253967285156,11,10,1,-12.125000372965587,13.49999971894431,1
google/gemma-3-4b-it,verb_government_0031,verb_government,одружитися з ким,-64.83197021484375,-73.47128295898438,13,12,1,-9.500000346568413,10.749999561812729,1
google/gemma-3-4b-it,verb_government_0032,verb_government,сумувати за ким,-61.127235412597656,-62.22658920288086,7,6,1,12.749999996740371,14.49999988370837,1
google/gemma-3-4b-it,verb_government_0033,verb_government,сумувати за ким,-55.51435089111328,-60.02685546875,9,9,1,8.249999531544745,14.874999774605385,1
google/gemma-3-4b-it,verb_government_0034,verb_government,сумувати за ким,-64.25179290771484,-68.6187744140625,8,7,1,7.499999852618203,15.875000452826498,1
google/gemma-3-4b-it,verb_government_0035,verb_government,розмовляти мовою,-56.212364196777344,-63.087127685546875,9,10,1,-11.49999952923099,12.87500045451452,1
google/gemma-3-4b-it,verb_government_0036,verb_government,розмовляти мовою,-50.758277893066406,-54.71931838989258,8,9,1,10.499999541090801,12.875000335770892,1
google/gemma-3-4b-it,verb_government_0037,verb_government,розмовляти мовою,-51.07172393798828,-51.43850326538086,8,9,1,-11.250000359585101,10.124999836232746,0
google/gemma-3-4b-it,verb_government_0038,verb_government,розмовляти мовою,-47.5377082824707,-56.413673400878906,9,10,1,-14.374999678868335,17.24999958029366,1
google/gemma-3-4b-it,verb_government_0039,verb_government,розмовляти мовою,-61.06730651855469,-68.20487213134766,8,9,1,-11.249999645166099,11.374999723862857,1
google/gemma-3-4b-it,verb_government_0040,verb_government,розмовляти мовою,-51.461490631103516,-54.73766326904297,6,7,1,-9.499999770399882,15.374999975785613,1
google/gemma-3-4b-it,verb_government_0041,verb_government,вибачати кому,-54.75328063964844,-49.07498550415039,7,7,0,-14.125000424101017,-13.87499979045242,0
google/gemma-3-4b-it,verb_government_0042,verb_government,навчати чого,-63.9515380859375,-71.27861022949219,12,12,1,-0.25,13.499999709485564,1
google/gemma-3-4b-it,verb_government_0043,verb_government,навчати чого,-63.30635070800781,-65.60151672363281,10,11,1,-11.625000436441042,2.2500000819563866,0
google/gemma-3-4b-it,verb_government_0044,verb_government,вчитися чого,-56.416446685791016,-57.31617736816406,8,9,1,-11.874999584222678,8.250000112282578,0
google/gemma-3-4b-it,verb_government_0045,verb_government,вчитися чого,-53.406951904296875,-49.36195373535156,8,9,0,2.250000089406967,10.25000037071004,1
google/gemma-3-4b-it,verb_government_0046,verb_government,опанувати що,-56.6612434387207,-70.86434936523438,9,9,1,-5.499999901745468,8.499999677413143,1
google/gemma-3-4b-it,verb_government_0047,verb_government,опанувати що,-52.68946838378906,-70.49726104736328,9,9,1,14.249999908730388,12.624999601161107,1
google/gemma-3-4b-it,verb_government_0048,verb_government,оволодіти чим,-67.47179412841797,-77.15491485595703,10,10,1,8.750000089639798,11.750000146159437,1
google/gemma-3-4b-it,verb_government_0049,verb_government,оволодіти чим,-87.79669189453125,-94.59161376953125,9,9,1,8.62499988079071,-0.7500000298023224,1
google/gemma-3-4b-it,verb_government_0050,verb_government,оволодіти чим,-77.01087951660156,-89.09809875488281,8,8,1,-7.000000003376044,9.125000257510692,1
google/gemma-3-4b-it,verb_government_0051,verb_government,хворіти на що,-57.446678161621094,-58.203033447265625,9,9,1,5.749999923165888,13.499999701103661,1
google/gemma-3-4b-it,verb_government_0052,verb_government,хворіти на що,-52.42151641845703,-56.44124221801758,10,9,1,-10.999999732361175,7.99999963978189,0
google/gemma-3-4b-it,verb_government_0053,verb_government,хворіти на що,-63.26008987426758,-64.6058578491211,11,10,1,-11.12499986513285,12.750000275031198,1
google/gemma-3-4b-it,verb_government_0054,verb_government,одружитися з ким,-59.053794860839844,-64.10639190673828,11,10,1,-8.374999703053618,12.375000180414645,1
google/gemma-3-4b-it,verb_government_0055,verb_government,одружитися з ким,-52.0640754699707,-57.490684509277344,10,10,1,-8.999999548803316,14.124999916472007,1
google/gemma-3-4b-it,verb_government_0056,verb_government,одружитися з ким,-58.19633865356445,-72.39073944091797,12,12,1,-4.500000233761966,13.499999569001375,1
google/gemma-3-4b-it,verb_government_0057,verb_government,сумувати за ким,-52.34820556640625,-50.61634826660156,10,10,0,-1.25,15.374999544670573,1
google/gemma-3-4b-it,verb_government_0058,verb_government,сумувати за ким,-63.730079650878906,-69.72935485839844,7,7,1,13.000000293832272,12.874999528226908,1
google/gemma-3-4b-it,verb_government_0059,verb_government,сумувати за ким,-55.9798698425293,-58.3582649230957,10,9,1,3.7499999962747097,18.749999774459866,1
google/gemma-3-4b-it,vocative_0000,vocative,vocative f,-52.049442291259766,-50.39137649536133,9,8,0,-15.874999738734914,10.250000070926035,0
google/gemma-3-4b-it,vocative_0001,vocative,vocative m,-62.94879913330078,-53.967689514160156,10,9,0,-16.24999942316208,-8.5000000273576,0
google/gemma-3-4b-it,vocative_0002,vocative,vocative m,-54.345130920410156,-58.4445686340332,11,10,1,-6.2500001369044185,-0.25,0
google/gemma-3-4b-it,vocative_0003,vocative,vocative m,-56.59602355957031,-50.23027038574219,10,9,0,-3.2499999329447746,-5.750000048428774,0
google/gemma-3-4b-it,vocative_0004,vocative,vocative m,-74.1593246459961,-61.122840881347656,14,14,0,-13.500000101979822,-3.5000000335276127,0
google/gemma-3-4b-it,vocative_0005,vocative,vocative m,-71.04523468017578,-60.736412048339844,14,14,0,-8.87499986810144,10.749999805935659,1
google/gemma-3-4b-it,vocative_0006,vocative,vocative m,-78.47645568847656,-66.65077209472656,13,13,0,-10.750000281754183,-10.624999881256372,0
google/gemma-3-4b-it,vocative_0007,vocative,vocative f,-58.89344024658203,-56.15624237060547,9,8,0,-9.249999673455022,8.749999655992724,0
google/gemma-3-4b-it,vocative_0008,vocative,vocative f,-68.83242797851562,-63.354881286621094,10,9,0,-10.250000382438884,6.49999999825377,0
google/gemma-3-4b-it,vocative_0009,vocative,vocative f,-81.15349578857422,-79.13739013671875,9,9,0,-10.500000385727617,-3.2500000931322575,0
google/gemma-3-4b-it,vocative_0010,vocative,vocative m,-61.24129867553711,-63.042083740234375,10,9,1,-17.374999348714482,-5.250000070314854,0
google/gemma-3-4b-it,vocative_0011,vocative,vocative f,-81.15333557128906,-73.79167175292969,12,12,0,-17.374999580933945,-9.250000360421836,0
google/gemma-3-4b-it,vocative_0012,vocative,vocative f,-48.06976318359375,-52.75299072265625,10,9,1,-11.750000100466423,9.749999707797542,0
google/gemma-3-4b-it,vocative_0013,vocative,vocative m,-66.03111267089844,-56.78981018066406,7,7,0,-10.375000176718459,-4.7500001061707735,0
google/gemma-3-4b-it,vocative_0014,vocative,vocative f,-68.40894317626953,-58.81095504760742,14,13,0,-9.249999810563168,-2.999999910593033,0
google/gemma-3-4b-it,vocative_0015,vocative,vocative m,-90.32237243652344,-68.51025390625,15,14,0,-9.750000195635948,-11.24999972479418,0
google/gemma-3-4b-it,vocative_0016,vocative,vocative m,-46.9102783203125,-49.83321762084961,9,7,1,-10.49999954213854,8.250000130443368,0
google/gemma-3-4b-it,vocative_0017,vocative,vocative f,-49.340389251708984,-47.730735778808594,10,9,0,-10.24999988041236,-10.249999806284904,0
google/gemma-3-4b-it,vocative_0018,vocative,vocative m,-48.734352111816406,-47.15168762207031,9,8,0,-10.875000260071829,9.125000297790393,0
google/gemma-3-4b-it,vocative_0019,vocative,vocative m,-52.84225082397461,-49.201683044433594,9,8,0,-10.249999923049472,6.5000001535518095,0
google/gemma-3-4b-it,vocative_0020,vocative,vocative f,-67.62047576904297,-65.37183380126953,9,8,0,-10.374999584222678,-4.999999915249646,0
google/gemma-3-4b-it,vocative_0021,vocative,vocative m,-89.48208618164062,-67.69223022460938,9,9,0,-1.4999999850988388,-4.750000002793968,0
google/gemma-3-4b-it,vocative_0022,vocative,vocative f,-44.926734924316406,-47.03506088256836,8,8,1,-10.50000034700497,6.749999838415533,0
google/gemma-3-4b-it,vocative_0023,vocative,vocative m,-56.59410095214844,-50.929500579833984,10,9,0,-10.374999656691216,-4.499999763444066,0
google/gemma-3-4b-it,vocative_0024,vocative,vocative m,-53.69319152832031,-54.354427337646484,15,14,1,4.5000002374872565,5.500000209547579,1
google/gemma-3-4b-it,vocative_0025,vocative,vocative m,-61.682823181152344,-53.43964385986328,8,8,0,-11.875000082771294,5.74999993853271,0
google/gemma-3-4b-it,vocative_0026,vocative,vocative m,-69.82365417480469,-66.37833404541016,10,9,0,-14.999999992083758,-9.250000241678208,0
google/gemma-3-4b-it,vocative_0027,vocative,vocative m,-58.68330764770508,-54.177001953125,9,8,0,-12.625000358442776,-6.2500001871958375,0
google/gemma-3-4b-it,vocative_0028,vocative,vocative f,-70.51370239257812,-71.95429229736328,13,12,1,-13.749999923747964,11.374999801220838,0
google/gemma-3-4b-it,vocative_0029,vocative,vocative f,-44.6438102722168,-44.369537353515625,9,8,0,-11.000000369967893,-5.49999985517934,0
google/gemma-3-4b-it,vocative_0030,vocative,vocative f,-73.68292999267578,-71.37345123291016,12,12,0,-15.499999545747414,13.125000455358531,0
google/gemma-3-4b-it,vocative_0031,vocative,vocative m,-71.304931640625,-71.6109619140625,12,11,1,-12.625000360771082,12.499999680439942,0
google/gemma-3-4b-it,vocative_0032,vocative,vocative f,-56.23063659667969,-51.485107421875,10,9,0,-12.874999633175321,0.25,0
google/gemma-3-4b-it,vocative_0033,vocative,vocative m,-71.83736419677734,-69.5367202758789,13,13,0,-15.49999956577085,12.87500009831274,0
google/gemma-3-4b-it,vocative_0034,vocative,vocative f,-57.36774826049805,-57.506534576416016,10,9,1,-16.125000066764187,-3.750000014901161,0
google/gemma-3-4b-it,vocative_0035,vocative,vocative m,-48.00858688354492,-47.90481948852539,9,8,0,-12.24999995919643,11.250000120373443,0
google/gemma-3-4b-it,vocative_0036,vocative,vocative m,-73.3267593383789,-61.938480377197266,8,7,0,-8.00000036181882,-7.250000167870894,0
google/gemma-3-4b-it,vocative_0037,vocative,vocative m,-53.35383605957031,-60.87877655029297,13,12,1,1.4999999552965164,9.250000425934559,1
google/gemma-3-4b-it,vocative_0038,vocative,vocative m,-73.04679870605469,-63.069671630859375,8,9,0,-9.750000126303348,-2.7500001043081284,0
google/gemma-3-4b-it,vocative_0039,vocative,vocative m,-50.97161865234375,-51.422203063964844,9,8,1,-10.624999697494786,-10.999999745283276,0
google/gemma-3-4b-it,vocative_0040,vocative,vocative m,-56.721946716308594,-61.758399963378906,10,9,1,-14.875000428408384,-10.624999525258318,0
google/gemma-3-4b-it,vocative_0041,vocative,vocative f,-55.32628631591797,-50.979393005371094,9,9,0,-10.750000406405888,8.75000018562423,0
google/gemma-3-4b-it,vocative_0042,vocative,vocative f,-47.00617218017578,-53.59551239013672,9,8,1,-12.125000122003257,4.500000166706741,0
google/gemma-3-4b-it,vocative_0043,vocative,vocative f,-77.62432098388672,-72.2275390625,13,13,0,-17.249999379593646,-12.999999846331775,0
google/gemma-3-4b-it,vocative_0044,vocative,vocative m,-74.31565856933594,-64.7166748046875,10,9,0,-11.000000289059244,-1.7499999552965164,0
google/gemma-3-4b-it,vocative_0045,vocative,vocative f,-88.31912231445312,-76.01057434082031,14,14,0,-10.749999888590537,6.749999982421286,0
google/gemma-3-4b-it,vocative_0046,vocative,vocative m,-71.69155883789062,-62.24117660522461,13,13,0,-11.374999636900611,-6.750000181607902,0
google/gemma-3-4b-it,vocative_0047,vocative,vocative m,-74.7530517578125,-62.16485595703125,9,8,0,5.749999885447323,-3.99999993853271,1
google/gemma-3-4b-it,vocative_0048,vocative,vocative f,-82.69232940673828,-72.47384643554688,9,8,0,-13.875000164582161,-7.500000101979822,0
google/gemma-3-4b-it,vocative_0049,vocative,vocative f,-81.4312515258789,-60.771217346191406,10,10,0,-15.124999842024408,-4.7500001126900315,0
google/gemma-3-4b-it,vocative_0050,vocative,vocative f,-56.78180694580078,-53.28569793701172,10,8,0,-7.375000070082024,8.5000004270114,1
google/gemma-3-4b-it,vocative_0051,vocative,vocative m,-49.200836181640625,-45.27278518676758,11,10,0,-16.62499982857844,-8.50000046857167,0
google/gemma-3-4b-it,vocative_0052,vocative,vocative f,-70.37631225585938,-69.10091400146484,13,12,0,-14.750000454077963,-3.2500000298023224,0
google/gemma-3-4b-it,vocative_0053,vocative,vocative f,-56.53998565673828,-53.45606994628906,7,6,0,-9.125000119383913,0.25,0
google/gemma-3-4b-it,vocative_0054,vocative,vocative f,-51.118507385253906,-54.5191535949707,11,10,1,-10.999999982654117,-9.750000385683961,0
google/gemma-3-4b-it,vocative_0055,vocative,vocative m,-66.05758666992188,-58.53047180175781,12,12,0,-13.499999996740371,-12.499999556690454,0
google/gemma-3-4b-it,vocative_0056,vocative,vocative m,-69.50595092773438,-70.14595031738281,9,8,1,-8.749999909006874,-0.5000000298023224,0
google/gemma-3-4b-it,vocative_0057,vocative,vocative f,-78.19332885742188,-59.8327751159668,13,13,0,-10.375000011874363,-8.249999666586518,0
google/gemma-3-4b-it,vocative_0058,vocative,vocative f,-62.9594612121582,-60.30772399902344,14,13,0,-12.624999737599865,-10.750000476371497,0
google/gemma-3-4b-it,vocative_0059,vocative,vocative f,-76.52719116210938,-93.71444702148438,9,8,1,-14.375000154308509,4.9999998402781785,0
google/gemma-3-4b-it,vocative_0060,vocative,vocative f,-67.86900329589844,-65.62664794921875,9,9,0,-15.874999919440597,4.750000040978193,0
google/gemma-3-4b-it,vocative_0061,vocative,vocative m,-56.063507080078125,-53.81227111816406,7,7,0,-8.249999904073775,-7.249999992200173,0
google/gemma-3-4b-it,vocative_0062,vocative,vocative m,-82.81806945800781,-68.94452667236328,12,11,0,-13.249999958323315,-0.25,0
google/gemma-3-4b-it,vocative_0063,vocative,vocative m,-68.97840118408203,-67.607177734375,10,9,0,-13.625000434665708,14.50000010675285,1
google/gemma-3-4b-it,vocative_0064,vocative,vocative m,-58.92641830444336,-67.68264770507812,13,12,1,-13.999999636085704,-6.499999832594767,0
google/gemma-3-4b-it,vocative_0065,vocative,vocative m,-56.66748046875,-55.86923599243164,8,7,0,-8.500000252504833,-1.5000000298023224,0
google/gemma-3-4b-it,vocative_0066,vocative,vocative m,-70.54159545898438,-72.47653198242188,12,12,1,-14.249999954772647,9.249999662308255,0
google/gemma-3-4b-it,vocative_0067,vocative,vocative m,-66.00735473632812,-66.00318908691406,14,14,0,-13.249999644234776,-11.750000055879354,0
google/gemma-3-4b-it,vocative_0068,vocative,vocative f,-68.66991424560547,-58.5184440612793,13,13,0,-13.750000073865522,-8.750000326428562,0
google/gemma-3-4b-it,vocative_0069,vocative,vocative f,-74.17696380615234,-73.36962127685547,13,13,0,-12.750000381667633,14.624999977037078,1
google/gemma-3-4b-it,vocative_0070,vocative,vocative m,-55.70478820800781,-52.71112060546875,13,12,0,-10.999999989551725,-7.749999812571332,0
google/gemma-3-4b-it,vocative_0071,vocative,vocative m,-67.62821960449219,-65.08085632324219,14,13,0,-15.000000434345566,-5.999999810010195,0
google/gemma-3-4b-it,vocative_0072,vocative,vocative f,-47.47765350341797,-49.38054656982422,14,13,1,0.4999999701976776,9.000000145373633,1
google/gemma-3-4b-it,vocative_0073,vocative,vocative m,-56.96607208251953,-61.9095573425293,9,9,1,-10.875000359490514,5.999999889405444,0
google/gemma-3-4b-it,vocative_0074,vocative,vocative m,-58.993927001953125,-56.74042510986328,8,6,0,-10.000000034226105,7.000000044703484,0
google/gemma-3-4b-it,vocative_0075,vocative,vocative m,-79.69720458984375,-69.14469909667969,8,8,0,0.0,1.9999999105930328,1
google/gemma-3-4b-it,vocative_0076,vocative,vocative m,-62.370521545410156,-51.81797790527344,9,9,0,-13.124999726307578,-4.250000149011612,0
google/gemma-3-4b-it,vocative_0077,vocative,vocative m,-73.89445495605469,-54.2907829284668,14,13,0,-2.2499999552965164,-12.749999688006938,0
google/gemma-3-4b-it,vocative_0078,vocative,vocative f,-73.80293273925781,-70.07035827636719,12,11,0,-13.625000441563316,12.374999941064743,0
google/gemma-3-4b-it,vocative_0079,vocative,vocative m,-66.8582992553711,-49.24153137207031,8,7,0,-12.624999663501512,-8.24999966006726,0
google/gemma-3-4b-it,vocative_0080,vocative,vocative f,-92.19322967529297,-70.73640441894531,14,13,0,-11.124999800696969,-9.250000167638063,0
google/gemma-3-4b-it,vocative_0081,vocative,vocative f,-49.06886291503906,-57.83806610107422,10,10,1,-3.5000000819563866,-2.0000000596046448,0
google/gemma-3-4b-it,vocative_0082,vocative,vocative m,-83.29670715332031,-78.65760803222656,8,8,0,-9.7499995475373,-3.499999936670065,0
google/gemma-3-4b-it,vocative_0083,vocative,vocative m,-51.98756408691406,-51.489498138427734,10,8,0,-12.25000002986053,-3.2499998845160007,0
google/gemma-3-4b-it,vocative_0084,vocative,vocative m,-65.96833801269531,-66.00135803222656,14,13,1,-11.749999891966581,-7.5000001904554665,0
google/gemma-3-4b-it,vocative_0085,vocative,vocative f,-96.6692886352539,-86.06169891357422,15,14,0,-15.374999979743734,-10.750000193715096,0
google/gemma-3-4b-it,vocative_0086,vocative,vocative m,-75.48631286621094,-80.33319091796875,9,8,1,-11.375000015221303,5.250000236090273,0
google/gemma-3-4b-it,vocative_0087,vocative,vocative m,-67.96192169189453,-60.20921325683594,10,10,0,-14.125000197382178,-11.750000193249434,0
google/gemma-3-4b-it,vocative_0088,vocative,vocative m,-60.135589599609375,-58.84937286376953,11,10,0,-15.375000310246833,11.749999626190402,0
google/gemma-3-4b-it,vocative_0089,vocative,vocative f,-68.25348663330078,-67.25916290283203,9,9,0,-18.374999544481398,-13.250000467989594,0
google/gemma-3-4b-it,vocative_0090,vocative,vocative m,-66.23416137695312,-62.112815856933594,13,12,0,-13.499999525258318,-9.250000409781933,0
google/gemma-3-4b-it,vocative_0091,vocative,vocative f,-64.07160949707031,-73.6090087890625,13,12,1,-11.125000398722477,8.49999969851342,0
google/gemma-3-4b-it,vocative_0092,vocative,vocative f,-82.05684661865234,-69.5271987915039,15,14,0,-15.624999980907887,-3.499999890103936,0
google/gemma-3-4b-it,vocative_0093,vocative,vocative m,-72.77324676513672,-57.72858428955078,10,10,0,-10.250000277068466,7.250000180560164,0
google/gemma-3-4b-it,vocative_0094,vocative,vocative m,-67.30630493164062,-72.43177032470703,12,11,1,-13.74999965110328,13.37499979804852,0
google/gemma-3-4b-it,vocative_0095,vocative,vocative f,-52.29283142089844,-51.5868034362793,10,10,0,-7.50000010302756,1.0000000298023224,0
google/gemma-3-4b-it,vocative_0096,vocative,vocative f,-54.45396423339844,-62.01858139038086,8,7,1,-9.125000101746991,6.500000174622983,0
google/gemma-3-4b-it,vocative_0097,vocative,vocative f,-49.456199645996094,-47.814453125,9,7,0,-11.250000205705874,7.2500001846347,0
google/gemma-3-4b-it,vocative_0098,vocative,vocative f,-52.598899841308594,-54.657569885253906,10,10,1,-7.000000129453838,-6.2500001937150955,0
google/gemma-3-4b-it,vocative_0099,vocative,vocative f,-60.44758224487305,-55.706153869628906,8,6,0,-7.750000125262886,8.999999873543857,1
google/gemma-3-4b-it,vocative_0100,vocative,vocative m,-75.0780029296875,-72.85005187988281,13,12,0,-14.5000000417931,2.2500000819563866,0
google/gemma-3-4b-it,vocative_0101,vocative,vocative m,-65.38307189941406,-63.249549865722656,16,15,0,-12.00000032945536,4.750000141561031,0
google/gemma-3-4b-it,vocative_0102,vocative,vocative m,-65.1540756225586,-59.03521728515625,14,13,0,-13.125000034226105,-8.249999847495928,0
google/gemma-3-4b-it,vocative_0103,vocative,vocative m,-66.12433624267578,-59.46147918701172,9,9,0,-18.500000513507985,-8.749999733408913,0
google/gemma-3-4b-it,vocative_0104,vocative,vocative m,-59.5582160949707,-50.246726989746094,9,9,0,-11.499999551451765,-8.499999890103936,0
google/gemma-3-4b-it,vocative_0105,vocative,vocative m,-79.24098205566406,-71.7126235961914,13,13,0,-8.249999817024218,-9.499999581836164,0
google/gemma-3-4b-it,vocative_0106,vocative,vocative f,-74.89344787597656,-82.50230407714844,14,13,1,-14.749999737367034,3.749999949708581,0
google/gemma-3-4b-it,vocative_0107,vocative,vocative f,-72.06050109863281,-52.63853454589844,12,12,0,-0.9999999701976776,-11.125000451691449,0
google/gemma-3-4b-it,vocative_0108,vocative,vocative m,-68.39139556884766,-60.45823669433594,8,8,0,-8.62499961454887,-1.7499999403953552,0
google/gemma-3-4b-it,vocative_0109,vocative,vocative m,-65.96792602539062,-52.541561126708984,10,9,0,-10.500000475614797,-9.750000468920916,0
google/gemma-3-4b-it,vocative_0110,vocative,vocative m,-54.92425537109375,-49.97206115722656,9,9,0,-12.4999999726424,8.499999731779099,0
google/gemma-3-4b-it,vocative_0111,vocative,vocative m,-65.92269897460938,-60.86269760131836,13,12,0,-7.7500001502921805,11.000000398489647,1
google/gemma-3-4b-it,vocative_0112,vocative,vocative m,-49.85053253173828,-51.27028274536133,9,9,1,-7.749999830208253,-10.750000074971467,0
google/gemma-3-4b-it,vocative_0113,vocative,vocative m,-79.30699920654297,-69.28209686279297,13,13,0,-14.8750002005836,-11.000000067055225,0
google/gemma-3-4b-it,vocative_0114,vocative,vocative m,-76.92216491699219,-71.66555786132812,12,12,0,-15.124999716528691,9.249999900872353,0
google/gemma-3-4b-it,vocative_0115,vocative,vocative m,-72.42317199707031,-77.06938934326172,8,8,1,-5.499999837949872,4.749999952502549,0
google/gemma-3-4b-it,vocative_0116,vocative,vocative m,-73.00698852539062,-66.7814712524414,13,12,0,-12.749999532941729,12.624999922642019,0
google/gemma-3-4b-it,vocative_0117,vocative,vocative m,-51.124290466308594,-49.45867156982422,9,8,0,-11.500000372179784,2.750000052154064,0
google/gemma-3-4b-it,vocative_0118,vocative,vocative m,-55.97257995605469,-60.33564758300781,12,12,1,-9.250000275817001,8.749999803956598,0
google/gemma-3-4b-it,vocative_0119,vocative,vocative m,-76.88943481445312,-68.28150939941406,13,12,0,-15.374999682186171,6.249999788589776,0
google/gemma-3-4b-it,vocative_0120,vocative,vocative m,-57.057125091552734,-52.30103302001953,9,9,0,-9.749999615247361,-9.50000005448237,0
google/gemma-3-4b-it,vocative_0121,vocative,vocative m,-81.48816680908203,-57.277931213378906,9,9,0,-5.749999988358468,-1.25,0
google/gemma-3-4b-it,vocative_0122,vocative,vocative m,-56.264183044433594,-56.322017669677734,8,7,1,-7.250000039930455,6.500000234693289,0
google/gemma-3-4b-it,vocative_0123,vocative,vocative f,-51.70932388305664,-49.6015739440918,9,8,0,-11.625000453204848,-3.75,0
google/gemma-3-4b-it,vocative_0124,vocative,vocative f,-74.07127380371094,-68.4522705078125,8,8,0,-11.00000037040445,-9.749999867752194,0
google/gemma-3-4b-it,vocative_0125,vocative,vocative m,-58.664825439453125,-50.61259460449219,10,9,0,-11.000000055588316,-3.499999960884452,0
google/gemma-3-4b-it,vocative_0126,vocative,vocative f,-75.02056884765625,-70.22723388671875,13,13,0,-13.499999978288542,11.499999681516783,0
google/gemma-3-4b-it,vocative_0127,vocative,vocative f,-71.54662322998047,-69.17839050292969,14,13,0,-6.124999876599759,11.500000327825546,1
google/gemma-3-4b-it,vocative_0128,vocative,vocative m,-50.370994567871094,-50.96628952026367,9,8,1,-8.500000045576598,-8.499999784864485,0
google/gemma-3-4b-it,vocative_0129,vocative,vocative f,-65.66082000732422,-57.72229766845703,7,7,0,-9.87500027823262,-10.625000247964635,0
google/gemma-3-4b-it,vocative_0130,vocative,vocative m,-55.433921813964844,-53.099853515625,7,7,0,-4.750000052154064,2.999999988824129,0
google/gemma-3-4b-it,vocative_0131,vocative,vocative f,-82.48755645751953,-76.28828430175781,14,14,0,1.5000000298023224,4.7499998873099685,1
google/gemma-3-4b-it,vocative_0132,vocative,vocative m,-59.98727035522461,-56.52191925048828,7,6,0,-5.500000214204192,-0.7499999701976776,0
google/gemma-3-4b-it,vocative_0133,vocative,vocative m,-63.616485595703125,-51.12925338745117,13,13,0,-5.749999885214493,-6.999999794876203,0
google/gemma-3-4b-it,vocative_0134,vocative,vocative f,-54.09364700317383,-50.84905242919922,11,10,0,-11.12499986536568,2.0000000298023224,0
google/gemma-3-4b-it,vocative_0135,vocative,vocative f,-57.42601013183594,-53.30699920654297,7,7,0,-9.499999856576324,-5.499999908730388,0
google/gemma-3-4b-it,vocative_0136,vocative,vocative m,-49.2446403503418,-47.79759216308594,10,8,0,-8.37500016100239,1.4999999403953552,0
google/gemma-3-4b-it,vocative_0137,vocative,vocative m,-71.32891845703125,-73.259521484375,13,13,1,-13.124999563209713,13.37499990517972,1
google/gemma-3-4b-it,vocative_0138,vocative,vocative f,-56.0560302734375,-58.80938720703125,9,8,1,-8.125000066589564,3.4999999180436134,0
google/gemma-3-4b-it,vocative_0139,vocative,vocative f,-72.52633666992188,-81.32576751708984,9,8,1,-8.749999795021722,6.249999923398718,0
google/gemma-3-4b-it,vocative_0140,vocative,vocative f,-61.47008514404297,-53.94090270996094,10,9,0,-17.000000035128323,-13.249999718856998,0
google/gemma-3-4b-it,vocative_0141,vocative,vocative m,-62.80425262451172,-58.506710052490234,10,10,0,-15.749999976629624,7.249999792315066,0
google/gemma-3-4b-it,vocative_0142,vocative,vocative f,-68.84432983398438,-68.92334747314453,13,13,1,-14.1250002005836,-14.999999952036887,0
google/gemma-3-4b-it,vocative_0143,vocative,vocative m,-46.50507354736328,-47.05220031738281,9,7,1,-12.62499963841401,-3.000000089406967,0
google/gemma-3-4b-it,vocative_0144,vocative,vocative m,-71.32179260253906,-63.30375671386719,13,13,0,-14.624999660765752,-11.249999606516212,0
google/gemma-3-4b-it,vocative_0145,vocative,vocative f,-48.8974494934082,-54.307716369628906,10,9,1,-11.000000476662535,-8.499999666120857,0
google/gemma-3-4b-it,vocative_0146,vocative,vocative m,-89.63052368164062,-75.31488037109375,12,12,0,-13.499999668973032,10.624999713443685,0
google/gemma-3-4b-it,vocative_0147,vocative,vocative m,-101.92625427246094,-87.55349731445312,9,9,0,-9.99999983885209,-6.750000047497451,0
google/gemma-3-4b-it,vocative_0148,vocative,vocative m,-66.9679946899414,-63.18703842163086,10,9,0,3.7500000670552254,-0.25,1
google/gemma-3-4b-it,vocative_0149,vocative,vocative f,-51.502647399902344,-52.938270568847656,8,8,1,-11.624999984400347,9.000000352796633,0
google/gemma-3-4b-it,vocative_0150,vocative,vocative m,-66.41558837890625,-56.90931701660156,11,10,0,3.250000111758709,8.25000016571721,1
google/gemma-3-4b-it,vocative_0151,vocative,vocative f,-46.75459289550781,-55.69498062133789,9,9,1,-8.25000037427526,7.749999886844307,0
google/gemma-3-4b-it,vocative_0152,vocative,vocative f,-80.75030517578125,-73.28723907470703,10,10,0,-13.125000079511665,12.62500016661943,0
google/gemma-3-4b-it,vocative_0153,vocative,vocative m,-88.95611572265625,-75.73212432861328,14,14,0,-11.624999558960553,-14.124999897554517,0
google/gemma-3-4b-it,vocative_0154,vocative,vocative m,-50.42655563354492,-49.196170806884766,8,7,0,-9.999999818042852,6.999999984866008,0
google/gemma-3-4b-it,vocative_0155,vocative,vocative f,-46.79974365234375,-47.549713134765625,9,8,1,-12.249999629333615,-4.4999998630955815,0
google/gemma-3-4b-it,vocative_0156,vocative,vocative m,-86.25328063964844,-81.92230224609375,14,14,0,-11.250000006402843,-4.999999761581421,0
google/gemma-3-4b-it,vocative_0157,vocative,vocative f,-58.83055114746094,-60.492515563964844,11,10,1,-12.249999662395567,-7.249999922467396,0
google/gemma-3-4b-it,vocative_0158,vocative,vocative f,-67.30409240722656,-67.21539306640625,14,13,0,-14.250000429397915,-10.999999586958438,0
google/gemma-3-4b-it,vocative_0159,vocative,vocative m,-58.36756134033203,-48.93165969848633,12,13,0,-11.625000397092663,-5.7499999911524355,0
google/gemma-3-4b-it,vocative_0160,vocative,vocative f,-74.38128662109375,-87.17182922363281,10,9,1,-17.75000037479913,12.62500033408287,0
google/gemma-3-4b-it,vocative_0161,vocative,vocative f,-75.20014190673828,-73.89261627197266,9,8,0,-10.749999544481398,-1.0000000298023224,0
google/gemma-3-4b-it,vocative_0162,vocative,vocative m,-47.15702819824219,-45.89189529418945,8,8,0,-11.00000033993274,9.499999839696102,0
google/gemma-3-4b-it,vocative_0163,vocative,vocative m,-54.24876022338867,-51.72512435913086,9,8,0,-12.000000468455255,-7.750000177882612,0
google/gemma-3-4b-it,vocative_0164,vocative,vocative f,-53.9119873046875,-60.16633605957031,9,8,1,-7.500000120722689,-6.750000132247806,0
google/gemma-3-4b-it,vocative_0165,vocative,vocative m,-50.72245407104492,-50.12014389038086,9,7,0,-12.3750003692694,4.999999911524355,0
google/gemma-3-4b-it,vocative_0166,vocative,vocative f,-82.46288299560547,-73.43795013427734,10,9,0,-13.625000082480256,-4.500000063329935,0
google/gemma-3-4b-it,vocative_0167,vocative,vocative m,-50.58749008178711,-52.19887924194336,10,9,1,-2.9999999292194843,-6.999999998603016,0
google/gemma-3-4b-it,vocative_0168,vocative,vocative m,-75.03360748291016,-70.89022827148438,14,13,0,-13.499999720137566,-11.249999896623194,0
google/gemma-3-4b-it,vocative_0169,vocative,vocative f,-86.92982482910156,-76.11013793945312,11,10,0,-17.00000057197758,-13.999999699997716,0
google/gemma-3-4b-it,vocative_0170,vocative,vocative m,-70.20782470703125,-71.29627990722656,8,8,1,-1.7500000447034836,2.000000074505806,1
google/gemma-3-4b-it,vocative_0171,vocative,vocative f,-57.03974914550781,-52.92022705078125,8,7,0,-8.499999859021045,-7.499999992549419,0
google/gemma-3-4b-it,vocative_0172,vocative,vocative m,-74.58010864257812,-56.28865051269531,13,13,0,-11.624999569554348,-12.374999622348696,0
google/gemma-3-4b-it,vocative_0173,vocative,vocative m,-54.62669372558594,-53.248626708984375,13,13,0,-4.999999881722033,-12.00000036880374,0
google/gemma-3-4b-it,vocative_0174,vocative,vocative f,-75.45809936523438,-76.58314514160156,13,12,1,-16.37500022468157,11.374999808438588,0
google/gemma-3-4b-it,vocative_0175,vocative,vocative m,-79.1544418334961,-60.97517395019531,14,13,0,-12.125000440923031,-8.749999901279807,0
google/gemma-3-4b-it,vocative_0176,vocative,vocative m,-58.52732849121094,-51.479759216308594,9,9,0,-11.499999763909727,4.500000040978193,0
google/gemma-3-4b-it,vocative_0177,vocative,vocative m,-52.30458068847656,-50.533382415771484,10,9,0,-0.25,-10.749999532941729,0
google/gemma-3-4b-it,vocative_0178,vocative,vocative f,-60.20866394042969,-55.2904167175293,10,9,0,-10.249999579857104,-8.125000447733328,0
google/gemma-3-4b-it,vocative_0179,vocative,vocative m,-54.56414031982422,-51.42344665527344,11,10,0,-11.499999872175977,-4.500000144354999,0
google/gemma-3-4b-it,vocative_0180,vocative,vocative m,-83.59795379638672,-73.0412368774414,8,8,0,-4.000000199303031,-2.4999998956918716,0
google/gemma-3-4b-it,vocative_0181,vocative,vocative f,-63.90250778198242,-61.59503936767578,12,12,0,-15.49999979804852,-12.12500024586916,0
google/gemma-3-4b-it,vocative_0182,vocative,vocative f,-75.62321472167969,-69.77694702148438,15,14,0,-14.50000033644028,-8.000000248663127,0
google/gemma-3-4b-it,vocative_0183,vocative,vocative f,-67.82476806640625,-74.23207092285156,13,13,1,-12.375000118045136,12.750000455358531,1
google/gemma-3-4b-it,vocative_0184,vocative,vocative f,-58.427162170410156,-55.561344146728516,14,13,0,-11.125000350177288,0.9999999403953552,0
google/gemma-3-4b-it,vocative_0185,vocative,vocative f,-47.73408889770508,-46.8189697265625,10,9,0,-11.37500035436824,-9.750000117579475,0
google/gemma-3-4b-it,vocative_0186,vocative,vocative m,-65.05215454101562,-63.203033447265625,11,10,0,-14.249999658670276,-9.500000222120434,0
google/gemma-3-4b-it,vocative_0187,vocative,vocative m,-48.43400192260742,-50.959678649902344,8,7,1,-10.875000138650648,9.500000297586666,0
google/gemma-3-4b-it,vocative_0188,vocative,vocative m,-65.85023498535156,-51.467063903808594,9,10,0,-14.749999837717041,-1.7500000447034836,0
google/gemma-3-4b-it,vocative_0189,vocative,vocative m,-62.09880828857422,-57.66407775878906,7,6,0,-10.750000176136382,-5.5000000218860805,0
google/gemma-3-4b-it,vocative_0190,vocative,vocative f,-84.675048828125,-76.42005920410156,14,13,0,-16.37499932211358,-10.49999966379255,0
google/gemma-3-4b-it,vocative_0191,vocative,vocative m,-61.526973724365234,-63.4493408203125,14,13,1,-10.875000251689926,-9.749999875668436,0
google/gemma-3-4b-it,vocative_0192,vocative,vocative m,-49.27747344970703,-48.52146911621094,8,8,0,-13.125000192958396,-0.25,0
google/gemma-3-4b-it,vocative_0193,vocative,vocative m,-67.0097885131836,-69.46926879882812,9,9,1,-5.749999768799171,-1.0000000298023224,0
google/gemma-3-4b-it,vocative_0194,vocative,vocative f,-58.25971603393555,-55.58415222167969,8,6,0,-8.999999615480192,0.75,0
google/gemma-3-4b-it,vocative_0195,vocative,vocative m,-65.67269134521484,-71.26753997802734,14,13,1,-13.74999976507388,-10.249999607913196,0
google/gemma-3-4b-it,vocative_0196,vocative,vocative f,-54.923736572265625,-55.366119384765625,13,12,1,-12.124999914958607,-11.12500016624108,0
google/gemma-3-4b-it,vocative_0197,vocative,vocative m,-63.77244567871094,-57.52902603149414,8,7,0,-6.250000110594556,8.125000363215804,1
google/gemma-3-4b-it,vocative_0198,vocative,vocative f,-68.70906829833984,-66.58450317382812,12,12,0,-13.374999549880158,7.24999996641418,0
google/gemma-3-4b-it,vocative_0199,vocative,vocative m,-68.05142211914062,-52.08734130859375,13,13,0,5.749999920837581,-7.500000071479008,0
google/gemma-3-4b-it,vocative_0200,vocative,vocative m,-64.1099853515625,-62.108856201171875,15,14,0,-13.624999876716174,-3.2500000037252903,0
google/gemma-3-4b-it,vocative_0201,vocative,vocative m,-69.08426666259766,-69.59526062011719,13,12,1,-13.500000320724212,11.374999707128154,0
google/gemma-3-4b-it,vocative_0202,vocative,vocative m,-58.725006103515625,-55.26225280761719,8,7,0,-7.749999979394488,-8.000000148778781,0
google/gemma-3-4b-it,vocative_0203,vocative,vocative m,-51.65696716308594,-48.23476028442383,9,9,0,-6.750000039464794,-8.874999738764018,0
google/gemma-3-4b-it,vocative_0204,vocative,vocative m,-59.152259826660156,-57.55485534667969,7,7,0,-10.999999698949978,-3.7500000670552254,0
google/gemma-3-4b-it,vocative_0205,vocative,vocative m,-58.13664245605469,-57.27635955810547,8,6,0,-8.499999671068508,4.2499997997656465,0
google/gemma-3-4b-it,vocative_0206,vocative,vocative m,-63.45568084716797,-59.95826721191406,7,7,0,-9.874999853491317,6.500000073574483,0
google/gemma-3-4b-it,vocative_0207,vocative,vocative m,-50.24275588989258,-48.01216506958008,10,10,0,-10.124999826890416,-11.124999767867848,0
google/gemma-3-4b-it,vocative_0208,vocative,vocative f,-71.40269470214844,-65.44042205810547,10,9,0,-10.125000229105353,16.125000258383807,1
google/gemma-3-4b-it,vocative_0209,vocative,vocative f,-55.9135627746582,-54.63538360595703,8,8,0,-12.74999984644819,-11.250000395812094,0
google/gemma-3-4b-it,vocative_0210,vocative,vocative m,-77.61885070800781,-71.8564453125,13,12,0,-10.749999732943252,-8.000000417698175,0
google/gemma-3-4b-it,vocative_0211,vocative,vocative m,-60.42115020751953,-57.00605010986328,13,12,0,1.9999999701976776,-9.75000002863817,0
google/gemma-3-4b-it,vocative_0212,vocative,vocative m,-76.07544708251953,-63.997684478759766,9,9,0,-8.999999778738129,5.24999983003363,0
google/gemma-3-4b-it,vocative_0213,vocative,vocative m,-57.849891662597656,-52.52180480957031,9,9,0,-9.625000042957254,-3.7499999199062586,0
google/gemma-3-4b-it,vocative_0214,vocative,vocative f,-70.15601348876953,-65.09947967529297,15,14,0,-13.12500037602149,-2.0000000447034836,0
google/gemma-3-4b-it,vocative_0215,vocative,vocative f,-50.235904693603516,-48.25690460205078,9,9,0,-9.000000164000085,-6.250000202096999,0
google/gemma-3-4b-it,vocative_0216,vocative,vocative f,-78.92864990234375,-62.509769439697266,8,8,0,-10.499999685620423,5.499999767635018,0
google/gemma-3-4b-it,vocative_0217,vocative,vocative m,-56.749916076660156,-63.88615036010742,13,12,1,-13.499999859574018,-9.50000027823262,0
google/gemma-3-4b-it,vocative_0218,vocative,vocative m,-56.49385452270508,-53.178810119628906,10,9,0,-15.500000315252692,-8.249999890220352,0
google/gemma-3-4b-it,vocative_0219,vocative,vocative m,-63.93048858642578,-54.26580810546875,10,10,0,-7.25000003632158,-7.25000007241033,0
google/gemma-3-4b-it,vocative_0220,vocative,vocative m,-84.71507263183594,-79.47207641601562,10,10,0,-14.5000004429603,12.250000217027264,0
google/gemma-3-4b-it,vocative_0221,vocative,vocative m,-54.90080642700195,-56.086151123046875,8,6,1,-9.000000314437784,5.250000216066837,0
google/gemma-3-4b-it,vocative_0222,vocative,vocative m,-66.95759582519531,-68.326904296875,13,11,1,-14.250000353902578,12.250000062253093,0
google/gemma-3-4b-it,vocative_0223,vocative,vocative f,-46.34430694580078,-54.54713821411133,10,9,1,-11.249999636085704,9.499999607156496,0
google/gemma-3-4b-it,vocative_0224,vocative,vocative f,-76.01515197753906,-73.73748779296875,11,10,0,-15.749999977182597,-10.250000142725185,0
google/gemma-3-4b-it,vocative_0225,vocative,vocative f,-84.18793487548828,-80.41565704345703,8,8,0,-13.250000136657036,-5.7500000121071935,0
google/gemma-3-4b-it,vocative_0226,vocative,vocative f,-56.50990295410156,-56.536155700683594,7,7,1,-8.87499955407111,8.000000236963388,0
google/gemma-3-4b-it,vocative_0227,vocative,vocative f,-73.9405746459961,-70.25030517578125,13,12,0,-12.62499986239709,12.500000244006515,0
google/gemma-3-4b-it,vocative_0228,vocative,vocative f,-71.76914978027344,-76.25041198730469,8,8,1,-13.124999976629624,-0.75,0
google/gemma-3-4b-it,vocative_0229,vocative,vocative f,-58.8604736328125,-55.61137390136719,8,8,0,-7.250000033178367,6.749999979045242,0
google/gemma-3-4b-it,vocative_0230,vocative,vocative m,-61.15596008300781,-55.425376892089844,9,8,0,-9.874999530613422,5.249999986030161,0
google/gemma-3-4b-it,vocative_0231,vocative,vocative f,-75.15119171142578,-73.80899047851562,14,13,0,-14.624999900348485,13.500000378931873,0
google/gemma-3-4b-it,vocative_0232,vocative,vocative m,-84.23382568359375,-62.77702331542969,14,14,0,-14.249999904481228,-12.749999670311809,0
google/gemma-3-4b-it,vocative_0233,vocative,vocative m,-62.609718322753906,-58.332603454589844,8,6,0,-10.25000006146729,5.5000002179294825,0
google/gemma-3-4b-it,vocative_0234,vocative,vocative m,-74.46043395996094,-71.9250259399414,15,14,0,-15.500000318163075,-6.9999997965060174,0
google/gemma-3-4b-it,vocative_0235,vocative,vocative f,-65.14907836914062,-57.03164291381836,13,13,0,-7.249999941966962,-8.250000475905836,0
google/gemma-3-4b-it,vocative_0236,vocative,vocative m,-84.93846130371094,-66.92214965820312,9,9,0,-8.25000028318027,10.249999883497367,1
google/gemma-3-4b-it,vocative_0237,vocative,vocative f,-50.990379333496094,-49.63087844848633,9,8,0,-9.874999840627424,-3.750000001862645,0
google/gemma-3-4b-it,vocative_0238,vocative,vocative m,-73.2811050415039,-70.89492797851562,13,11,0,-14.250000204890966,14.12500019383151,0
google/gemma-3-4b-it,vocative_0239,vocative,vocative m,-53.58199691772461,-52.36231994628906,9,8,0,-4.999999911058694,-8.500000251457095,0
google/gemma-3-4b-it,vocative_0240,vocative,vocative f,-82.4077377319336,-58.60618591308594,13,12,0,-9.87500043149339,-13.74999966006726,0
google/gemma-3-4b-it,vocative_0241,vocative,vocative m,-69.61724853515625,-68.96975708007812,13,11,0,-14.250000265310518,14.25000009915675,0
google/gemma-3-4b-it,vocative_0242,vocative,vocative m,-79.44059753417969,-67.63108825683594,11,10,0,-14.125000323168933,-9.49999957648106,0
google/gemma-3-4b-it,vocative_0243,vocative,vocative f,-54.86554718017578,-67.29458618164062,10,10,1,-7.8750000790460035,0.25,0
google/gemma-3-4b-it,vocative_0244,vocative,vocative m,-49.29887390136719,-50.20606231689453,8,8,1,-10.375000270549208,-6.749999941326678,0
google/gemma-3-4b-it,vocative_0245,vocative,vocative m,-53.28950881958008,-58.79998016357422,10,9,1,-9.99999958195258,9.874999823980033,0
google/gemma-3-4b-it,vocative_0246,vocative,vocative f,-61.50428771972656,-57.31268310546875,11,10,0,-13.749999988824129,10.000000126878149,0
google/gemma-3-4b-it,vocative_0247,vocative,vocative f,-66.61312866210938,-66.5263671875,11,10,0,-15.500000455358531,11.37500013904355,0
google/gemma-3-4b-it,vocative_0248,vocative,vocative m,-54.35216522216797,-51.88478469848633,10,9,0,-9.124999641790055,-6.249999964144081,0
google/gemma-3-4b-it,vocative_0249,vocative,vocative f,-60.71811294555664,-62.7380256652832,13,12,1,3.9999999683350325,13.124999631545506,1
google/gemma-3-4b-it,vocative_0250,vocative,vocative m,-67.61962890625,-66.80635070800781,12,12,0,-12.87500033917604,10.124999584892066,0
google/gemma-3-4b-it,vocative_0251,vocative,vocative m,-48.67560958862305,-50.23859405517578,8,8,1,-12.249999842024408,-3.2499999664723873,0
google/gemma-3-4b-it,vocative_0252,vocative,vocative f,-67.39598846435547,-59.73412322998047,12,12,0,-12.000000367930625,-15.249999655410647,0
google/gemma-3-4b-it,vocative_0253,vocative,vocative f,-59.93350601196289,-58.39912796020508,15,14,0,-11.499999626073986,7.749999913852662,0
google/gemma-3-4b-it,vocative_0254,vocative,vocative m,-65.99736785888672,-74.68416595458984,9,8,1,-10.624999532403308,-0.25,0
google/gemma-3-4b-it,vocative_0255,vocative,vocative f,-76.87272644042969,-69.66162872314453,13,11,0,-13.499999785330147,11.125000460480805,0
google/gemma-3-4b-it,vocative_0256,vocative,vocative m,-74.77369689941406,-57.89307403564453,7,6,0,-9.874999681662302,-8.749999546911567,0
google/gemma-3-4b-it,vocative_0257,vocative,vocative f,-92.29969787597656,-69.95340728759766,14,14,0,-15.125000248197466,2.7499999552965164,0
google/gemma-3-4b-it,vocative_0258,vocative,vocative m,-60.0296630859375,-49.920989990234375,12,12,0,-10.625000212457962,-8.000000356230885,0
google/gemma-3-4b-it,vocative_0259,vocative,vocative m,-65.18387603759766,-66.24932861328125,14,13,1,-11.37499968521297,-6.24999984074384,0
google/gemma-3-4b-it,vocative_0260,vocative,vocative f,-83.51364135742188,-75.12199401855469,10,10,0,-9.750000256026397,13.499999739142368,1
google/gemma-3-4b-it,vocative_0261,vocative,vocative f,-72.6111831665039,-70.32293701171875,13,11,0,-11.999999971303623,12.875000279513188,1
google/gemma-3-4b-it,vocative_0262,vocative,vocative f,-78.29074096679688,-58.757179260253906,13,13,0,-12.625000303029083,-7.7500002107117325,0
google/gemma-3-4b-it,vocative_0263,vocative,vocative m,-62.06560134887695,-54.19374465942383,10,10,0,-12.12499969592318,-1.4999999701976776,0
google/gemma-3-4b-it,vocative_0264,vocative,vocative f,-74.96640014648438,-72.90406799316406,13,13,0,-12.49999961128924,10.500000380168785,0
google/gemma-3-4b-it,vocative_0265,vocative,vocative f,-57.840328216552734,-54.72853088378906,13,12,0,-13.999999701423803,-10.999999744817615,0
google/gemma-3-4b-it,vocative_0266,vocative,vocative m,-77.53508758544922,-60.34851837158203,14,14,0,-4.999999969266355,-8.249999965541065,0
google/gemma-3-4b-it,vocative_0267,vocative,vocative m,-66.39065551757812,-60.69170379638672,8,7,0,-9.625000298721716,-6.250000086612999,0
google/gemma-3-4b-it,vocative_0268,vocative,vocative m,-72.72179412841797,-61.90865707397461,14,14,0,-11.000000078231096,-3.250000100582838,0
google/gemma-3-4b-it,vocative_0269,vocative,vocative m,-79.35348510742188,-67.33406066894531,10,10,0,-15.750000348198228,-13.999999970197678,0
google/gemma-3-4b-it,vocative_0270,vocative,vocative m,-58.66948699951172,-53.6800537109375,8,8,0,-10.375000189698767,-5.4999997997656465,0
google/gemma-3-4b-it,vocative_0271,vocative,vocative m,-62.23387145996094,-56.5432014465332,8,7,0,-9.249999967520125,5.000000152271241,0
google/gemma-3-4b-it,vocative_0272,vocative,vocative m,-76.23802185058594,-65.34954071044922,9,9,0,-11.125000170490239,5.25000006146729,0
google/gemma-3-4b-it,vocative_0273,vocative,vocative f,-66.41678619384766,-60.464603424072266,14,13,0,-7.875000031199306,-8.999999842140824,0
google/gemma-3-4b-it,vocative_0274,vocative,vocative m,-69.62952423095703,-52.44867706298828,9,8,0,-12.250000181753421,-11.625000077532604,0
google/gemma-3-4b-it,vocative_0275,vocative,vocative f,-66.38957977294922,-67.91858673095703,13,12,1,-15.875000157684553,-0.5,0
google/gemma-3-4b-it,vocative_0276,vocative,vocative f,-66.42415618896484,-61.91054916381836,10,9,0,-11.750000438885763,-6.499999941559508,0
google/gemma-3-4b-it,vocative_0277,vocative,vocative m,-59.48313903808594,-59.86625671386719,9,9,1,-12.249999973806553,9.750000247819116,0
google/gemma-3-4b-it,vocative_0278,vocative,vocative f,-73.77606201171875,-67.65853881835938,15,14,0,-12.249999964493327,-6.000000191386789,0
google/gemma-3-4b-it,vocative_0279,vocative,vocative f,-81.63701629638672,-67.53352355957031,11,10,0,-17.249999705993105,12.249999559455318,0
google/gemma-3-4b-it,vocative_0280,vocative,vocative m,-87.59709167480469,-85.79467010498047,10,9,0,-8.874999824241968,-5.500000026077032,0
google/gemma-3-4b-it,vocative_0281,vocative,vocative m,-72.26951599121094,-61.41050338745117,9,9,0,-16.749999471299816,-8.00000022444874,0
google/gemma-3-4b-it,vocative_0282,vocative,vocative f,-48.42661666870117,-46.443939208984375,8,8,0,-12.750000202096999,0.7500000298023224,0
google/gemma-3-4b-it,vocative_0283,vocative,vocative m,-69.3997573852539,-61.00654220581055,10,10,0,-11.374999992433004,13.75000012142118,1
google/gemma-3-4b-it,vocative_0284,vocative,vocative m,-77.78419494628906,-80.1865463256836,9,8,1,-8.249999589344952,-1.2499999701976776,0
google/gemma-3-4b-it,vocative_0285,vocative,vocative m,-66.00208282470703,-57.110755920410156,10,9,0,-10.624999919207767,-10.000000077532604,0
google/gemma-3-4b-it,vocative_0286,vocative,vocative m,-58.65840530395508,-57.59311294555664,12,12,0,-6.49999996914994,-7.250000155298039,0
google/gemma-3-4b-it,vocative_0287,vocative,vocative m,-48.956111907958984,-51.51769256591797,10,9,1,-10.875000089174137,9.000000001047738,0
google/gemma-3-4b-it,vocative_0288,vocative,vocative f,-103.68054962158203,-98.18669128417969,10,9,0,-15.749999796535121,-6.999999911058694,0
google/gemma-3-4b-it,vocative_0289,vocative,vocative m,-64.48916625976562,-60.3636474609375,8,8,0,-12.125000163214281,8.74999971082434,0
google/gemma-3-4b-it,vocative_0290,vocative,vocative f,-55.88776397705078,-53.13853073120117,7,7,0,-8.500000217056368,1.5000000447034836,0
google/gemma-3-4b-it,vocative_0291,vocative,vocative f,-69.43062591552734,-68.11759948730469,13,13,0,4.49999987334013,4.499999997206032,1
google/gemma-3-4b-it,vocative_0292,vocative,vocative m,-69.78019714355469,-66.55696868896484,12,12,0,-15.749999903084245,10.874999590363586,0
google/gemma-3-4b-it,vocative_0293,vocative,vocative m,-71.34945678710938,-67.72895812988281,13,12,0,-13.750000076484866,13.24999974083039,0
google/gemma-3-4b-it,vocative_0294,vocative,vocative m,-51.37482833862305,-51.734169006347656,10,10,1,-8.62499995145481,-4.000000167638063,0
google/gemma-3-4b-it,vocative_0295,vocative,vocative m,-75.03605651855469,-70.71705627441406,13,13,0,-14.124999593943357,1.2499999701976776,0
google/gemma-3-4b-it,vocative_0296,vocative,vocative m,-74.9845962524414,-81.50154113769531,9,8,1,-7.750000049476512,-4.250000027939677,0
google/gemma-3-4b-it,vocative_0297,vocative,vocative m,-103.70878601074219,-88.46431732177734,9,8,0,-3.2500001080334187,-2.750000014901161,0
google/gemma-3-4b-it,vocative_0298,vocative,vocative f,-69.39226531982422,-68.75474548339844,12,12,0,-15.999999820574885,10.125000131127308,0
google/gemma-3-4b-it,vocative_0299,vocative,vocative m,-92.91768646240234,-72.39031982421875,10,9,0,-11.750000038504368,4.250000072643161,0
