model,uid,phenomenon,group,lp_good,lp_bad,ntok_good,ntok_bad,prob_correct,prompt_margin_ab,prompt_margin_ba,prompt_correct
INSAIT-Institute/MamayLM-Gemma-3-4B-IT-v1.0,adjective_agreement_0000,adjective_agreement,"masc noun, neut adj",-27.257490158081055,-34.704750061035156,7,7,1,3.375000074505806,5.250000096857548,1
INSAIT-Institute/MamayLM-Gemma-3-4B-IT-v1.0,adjective_agreement_0001,adjective_agreement,"neut noun, femn adj",-27.42466926574707,-36.393577575683594,6,6,1,3.374999910593033,2.999999910593033,1
INSAIT-Institute/MamayLM-Gemma-3-4B-IT-v1.0,adjective_agreement_0002,adjective_agreement,"femn noun, masc adj",-28.042219161987305,-34.50529479980469,6,6,1,1.375,2.874999888241291,1
INSAIT-Institute/MamayLM-Gemma-3-4B-IT-v1.0,adjective_agreement_0003,adjective_agreement,"femn noun, neut adj",-33.07395553588867,-39.83729553222656,7,7,1,3.0,4.500000134110451,1
INSAIT-Institute/MamayLM-Gemma-3-4B-IT-v1.0,adjective_agreement_0004,adjective_agreement,"neut noun, masc adj",-31.125282287597656,-32.857757568359375,7,7,1,0.125,4.499999903142452,1
INSAIT-Institute/MamayLM-Gemma-3-4B-IT-v1.0,adjective_agreement_0005,adjective_agreement,"neut noun, femn adj",-32.577476501464844,-41.22538757324219,6,6,1,3.124999910593033,4.874999824911356,1
INSAIT-Institute/MamayLM-Gemma-3-4B-IT-v1.0,adjective_agreement_0006,adjective_agreement,"femn noun, neut adj",-36.25685501098633,-40.843101501464844,5,5,1,0.25,1.2500000596046448,1
INSAIT-Institute/MamayLM-Gemma-3-4B-IT-v1.0,adjective_agreement_0007,adjective_agreement,"femn noun, masc adj",-33.03654098510742,-35.80979919433594,9,10,1,1.8750000298023224,-0.4999999403953552,1
INSAIT-Institute/MamayLM-Gemma-3-4B-IT-v1.0,adjective_agreement_0008,adjective_agreement,"femn noun, masc adj",-30.461965560913086,-39.14262390136719,5,5,1,1.9999998807907104,3.6250000596046448,1
INSAIT-Institute/MamayLM-Gemma-3-4B-IT-v1.0,adjective_agreement_0009,adjective_agreement,"neut noun, masc adj",-31.629261016845703,-36.60187530517578,7,7,1,2.375000089406967,3.750000052154064,1
INSAIT-Institute/MamayLM-Gemma-3-4B-IT-v1.0,adjective_agreement_0010,adjective_agreement,"masc noun, neut adj",-30.38762664794922,-35.39527893066406,8,8,1,2.6250000298023224,4.749999947845936,1
INSAIT-Institute/MamayLM-Gemma-3-4B-IT-v1.0,adjective_agreement_0011,adjective_agreement,"femn noun, masc adj",-38.38092041015625,-41.39532470703125,7,8,1,1.0,1.0,1
INSAIT-Institute/MamayLM-Gemma-3-4B-IT-v1.0,adjective_agreement_0012,adjective_agreement,"masc noun, neut adj",-30.5783634185791,-36.19995880126953,11,11,1,3.3749999552965164,2.250000014901161,1
INSAIT-Institute/MamayLM-Gemma-3-4B-IT-v1.0,adjective_agreement_0013,adjective_agreement,"masc noun, neut adj",-27.853904724121094,-34.13944625854492,6,7,1,2.8750000298023224,5.1249999068677425,1
INSAIT-Institute/MamayLM-Gemma-3-4B-IT-v1.0,adjective_agreement_0014,adjective_agreement,"neut noun, femn adj",-33.55730438232422,-36.59994888305664,5,5,1,3.0000001043081284,2.125000089406967,1
INSAIT-Institute/MamayLM-Gemma-3-4B-IT-v1.0,adjective_agreement_0015,adjective_agreement,"neut noun, masc adj",-26.976688385009766,-31.4256591796875,9,9,1,3.124999925494194,0.25,1
INSAIT-Institute/MamayLM-Gemma-3-4B-IT-v1.0,adjective_agreement_0016,adjective_agreement,"neut noun, femn adj",-30.755266189575195,-38.39459991455078,5,5,1,2.2499999701976776,3.499999910593033,1
INSAIT-Institute/MamayLM-Gemma-3-4B-IT-v1.0,adjective_agreement_0017,adjective_agreement,"neut noun, femn adj",-31.472963333129883,-35.83411407470703,7,6,1,2.7499998807907104,5.750000063329935,1
INSAIT-Institute/MamayLM-Gemma-3-4B-IT-v1.0,adjective_agreement_0018,adjective_agreement,"neut noun, femn adj",-31.343320846557617,-37.609710693359375,5,5,1,2.3749999403953552,1.3749999701976776,1
INSAIT-Institute/MamayLM-Gemma-3-4B-IT-v1.0,adjective_agreement_0019,adjective_agreement,"neut noun, masc adj",-29.834177017211914,-34.09126281738281,11,11,1,3.249999985098839,1.8749999105930328,1
INSAIT-Institute/MamayLM-Gemma-3-4B-IT-v1.0,adjective_agreement_0020,adjective_agreement,"neut noun, masc adj",-29.821086883544922,-34.57225036621094,6,5,1,3.2499999403953552,3.7500001043081284,1
INSAIT-Institute/MamayLM-Gemma-3-4B-IT-v1.0,adjective_agreement_0021,adjective_agreement,"masc noun, femn adj",-30.500207901000977,-36.125003814697266,6,6,1,2.3749998807907104,5.250000216066837,1
INSAIT-Institute/MamayLM-Gemma-3-4B-IT-v1.0,adjective_agreement_0022,adjective_agreement,"femn noun, masc adj",-36.1461067199707,-44.102630615234375,6,6,1,1.6250000298023224,5.874999810010195,1
INSAIT-Institute/MamayLM-Gemma-3-4B-IT-v1.0,adjective_agreement_0023,adjective_agreement,"femn noun, neut adj",-30.747600555419922,-36.87557601928711,6,7,1,2.3749999701976776,4.124999903142452,1
INSAIT-Institute/MamayLM-Gemma-3-4B-IT-v1.0,adjective_agreement_0024,adjective_agreement,"femn noun, masc adj",-34.156612396240234,-38.87186050415039,7,6,1,2.375,2.999999910593033,1
INSAIT-Institute/MamayLM-Gemma-3-4B-IT-v1.0,adjective_agreement_0025,adjective_agreement,"femn noun, neut adj",-30.338489532470703,-31.901874542236328,6,6,1,1.875,-1.375,1
INSAIT-Institute/MamayLM-Gemma-3-4B-IT-v1.0,adjective_agreement_0026,adjective_agreement,"femn noun, neut adj",-32.61457443237305,-37.590354919433594,10,10,1,3.3750001043081284,3.249999888241291,1
INSAIT-Institute/MamayLM-Gemma-3-4B-IT-v1.0,adjective_agreement_0027,adjective_agreement,"femn noun, masc adj",-36.1080322265625,-39.79883575439453,7,7,1,2.749999985098839,1.1250000298023224,1
INSAIT-Institute/MamayLM-Gemma-3-4B-IT-v1.0,adjective_agreement_0028,adjective_agreement,"neut noun, masc adj",-27.807018280029297,-34.106773376464844,7,6,1,0.25,3.125000089406967,1
INSAIT-Institute/MamayLM-Gemma-3-4B-IT-v1.0,adjective_agreement_0029,adjective_agreement,"masc noun, neut adj",-27.438465118408203,-32.06857681274414,6,7,1,2.875000074505806,1.7499999403953552,1
INSAIT-Institute/MamayLM-Gemma-3-4B-IT-v1.0,adjective_agreement_0030,adjective_agreement,"femn noun, neut adj",-33.58567810058594,-38.88915252685547,5,5,1,1.2500000298023224,-0.5,1
INSAIT-Institute/MamayLM-Gemma-3-4B-IT-v1.0,adjective_agreement_0031,adjective_agreement,"femn noun, masc adj",-31.324748992919922,-40.21638488769531,10,9,1,3.1249998807907104,3.7500000968575478,1
INSAIT-Institute/MamayLM-Gemma-3-4B-IT-v1.0,adjective_agreement_0032,adjective_agreement,"masc noun, neut adj",-27.041900634765625,-35.01564025878906,7,8,1,2.6250000298023224,3.6250000819563866,1
INSAIT-Institute/MamayLM-Gemma-3-4B-IT-v1.0,adjective_agreement_0033,adjective_agreement,"femn noun, neut adj",-25.525014877319336,-37.76332092285156,6,7,1,2.6250000298023224,4.624999824911356,1
INSAIT-Institute/MamayLM-Gemma-3-4B-IT-v1.0,adjective_agreement_0034,adjective_agreement,"femn noun, masc adj",-30.479576110839844,-36.09529495239258,7,7,1,-0.9999999701976776,4.874999765306711,1
INSAIT-Institute/MamayLM-Gemma-3-4B-IT-v1.0,adjective_agreement_0035,adjective_agreement,"femn noun, neut adj",-36.05671310424805,-40.105690002441406,9,9,1,2.2499999403953552,-1.6249999403953552,1
INSAIT-Institute/MamayLM-Gemma-3-4B-IT-v1.0,adjective_agreement_0036,adjective_agreement,"femn noun, neut adj",-26.713504791259766,-34.22333526611328,5,5,1,2.3750000298023224,3.6249999403953552,1
INSAIT-Institute/MamayLM-Gemma-3-4B-IT-v1.0,adjective_agreement_0037,adjective_agreement,"masc noun, femn adj",-32.63445281982422,-39.01429748535156,7,6,1,2.25,0.625,1
INSAIT-Institute/MamayLM-Gemma-3-4B-IT-v1.0,adjective_agreement_0038,adjective_agreement,"femn noun, masc adj",-34.30540084838867,-40.6473388671875,10,10,1,2.8749999701976776,1.9999999701976776,1
INSAIT-Institute/MamayLM-Gemma-3-4B-IT-v1.0,adjective_agreement_0039,adjective_agreement,"femn noun, masc adj",-34.9283447265625,-38.91803741455078,5,5,1,2.6250000298023224,3.875,1
INSAIT-Institute/MamayLM-Gemma-3-4B-IT-v1.0,adjective_agreement_0040,adjective_agreement,"neut noun, femn adj",-31.33808708190918,-35.24626159667969,10,9,1,3.6250001192092896,3.250000052154064,1
INSAIT-Institute/MamayLM-Gemma-3-4B-IT-v1.0,adjective_agreement_0041,adjective_agreement,"femn noun, masc adj",-31.9586181640625,-36.001983642578125,5,5,1,2.874999985098839,5.250000108033419,1
INSAIT-Institute/MamayLM-Gemma-3-4B-IT-v1.0,adjective_agreement_0042,adjective_agreement,"femn noun, masc adj",-31.95456314086914,-36.14080047607422,6,6,1,2.750000089406967,4.749999970197678,1
INSAIT-Institute/MamayLM-Gemma-3-4B-IT-v1.0,adjective_agreement_0043,adjective_agreement,"masc noun, femn adj",-30.32078742980957,-40.696250915527344,6,6,1,3.7500000596046448,6.12500000372529,1
INSAIT-Institute/MamayLM-Gemma-3-4B-IT-v1.0,adjective_agreement_0044,adjective_agreement,"neut noun, masc adj",-33.60124206542969,-35.45502853393555,11,11,1,2.5000001192092896,0.75,1
INSAIT-Institute/MamayLM-Gemma-3-4B-IT-v1.0,adjective_agreement_0045,adjective_agreement,"masc noun, neut adj",-30.118989944458008,-35.6889762878418,7,7,1,1.7500000596046448,5.250000089406967,1
INSAIT-Institute/MamayLM-Gemma-3-4B-IT-v1.0,adjective_agreement_0046,adjective_agreement,"neut noun, femn adj",-36.12005615234375,-38.24026870727539,6,6,1,1.8750000894069672,4.375000104308128,1
INSAIT-Institute/MamayLM-Gemma-3-4B-IT-v1.0,adjective_agreement_0047,adjective_agreement,"neut noun, masc adj",-29.749807357788086,-33.95467758178711,8,8,1,1.8750001192092896,3.250000074505806,1
INSAIT-Institute/MamayLM-Gemma-3-4B-IT-v1.0,adjective_agreement_0048,adjective_agreement,"neut noun, femn adj",-31.18240737915039,-39.10566711425781,6,5,1,2.875000014901161,5.249999787658453,1
INSAIT-Institute/MamayLM-Gemma-3-4B-IT-v1.0,adjective_agreement_0049,adjective_agreement,"femn noun, neut adj",-33.346282958984375,-39.97432327270508,8,8,1,2.375,4.87500012293458,1
INSAIT-Institute/MamayLM-Gemma-3-4B-IT-v1.0,adjective_agreement_0050,adjective_agreement,"masc noun, neut adj",-32.29216003417969,-35.245574951171875,9,10,1,4.000000014901161,3.7500000819563866,1
INSAIT-Institute/MamayLM-Gemma-3-4B-IT-v1.0,adjective_agreement_0051,adjective_agreement,"masc noun, neut adj",-30.612306594848633,-37.51458740234375,10,10,1,3.749999910593033,3.7499999180436134,1
INSAIT-Institute/MamayLM-Gemma-3-4B-IT-v1.0,adjective_agreement_0052,adjective_agreement,"femn noun, neut adj",-31.356887817382812,-38.887474060058594,7,7,1,1.375,4.999999985098839,1
INSAIT-Institute/MamayLM-Gemma-3-4B-IT-v1.0,adjective_agreement_0053,adjective_agreement,"femn noun, masc adj",-33.410980224609375,-39.98119354248047,10,9,1,3.749999910593033,2.750000014901161,1
INSAIT-Institute/MamayLM-Gemma-3-4B-IT-v1.0,adjective_agreement_0054,adjective_agreement,"neut noun, masc adj",-41.25469207763672,-39.01823425292969,9,9,0,2.5000000596046448,5.625000134110451,1
INSAIT-Institute/MamayLM-Gemma-3-4B-IT-v1.0,adjective_agreement_0055,adjective_agreement,"femn noun, masc adj",-30.14499282836914,-37.02274703979492,7,7,1,1.6249999701976776,1.875000074505806,1
INSAIT-Institute/MamayLM-Gemma-3-4B-IT-v1.0,adjective_agreement_0056,adjective_agreement,"masc noun, femn adj",-26.721200942993164,-36.483604431152344,7,6,1,3.250000089406967,4.4999998062849045,1
INSAIT-Institute/MamayLM-Gemma-3-4B-IT-v1.0,adjective_agreement_0057,adjective_agreement,"masc noun, femn adj",-34.419639587402344,-36.58209991455078,10,9,1,1.625,1.2500000298023224,1
INSAIT-Institute/MamayLM-Gemma-3-4B-IT-v1.0,adjective_agreement_0058,adjective_agreement,"masc noun, neut adj",-29.482933044433594,-37.03627014160156,7,6,1,2.4999998807907104,5.499999959021807,1
INSAIT-Institute/MamayLM-Gemma-3-4B-IT-v1.0,adjective_agreement_0059,adjective_agreement,"femn noun, neut adj",-34.63897705078125,-42.479881286621094,7,7,1,1.9999999701976776,5.874999791383743,1
INSAIT-Institute/MamayLM-Gemma-3-4B-IT-v1.0,adjective_agreement_0060,adjective_agreement,"femn noun, neut adj",-29.825031280517578,-37.565555572509766,9,9,1,2.374999910593033,3.875000111758709,1
INSAIT-Institute/MamayLM-Gemma-3-4B-IT-v1.0,adjective_agreement_0061,adjective_agreement,"masc noun, neut adj",-31.747350692749023,-39.29826354980469,7,6,1,2.3750001192092896,5.1250002309679985,1
INSAIT-Institute/MamayLM-Gemma-3-4B-IT-v1.0,adjective_agreement_0062,adjective_agreement,"femn noun, neut adj",-33.47589874267578,-38.14915466308594,6,6,1,0.375,5.250000108033419,1
INSAIT-Institute/MamayLM-Gemma-3-4B-IT-v1.0,adjective_agreement_0063,adjective_agreement,"femn noun, neut adj",-31.242610931396484,-39.18338394165039,7,7,1,2.4999999701976776,4.499999776482582,1
INSAIT-Institute/MamayLM-Gemma-3-4B-IT-v1.0,adjective_agreement_0064,adjective_agreement,"femn noun, masc adj",-27.924409866333008,-33.09705352783203,8,8,1,2.6250000298023224,2.4999999701976776,1
INSAIT-Institute/MamayLM-Gemma-3-4B-IT-v1.0,adjective_agreement_0065,adjective_agreement,"femn noun, masc adj",-31.51154899597168,-38.22218322753906,8,8,1,2.6250000447034836,4.999999832361937,1
INSAIT-Institute/MamayLM-Gemma-3-4B-IT-v1.0,adjective_agreement_0066,adjective_agreement,"masc noun, neut adj",-27.816635131835938,-36.38474655151367,7,7,1,3.124999925494194,5.7499998696148396,1
INSAIT-Institute/MamayLM-Gemma-3-4B-IT-v1.0,adjective_agreement_0067,adjective_agreement,"neut noun, masc adj",-31.634960174560547,-33.37498474121094,5,5,1,2.749999925494194,1.9999999403953552,1
INSAIT-Institute/MamayLM-Gemma-3-4B-IT-v1.0,adjective_agreement_0068,adjective_agreement,"femn noun, neut adj",-28.127059936523438,-33.6273307800293,4,5,1,3.124999910593033,3.625000014901161,1
INSAIT-Institute/MamayLM-Gemma-3-4B-IT-v1.0,adjective_agreement_0069,adjective_agreement,"femn noun, masc adj",-31.169708251953125,-37.155364990234375,10,10,1,1.3749999701976776,1.25,1
INSAIT-Institute/MamayLM-Gemma-3-4B-IT-v1.0,adjective_agreement_0070,adjective_agreement,"femn noun, neut adj",-29.000442504882812,-39.509700775146484,6,7,1,2.499999910593033,5.625000074505806,1
INSAIT-Institute/MamayLM-Gemma-3-4B-IT-v1.0,adjective_agreement_0071,adjective_agreement,"masc noun, neut adj",-30.06439971923828,-36.4721565246582,7,7,1,2.8749998956918716,5.250000145286322,1
INSAIT-Institute/MamayLM-Gemma-3-4B-IT-v1.0,adjective_agreement_0072,adjective_agreement,"femn noun, masc adj",-33.49778747558594,-38.578922271728516,5,6,1,2.0000000298023224,2.500000089406967,1
INSAIT-Institute/MamayLM-Gemma-3-4B-IT-v1.0,adjective_agreement_0073,adjective_agreement,"masc noun, femn adj",-31.84372329711914,-36.34230422973633,11,11,1,2.8749999701976776,4.124999910593033,1
INSAIT-Institute/MamayLM-Gemma-3-4B-IT-v1.0,adjective_agreement_0074,adjective_agreement,"masc noun, femn adj",-30.879589080810547,-34.49364471435547,7,7,1,2.375000089406967,5.749999936670065,1
INSAIT-Institute/MamayLM-Gemma-3-4B-IT-v1.0,adjective_agreement_0075,adjective_agreement,"neut noun, femn adj",-29.96855926513672,-40.57212829589844,6,6,1,1.4999999701976776,4.750000182539225,1
INSAIT-Institute/MamayLM-Gemma-3-4B-IT-v1.0,adjective_agreement_0076,adjective_agreement,"femn noun, masc adj",-29.71628189086914,-34.76691436767578,9,9,1,3.624999985098839,1.7499999403953552,1
INSAIT-Institute/MamayLM-Gemma-3-4B-IT-v1.0,adjective_agreement_0077,adjective_agreement,"masc noun, neut adj",-31.05929183959961,-38.846641540527344,7,8,1,2.7499999552965164,5.124999810010195,1
INSAIT-Institute/MamayLM-Gemma-3-4B-IT-v1.0,adjective_agreement_0078,adjective_agreement,"masc noun, femn adj",-28.424495697021484,-35.57789611816406,5,5,1,3.6249998807907104,5.500000096857548,1
INSAIT-Institute/MamayLM-Gemma-3-4B-IT-v1.0,adjective_agreement_0079,adjective_agreement,"neut noun, femn adj",-30.398452758789062,-38.33252716064453,5,5,1,2.000000089406967,3.2499998956918716,1
INSAIT-Institute/MamayLM-Gemma-3-4B-IT-v1.0,adjective_agreement_0080,adjective_agreement,"masc noun, femn adj",-29.752761840820312,-37.08195495605469,6,6,1,2.1249999701976776,5.750000104308128,1
INSAIT-Institute/MamayLM-Gemma-3-4B-IT-v1.0,adjective_agreement_0081,adjective_agreement,"masc noun, neut adj",-33.130374908447266,-38.50032043457031,7,7,1,3.3749999403953552,5.875000216066837,1
INSAIT-Institute/MamayLM-Gemma-3-4B-IT-v1.0,adjective_agreement_0082,adjective_agreement,"femn noun, neut adj",-34.152626037597656,-40.50163650512695,6,6,1,1.6250000298023224,4.624999854713678,1
INSAIT-Institute/MamayLM-Gemma-3-4B-IT-v1.0,adjective_agreement_0083,adjective_agreement,"femn noun, masc adj",-33.41041564941406,-37.83020782470703,7,7,1,2.25,3.6249999329447746,1
INSAIT-Institute/MamayLM-Gemma-3-4B-IT-v1.0,adjective_agreement_0084,adjective_agreement,"masc noun, neut adj",-34.47992706298828,-41.38420104980469,7,7,1,3.124999910593033,5.624999891966581,1
INSAIT-Institute/MamayLM-Gemma-3-4B-IT-v1.0,adjective_agreement_0085,adjective_agreement,"femn noun, neut adj",-34.019134521484375,-42.97004699707031,10,10,1,3.875000238418579,4.500000081956387,1
INSAIT-Institute/MamayLM-Gemma-3-4B-IT-v1.0,adjective_agreement_0086,adjective_agreement,"neut noun, masc adj",-31.248409271240234,-37.763912200927734,6,7,1,2.250000014901161,1.6250000596046448,1
INSAIT-Institute/MamayLM-Gemma-3-4B-IT-v1.0,adjective_agreement_0087,adjective_agreement,"masc noun, femn adj",-36.799278259277344,-42.697757720947266,7,7,1,2.1249999403953552,6.124999884516001,1
INSAIT-Institute/MamayLM-Gemma-3-4B-IT-v1.0,adjective_agreement_0088,adjective_agreement,"neut noun, masc adj",-28.37853240966797,-36.28940963745117,6,7,1,2.5,2.8749999031424522,1
INSAIT-Institute/MamayLM-Gemma-3-4B-IT-v1.0,adjective_agreement_0089,adjective_agreement,"neut noun, femn adj",-26.72161102294922,-32.77738952636719,8,8,1,3.0000001043081284,5.87500000372529,1
INSAIT-Institute/MamayLM-Gemma-3-4B-IT-v1.0,adjective_agreement_0090,adjective_agreement,"neut noun, femn adj",-31.921911239624023,-37.810585021972656,8,8,1,2.749999925494194,3.2499998956918716,1
INSAIT-Institute/MamayLM-Gemma-3-4B-IT-v1.0,adjective_agreement_0091,adjective_agreement,"neut noun, femn adj",-32.370872497558594,-34.16143798828125,4,4,1,3.3749998807907104,3.1250001043081284,1
INSAIT-Institute/MamayLM-Gemma-3-4B-IT-v1.0,adjective_agreement_0092,adjective_agreement,"femn noun, neut adj",-34.198551177978516,-43.40983581542969,7,7,1,2.3750000596046448,2.5000001043081284,1
INSAIT-Institute/MamayLM-Gemma-3-4B-IT-v1.0,adjective_agreement_0093,adjective_agreement,"femn noun, masc adj",-32.50330352783203,-40.14448928833008,7,7,1,2.124999910593033,3.875000089406967,1
INSAIT-Institute/MamayLM-Gemma-3-4B-IT-v1.0,adjective_agreement_0094,adjective_agreement,"neut noun, masc adj",-22.548480987548828,-25.75442123413086,5,5,1,-0.25,0.625,1
INSAIT-Institute/MamayLM-Gemma-3-4B-IT-v1.0,adjective_agreement_0095,adjective_agreement,"femn noun, neut adj",-33.745174407958984,-41.01020812988281,7,7,1,1.4999999701976776,5.000000145286322,1
INSAIT-Institute/MamayLM-Gemma-3-4B-IT-v1.0,adjective_agreement_0096,adjective_agreement,"femn noun, neut adj",-30.061418533325195,-38.24713897705078,6,6,1,1.7500000894069672,5.3750001564621925,1
INSAIT-Institute/MamayLM-Gemma-3-4B-IT-v1.0,adjective_agreement_0097,adjective_agreement,"femn noun, neut adj",-30.277381896972656,-39.49370193481445,6,6,1,2.1250000596046448,6.12499999627471,1
INSAIT-Institute/MamayLM-Gemma-3-4B-IT-v1.0,adjective_agreement_0098,adjective_agreement,"neut noun, femn adj",-29.986125946044922,-34.92881774902344,7,6,1,2.624999910593033,4.75000012665987,1
INSAIT-Institute/MamayLM-Gemma-3-4B-IT-v1.0,adjective_agreement_0099,adjective_agreement,"masc noun, neut adj",-30.563655853271484,-36.603633880615234,10,10,1,3.2500000596046448,1.75,1
INSAIT-Institute/MamayLM-Gemma-3-4B-IT-v1.0,adjective_agreement_0100,adjective_agreement,"femn noun, neut adj",-30.2178955078125,-38.81696701049805,7,7,1,2.6250000596046448,1.9999999403953552,1
INSAIT-Institute/MamayLM-Gemma-3-4B-IT-v1.0,adjective_agreement_0101,adjective_agreement,"neut noun, femn adj",-34.019737243652344,-40.00358581542969,7,7,1,2.3749999701976776,4.750000014901161,1
INSAIT-Institute/MamayLM-Gemma-3-4B-IT-v1.0,adjective_agreement_0102,adjective_agreement,"femn noun, masc adj",-28.644058227539062,-37.7833251953125,5,5,1,2.7499999403953552,5.3749999441206455,1
INSAIT-Institute/MamayLM-Gemma-3-4B-IT-v1.0,adjective_agreement_0103,adjective_agreement,"masc noun, neut adj",-27.735107421875,-35.824302673339844,9,10,1,4.124999850988388,5.62500012665987,1
INSAIT-Institute/MamayLM-Gemma-3-4B-IT-v1.0,adjective_agreement_0104,adjective_agreement,"femn noun, neut adj",-32.983707427978516,-40.18852996826172,10,10,1,3.374999985098839,2.000000014901161,1
INSAIT-Institute/MamayLM-Gemma-3-4B-IT-v1.0,adjective_agreement_0105,adjective_agreement,"masc noun, femn adj",-29.694091796875,-38.3510627746582,8,7,1,2.6250001192092896,5.750000178813934,1
INSAIT-Institute/MamayLM-Gemma-3-4B-IT-v1.0,adjective_agreement_0106,adjective_agreement,"neut noun, femn adj",-28.46194839477539,-32.31858825683594,7,6,1,3.249999925494194,3.624999888241291,1
INSAIT-Institute/MamayLM-Gemma-3-4B-IT-v1.0,adjective_agreement_0107,adjective_agreement,"femn noun, masc adj",-33.080230712890625,-37.58441162109375,6,6,1,1.5000000298023224,4.124999858438969,1
INSAIT-Institute/MamayLM-Gemma-3-4B-IT-v1.0,adjective_agreement_0108,adjective_agreement,"femn noun, masc adj",-32.25254440307617,-37.943153381347656,6,7,1,2.3750001192092896,3.374999985098839,1
INSAIT-Institute/MamayLM-Gemma-3-4B-IT-v1.0,adjective_agreement_0109,adjective_agreement,"neut noun, femn adj",-30.942668914794922,-38.94688034057617,6,6,1,2.3749999701976776,4.749999854713678,1
INSAIT-Institute/MamayLM-Gemma-3-4B-IT-v1.0,adjective_agreement_0110,adjective_agreement,"femn noun, neut adj",-36.05006790161133,-44.34625244140625,7,7,1,1.1249999701976776,1.5,1
INSAIT-Institute/MamayLM-Gemma-3-4B-IT-v1.0,adjective_agreement_0111,adjective_agreement,"masc noun, neut adj",-25.556472778320312,-31.51453971862793,6,6,1,2.7500000447034836,2.999999985098839,1
INSAIT-Institute/MamayLM-Gemma-3-4B-IT-v1.0,adjective_agreement_0112,adjective_agreement,"masc noun, neut adj",-30.051231384277344,-34.74065399169922,10,11,1,3.7499999403953552,4.62500012665987,1
INSAIT-Institute/MamayLM-Gemma-3-4B-IT-v1.0,adjective_agreement_0113,adjective_agreement,"masc noun, femn adj",-34.600746154785156,-42.85182189941406,10,10,1,3.0000000596046448,4.500000059604645,1
INSAIT-Institute/MamayLM-Gemma-3-4B-IT-v1.0,adjective_agreement_0114,adjective_agreement,"masc noun, neut adj",-29.49256134033203,-34.16228103637695,8,7,1,3.3749999403953552,4.124999910593033,1
INSAIT-Institute/MamayLM-Gemma-3-4B-IT-v1.0,adjective_agreement_0115,adjective_agreement,"femn noun, masc adj",-29.194644927978516,-36.111976623535156,6,6,1,2.1249999701976776,4.750000141561031,1
INSAIT-Institute/MamayLM-Gemma-3-4B-IT-v1.0,adjective_agreement_0116,adjective_agreement,"masc noun, femn adj",-32.60015106201172,-38.06150817871094,6,6,1,2.875000014901161,4.999999985098839,1
INSAIT-Institute/MamayLM-Gemma-3-4B-IT-v1.0,adjective_agreement_0117,adjective_agreement,"femn noun, masc adj",-30.287721633911133,-37.00242233276367,6,7,1,-0.25,1.6250000596046448,1
INSAIT-Institute/MamayLM-Gemma-3-4B-IT-v1.0,adjective_agreement_0118,adjective_agreement,"femn noun, masc adj",-31.667022705078125,-40.652767181396484,6,6,1,2.250000089406967,5.2499998062849045,1
INSAIT-Institute/MamayLM-Gemma-3-4B-IT-v1.0,adjective_agreement_0119,adjective_agreement,"femn noun, masc adj",-30.142465591430664,-36.05603790283203,9,9,1,3.249999985098839,2.875000014901161,1
INSAIT-Institute/MamayLM-Gemma-3-4B-IT-v1.0,adjective_agreement_0120,adjective_agreement,"neut noun, femn adj",-37.08449172973633,-36.81482696533203,7,7,0,2.6250000447034836,0.5000000596046448,1
INSAIT-Institute/MamayLM-Gemma-3-4B-IT-v1.0,adjective_agreement_0121,adjective_agreement,"neut noun, masc adj",-32.09048843383789,-36.30442810058594,8,8,1,2.1249999701976776,2.9999999552965164,1
INSAIT-Institute/MamayLM-Gemma-3-4B-IT-v1.0,adjective_agreement_0122,adjective_agreement,"neut noun, femn adj",-30.4168701171875,-38.500675201416016,11,11,1,3.3749999552965164,2.2500000596046448,1
INSAIT-Institute/MamayLM-Gemma-3-4B-IT-v1.0,adjective_agreement_0123,adjective_agreement,"masc noun, femn adj",-30.49592399597168,-36.44648361206055,7,7,1,2.2500000298023224,2.6249999403953552,1
INSAIT-Institute/MamayLM-Gemma-3-4B-IT-v1.0,adjective_agreement_0124,adjective_agreement,"neut noun, femn adj",-31.989639282226562,-39.390106201171875,9,9,1,3.3750000447034836,3.8750000298023224,1
INSAIT-Institute/MamayLM-Gemma-3-4B-IT-v1.0,adjective_agreement_0125,adjective_agreement,"femn noun, neut adj",-31.616477966308594,-38.788414001464844,6,7,1,1.7499999701976776,3.9999999552965164,1
INSAIT-Institute/MamayLM-Gemma-3-4B-IT-v1.0,adjective_agreement_0126,adjective_agreement,"femn noun, neut adj",-31.484851837158203,-38.050445556640625,9,9,1,2.999999910593033,2.874999888241291,1
INSAIT-Institute/MamayLM-Gemma-3-4B-IT-v1.0,adjective_agreement_0127,adjective_agreement,"femn noun, masc adj",-38.394813537597656,-36.723167419433594,6,7,0,2.125000089406967,1.125,1
INSAIT-Institute/MamayLM-Gemma-3-4B-IT-v1.0,adjective_agreement_0128,adjective_agreement,"femn noun, neut adj",-32.093387603759766,-42.243194580078125,6,6,1,2.5000000447034836,4.499999791383743,1
INSAIT-Institute/MamayLM-Gemma-3-4B-IT-v1.0,adjective_agreement_0129,adjective_agreement,"neut noun, femn adj",-31.195125579833984,-36.00974655151367,6,6,1,0.125,3.749999910593033,1
INSAIT-Institute/MamayLM-Gemma-3-4B-IT-v1.0,adjective_agreement_0130,adjective_agreement,"masc noun, femn adj",-32.099510192871094,-38.73011016845703,7,7,1,2.374999910593033,5.499999992549419,1
INSAIT-Institute/MamayLM-Gemma-3-4B-IT-v1.0,adjective_agreement_0131,adjective_agreement,"neut noun, masc adj",-32.3656005859375,-36.165557861328125,12,12,1,3.3750000447034836,3.2499999701976776,1
INSAIT-Institute/MamayLM-Gemma-3-4B-IT-v1.0,adjective_agreement_0132,adjective_agreement,"neut noun, masc adj",-34.09050750732422,-37.50798034667969,8,9,1,-1.125,4.499999921768904,1
INSAIT-Institute/MamayLM-Gemma-3-4B-IT-v1.0,adjective_agreement_0133,adjective_agreement,"neut noun, masc adj",-29.605697631835938,-33.898826599121094,10,10,1,2.0000000596046448,0.875,1
INSAIT-Institute/MamayLM-Gemma-3-4B-IT-v1.0,adjective_agreement_0134,adjective_agreement,"femn noun, masc adj",-30.421966552734375,-35.203128814697266,10,9,1,1.6249999403953552,2.250000074505806,1
INSAIT-Institute/MamayLM-Gemma-3-4B-IT-v1.0,adjective_agreement_0135,adjective_agreement,"masc noun, femn adj",-27.89988136291504,-35.25439453125,7,6,1,2.8750000596046448,5.24999987334013,1
INSAIT-Institute/MamayLM-Gemma-3-4B-IT-v1.0,adjective_agreement_0136,adjective_agreement,"neut noun, femn adj",-30.10850715637207,-35.28923034667969,10,10,1,2.9999999403953552,3.0000000447034836,1
INSAIT-Institute/MamayLM-Gemma-3-4B-IT-v1.0,adjective_agreement_0137,adjective_agreement,"femn noun, neut adj",-31.384742736816406,-39.92219543457031,7,7,1,0.9999999403953552,4.625000044703484,1
INSAIT-Institute/MamayLM-Gemma-3-4B-IT-v1.0,adjective_agreement_0138,adjective_agreement,"masc noun, neut adj",-31.514001846313477,-41.02191925048828,10,10,1,4.1249998062849045,5.000000204890966,1
INSAIT-Institute/MamayLM-Gemma-3-4B-IT-v1.0,adjective_agreement_0139,adjective_agreement,"femn noun, masc adj",-32.33009338378906,-37.65441131591797,9,10,1,0.75,1.2499999701976776,1
INSAIT-Institute/MamayLM-Gemma-3-4B-IT-v1.0,adjective_agreement_0140,adjective_agreement,"neut noun, masc adj",-32.1937255859375,-45.01753616333008,7,7,1,0.625,3.125000014901161,1
INSAIT-Institute/MamayLM-Gemma-3-4B-IT-v1.0,adjective_agreement_0141,adjective_agreement,"femn noun, masc adj",-35.280364990234375,-40.981773376464844,7,7,1,0.75,4.874999895691872,1
INSAIT-Institute/MamayLM-Gemma-3-4B-IT-v1.0,adjective_agreement_0142,adjective_agreement,"neut noun, femn adj",-29.65961265563965,-37.63587188720703,6,6,1,2.625,5.625000201165676,1
INSAIT-Institute/MamayLM-Gemma-3-4B-IT-v1.0,adjective_agreement_0143,adjective_agreement,"femn noun, masc adj",-29.484577178955078,-31.91100311279297,10,10,1,3.625000014901161,3.99999987334013,1
INSAIT-Institute/MamayLM-Gemma-3-4B-IT-v1.0,adjective_agreement_0144,adjective_agreement,"femn noun, masc adj",-36.2520751953125,-40.3841552734375,7,8,1,0.4999999403953552,3.625000089406967,1
INSAIT-Institute/MamayLM-Gemma-3-4B-IT-v1.0,adjective_agreement_0145,adjective_agreement,"masc noun, femn adj",-29.52488136291504,-36.93449020385742,7,7,1,2.1249999403953552,5.875000238418579,1
INSAIT-Institute/MamayLM-Gemma-3-4B-IT-v1.0,adjective_agreement_0146,adjective_agreement,"femn noun, neut adj",-30.175445556640625,-34.38679885864258,5,6,1,3.000000074505806,4.000000104308128,1
INSAIT-Institute/MamayLM-Gemma-3-4B-IT-v1.0,adjective_agreement_0147,adjective_agreement,"femn noun, masc adj",-29.69961929321289,-33.935768127441406,4,5,1,2.7500001043081284,3.2500000670552254,1
INSAIT-Institute/MamayLM-Gemma-3-4B-IT-v1.0,adjective_agreement_0148,adjective_agreement,"femn noun, masc adj",-31.66674041748047,-39.49754333496094,7,7,1,1.8749998807907104,4.125000029802322,1
INSAIT-Institute/MamayLM-Gemma-3-4B-IT-v1.0,adjective_agreement_0149,adjective_agreement,"neut noun, femn adj",-23.884136199951172,-33.518856048583984,5,5,1,0.25,0.8749999403953552,1
INSAIT-Institute/MamayLM-Gemma-3-4B-IT-v1.0,adjective_agreement_0150,adjective_agreement,"masc noun, neut adj",-34.81690979003906,-39.015811920166016,7,7,1,2.2499999403953552,5.375000137835741,1
INSAIT-Institute/MamayLM-Gemma-3-4B-IT-v1.0,adjective_agreement_0151,adjective_agreement,"femn noun, masc adj",-30.950916290283203,-38.422698974609375,5,6,1,1.6250000596046448,1.0,1
INSAIT-Institute/MamayLM-Gemma-3-4B-IT-v1.0,adjective_agreement_0152,adjective_agreement,"neut noun, masc adj",-31.672149658203125,-35.73786544799805,9,9,1,3.3749999552965164,0.0,1
INSAIT-Institute/MamayLM-Gemma-3-4B-IT-v1.0,adjective_agreement_0153,adjective_agreement,"femn noun, masc adj",-32.519596099853516,-37.511295318603516,7,7,1,1.8749999403953552,4.999999910593033,1
INSAIT-Institute/MamayLM-Gemma-3-4B-IT-v1.0,adjective_agreement_0154,adjective_agreement,"neut noun, femn adj",-29.003082275390625,-36.69985580444336,9,9,1,3.375000014901161,4.125000014901161,1
INSAIT-Institute/MamayLM-Gemma-3-4B-IT-v1.0,adjective_agreement_0155,adjective_agreement,"masc noun, femn adj",-22.787933349609375,-33.74310302734375,6,5,1,4.124999776482582,5.124999854713678,1
INSAIT-Institute/MamayLM-Gemma-3-4B-IT-v1.0,adjective_agreement_0156,adjective_agreement,"neut noun, femn adj",-34.5322265625,-39.30098342895508,11,11,1,3.7500000596046448,1.2499999403953552,1
INSAIT-Institute/MamayLM-Gemma-3-4B-IT-v1.0,adjective_agreement_0157,adjective_agreement,"neut noun, femn adj",-41.36215591430664,-36.82621383666992,8,8,0,2.6249999701976776,5.624999813735485,1
INSAIT-Institute/MamayLM-Gemma-3-4B-IT-v1.0,adjective_agreement_0158,adjective_agreement,"neut noun, femn adj",-32.264041900634766,-38.87468719482422,7,7,1,1.9999998807907104,5.499999959021807,1
INSAIT-Institute/MamayLM-Gemma-3-4B-IT-v1.0,adjective_agreement_0159,adjective_agreement,"femn noun, neut adj",-30.208152770996094,-38.44435119628906,6,7,1,1.9999999105930328,3.1249999701976776,1
INSAIT-Institute/MamayLM-Gemma-3-4B-IT-v1.0,adjective_agreement_0160,adjective_agreement,"masc noun, neut adj",-25.518722534179688,-32.83964538574219,5,6,1,3.7500001043081284,6.000000145286322,1
INSAIT-Institute/MamayLM-Gemma-3-4B-IT-v1.0,adjective_agreement_0161,adjective_agreement,"neut noun, femn adj",-29.964420318603516,-37.969215393066406,12,12,1,2.874999910593033,4.750000141561031,1
INSAIT-Institute/MamayLM-Gemma-3-4B-IT-v1.0,adjective_agreement_0162,adjective_agreement,"femn noun, masc adj",-24.95492172241211,-32.780052185058594,5,6,1,1.0,2.1250001043081284,1
INSAIT-Institute/MamayLM-Gemma-3-4B-IT-v1.0,adjective_agreement_0163,adjective_agreement,"masc noun, neut adj",-26.33493995666504,-33.37224578857422,6,7,1,2.625000074505806,1.4999999403953552,1
INSAIT-Institute/MamayLM-Gemma-3-4B-IT-v1.0,adjective_agreement_0164,adjective_agreement,"masc noun, neut adj",-31.684011459350586,-38.38383102416992,6,7,1,2.625000074505806,3.7500000596046448,1
INSAIT-Institute/MamayLM-Gemma-3-4B-IT-v1.0,adjective_agreement_0165,adjective_agreement,"femn noun, neut adj",-30.930889129638672,-39.363983154296875,5,5,1,3.2499999403953552,5.3750000931322575,1
INSAIT-Institute/MamayLM-Gemma-3-4B-IT-v1.0,adjective_agreement_0166,adjective_agreement,"femn noun, masc adj",-30.787887573242188,-33.56966018676758,6,7,1,2.6250000447034836,0.625,1
INSAIT-Institute/MamayLM-Gemma-3-4B-IT-v1.0,adjective_agreement_0167,adjective_agreement,"femn noun, masc adj",-35.233856201171875,-40.055030822753906,9,9,1,2.999999925494194,0.7500000596046448,1
INSAIT-Institute/MamayLM-Gemma-3-4B-IT-v1.0,adjective_agreement_0168,adjective_agreement,"femn noun, neut adj",-30.567508697509766,-39.55542755126953,10,11,1,3.625,4.375000074505806,1
INSAIT-Institute/MamayLM-Gemma-3-4B-IT-v1.0,adjective_agreement_0169,adjective_agreement,"neut noun, masc adj",-31.945356369018555,-37.49156951904297,9,8,1,3.124999925494194,4.000000044703484,1
INSAIT-Institute/MamayLM-Gemma-3-4B-IT-v1.0,adjective_agreement_0170,adjective_agreement,"femn noun, neut adj",-33.808013916015625,-40.701904296875,7,7,1,3.1249998956918716,5.750000063329935,1
INSAIT-Institute/MamayLM-Gemma-3-4B-IT-v1.0,adjective_agreement_0171,adjective_agreement,"femn noun, masc adj",-31.989662170410156,-37.25264358520508,7,7,1,2.6250000298023224,4.499999985098839,1
INSAIT-Institute/MamayLM-Gemma-3-4B-IT-v1.0,adjective_agreement_0172,adjective_agreement,"neut noun, femn adj",-32.03118896484375,-39.58906173706055,6,6,1,2.500000089406967,4.999999817460775,1
INSAIT-Institute/MamayLM-Gemma-3-4B-IT-v1.0,adjective_agreement_0173,adjective_agreement,"neut noun, femn adj",-35.990684509277344,-41.90096664428711,9,9,1,2.3749999403953552,4.625000186264515,1
INSAIT-Institute/MamayLM-Gemma-3-4B-IT-v1.0,adjective_agreement_0174,adjective_agreement,"masc noun, neut adj",-34.253334045410156,-39.79554748535156,7,7,1,2.8750000447034836,4.875000201165676,1
INSAIT-Institute/MamayLM-Gemma-3-4B-IT-v1.0,adjective_agreement_0175,adjective_agreement,"masc noun, neut adj",-27.89525604248047,-32.85017395019531,6,7,1,3.125000074505806,5.250000234693289,1
INSAIT-Institute/MamayLM-Gemma-3-4B-IT-v1.0,adjective_agreement_0176,adjective_agreement,"femn noun, masc adj",-32.400596618652344,-36.88515090942383,6,6,1,-0.3750000596046448,4.749999795109034,1
INSAIT-Institute/MamayLM-Gemma-3-4B-IT-v1.0,adjective_agreement_0177,adjective_agreement,"neut noun, femn adj",-28.77065658569336,-37.75601577758789,6,5,1,2.624999910593033,4.000000096857548,1
INSAIT-Institute/MamayLM-Gemma-3-4B-IT-v1.0,adjective_agreement_0178,adjective_agreement,"masc noun, femn adj",-33.75618362426758,-38.78317642211914,7,7,1,3.000000089406967,4.250000197440386,1
INSAIT-Institute/MamayLM-Gemma-3-4B-IT-v1.0,adjective_agreement_0179,adjective_agreement,"masc noun, femn adj",-31.710777282714844,-35.89645004272461,8,8,1,2.4999999552965164,5.249999940395355,1
INSAIT-Institute/MamayLM-Gemma-3-4B-IT-v1.0,adjective_agreement_0180,adjective_agreement,"masc noun, neut adj",-30.177204132080078,-39.9912109375,7,8,1,2.0000000298023224,1.9999999850988388,1
INSAIT-Institute/MamayLM-Gemma-3-4B-IT-v1.0,adjective_agreement_0181,adjective_agreement,"neut noun, femn adj",-30.62124252319336,-34.294124603271484,5,5,1,2.375,3.3749999925494194,1
INSAIT-Institute/MamayLM-Gemma-3-4B-IT-v1.0,adjective_agreement_0182,adjective_agreement,"masc noun, neut adj",-28.16101837158203,-34.93642807006836,10,10,1,3.750000014901161,4.625000163912773,1
INSAIT-Institute/MamayLM-Gemma-3-4B-IT-v1.0,adjective_agreement_0183,adjective_agreement,"femn noun, masc adj",-34.64159393310547,-39.36481475830078,7,7,1,2.2500000596046448,2.1249999403953552,1
INSAIT-Institute/MamayLM-Gemma-3-4B-IT-v1.0,adjective_agreement_0184,adjective_agreement,"masc noun, femn adj",-34.340232849121094,-39.876808166503906,7,7,1,2.4999999701976776,2.875000111758709,1
INSAIT-Institute/MamayLM-Gemma-3-4B-IT-v1.0,adjective_agreement_0185,adjective_agreement,"femn noun, masc adj",-31.719274520874023,-37.44774627685547,10,10,1,2.624999985098839,3.250000052154064,1
INSAIT-Institute/MamayLM-Gemma-3-4B-IT-v1.0,adjective_agreement_0186,adjective_agreement,"neut noun, masc adj",-29.9976806640625,-32.64347839355469,8,8,1,2.8749999403953552,3.2499999403953552,1
INSAIT-Institute/MamayLM-Gemma-3-4B-IT-v1.0,adjective_agreement_0187,adjective_agreement,"femn noun, masc adj",-37.031394958496094,-41.809471130371094,10,11,1,1.8750000298023224,0.25,1
INSAIT-Institute/MamayLM-Gemma-3-4B-IT-v1.0,adjective_agreement_0188,adjective_agreement,"femn noun, masc adj",-30.8306884765625,-38.16084289550781,8,8,1,1.4999999701976776,2.749999888241291,1
INSAIT-Institute/MamayLM-Gemma-3-4B-IT-v1.0,adjective_agreement_0189,adjective_agreement,"femn noun, neut adj",-32.189353942871094,-40.93260955810547,7,7,1,1.4999999701976776,4.624999921768904,1
INSAIT-Institute/MamayLM-Gemma-3-4B-IT-v1.0,adjective_agreement_0190,adjective_agreement,"femn noun, neut adj",-31.56743812561035,-39.701168060302734,6,6,1,2.8750001043081284,5.249999828636646,1
INSAIT-Institute/MamayLM-Gemma-3-4B-IT-v1.0,adjective_agreement_0191,adjective_agreement,"masc noun, neut adj",-33.021202087402344,-37.274871826171875,11,10,1,3.500000089406967,0.7500000596046448,1
INSAIT-Institute/MamayLM-Gemma-3-4B-IT-v1.0,adjective_agreement_0192,adjective_agreement,"femn noun, neut adj",-33.81312561035156,-39.6717414855957,7,7,1,0.9999999403953552,2.2499999403953552,1
INSAIT-Institute/MamayLM-Gemma-3-4B-IT-v1.0,adjective_agreement_0193,adjective_agreement,"masc noun, femn adj",-30.459014892578125,-41.6285400390625,10,10,1,4.124999970197678,5.1249998435378075,1
INSAIT-Institute/MamayLM-Gemma-3-4B-IT-v1.0,adjective_agreement_0194,adjective_agreement,"neut noun, femn adj",-29.802635192871094,-35.481422424316406,8,7,1,2.5000001192092896,5.624999824911356,1
INSAIT-Institute/MamayLM-Gemma-3-4B-IT-v1.0,adjective_agreement_0195,adjective_agreement,"neut noun, femn adj",-32.10099411010742,-40.333343505859375,6,6,1,2.250000089406967,2.875000111758709,1
INSAIT-Institute/MamayLM-Gemma-3-4B-IT-v1.0,adjective_agreement_0196,adjective_agreement,"masc noun, neut adj",-31.869810104370117,-38.18724822998047,8,8,1,2.8749999403953552,4.999999903142452,1
INSAIT-Institute/MamayLM-Gemma-3-4B-IT-v1.0,adjective_agreement_0197,adjective_agreement,"femn noun, masc adj",-30.37378692626953,-35.026180267333984,6,6,1,0.75,4.625000178813934,1
INSAIT-Institute/MamayLM-Gemma-3-4B-IT-v1.0,adjective_agreement_0198,adjective_agreement,"neut noun, femn adj",-32.33882141113281,-38.37574768066406,9,9,1,2.8750000298023224,4.250000104308128,1
INSAIT-Institute/MamayLM-Gemma-3-4B-IT-v1.0,adjective_agreement_0199,adjective_agreement,"femn noun, masc adj",-34.33781814575195,-40.06266403198242,7,7,1,2.3750001192092896,4.999999899417162,1
INSAIT-Institute/MamayLM-Gemma-3-4B-IT-v1.0,adjective_agreement_0200,adjective_agreement,"neut noun, femn adj",-30.86900520324707,-41.19850158691406,6,6,1,2.0000001192092896,4.874999813735485,1
INSAIT-Institute/MamayLM-Gemma-3-4B-IT-v1.0,adjective_agreement_0201,adjective_agreement,"neut noun, femn adj",-33.40625762939453,-36.97843933105469,7,7,1,2.3749999701976776,3.625000111758709,1
INSAIT-Institute/MamayLM-Gemma-3-4B-IT-v1.0,adjective_agreement_0202,adjective_agreement,"masc noun, neut adj",-28.209152221679688,-35.85143280029297,6,7,1,2.874999985098839,5.249999765306711,1
INSAIT-Institute/MamayLM-Gemma-3-4B-IT-v1.0,adjective_agreement_0203,adjective_agreement,"masc noun, neut adj",-30.136425018310547,-35.17953109741211,7,7,1,2.624999910593033,2.999999947845936,1
INSAIT-Institute/MamayLM-Gemma-3-4B-IT-v1.0,adjective_agreement_0204,adjective_agreement,"neut noun, femn adj",-30.08710289001465,-34.622314453125,8,8,1,2.624999910593033,3.249999962747097,1
INSAIT-Institute/MamayLM-Gemma-3-4B-IT-v1.0,adjective_agreement_0205,adjective_agreement,"femn noun, neut adj",-30.482219696044922,-39.910945892333984,7,7,1,2.2499998807907104,2.7499999701976776,1
INSAIT-Institute/MamayLM-Gemma-3-4B-IT-v1.0,adjective_agreement_0206,adjective_agreement,"neut noun, femn adj",-33.35847473144531,-39.413997650146484,11,11,1,3.250000014901161,2.2499999552965164,1
INSAIT-Institute/MamayLM-Gemma-3-4B-IT-v1.0,adjective_agreement_0207,adjective_agreement,"femn noun, neut adj",-35.6322021484375,-45.223663330078125,10,10,1,2.875000089406967,1.1250000596046448,1
INSAIT-Institute/MamayLM-Gemma-3-4B-IT-v1.0,adjective_agreement_0208,adjective_agreement,"neut noun, masc adj",-37.44215774536133,-38.03440856933594,8,9,1,2.3749999403953552,5.000000145286322,1
INSAIT-Institute/MamayLM-Gemma-3-4B-IT-v1.0,adjective_agreement_0209,adjective_agreement,"femn noun, masc adj",-34.91450500488281,-40.75042724609375,7,7,1,2.2500000298023224,4.249999932944775,1
INSAIT-Institute/MamayLM-Gemma-3-4B-IT-v1.0,adjective_agreement_0210,adjective_agreement,"masc noun, femn adj",-29.878093719482422,-37.09090805053711,11,10,1,3.4999998956918716,3.7500001043081284,1
INSAIT-Institute/MamayLM-Gemma-3-4B-IT-v1.0,adjective_agreement_0211,adjective_agreement,"masc noun, neut adj",-28.373056411743164,-34.34536361694336,7,8,1,2.6250001192092896,4.749999828636646,1
INSAIT-Institute/MamayLM-Gemma-3-4B-IT-v1.0,adjective_agreement_0212,adjective_agreement,"femn noun, masc adj",-37.78971481323242,-42.31690979003906,7,7,1,2.3750000447034836,3.999999888241291,1
INSAIT-Institute/MamayLM-Gemma-3-4B-IT-v1.0,adjective_agreement_0213,adjective_agreement,"neut noun, femn adj",-29.936830520629883,-34.789939880371094,6,5,1,2.999999910593033,4.249999970197678,1
INSAIT-Institute/MamayLM-Gemma-3-4B-IT-v1.0,adjective_agreement_0214,adjective_agreement,"neut noun, masc adj",-35.69256591796875,-40.92348861694336,7,7,1,2.4999999403953552,5.375000167638063,1
INSAIT-Institute/MamayLM-Gemma-3-4B-IT-v1.0,adjective_agreement_0215,adjective_agreement,"masc noun, femn adj",-33.07347106933594,-39.072513580322266,8,8,1,1.6249999403953552,5.499999947845936,1
INSAIT-Institute/MamayLM-Gemma-3-4B-IT-v1.0,adjective_agreement_0216,adjective_agreement,"neut noun, masc adj",-31.503833770751953,-35.64809799194336,6,5,1,2.625000074505806,5.374999839812517,1
INSAIT-Institute/MamayLM-Gemma-3-4B-IT-v1.0,adjective_agreement_0217,adjective_agreement,"neut noun, femn adj",-30.294246673583984,-34.96345901489258,7,7,1,2.1250000596046448,5.124999839812517,1
INSAIT-Institute/MamayLM-Gemma-3-4B-IT-v1.0,adjective_agreement_0218,adjective_agreement,"femn noun, neut adj",-36.26403045654297,-42.9540901184082,7,7,1,2.2499998807907104,1.3750000596046448,1
INSAIT-Institute/MamayLM-Gemma-3-4B-IT-v1.0,adjective_agreement_0219,adjective_agreement,"masc noun, neut adj",-32.7973747253418,-37.2380256652832,12,11,1,0.25,3.375,1
INSAIT-Institute/MamayLM-Gemma-3-4B-IT-v1.0,adjective_agreement_0220,adjective_agreement,"masc noun, femn adj",-35.3671989440918,-38.932212829589844,10,9,1,2.9999999403953552,0.375,1
INSAIT-Institute/MamayLM-Gemma-3-4B-IT-v1.0,adjective_agreement_0221,adjective_agreement,"neut noun, masc adj",-31.26153564453125,-35.274436950683594,11,10,1,2.624999910593033,2.1250000447034836,1
INSAIT-Institute/MamayLM-Gemma-3-4B-IT-v1.0,adjective_agreement_0222,adjective_agreement,"femn noun, masc adj",-32.73389434814453,-38.21505355834961,7,7,1,2.3749999403953552,5.874999973922968,1
INSAIT-Institute/MamayLM-Gemma-3-4B-IT-v1.0,adjective_agreement_0223,adjective_agreement,"neut noun, masc adj",-28.201610565185547,-33.9239616394043,8,8,1,3.249999925494194,5.249999955296516,1
INSAIT-Institute/MamayLM-Gemma-3-4B-IT-v1.0,adjective_agreement_0224,adjective_agreement,"masc noun, neut adj",-32.80253601074219,-41.418190002441406,7,7,1,2.8750000596046448,5.3750001937150955,1
INSAIT-Institute/MamayLM-Gemma-3-4B-IT-v1.0,adjective_agreement_0225,adjective_agreement,"masc noun, neut adj",-28.817358016967773,-34.07371520996094,5,6,1,3.499999985098839,4.375000059604645,1
INSAIT-Institute/MamayLM-Gemma-3-4B-IT-v1.0,adjective_agreement_0226,adjective_agreement,"neut noun, femn adj",-35.073280334472656,-41.650489807128906,9,8,1,1.875,5.375000178813934,1
INSAIT-Institute/MamayLM-Gemma-3-4B-IT-v1.0,adjective_agreement_0227,adjective_agreement,"femn noun, masc adj",-31.66738510131836,-36.09014892578125,9,9,1,3.124999925494194,4.499999918043613,1
INSAIT-Institute/MamayLM-Gemma-3-4B-IT-v1.0,adjective_agreement_0228,adjective_agreement,"femn noun, masc adj",-30.221454620361328,-38.99104690551758,6,6,1,2.0,4.6249999068677425,1
INSAIT-Institute/MamayLM-Gemma-3-4B-IT-v1.0,adjective_agreement_0229,adjective_agreement,"masc noun, neut adj",-30.29503631591797,-40.75634002685547,7,6,1,2.8749999701976776,4.8750001937150955,1
INSAIT-Institute/MamayLM-Gemma-3-4B-IT-v1.0,adjective_agreement_0230,adjective_agreement,"masc noun, femn adj",-31.460773468017578,-35.412628173828125,9,10,1,3.375000014901161,4.374999962747097,1
INSAIT-Institute/MamayLM-Gemma-3-4B-IT-v1.0,adjective_agreement_0231,adjective_agreement,"masc noun, femn adj",-32.9716796875,-41.40627670288086,7,7,1,3.250000014901161,6.374999776482582,1
INSAIT-Institute/MamayLM-Gemma-3-4B-IT-v1.0,adjective_agreement_0232,adjective_agreement,"masc noun, femn adj",-28.730815887451172,-37.20893859863281,7,7,1,1.7500000596046448,4.250000059604645,1
INSAIT-Institute/MamayLM-Gemma-3-4B-IT-v1.0,adjective_agreement_0233,adjective_agreement,"neut noun, masc adj",-31.112552642822266,-39.88623809814453,9,9,1,3.1250000298023224,5.87500012293458,1
INSAIT-Institute/MamayLM-Gemma-3-4B-IT-v1.0,adjective_agreement_0234,adjective_agreement,"masc noun, femn adj",-31.5509033203125,-38.100311279296875,7,7,1,2.499999985098839,4.875000216066837,1
INSAIT-Institute/MamayLM-Gemma-3-4B-IT-v1.0,adjective_agreement_0235,adjective_agreement,"masc noun, femn adj",-27.449169158935547,-36.67683792114258,10,9,1,4.124999850988388,4.250000067055225,1
INSAIT-Institute/MamayLM-Gemma-3-4B-IT-v1.0,adjective_agreement_0236,adjective_agreement,"masc noun, neut adj",-28.742246627807617,-39.65215301513672,6,5,1,2.8750000298023224,5.874999988824129,1
INSAIT-Institute/MamayLM-Gemma-3-4B-IT-v1.0,adjective_agreement_0237,adjective_agreement,"masc noun, femn adj",-29.93515396118164,-35.12098693847656,6,5,1,2.8749999701976776,3.5000000670552254,1
INSAIT-Institute/MamayLM-Gemma-3-4B-IT-v1.0,adjective_agreement_0238,adjective_agreement,"masc noun, femn adj",-30.941783905029297,-37.258174896240234,6,6,1,3.3749998807907104,2.9999999701976776,1
INSAIT-Institute/MamayLM-Gemma-3-4B-IT-v1.0,adjective_agreement_0239,adjective_agreement,"femn noun, masc adj",-26.667186737060547,-32.58742904663086,7,7,1,2.375000074505806,2.1249999552965164,1
INSAIT-Institute/MamayLM-Gemma-3-4B-IT-v1.0,adjective_agreement_0240,adjective_agreement,"femn noun, masc adj",-36.36835861206055,-37.416351318359375,8,9,1,3.124999985098839,0.3749999403953552,1
INSAIT-Institute/MamayLM-Gemma-3-4B-IT-v1.0,adjective_agreement_0241,adjective_agreement,"masc noun, femn adj",-30.881301879882812,-36.7318115234375,7,7,1,2.3750000596046448,4.875000089406967,1
INSAIT-Institute/MamayLM-Gemma-3-4B-IT-v1.0,adjective_agreement_0242,adjective_agreement,"masc noun, femn adj",-30.743438720703125,-38.73651123046875,8,7,1,2.874999985098839,5.375000096857548,1
INSAIT-Institute/MamayLM-Gemma-3-4B-IT-v1.0,adjective_agreement_0243,adjective_agreement,"masc noun, neut adj",-29.27886390686035,-36.86090087890625,8,8,1,2.3750000298023224,3.125,1
INSAIT-Institute/MamayLM-Gemma-3-4B-IT-v1.0,adjective_agreement_0244,adjective_agreement,"neut noun, masc adj",-29.80674934387207,-33.798885345458984,5,4,1,2.8750000298023224,3.249999962747097,1
INSAIT-Institute/MamayLM-Gemma-3-4B-IT-v1.0,adjective_agreement_0245,adjective_agreement,"neut noun, femn adj",-31.163902282714844,-41.07603454589844,6,6,1,1.7500000894069672,5.1249998696148396,1
INSAIT-Institute/MamayLM-Gemma-3-4B-IT-v1.0,adjective_agreement_0246,adjective_agreement,"neut noun, masc adj",-25.413524627685547,-31.712791442871094,5,5,1,3.6249999552965164,1.4999999403953552,1
INSAIT-Institute/MamayLM-Gemma-3-4B-IT-v1.0,adjective_agreement_0247,adjective_agreement,"masc noun, neut adj",-31.52602767944336,-38.290931701660156,11,11,1,3.624999925494194,4.875000029802322,1
INSAIT-Institute/MamayLM-Gemma-3-4B-IT-v1.0,adjective_agreement_0248,adjective_agreement,"masc noun, neut adj",-24.453502655029297,-31.464813232421875,6,6,1,3.625000074505806,5.874999932944775,1
INSAIT-Institute/MamayLM-Gemma-3-4B-IT-v1.0,adjective_agreement_0249,adjective_agreement,"neut noun, femn adj",-34.77138900756836,-37.44535827636719,6,6,1,2.8750001043081284,5.374999839812517,1
INSAIT-Institute/MamayLM-Gemma-3-4B-IT-v1.0,adjective_agreement_0250,adjective_agreement,"neut noun, masc adj",-34.565338134765625,-37.505035400390625,11,12,1,3.3750000298023224,3.874999910593033,1
INSAIT-Institute/MamayLM-Gemma-3-4B-IT-v1.0,adjective_agreement_0251,adjective_agreement,"femn noun, neut adj",-34.04827880859375,-39.063602447509766,5,5,1,2.4999999403953552,2.375000014901161,1
INSAIT-Institute/MamayLM-Gemma-3-4B-IT-v1.0,adjective_agreement_0252,adjective_agreement,"femn noun, neut adj",-35.36542510986328,-40.16959762573242,10,10,1,2.8750000596046448,2.9999999552965164,1
INSAIT-Institute/MamayLM-Gemma-3-4B-IT-v1.0,adjective_agreement_0253,adjective_agreement,"femn noun, neut adj",-35.018638610839844,-42.5088996887207,7,7,1,2.749999985098839,4.375000163912773,1
INSAIT-Institute/MamayLM-Gemma-3-4B-IT-v1.0,adjective_agreement_0254,adjective_agreement,"masc noun, femn adj",-32.81448745727539,-40.030311584472656,11,11,1,3.1249999403953552,4.999999970197678,1
INSAIT-Institute/MamayLM-Gemma-3-4B-IT-v1.0,adjective_agreement_0255,adjective_agreement,"femn noun, neut adj",-27.298398971557617,-32.088096618652344,6,7,1,2.999999910593033,3.374999985098839,1
INSAIT-Institute/MamayLM-Gemma-3-4B-IT-v1.0,adjective_agreement_0256,adjective_agreement,"neut noun, femn adj",-27.605308532714844,-36.404075622558594,6,5,1,2.1249999701976776,2.9999999180436134,1
INSAIT-Institute/MamayLM-Gemma-3-4B-IT-v1.0,adjective_agreement_0257,adjective_agreement,"neut noun, masc adj",-27.247032165527344,-32.212074279785156,9,9,1,3.4999999701976776,4.499999910593033,1
INSAIT-Institute/MamayLM-Gemma-3-4B-IT-v1.0,adjective_agreement_0258,adjective_agreement,"masc noun, neut adj",-36.684669494628906,-41.340965270996094,10,10,1,3.375000074505806,4.250000186264515,1
INSAIT-Institute/MamayLM-Gemma-3-4B-IT-v1.0,adjective_agreement_0259,adjective_agreement,"neut noun, femn adj",-34.42003631591797,-39.88786315917969,7,7,1,2.7500001043081284,4.374999810010195,1
INSAIT-Institute/MamayLM-Gemma-3-4B-IT-v1.0,adjective_agreement_0260,adjective_agreement,"neut noun, masc adj",-31.330617904663086,-34.39790344238281,11,11,1,1.2500000298023224,1.375,1
INSAIT-Institute/MamayLM-Gemma-3-4B-IT-v1.0,adjective_agreement_0261,adjective_agreement,"masc noun, femn adj",-26.125049591064453,-33.140899658203125,7,6,1,3.125000014901161,4.874999795109034,1
INSAIT-Institute/MamayLM-Gemma-3-4B-IT-v1.0,adjective_agreement_0262,adjective_agreement,"masc noun, femn adj",-32.42537307739258,-38.06989669799805,10,10,1,2.9999998956918716,3.625000111758709,1
INSAIT-Institute/MamayLM-Gemma-3-4B-IT-v1.0,adjective_agreement_0263,adjective_agreement,"femn noun, masc adj",-25.906234741210938,-34.69786834716797,5,5,1,2.8749999403953552,5.000000052154064,1
INSAIT-Institute/MamayLM-Gemma-3-4B-IT-v1.0,adjective_agreement_0264,adjective_agreement,"femn noun, masc adj",-30.839509963989258,-35.084747314453125,9,9,1,0.625,0.625,1
INSAIT-Institute/MamayLM-Gemma-3-4B-IT-v1.0,adjective_agreement_0265,adjective_agreement,"masc noun, femn adj",-29.241371154785156,-36.63524627685547,6,6,1,3.249999925494194,5.499999988824129,1
INSAIT-Institute/MamayLM-Gemma-3-4B-IT-v1.0,adjective_agreement_0266,adjective_agreement,"masc noun, neut adj",-26.51695442199707,-31.871726989746094,6,6,1,3.375000074505806,4.874999985098839,1
INSAIT-Institute/MamayLM-Gemma-3-4B-IT-v1.0,adjective_agreement_0267,adjective_agreement,"femn noun, masc adj",-30.271867752075195,-36.686309814453125,8,8,1,3.4999999403953552,3.8750000298023224,1
INSAIT-Institute/MamayLM-Gemma-3-4B-IT-v1.0,adjective_agreement_0268,adjective_agreement,"masc noun, femn adj",-29.10208511352539,-35.0447998046875,7,7,1,2.500000014901161,4.250000022351742,1
INSAIT-Institute/MamayLM-Gemma-3-4B-IT-v1.0,adjective_agreement_0269,adjective_agreement,"femn noun, masc adj",-33.37971496582031,-35.9843864440918,5,6,1,2.2500001192092896,3.124999947845936,1
INSAIT-Institute/MamayLM-Gemma-3-4B-IT-v1.0,adjective_agreement_0270,adjective_agreement,"masc noun, neut adj",-28.55936622619629,-33.476776123046875,8,8,1,2.375,5.875000074505806,1
INSAIT-Institute/MamayLM-Gemma-3-4B-IT-v1.0,adjective_agreement_0271,adjective_agreement,"femn noun, neut adj",-32.2161865234375,-39.35966873168945,8,8,1,2.3750000596046448,1.5,1
INSAIT-Institute/MamayLM-Gemma-3-4B-IT-v1.0,adjective_agreement_0272,adjective_agreement,"masc noun, neut adj",-27.788928985595703,-35.66120147705078,10,10,1,3.8750000298023224,4.875000160187483,1
INSAIT-Institute/MamayLM-Gemma-3-4B-IT-v1.0,adjective_agreement_0273,adjective_agreement,"neut noun, masc adj",-33.78074645996094,-36.2748908996582,8,9,1,2.874999910593033,2.6250000596046448,1
INSAIT-Institute/MamayLM-Gemma-3-4B-IT-v1.0,adjective_agreement_0274,adjective_agreement,"neut noun, femn adj",-33.45587158203125,-38.81089401245117,11,11,1,3.6249999552965164,2.749999910593033,1
INSAIT-Institute/MamayLM-Gemma-3-4B-IT-v1.0,adjective_agreement_0275,adjective_agreement,"femn noun, neut adj",-32.45260238647461,-45.32941818237305,7,7,1,2.499999910593033,5.874999992549419,1
INSAIT-Institute/MamayLM-Gemma-3-4B-IT-v1.0,adjective_agreement_0276,adjective_agreement,"neut noun, masc adj",-30.752124786376953,-36.13066864013672,9,9,1,3.1249998956918716,2.375,1
INSAIT-Institute/MamayLM-Gemma-3-4B-IT-v1.0,adjective_agreement_0277,adjective_agreement,"femn noun, neut adj",-25.805946350097656,-33.580360412597656,5,5,1,2.3750000298023224,4.499999761581421,1
INSAIT-Institute/MamayLM-Gemma-3-4B-IT-v1.0,adjective_agreement_0278,adjective_agreement,"masc noun, neut adj",-29.33425521850586,-32.32431411743164,5,6,1,2.375000089406967,-0.5000000596046448,1
INSAIT-Institute/MamayLM-Gemma-3-4B-IT-v1.0,adjective_agreement_0279,adjective_agreement,"masc noun, neut adj",-31.991165161132812,-37.652137756347656,6,7,1,2.3750000298023224,5.6250001564621925,1
INSAIT-Institute/MamayLM-Gemma-3-4B-IT-v1.0,adjective_agreement_0280,adjective_agreement,"masc noun, femn adj",-30.53196144104004,-36.3380012512207,10,10,1,3.125,1.8750000447034836,1
INSAIT-Institute/MamayLM-Gemma-3-4B-IT-v1.0,adjective_agreement_0281,adjective_agreement,"femn noun, neut adj",-33.81719970703125,-41.097198486328125,11,11,1,3.2499998807907104,3.125,1
INSAIT-Institute/MamayLM-Gemma-3-4B-IT-v1.0,adjective_agreement_0282,adjective_agreement,"masc noun, femn adj",-31.53045654296875,-40.10429382324219,7,7,1,2.5000000298023224,6.125000022351742,1
INSAIT-Institute/MamayLM-Gemma-3-4B-IT-v1.0,adjective_agreement_0283,adjective_agreement,"masc noun, neut adj",-32.196380615234375,-35.26404571533203,10,10,1,3.375000074505806,1.8749999105930328,1
INSAIT-Institute/MamayLM-Gemma-3-4B-IT-v1.0,adjective_agreement_0284,adjective_agreement,"neut noun, femn adj",-27.892282485961914,-37.75025177001953,6,6,1,1.7499999403953552,3.7499999552965164,1
INSAIT-Institute/MamayLM-Gemma-3-4B-IT-v1.0,adjective_agreement_0285,adjective_agreement,"femn noun, masc adj",-32.10954666137695,-37.54736328125,5,5,1,2.3749999701976776,4.749999802559614,1
INSAIT-Institute/MamayLM-Gemma-3-4B-IT-v1.0,adjective_agreement_0286,adjective_agreement,"neut noun, femn adj",-30.222293853759766,-36.67458724975586,7,6,1,2.500000089406967,3.3750000670552254,1
INSAIT-Institute/MamayLM-Gemma-3-4B-IT-v1.0,adjective_agreement_0287,adjective_agreement,"neut noun, femn adj",-32.606815338134766,-36.00968933105469,11,10,1,3.1249998807907104,3.6250001192092896,1
INSAIT-Institute/MamayLM-Gemma-3-4B-IT-v1.0,adjective_agreement_0288,adjective_agreement,"masc noun, neut adj",-29.563796997070312,-34.9317512512207,7,7,1,3.0000000298023224,4.500000074505806,1
INSAIT-Institute/MamayLM-Gemma-3-4B-IT-v1.0,adjective_agreement_0289,adjective_agreement,"neut noun, masc adj",-35.16012191772461,-38.945526123046875,11,12,1,1.6249999701976776,1.8749999552965164,1
INSAIT-Institute/MamayLM-Gemma-3-4B-IT-v1.0,adjective_agreement_0290,adjective_agreement,"neut noun, femn adj",-32.27263641357422,-38.11955261230469,9,9,1,3.2499999403953552,4.750000081956387,1
INSAIT-Institute/MamayLM-Gemma-3-4B-IT-v1.0,adjective_agreement_0291,adjective_agreement,"femn noun, neut adj",-33.31586456298828,-40.38621520996094,10,10,1,3.250000014901161,3.9999999031424522,1
INSAIT-Institute/MamayLM-Gemma-3-4B-IT-v1.0,adjective_agreement_0292,adjective_agreement,"femn noun, masc adj",-31.08894157409668,-35.92095184326172,6,6,1,1.25,4.875000052154064,1
INSAIT-Institute/MamayLM-Gemma-3-4B-IT-v1.0,adjective_agreement_0293,adjective_agreement,"masc noun, femn adj",-33.82365417480469,-41.66046142578125,10,10,1,3.1250001043081284,2.3750000447034836,1
INSAIT-Institute/MamayLM-Gemma-3-4B-IT-v1.0,adjective_agreement_0294,adjective_agreement,"femn noun, masc adj",-33.79515075683594,-39.38076400756836,6,6,1,2.375000074505806,4.125000223517418,1
INSAIT-Institute/MamayLM-Gemma-3-4B-IT-v1.0,adjective_agreement_0295,adjective_agreement,"femn noun, neut adj",-30.60919952392578,-39.3851432800293,5,5,1,2.8749999701976776,5.625000163912773,1
INSAIT-Institute/MamayLM-Gemma-3-4B-IT-v1.0,adjective_agreement_0296,adjective_agreement,"neut noun, femn adj",-30.220582962036133,-40.48003387451172,6,5,1,2.499999925494194,5.249999787658453,1
INSAIT-Institute/MamayLM-Gemma-3-4B-IT-v1.0,adjective_agreement_0297,adjective_agreement,"femn noun, masc adj",-33.00474548339844,-38.423370361328125,7,8,1,-1.8749999403953552,1.7499999552965164,0
INSAIT-Institute/MamayLM-Gemma-3-4B-IT-v1.0,adjective_agreement_0298,adjective_agreement,"femn noun, neut adj",-38.87858581542969,-44.89655303955078,6,6,1,1.8750000298023224,-0.4999999403953552,1
INSAIT-Institute/MamayLM-Gemma-3-4B-IT-v1.0,adjective_agreement_0299,adjective_agreement,"neut noun, masc adj",-28.25762939453125,-33.815635681152344,6,6,1,3.1250000596046448,2.624999985098839,1
INSAIT-Institute/MamayLM-Gemma-3-4B-IT-v1.0,calques_0000,calques,subtle: брати участь,-25.300085067749023,-29.97442626953125,8,9,1,2.749999925494194,5.125000029802322,1
INSAIT-Institute/MamayLM-Gemma-3-4B-IT-v1.0,calques_0001,calques,subtle: брати участь,-24.04238510131836,-30.314804077148438,10,10,1,3.6249999552965164,4.124999836087227,1
INSAIT-Institute/MamayLM-Gemma-3-4B-IT-v1.0,calques_0002,calques,subtle: брати участь,-30.696163177490234,-32.422332763671875,10,10,1,2.8749999701976776,4.125000186264515,1
INSAIT-Institute/MamayLM-Gemma-3-4B-IT-v1.0,calques_0003,calques,subtle: брати участь,-27.714736938476562,-31.146350860595703,11,11,1,3.7499998807907104,5.499999903142452,1
INSAIT-Institute/MamayLM-Gemma-3-4B-IT-v1.0,calques_0004,calques,subtle: вживати заходів,-31.1630916595459,-36.2983512878418,11,10,1,1.5000000596046448,0.8749999403953552,1
INSAIT-Institute/MamayLM-Gemma-3-4B-IT-v1.0,calques_0005,calques,subtle: вживати заходів,-29.327150344848633,-36.99013137817383,9,9,1,2.125000089406967,4.5000001192092896,1
INSAIT-Institute/MamayLM-Gemma-3-4B-IT-v1.0,calques_0006,calques,subtle: вживати заходів,-29.870403289794922,-32.30615997314453,10,9,1,0.7499999403953552,4.0000001937150955,1
INSAIT-Institute/MamayLM-Gemma-3-4B-IT-v1.0,calques_0007,calques,subtle: вживати заходів,-24.118555068969727,-34.52882385253906,9,8,1,1.9999999403953552,2.500000014901161,1
INSAIT-Institute/MamayLM-Gemma-3-4B-IT-v1.0,calques_0008,calques,subtle: протягом,-34.006614685058594,-42.742008209228516,11,11,1,2.999999985098839,5.000000037252903,1
INSAIT-Institute/MamayLM-Gemma-3-4B-IT-v1.0,calques_0009,calques,subtle: протягом,-32.0809326171875,-36.571807861328125,8,10,1,3.3749999403953552,2.5000000596046448,1
INSAIT-Institute/MamayLM-Gemma-3-4B-IT-v1.0,calques_0010,calques,subtle: протягом,-25.99224090576172,-31.388408660888672,10,10,1,3.625000089406967,3.750000037252903,1
INSAIT-Institute/MamayLM-Gemma-3-4B-IT-v1.0,calques_0011,calques,subtle: протягом,-28.330211639404297,-35.03718566894531,7,9,1,2.625000074505806,4.624999925494194,1
INSAIT-Institute/MamayLM-Gemma-3-4B-IT-v1.0,calques_0012,calques,subtle: збігатися,-26.626428604125977,-25.806896209716797,9,8,0,1.0,0.5,1
INSAIT-Institute/MamayLM-Gemma-3-4B-IT-v1.0,calques_0013,calques,subtle: збігатися,-37.313194274902344,-33.68332290649414,10,9,0,-2.250000014901161,-1.1249999701976776,0
INSAIT-Institute/MamayLM-Gemma-3-4B-IT-v1.0,calques_0014,calques,subtle: збігатися,-21.143186569213867,-23.80898666381836,8,7,1,0.375,-0.875,0
INSAIT-Institute/MamayLM-Gemma-3-4B-IT-v1.0,calques_0015,calques,subtle: збігатися,-27.689498901367188,-28.10002899169922,9,8,1,-2.124999985098839,-1.2500000596046448,0
INSAIT-Institute/MamayLM-Gemma-3-4B-IT-v1.0,calques_0016,calques,subtle: стосуватися,-33.76263427734375,-36.667518615722656,11,11,1,1.1250000298023224,3.6250000968575478,1
INSAIT-Institute/MamayLM-Gemma-3-4B-IT-v1.0,calques_0017,calques,subtle: стосуватися,-26.06787109375,-28.288951873779297,7,7,1,-2.749999910593033,3.625000052154064,1
INSAIT-Institute/MamayLM-Gemma-3-4B-IT-v1.0,calques_0018,calques,subtle: стосуватися,-28.391799926757812,-36.002952575683594,9,9,1,0.0,3.5000000596046448,1
INSAIT-Institute/MamayLM-Gemma-3-4B-IT-v1.0,calques_0019,calques,subtle: завдяки,-31.43987274169922,-37.275634765625,9,10,1,-0.875,4.999999798834324,1
INSAIT-Institute/MamayLM-Gemma-3-4B-IT-v1.0,calques_0020,calques,subtle: завдяки,-41.257408142089844,-46.53233337402344,13,14,1,3.2499999552965164,4.874999970197678,1
INSAIT-Institute/MamayLM-Gemma-3-4B-IT-v1.0,calques_0021,calques,subtle: завдяки,-31.783252716064453,-44.54236602783203,8,9,1,3.749999985098839,5.3750001192092896,1
INSAIT-Institute/MamayLM-Gemma-3-4B-IT-v1.0,calques_0022,calques,subtle: завдяки,-36.27515411376953,-40.93104934692383,12,13,1,0.875,4.500000052154064,1
INSAIT-Institute/MamayLM-Gemma-3-4B-IT-v1.0,calques_0023,calques,subtle: доводиться,-30.28654670715332,-35.82484817504883,11,10,1,3.874999985098839,4.499999925494194,1
INSAIT-Institute/MamayLM-Gemma-3-4B-IT-v1.0,calques_0024,calques,subtle: доводиться,-23.532617568969727,-26.264789581298828,8,9,1,2.3750000298023224,4.2500001564621925,1
INSAIT-Institute/MamayLM-Gemma-3-4B-IT-v1.0,calques_0025,calques,subtle: доводиться,-34.10856628417969,-38.69783401489258,12,11,1,2.7499999552965164,4.625000201165676,1
INSAIT-Institute/MamayLM-Gemma-3-4B-IT-v1.0,calques_0026,calques,subtle: доводиться,-36.09178161621094,-39.854373931884766,10,11,1,2.1249999403953552,2.8750000447034836,1
INSAIT-Institute/MamayLM-Gemma-3-4B-IT-v1.0,calques_0027,calques,subtle: наступний,-21.704498291015625,-33.05809020996094,10,12,1,4.124999791383743,1.2500000298023224,1
INSAIT-Institute/MamayLM-Gemma-3-4B-IT-v1.0,calques_0028,calques,subtle: наступний,-30.79822540283203,-37.386165618896484,10,14,1,0.6249999403953552,2.8750001043081284,1
INSAIT-Institute/MamayLM-Gemma-3-4B-IT-v1.0,calques_0029,calques,subtle: наступний,-29.875755310058594,-35.720176696777344,11,13,1,1.7499999403953552,1.8749999701976776,1
INSAIT-Institute/MamayLM-Gemma-3-4B-IT-v1.0,calques_0030,calques,subtle: наступний,-25.52810287475586,-30.76436424255371,9,12,1,0.0,4.875000201165676,1
INSAIT-Institute/MamayLM-Gemma-3-4B-IT-v1.0,calques_0031,calques,subtle: будь-який,-27.339962005615234,-31.03936767578125,12,10,1,2.1250000596046448,2.2500001043081284,1
INSAIT-Institute/MamayLM-Gemma-3-4B-IT-v1.0,calques_0032,calques,subtle: будь-який,-26.399749755859375,-35.95851516723633,11,9,1,2.375000014901161,2.8750000596046448,1
INSAIT-Institute/MamayLM-Gemma-3-4B-IT-v1.0,calques_0033,calques,subtle: будь-який,-30.188735961914062,-36.2127799987793,9,7,1,1.5000000596046448,2.7500000596046448,1
INSAIT-Institute/MamayLM-Gemma-3-4B-IT-v1.0,calques_0034,calques,subtle: виняток,-35.02816390991211,-39.83518600463867,13,14,1,2.3749999552965164,3.874999977648258,1
INSAIT-Institute/MamayLM-Gemma-3-4B-IT-v1.0,calques_0035,calques,subtle: виняток,-26.946474075317383,-29.7005558013916,8,8,1,1.1250000596046448,-0.625,1
INSAIT-Institute/MamayLM-Gemma-3-4B-IT-v1.0,calques_0036,calques,subtle: виняток,-34.04254150390625,-38.802268981933594,9,9,1,-0.9999999701976776,2.875000014901161,1
INSAIT-Institute/MamayLM-Gemma-3-4B-IT-v1.0,calques_0037,calques,subtle: щодо,-31.392223358154297,-34.118995666503906,11,12,1,3.3749999403953552,1.8750000298023224,1
INSAIT-Institute/MamayLM-Gemma-3-4B-IT-v1.0,calques_0038,calques,subtle: щодо,-31.69811248779297,-34.48804473876953,8,10,1,2.5000000596046448,2.874999925494194,1
INSAIT-Institute/MamayLM-Gemma-3-4B-IT-v1.0,calques_0039,calques,subtle: щодо,-37.453269958496094,-36.559783935546875,9,10,0,1.0000000298023224,1.5,1
INSAIT-Institute/MamayLM-Gemma-3-4B-IT-v1.0,calques_0040,calques,subtle: вважати,-26.996898651123047,-30.440345764160156,9,9,1,2.749999985098839,3.5000000298023224,1
INSAIT-Institute/MamayLM-Gemma-3-4B-IT-v1.0,calques_0041,calques,subtle: вважати,-33.24690246582031,-43.71238327026367,11,11,1,2.1249999701976776,5.3749998435378075,1
INSAIT-Institute/MamayLM-Gemma-3-4B-IT-v1.0,calques_0042,calques,subtle: вважати,-31.497169494628906,-37.38792037963867,9,9,1,3.500000074505806,2.3750001192092896,1
INSAIT-Institute/MamayLM-Gemma-3-4B-IT-v1.0,calques_0043,calques,subtle: вважати,-25.642677307128906,-27.81690216064453,8,8,1,1.9999999403953552,3.8750001043081284,1
INSAIT-Institute/MamayLM-Gemma-3-4B-IT-v1.0,calques_0044,calques,subtle: наводити приклад,-29.46905517578125,-31.686195373535156,8,8,1,1.5000000298023224,-0.5000000596046448,1
INSAIT-Institute/MamayLM-Gemma-3-4B-IT-v1.0,calques_0045,calques,subtle: наводити приклад,-22.848541259765625,-22.999114990234375,8,8,1,1.7499999701976776,0.125,1
INSAIT-Institute/MamayLM-Gemma-3-4B-IT-v1.0,calques_0046,calques,subtle: наводити приклад,-35.184288024902344,-36.161224365234375,10,10,1,1.0000000596046448,2.375000014901161,1
INSAIT-Institute/MamayLM-Gemma-3-4B-IT-v1.0,calques_0047,calques,subtle: укладати договір,-26.416156768798828,-30.54918098449707,9,8,1,1.2499999701976776,3.7499998956918716,1
INSAIT-Institute/MamayLM-Gemma-3-4B-IT-v1.0,calques_0048,calques,subtle: укладати договір,-32.91659164428711,-34.36915588378906,9,8,1,0.25,4.625000052154064,1
INSAIT-Institute/MamayLM-Gemma-3-4B-IT-v1.0,calques_0049,calques,subtle: укладати договір,-28.011566162109375,-30.755189895629883,8,7,1,-1.3750000298023224,4.000000223517418,1
INSAIT-Institute/MamayLM-Gemma-3-4B-IT-v1.0,calques_0050,calques,subtle: складати іспит,-28.43018341064453,-27.848194122314453,10,10,0,0.375,-0.125,1
INSAIT-Institute/MamayLM-Gemma-3-4B-IT-v1.0,calques_0051,calques,subtle: складати іспит,-26.591964721679688,-28.396892547607422,10,10,1,-0.6250000596046448,2.125000089406967,1
INSAIT-Institute/MamayLM-Gemma-3-4B-IT-v1.0,calques_0052,calques,subtle: навчальний,-23.740814208984375,-25.334949493408203,5,6,1,2.875000089406967,4.62499987706542,1
INSAIT-Institute/MamayLM-Gemma-3-4B-IT-v1.0,calques_0053,calques,subtle: навчальний,-18.68771743774414,-25.5911865234375,8,9,1,3.2499998956918716,3.9999998211860657,1
INSAIT-Institute/MamayLM-Gemma-3-4B-IT-v1.0,calques_0054,calques,subtle: навчальний,-31.375585556030273,-34.836448669433594,8,9,1,0.7500000596046448,4.625000014901161,1
INSAIT-Institute/MamayLM-Gemma-3-4B-IT-v1.0,calques_0055,calques,subtle: зіставляти,-36.12614059448242,-37.57343673706055,8,8,1,-3.6250000074505806,3.3749999180436134,0
INSAIT-Institute/MamayLM-Gemma-3-4B-IT-v1.0,calques_0056,calques,subtle: зіставляти,-32.371971130371094,-34.71215057373047,8,8,1,-1.6250000298023224,2.9999999180436134,1
INSAIT-Institute/MamayLM-Gemma-3-4B-IT-v1.0,calques_0057,calques,subtle: зіставляти,-28.998241424560547,-36.01011276245117,10,10,1,0.625,-0.125,1
INSAIT-Institute/MamayLM-Gemma-3-4B-IT-v1.0,calques_0058,calques,subtle: співпрацювати,-24.692459106445312,-31.25155258178711,9,11,1,3.750000089406967,2.625000074505806,1
INSAIT-Institute/MamayLM-Gemma-3-4B-IT-v1.0,calques_0059,calques,subtle: співпрацювати,-26.742990493774414,-33.07889938354492,8,10,1,3.1249998807907104,2.999999947845936,1
INSAIT-Institute/MamayLM-Gemma-3-4B-IT-v1.0,calques_0060,calques,subtle: перепрошую,-28.583141326904297,-29.414583206176758,10,11,1,1.7499999403953552,-0.8750000596046448,1
INSAIT-Institute/MamayLM-Gemma-3-4B-IT-v1.0,calques_0061,calques,subtle: перепрошую,-21.443702697753906,-23.28335952758789,10,11,1,1.5000000596046448,-0.125,1
INSAIT-Institute/MamayLM-Gemma-3-4B-IT-v1.0,calques_0062,calques,subtle: перепрошую,-33.705535888671875,-34.42289733886719,9,10,1,2.1250000298023224,-0.5,1
INSAIT-Institute/MamayLM-Gemma-3-4B-IT-v1.0,calques_0063,calques,subtle: захід,-23.133068084716797,-35.042030334472656,10,13,1,2.124999910593033,0.75,1
INSAIT-Institute/MamayLM-Gemma-3-4B-IT-v1.0,calques_0064,calques,subtle: захід,-27.741943359375,-38.413387298583984,8,12,1,3.1249999701976776,1.7499999403953552,1
INSAIT-Institute/MamayLM-Gemma-3-4B-IT-v1.0,calques_0065,calques,subtle: висновок,-27.298036575317383,-34.13380432128906,10,9,1,0.25,2.374999910593033,1
INSAIT-Institute/MamayLM-Gemma-3-4B-IT-v1.0,calques_0066,calques,subtle: висновок,-23.998130798339844,-26.12704849243164,8,7,1,1.0000000596046448,1.6250000596046448,1
INSAIT-Institute/MamayLM-Gemma-3-4B-IT-v1.0,calques_0067,calques,subtle: бути,-25.37713623046875,-30.74781608581543,6,7,1,3.5,5.499999992549419,1
INSAIT-Institute/MamayLM-Gemma-3-4B-IT-v1.0,calques_0068,calques,subtle: бути,-25.574909210205078,-31.58683967590332,8,9,1,4.625000178813934,1.7500000149011612,1
INSAIT-Institute/MamayLM-Gemma-3-4B-IT-v1.0,calques_0069,calques,subtle: бути,-32.01249694824219,-42.53832244873047,7,8,1,3.000000074505806,4.374999977648258,1
INSAIT-Institute/MamayLM-Gemma-3-4B-IT-v1.0,calques_0070,calques,subtle: становити,-30.024662017822266,-30.32772445678711,12,12,1,0.3749999403953552,1.1250000298023224,1
INSAIT-Institute/MamayLM-Gemma-3-4B-IT-v1.0,calques_0071,calques,subtle: становити,-30.665054321289062,-31.120952606201172,10,10,1,-0.75,1.9999998807907104,1
INSAIT-Institute/MamayLM-Gemma-3-4B-IT-v1.0,calques_0072,calques,subtle: становити,-25.670541763305664,-26.051971435546875,13,13,1,1.0,-0.25,1
INSAIT-Institute/MamayLM-Gemma-3-4B-IT-v1.0,calques_0073,calques,subtle: ймовірно,-35.05834197998047,-34.40265655517578,10,10,0,0.4999999403953552,2.1250000596046448,1
INSAIT-Institute/MamayLM-Gemma-3-4B-IT-v1.0,calques_0074,calques,subtle: ймовірно,-24.59334945678711,-25.989158630371094,7,8,1,0.5,0.5,1
INSAIT-Institute/MamayLM-Gemma-3-4B-IT-v1.0,calques_0075,calques,subtle: ймовірно,-34.397159576416016,-42.2259635925293,10,11,1,0.9999999403953552,2.3750001192092896,1
INSAIT-Institute/MamayLM-Gemma-3-4B-IT-v1.0,calques_0076,calques,subtle: брати до уваги,-25.78048324584961,-28.392868041992188,9,9,1,-0.625,1.6249999701976776,1
INSAIT-Institute/MamayLM-Gemma-3-4B-IT-v1.0,calques_0077,calques,subtle: брати до уваги,-27.17556381225586,-30.005992889404297,13,13,1,0.625,0.625,1
INSAIT-Institute/MamayLM-Gemma-3-4B-IT-v1.0,calques_0078,calques,subtle: порушити питання,-46.45008087158203,-40.82617950439453,9,10,0,0.5,-1.7499999701976776,0
INSAIT-Institute/MamayLM-Gemma-3-4B-IT-v1.0,calques_0079,calques,subtle: порушити питання,-38.568763732910156,-40.87299346923828,12,12,1,-2.1249998956918716,-1.5000000596046448,0
INSAIT-Institute/MamayLM-Gemma-3-4B-IT-v1.0,calques_0080,calques,subtle: оцінка,-27.664186477661133,-35.857276916503906,9,10,1,1.7499998807907104,0.7499999403953552,1
INSAIT-Institute/MamayLM-Gemma-3-4B-IT-v1.0,calques_0081,calques,subtle: оцінка,-32.070613861083984,-41.04895782470703,8,9,1,0.125,1.875000074505806,1
INSAIT-Institute/MamayLM-Gemma-3-4B-IT-v1.0,calques_0082,calques,subtle: бо (так як),-30.062177658081055,-36.77722930908203,12,13,1,2.625000074505806,3.625,1
INSAIT-Institute/MamayLM-Gemma-3-4B-IT-v1.0,calques_0083,calques,subtle: бо (так як),-32.74730682373047,-35.64749526977539,12,13,1,2.3749999701976776,1.9999998956918716,1
INSAIT-Institute/MamayLM-Gemma-3-4B-IT-v1.0,calques_0084,calques,subtle: досі,-24.807605743408203,-29.56580352783203,9,11,1,2.1249998807907104,1.875000074505806,1
INSAIT-Institute/MamayLM-Gemma-3-4B-IT-v1.0,calques_0085,calques,subtle: досі,-20.262311935424805,-25.284954071044922,10,12,1,1.6250000298023224,0.5,1
INSAIT-Institute/MamayLM-Gemma-3-4B-IT-v1.0,calques_0086,calques,subtle: незважаючи,-33.710784912109375,-34.36846160888672,14,15,1,1.9999999701976776,5.37500012665987,1
INSAIT-Institute/MamayLM-Gemma-3-4B-IT-v1.0,calques_0087,calques,subtle: незважаючи,-30.031986236572266,-34.06305694580078,15,16,1,2.5,4.125000074505806,1
INSAIT-Institute/MamayLM-Gemma-3-4B-IT-v1.0,calques_0088,calques,subtle: зрештою,-22.29620361328125,-33.99755859375,9,10,1,3.125000089406967,3.500000074505806,1
INSAIT-Institute/MamayLM-Gemma-3-4B-IT-v1.0,calques_0089,calques,subtle: принаймні,-28.675996780395508,-38.21617889404297,9,10,1,1.5000000298023224,3.7500000298023224,1
INSAIT-Institute/MamayLM-Gemma-3-4B-IT-v1.0,calques_0090,calques,overt: отримувати,-25.25799560546875,-28.958965301513672,5,5,1,3.624999925494194,4.9999999068677425,1
INSAIT-Institute/MamayLM-Gemma-3-4B-IT-v1.0,calques_0091,calques,overt: отримувати,-27.050886154174805,-33.300289154052734,8,8,1,4.124999836087227,6.8749998807907104,1
INSAIT-Institute/MamayLM-Gemma-3-4B-IT-v1.0,calques_0092,calques,overt: отримувати,-24.027725219726562,-25.79633140563965,6,5,1,3.8749998807907104,6.125000078231096,1
INSAIT-Institute/MamayLM-Gemma-3-4B-IT-v1.0,calques_0093,calques,overt: визначити,-30.144847869873047,-38.12411117553711,7,9,1,2.6250000596046448,5.999999836087227,1
INSAIT-Institute/MamayLM-Gemma-3-4B-IT-v1.0,calques_0094,calques,overt: визначити,-28.347972869873047,-34.399925231933594,7,9,1,3.7499998956918716,5.375000108033419,1
INSAIT-Institute/MamayLM-Gemma-3-4B-IT-v1.0,calques_0095,calques,overt: подобатися,-22.584041595458984,-29.36978530883789,9,8,1,4.9999998062849045,6.749999813735485,1
INSAIT-Institute/MamayLM-Gemma-3-4B-IT-v1.0,calques_0096,calques,overt: подобатися,-28.484085083007812,-35.342811584472656,8,7,1,3.5000001043081284,6.000000108033419,1
INSAIT-Institute/MamayLM-Gemma-3-4B-IT-v1.0,calques_0097,calques,overt: їсти,-24.81525421142578,-32.19171142578125,9,9,1,4.250000163912773,4.74999987334013,1
INSAIT-Institute/MamayLM-Gemma-3-4B-IT-v1.0,calques_0098,calques,overt: їсти,-22.038433074951172,-32.613609313964844,8,9,1,3.9999998956918716,3.249999947845936,1
INSAIT-Institute/MamayLM-Gemma-3-4B-IT-v1.0,calques_0099,calques,overt: взагалі,-20.278419494628906,-24.926036834716797,7,5,1,2.250000074505806,2.375000074505806,1
INSAIT-Institute/MamayLM-Gemma-3-4B-IT-v1.0,calques_0100,calques,overt: взагалі,-26.628660202026367,-35.36895751953125,10,8,1,3.250000074505806,5.249999959021807,1
INSAIT-Institute/MamayLM-Gemma-3-4B-IT-v1.0,calques_0101,calques,overt: звичайно,-20.778533935546875,-47.65060806274414,7,8,1,3.8750000298023224,4.874999776482582,1
INSAIT-Institute/MamayLM-Gemma-3-4B-IT-v1.0,calques_0102,calques,overt: дуже,-20.435192108154297,-27.479061126708984,5,5,1,4.249999955296516,6.374999957159162,1
INSAIT-Institute/MamayLM-Gemma-3-4B-IT-v1.0,calques_0103,calques,overt: бувай,-24.545652389526367,-23.093345642089844,7,7,0,1.4999999701976776,0.0,1
INSAIT-Institute/MamayLM-Gemma-3-4B-IT-v1.0,calques_0104,calques,overt: здаватися,-29.64433479309082,-38.8321418762207,9,10,1,3.9999998658895493,4.375000216066837,1
INSAIT-Institute/MamayLM-Gemma-3-4B-IT-v1.0,calques_0105,calques,overt: заважати,-26.56986427307129,-30.118974685668945,9,8,1,-0.75,1.8750000596046448,1
INSAIT-Institute/MamayLM-Gemma-3-4B-IT-v1.0,calques_0106,calques,overt: заважати,-29.075519561767578,-36.189422607421875,8,8,1,1.8749999105930328,1.7499999701976776,1
INSAIT-Institute/MamayLM-Gemma-3-4B-IT-v1.0,calques_0107,calques,overt: виходити,-20.197521209716797,-25.465721130371094,6,6,1,3.500000074505806,4.500000201165676,1
INSAIT-Institute/MamayLM-Gemma-3-4B-IT-v1.0,calques_0108,calques,overt: виходити,-25.103595733642578,-27.736083984375,7,7,1,2.124999925494194,2.125000014901161,1
INSAIT-Institute/MamayLM-Gemma-3-4B-IT-v1.0,calques_0109,calques,overt: вистачати,-22.254432678222656,-28.097171783447266,9,7,1,4.250000014901161,5.250000201165676,1
INSAIT-Institute/MamayLM-Gemma-3-4B-IT-v1.0,calques_0110,calques,overt: вистачати,-24.19416618347168,-34.767112731933594,9,8,1,-1.375,3.749999925494194,1
INSAIT-Institute/MamayLM-Gemma-3-4B-IT-v1.0,calques_0111,calques,overt: зараз,-23.635208129882812,-33.632896423339844,6,6,1,2.500000074505806,0.8749999403953552,1
INSAIT-Institute/MamayLM-Gemma-3-4B-IT-v1.0,calques_0112,calques,overt: гаразд,-24.412620544433594,-25.99150848388672,9,8,1,0.8750000596046448,2.4999999701976776,1
INSAIT-Institute/MamayLM-Gemma-3-4B-IT-v1.0,calques_0113,calques,overt: колишній,-30.837966918945312,-39.65855026245117,10,9,1,3.5000000596046448,5.375000007450581,1
INSAIT-Institute/MamayLM-Gemma-3-4B-IT-v1.0,calques_0114,calques,subtle: стосуватися,-29.981943130493164,-34.43643569946289,11,11,1,2.6249998807907104,3.124999910593033,1
INSAIT-Institute/MamayLM-Gemma-3-4B-IT-v1.0,calques_0115,calques,subtle: будь-який,-28.34976577758789,-36.3009147644043,11,9,1,3.0000001043081284,2.625000089406967,1
INSAIT-Institute/MamayLM-Gemma-3-4B-IT-v1.0,calques_0116,calques,subtle: виняток,-28.387500762939453,-29.998733520507812,9,9,1,0.25,1.3749999403953552,1
INSAIT-Institute/MamayLM-Gemma-3-4B-IT-v1.0,calques_0117,calques,subtle: щодо,-29.87045669555664,-37.58845520019531,9,11,1,2.999999910593033,4.375000052154064,1
INSAIT-Institute/MamayLM-Gemma-3-4B-IT-v1.0,calques_0118,calques,subtle: наводити приклад,-22.746166229248047,-23.06311798095703,7,7,1,-2.0000000298023224,2.000000014901161,0
INSAIT-Institute/MamayLM-Gemma-3-4B-IT-v1.0,calques_0119,calques,subtle: укладати договір,-30.785503387451172,-33.882972717285156,12,11,1,0.3750000596046448,4.000000223517418,1
INSAIT-Institute/MamayLM-Gemma-3-4B-IT-v1.0,calques_0120,calques,subtle: складати іспит,-35.871673583984375,-36.068519592285156,12,12,1,0.625,0.75,1
INSAIT-Institute/MamayLM-Gemma-3-4B-IT-v1.0,calques_0121,calques,subtle: складати іспит,-28.079744338989258,-28.640275955200195,12,12,1,1.7500000298023224,-0.375,1
INSAIT-Institute/MamayLM-Gemma-3-4B-IT-v1.0,calques_0122,calques,subtle: навчальний,-32.673919677734375,-35.63780975341797,7,8,1,3.1249999403953552,3.624999888241291,1
INSAIT-Institute/MamayLM-Gemma-3-4B-IT-v1.0,calques_0123,calques,subtle: зіставляти,-30.832359313964844,-38.313323974609375,9,9,1,0.3750000596046448,0.75,1
INSAIT-Institute/MamayLM-Gemma-3-4B-IT-v1.0,calques_0124,calques,subtle: співпрацювати,-27.588207244873047,-32.37543869018555,13,15,1,3.0000001043081284,3.999999947845936,1
INSAIT-Institute/MamayLM-Gemma-3-4B-IT-v1.0,calques_0125,calques,subtle: співпрацювати,-25.368757247924805,-31.199554443359375,9,11,1,3.875000149011612,0.8750000596046448,1
INSAIT-Institute/MamayLM-Gemma-3-4B-IT-v1.0,calques_0126,calques,subtle: перепрошую,-28.635128021240234,-30.44757080078125,8,9,1,0.625,0.125,1
INSAIT-Institute/MamayLM-Gemma-3-4B-IT-v1.0,calques_0127,calques,subtle: захід,-28.625316619873047,-35.15977096557617,6,10,1,2.7500000596046448,2.3750001043081284,1
INSAIT-Institute/MamayLM-Gemma-3-4B-IT-v1.0,calques_0128,calques,subtle: захід,-23.14133071899414,-29.12911605834961,7,11,1,3.1250001043081284,0.8750000298023224,1
INSAIT-Institute/MamayLM-Gemma-3-4B-IT-v1.0,calques_0129,calques,subtle: висновок,-24.5411434173584,-30.62242317199707,10,9,1,-0.5,3.500000111758709,1
INSAIT-Institute/MamayLM-Gemma-3-4B-IT-v1.0,calques_0130,calques,subtle: висновок,-26.704992294311523,-36.14251708984375,7,6,1,0.625,3.250000014901161,1
INSAIT-Institute/MamayLM-Gemma-3-4B-IT-v1.0,calques_0131,calques,subtle: бути,-26.71218490600586,-34.466304779052734,11,12,1,3.6249998956918716,5.375000089406967,1
INSAIT-Institute/MamayLM-Gemma-3-4B-IT-v1.0,calques_0132,calques,subtle: становити,-28.54070472717285,-31.877609252929688,10,10,1,2.1250000596046448,0.375,1
INSAIT-Institute/MamayLM-Gemma-3-4B-IT-v1.0,calques_0133,calques,subtle: ймовірно,-31.852657318115234,-33.038326263427734,8,9,1,0.9999999403953552,1.3749999701976776,1
INSAIT-Institute/MamayLM-Gemma-3-4B-IT-v1.0,calques_0134,calques,subtle: брати до уваги,-29.464073181152344,-33.93529510498047,10,9,1,0.125,1.6250000298023224,1
INSAIT-Institute/MamayLM-Gemma-3-4B-IT-v1.0,calques_0135,calques,subtle: брати до уваги,-28.473522186279297,-26.670082092285156,12,11,0,0.625,0.3749999403953552,1
INSAIT-Institute/MamayLM-Gemma-3-4B-IT-v1.0,calques_0136,calques,subtle: порушити питання,-34.32316589355469,-31.544811248779297,11,12,0,-0.7500000596046448,-1.7499999403953552,0
INSAIT-Institute/MamayLM-Gemma-3-4B-IT-v1.0,calques_0137,calques,subtle: порушити питання,-39.11236572265625,-37.82225036621094,8,9,0,-2.499999985098839,-0.6250000596046448,0
INSAIT-Institute/MamayLM-Gemma-3-4B-IT-v1.0,calques_0138,calques,subtle: оцінка,-40.65898132324219,-50.4959716796875,11,12,1,0.25,3.375000014901161,1
INSAIT-Institute/MamayLM-Gemma-3-4B-IT-v1.0,calques_0139,calques,subtle: оцінка,-27.064464569091797,-30.379627227783203,9,10,1,2.1250000447034836,1.2500000298023224,1
INSAIT-Institute/MamayLM-Gemma-3-4B-IT-v1.0,calques_0140,calques,subtle: бо (так як),-28.364215850830078,-32.89683532714844,12,13,1,2.750000074505806,4.1249997690320015,1
INSAIT-Institute/MamayLM-Gemma-3-4B-IT-v1.0,calques_0141,calques,subtle: бо (так як),-38.39728546142578,-47.066810607910156,12,13,1,2.4999999403953552,4.249999992549419,1
INSAIT-Institute/MamayLM-Gemma-3-4B-IT-v1.0,calques_0142,calques,subtle: досі,-31.32550811767578,-36.84320068359375,9,11,1,2.8749999552965164,-0.125,1
INSAIT-Institute/MamayLM-Gemma-3-4B-IT-v1.0,calques_0143,calques,subtle: досі,-25.00133514404297,-29.303386688232422,9,11,1,0.9999999403953552,1.6249999701976776,1
INSAIT-Institute/MamayLM-Gemma-3-4B-IT-v1.0,calques_0144,calques,subtle: незважаючи,-33.73475646972656,-37.051536560058594,12,13,1,2.2499999552965164,5.7499998062849045,1
INSAIT-Institute/MamayLM-Gemma-3-4B-IT-v1.0,calques_0145,calques,subtle: незважаючи,-32.65599822998047,-34.568504333496094,13,14,1,2.6250000596046448,4.499999813735485,1
INSAIT-Institute/MamayLM-Gemma-3-4B-IT-v1.0,calques_0146,calques,subtle: зрештою,-21.339738845825195,-34.26829147338867,10,11,1,3.125000074505806,2.124999985098839,1
INSAIT-Institute/MamayLM-Gemma-3-4B-IT-v1.0,calques_0147,calques,subtle: зрештою,-28.2136287689209,-33.182518005371094,9,11,1,2.625000014901161,4.749999932944775,1
INSAIT-Institute/MamayLM-Gemma-3-4B-IT-v1.0,calques_0148,calques,subtle: зрештою,-21.487377166748047,-34.09614562988281,11,12,1,2.375000014901161,2.875000089406967,1
INSAIT-Institute/MamayLM-Gemma-3-4B-IT-v1.0,calques_0149,calques,subtle: принаймні,-31.841449737548828,-40.22160339355469,10,11,1,-0.25,3.249999977648258,1
INSAIT-Institute/MamayLM-Gemma-3-4B-IT-v1.0,calques_0150,calques,subtle: принаймні,-31.232784271240234,-42.673179626464844,10,11,1,3.0000001043081284,3.750000037252903,1
INSAIT-Institute/MamayLM-Gemma-3-4B-IT-v1.0,calques_0151,calques,subtle: принаймні,-31.216217041015625,-40.912086486816406,10,11,1,0.75,1.7500000447034836,1
INSAIT-Institute/MamayLM-Gemma-3-4B-IT-v1.0,calques_0152,calques,overt: отримувати,-26.80093002319336,-36.900230407714844,8,7,1,4.250000044703484,6.4999998062849045,1
INSAIT-Institute/MamayLM-Gemma-3-4B-IT-v1.0,calques_0153,calques,overt: визначити,-29.381179809570312,-39.083377838134766,7,9,1,2.9999999403953552,6.124999932944775,1
INSAIT-Institute/MamayLM-Gemma-3-4B-IT-v1.0,calques_0154,calques,overt: визначити,-27.86087417602539,-31.56439971923828,9,11,1,3.500000074505806,5.999999955296516,1
INSAIT-Institute/MamayLM-Gemma-3-4B-IT-v1.0,calques_0155,calques,overt: подобатися,-24.323945999145508,-29.252065658569336,10,9,1,4.000000208616257,4.500000074505806,1
INSAIT-Institute/MamayLM-Gemma-3-4B-IT-v1.0,calques_0156,calques,overt: подобатися,-22.956783294677734,-29.370738983154297,9,8,1,4.375000044703484,5.749999776482582,1
INSAIT-Institute/MamayLM-Gemma-3-4B-IT-v1.0,calques_0157,calques,overt: їсти,-23.30062484741211,-30.21731948852539,6,7,1,4.749999821186066,1.7499999552965164,1
INSAIT-Institute/MamayLM-Gemma-3-4B-IT-v1.0,calques_0158,calques,overt: їсти,-24.874120712280273,-37.854705810546875,8,9,1,3.750000089406967,4.500000115483999,1
INSAIT-Institute/MamayLM-Gemma-3-4B-IT-v1.0,calques_0159,calques,overt: взагалі,-22.267187118530273,-29.83135986328125,8,6,1,2.750000074505806,4.250000089406967,1
INSAIT-Institute/MamayLM-Gemma-3-4B-IT-v1.0,calques_0160,calques,overt: взагалі,-27.64153289794922,-34.67018127441406,9,7,1,3.1249999403953552,2.375000074505806,1
INSAIT-Institute/MamayLM-Gemma-3-4B-IT-v1.0,calques_0161,calques,overt: звичайно,-26.101364135742188,-46.413124084472656,7,8,1,3.8750002086162567,5.249999798834324,1
INSAIT-Institute/MamayLM-Gemma-3-4B-IT-v1.0,calques_0162,calques,overt: звичайно,-23.72726821899414,-39.007877349853516,9,10,1,3.6249999403953552,5.499999783933163,1
INSAIT-Institute/MamayLM-Gemma-3-4B-IT-v1.0,calques_0163,calques,overt: звичайно,-24.0284366607666,-43.67632293701172,9,10,1,3.500000089406967,4.874999858438969,1
INSAIT-Institute/MamayLM-Gemma-3-4B-IT-v1.0,calques_0164,calques,overt: дуже,-17.43703842163086,-26.709489822387695,6,6,1,5.124999925494194,5.874999839812517,1
INSAIT-Institute/MamayLM-Gemma-3-4B-IT-v1.0,calques_0165,calques,overt: дуже,-22.89938735961914,-34.8013916015625,7,7,1,4.249999895691872,6.249999810010195,1
INSAIT-Institute/MamayLM-Gemma-3-4B-IT-v1.0,calques_0166,calques,overt: дуже,-18.099117279052734,-21.50424575805664,5,4,1,3.375000074505806,7.124999936670065,1
INSAIT-Institute/MamayLM-Gemma-3-4B-IT-v1.0,calques_0167,calques,overt: бувай,-30.307653427124023,-30.096343994140625,9,9,0,1.8749999105930328,-0.8750000596046448,1
INSAIT-Institute/MamayLM-Gemma-3-4B-IT-v1.0,calques_0168,calques,overt: бувай,-23.736316680908203,-24.347036361694336,5,4,1,1.5000000596046448,3.3750001043081284,1
INSAIT-Institute/MamayLM-Gemma-3-4B-IT-v1.0,calques_0169,calques,overt: бувай,-28.26619529724121,-29.56231689453125,7,7,1,1.3749999701976776,0.5,1
INSAIT-Institute/MamayLM-Gemma-3-4B-IT-v1.0,calques_0170,calques,overt: здаватися,-25.018329620361328,-36.03938293457031,8,9,1,3.8749997913837433,5.000000178813934,1
INSAIT-Institute/MamayLM-Gemma-3-4B-IT-v1.0,calques_0171,calques,overt: здаватися,-27.655122756958008,-32.90357208251953,9,9,1,4.125000104308128,1.1250000596046448,1
INSAIT-Institute/MamayLM-Gemma-3-4B-IT-v1.0,calques_0172,calques,overt: здаватися,-32.59258270263672,-39.050682067871094,13,13,1,1.1250000298023224,3.3750000596046448,1
INSAIT-Institute/MamayLM-Gemma-3-4B-IT-v1.0,calques_0173,calques,overt: заважати,-33.25848388671875,-41.091007232666016,11,11,1,2.125000089406967,2.3750000596046448,1
INSAIT-Institute/MamayLM-Gemma-3-4B-IT-v1.0,calques_0174,calques,overt: заважати,-28.74418830871582,-33.11901092529297,7,7,1,0.5,4.374999865889549,1
INSAIT-Institute/MamayLM-Gemma-3-4B-IT-v1.0,calques_0175,calques,overt: виходити,-17.406742095947266,-22.622337341308594,7,7,1,3.0000000298023224,0.4999999403953552,1
INSAIT-Institute/MamayLM-Gemma-3-4B-IT-v1.0,calques_0176,calques,overt: виходити,-29.59296417236328,-33.598426818847656,8,8,1,2.7499999701976776,4.874999947845936,1
INSAIT-Institute/MamayLM-Gemma-3-4B-IT-v1.0,calques_0177,calques,overt: вистачати,-27.913347244262695,-32.39841842651367,7,5,1,2.1249999701976776,4.374999817460775,1
INSAIT-Institute/MamayLM-Gemma-3-4B-IT-v1.0,calques_0178,calques,overt: вистачати,-26.490795135498047,-32.43178176879883,6,5,1,1.9999998956918716,3.749999947845936,1
INSAIT-Institute/MamayLM-Gemma-3-4B-IT-v1.0,calques_0179,calques,overt: зараз,-25.14837646484375,-31.7342586517334,7,7,1,3.6250000447034836,4.625000189989805,1
INSAIT-Institute/MamayLM-Gemma-3-4B-IT-v1.0,calques_0180,calques,overt: зараз,-23.979846954345703,-28.376964569091797,7,6,1,3.250000074505806,4.625000067055225,1
INSAIT-Institute/MamayLM-Gemma-3-4B-IT-v1.0,calques_0181,calques,overt: зараз,-21.076068878173828,-28.836015701293945,8,8,1,4.125000089406967,4.374999947845936,1
INSAIT-Institute/MamayLM-Gemma-3-4B-IT-v1.0,calques_0182,calques,overt: гаразд,-26.97340965270996,-26.47491455078125,8,7,0,0.875,2.4999999403953552,1
INSAIT-Institute/MamayLM-Gemma-3-4B-IT-v1.0,calques_0183,calques,overt: гаразд,-31.896291732788086,-34.064918518066406,8,7,1,-1.3750000298023224,0.8749999701976776,0
INSAIT-Institute/MamayLM-Gemma-3-4B-IT-v1.0,calques_0184,calques,overt: гаразд,-25.7608642578125,-25.99615478515625,8,7,1,0.625,2.124999985098839,1
INSAIT-Institute/MamayLM-Gemma-3-4B-IT-v1.0,calques_0185,calques,overt: колишній,-29.63822364807129,-36.16059875488281,8,7,1,3.1250000447034836,5.000000201165676,1
INSAIT-Institute/MamayLM-Gemma-3-4B-IT-v1.0,calques_0186,calques,overt: колишній,-30.36042022705078,-35.87054443359375,11,10,1,3.0000000298023224,4.874999895691872,1
INSAIT-Institute/MamayLM-Gemma-3-4B-IT-v1.0,calques_0187,calques,overt: колишній,-31.900890350341797,-39.85874938964844,11,10,1,3.249999985098839,4.999999821186066,1
INSAIT-Institute/MamayLM-Gemma-3-4B-IT-v1.0,control_subject_verb_0000,control_subject_verb,past-tense gender,-38.80591583251953,-45.90538024902344,12,12,1,3.6249998807907104,5.125000044703484,1
INSAIT-Institute/MamayLM-Gemma-3-4B-IT-v1.0,control_subject_verb_0001,control_subject_verb,past-tense gender,-34.78569793701172,-43.773338317871094,9,9,1,2.125,1.7499999105930328,1
INSAIT-Institute/MamayLM-Gemma-3-4B-IT-v1.0,control_subject_verb_0002,control_subject_verb,past-tense gender,-33.707679748535156,-38.12413024902344,8,8,1,3.5,5.499999776482582,1
INSAIT-Institute/MamayLM-Gemma-3-4B-IT-v1.0,control_subject_verb_0003,control_subject_verb,past-tense gender,-30.52585220336914,-36.188072204589844,9,9,1,3.749999925494194,5.250000134110451,1
INSAIT-Institute/MamayLM-Gemma-3-4B-IT-v1.0,control_subject_verb_0004,control_subject_verb,past-tense gender,-32.57516098022461,-38.40550231933594,9,9,1,3.749999925494194,2.874999925494194,1
INSAIT-Institute/MamayLM-Gemma-3-4B-IT-v1.0,control_subject_verb_0005,control_subject_verb,past-tense gender,-45.440277099609375,-51.03705596923828,9,9,1,3.6250000596046448,4.499999925494194,1
INSAIT-Institute/MamayLM-Gemma-3-4B-IT-v1.0,control_subject_verb_0006,control_subject_verb,past-tense gender,-36.30162811279297,-42.456180572509766,7,7,1,3.0000000298023224,1.2500000596046448,1
INSAIT-Institute/MamayLM-Gemma-3-4B-IT-v1.0,control_subject_verb_0007,control_subject_verb,past-tense gender,-34.72502899169922,-39.086509704589844,9,10,1,3.7499999701976776,5.250000141561031,1
INSAIT-Institute/MamayLM-Gemma-3-4B-IT-v1.0,control_subject_verb_0008,control_subject_verb,past-tense gender,-33.84587097167969,-37.947994232177734,10,11,1,4.499999850988388,4.124999783933163,1
INSAIT-Institute/MamayLM-Gemma-3-4B-IT-v1.0,control_subject_verb_0009,control_subject_verb,past-tense gender,-45.700401306152344,-53.31067657470703,11,11,1,2.9999999403953552,3.2500000819563866,1
INSAIT-Institute/MamayLM-Gemma-3-4B-IT-v1.0,control_subject_verb_0010,control_subject_verb,past-tense gender,-44.044525146484375,-50.46211624145508,11,11,1,3.374999910593033,5.000000029802322,1
INSAIT-Institute/MamayLM-Gemma-3-4B-IT-v1.0,control_subject_verb_0011,control_subject_verb,past-tense gender,-32.80583572387695,-40.598716735839844,9,9,1,2.999999985098839,3.6249999925494194,1
INSAIT-Institute/MamayLM-Gemma-3-4B-IT-v1.0,control_subject_verb_0012,control_subject_verb,past-tense gender,-31.327878952026367,-38.93511199951172,9,9,1,3.0000001192092896,-0.875,1
INSAIT-Institute/MamayLM-Gemma-3-4B-IT-v1.0,control_subject_verb_0013,control_subject_verb,past-tense gender,-29.85407829284668,-38.54389953613281,10,10,1,3.000000089406967,2.8750000968575478,1
INSAIT-Institute/MamayLM-Gemma-3-4B-IT-v1.0,control_subject_verb_0014,control_subject_verb,past-tense gender,-34.995384216308594,-39.00509262084961,8,9,1,3.625000089406967,5.125000149011612,1
INSAIT-Institute/MamayLM-Gemma-3-4B-IT-v1.0,control_subject_verb_0015,control_subject_verb,past-tense gender,-37.375587463378906,-44.394615173339844,10,10,1,3.625,4.875000141561031,1
INSAIT-Institute/MamayLM-Gemma-3-4B-IT-v1.0,control_subject_verb_0016,control_subject_verb,past-tense gender,-38.90998840332031,-43.50590515136719,9,9,1,3.5000001192092896,4.249999985098839,1
INSAIT-Institute/MamayLM-Gemma-3-4B-IT-v1.0,control_subject_verb_0017,control_subject_verb,past-tense gender,-37.78434753417969,-43.46409606933594,8,8,1,2.7499999701976776,3.750000111758709,1
INSAIT-Institute/MamayLM-Gemma-3-4B-IT-v1.0,control_subject_verb_0018,control_subject_verb,past-tense gender,-41.21771240234375,-47.47908020019531,10,10,1,2.8750000447034836,3.374999962747097,1
INSAIT-Institute/MamayLM-Gemma-3-4B-IT-v1.0,control_subject_verb_0019,control_subject_verb,past-tense gender,-31.387603759765625,-35.47109603881836,8,9,1,3.6250001043081284,4.249999910593033,1
INSAIT-Institute/MamayLM-Gemma-3-4B-IT-v1.0,control_subject_verb_0020,control_subject_verb,past-tense gender,-35.424781799316406,-40.31753921508789,9,10,1,4.625000149011612,3.7499998956918716,1
INSAIT-Institute/MamayLM-Gemma-3-4B-IT-v1.0,control_subject_verb_0021,control_subject_verb,past-tense gender,-37.61766052246094,-45.25461959838867,10,10,1,2.6250000596046448,-0.625,1
INSAIT-Institute/MamayLM-Gemma-3-4B-IT-v1.0,control_subject_verb_0022,control_subject_verb,past-tense gender,-44.456478118896484,-53.36609649658203,10,10,1,2.624999910593033,3.375000052154064,1
INSAIT-Institute/MamayLM-Gemma-3-4B-IT-v1.0,control_subject_verb_0023,control_subject_verb,past-tense gender,-31.107894897460938,-37.02766036987305,10,10,1,4.000000029802322,3.6250000447034836,1
INSAIT-Institute/MamayLM-Gemma-3-4B-IT-v1.0,control_subject_verb_0024,control_subject_verb,past-tense gender,-35.68172836303711,-39.37787628173828,9,9,1,3.8750000596046448,4.375000141561031,1
INSAIT-Institute/MamayLM-Gemma-3-4B-IT-v1.0,control_subject_verb_0025,control_subject_verb,past-tense gender,-37.23002243041992,-42.51061248779297,11,11,1,2.625,-0.25,1
INSAIT-Institute/MamayLM-Gemma-3-4B-IT-v1.0,control_subject_verb_0026,control_subject_verb,past-tense gender,-38.20135498046875,-43.244041442871094,10,10,1,3.7499999701976776,4.875000141561031,1
INSAIT-Institute/MamayLM-Gemma-3-4B-IT-v1.0,control_subject_verb_0027,control_subject_verb,past-tense gender,-32.0965576171875,-38.81969451904297,9,9,1,3.9999998956918716,4.250000089406967,1
INSAIT-Institute/MamayLM-Gemma-3-4B-IT-v1.0,control_subject_verb_0028,control_subject_verb,past-tense gender,-33.404998779296875,-37.61703872680664,8,8,1,3.1250000596046448,5.125000208616257,1
INSAIT-Institute/MamayLM-Gemma-3-4B-IT-v1.0,control_subject_verb_0029,control_subject_verb,past-tense gender,-42.59333801269531,-48.226829528808594,10,10,1,3.374999925494194,4.749999947845936,1
INSAIT-Institute/MamayLM-Gemma-3-4B-IT-v1.0,control_subject_verb_0030,control_subject_verb,past-tense gender,-37.04077911376953,-44.31023025512695,11,11,1,3.8749998807907104,4.375,1
INSAIT-Institute/MamayLM-Gemma-3-4B-IT-v1.0,control_subject_verb_0031,control_subject_verb,past-tense gender,-31.774621963500977,-38.94842529296875,8,8,1,2.374999910593033,5.375000152736902,1
INSAIT-Institute/MamayLM-Gemma-3-4B-IT-v1.0,control_subject_verb_0032,control_subject_verb,past-tense gender,-46.601539611816406,-51.24070739746094,9,9,1,2.000000089406967,4.374999992549419,1
INSAIT-Institute/MamayLM-Gemma-3-4B-IT-v1.0,control_subject_verb_0033,control_subject_verb,past-tense gender,-38.031803131103516,-47.50027084350586,9,9,1,1.9999999701976776,1.7500000596046448,1
INSAIT-Institute/MamayLM-Gemma-3-4B-IT-v1.0,control_subject_verb_0034,control_subject_verb,past-tense gender,-32.1446533203125,-38.921146392822266,11,11,1,4.374999850988388,2.374999925494194,1
INSAIT-Institute/MamayLM-Gemma-3-4B-IT-v1.0,control_subject_verb_0035,control_subject_verb,past-tense gender,-37.65367889404297,-44.91055679321289,10,10,1,3.499999910593033,4.750000111758709,1
INSAIT-Institute/MamayLM-Gemma-3-4B-IT-v1.0,control_subject_verb_0036,control_subject_verb,past-tense gender,-41.84843444824219,-47.39698028564453,9,9,1,3.6249999403953552,4.249999925494194,1
INSAIT-Institute/MamayLM-Gemma-3-4B-IT-v1.0,control_subject_verb_0037,control_subject_verb,past-tense gender,-30.707000732421875,-40.4058837890625,9,9,1,3.625,4.375000104308128,1
INSAIT-Institute/MamayLM-Gemma-3-4B-IT-v1.0,control_subject_verb_0038,control_subject_verb,past-tense gender,-38.89745330810547,-46.21162414550781,9,9,1,2.875,0.9999999701976776,1
INSAIT-Institute/MamayLM-Gemma-3-4B-IT-v1.0,control_subject_verb_0039,control_subject_verb,past-tense gender,-37.08524703979492,-44.16078186035156,9,9,1,3.999999985098839,4.875000178813934,1
INSAIT-Institute/MamayLM-Gemma-3-4B-IT-v1.0,control_subject_verb_0040,control_subject_verb,past-tense gender,-36.22330093383789,-43.16848373413086,8,8,1,2.7500000298023224,4.0000001564621925,1
INSAIT-Institute/MamayLM-Gemma-3-4B-IT-v1.0,control_subject_verb_0041,control_subject_verb,past-tense gender,-28.136035919189453,-34.881813049316406,9,9,1,3.5,5.124999895691872,1
INSAIT-Institute/MamayLM-Gemma-3-4B-IT-v1.0,control_subject_verb_0042,control_subject_verb,past-tense gender,-27.920549392700195,-36.1314582824707,9,9,1,2.9999999552965164,2.874999985098839,1
INSAIT-Institute/MamayLM-Gemma-3-4B-IT-v1.0,control_subject_verb_0043,control_subject_verb,past-tense gender,-45.535980224609375,-55.05577087402344,10,10,1,0.7499999403953552,3.250000074505806,1
INSAIT-Institute/MamayLM-Gemma-3-4B-IT-v1.0,control_subject_verb_0044,control_subject_verb,past-tense gender,-35.08003234863281,-40.627960205078125,8,8,1,3.8750000596046448,5.3750001564621925,1
INSAIT-Institute/MamayLM-Gemma-3-4B-IT-v1.0,control_subject_verb_0045,control_subject_verb,past-tense gender,-36.289337158203125,-40.6632080078125,9,9,1,4.125000074505806,4.2499998807907104,1
INSAIT-Institute/MamayLM-Gemma-3-4B-IT-v1.0,control_subject_verb_0046,control_subject_verb,past-tense gender,-35.18086624145508,-46.84163284301758,10,10,1,3.2500000298023224,4.874999932944775,1
INSAIT-Institute/MamayLM-Gemma-3-4B-IT-v1.0,control_subject_verb_0047,control_subject_verb,past-tense gender,-42.12290573120117,-49.62193298339844,9,9,1,2.7500000298023224,-0.3749999403953552,1
INSAIT-Institute/MamayLM-Gemma-3-4B-IT-v1.0,control_subject_verb_0048,control_subject_verb,past-tense gender,-31.35196304321289,-37.9876708984375,8,8,1,4.000000134110451,4.625000037252903,1
INSAIT-Institute/MamayLM-Gemma-3-4B-IT-v1.0,control_subject_verb_0049,control_subject_verb,past-tense gender,-34.248355865478516,-39.07863998413086,8,8,1,3.9999998807907104,5.374999828636646,1
INSAIT-Institute/MamayLM-Gemma-3-4B-IT-v1.0,control_subject_verb_0050,control_subject_verb,past-tense gender,-28.093467712402344,-34.732879638671875,9,9,1,4.125000014901161,4.624999836087227,1
INSAIT-Institute/MamayLM-Gemma-3-4B-IT-v1.0,control_subject_verb_0051,control_subject_verb,past-tense gender,-44.422523498535156,-49.25988006591797,8,8,1,2.9999999403953552,3.874999985098839,1
INSAIT-Institute/MamayLM-Gemma-3-4B-IT-v1.0,control_subject_verb_0052,control_subject_verb,past-tense gender,-35.683170318603516,-40.8764762878418,11,11,1,3.1250000298023224,4.749999977648258,1
INSAIT-Institute/MamayLM-Gemma-3-4B-IT-v1.0,control_subject_verb_0053,control_subject_verb,past-tense gender,-41.41500473022461,-47.154991149902344,9,9,1,3.749999910593033,5.2499998062849045,1
INSAIT-Institute/MamayLM-Gemma-3-4B-IT-v1.0,control_subject_verb_0054,control_subject_verb,past-tense gender,-39.40552520751953,-46.396034240722656,10,10,1,3.625000089406967,5.124999962747097,1
INSAIT-Institute/MamayLM-Gemma-3-4B-IT-v1.0,control_subject_verb_0055,control_subject_verb,past-tense gender,-48.301246643066406,-58.05052185058594,11,11,1,-0.125,2.6250001043081284,1
INSAIT-Institute/MamayLM-Gemma-3-4B-IT-v1.0,control_subject_verb_0056,control_subject_verb,past-tense gender,-35.121726989746094,-42.1584358215332,10,10,1,4.374999895691872,1.6250000596046448,1
INSAIT-Institute/MamayLM-Gemma-3-4B-IT-v1.0,control_subject_verb_0057,control_subject_verb,past-tense gender,-35.80062484741211,-44.0740966796875,10,10,1,2.8750001043081284,0.25,1
INSAIT-Institute/MamayLM-Gemma-3-4B-IT-v1.0,control_subject_verb_0058,control_subject_verb,past-tense gender,-49.257362365722656,-54.58734130859375,9,9,1,2.3750000596046448,2.3750000596046448,1
INSAIT-Institute/MamayLM-Gemma-3-4B-IT-v1.0,control_subject_verb_0059,control_subject_verb,past-tense gender,-36.7406005859375,-42.682701110839844,10,10,1,3.375000089406967,3.374999888241291,1
INSAIT-Institute/MamayLM-Gemma-3-4B-IT-v1.0,control_subject_verb_0060,control_subject_verb,past-tense gender,-32.072994232177734,-35.96516036987305,9,9,1,3.3750000298023224,5.500000014901161,1
INSAIT-Institute/MamayLM-Gemma-3-4B-IT-v1.0,control_subject_verb_0061,control_subject_verb,past-tense gender,-46.5072021484375,-55.795265197753906,12,12,1,0.0,2.0000001043081284,1
INSAIT-Institute/MamayLM-Gemma-3-4B-IT-v1.0,control_subject_verb_0062,control_subject_verb,past-tense gender,-47.02106857299805,-56.352508544921875,11,11,1,0.25,2.6249999403953552,1
INSAIT-Institute/MamayLM-Gemma-3-4B-IT-v1.0,control_subject_verb_0063,control_subject_verb,past-tense gender,-34.656333923339844,-41.379356384277344,9,9,1,3.6250001043081284,4.250000029802322,1
INSAIT-Institute/MamayLM-Gemma-3-4B-IT-v1.0,control_subject_verb_0064,control_subject_verb,past-tense gender,-35.91807174682617,-47.46358871459961,11,11,1,3.250000089406967,4.249999798834324,1
INSAIT-Institute/MamayLM-Gemma-3-4B-IT-v1.0,control_subject_verb_0065,control_subject_verb,past-tense gender,-33.04443359375,-39.763614654541016,9,9,1,3.625,5.624999798834324,1
INSAIT-Institute/MamayLM-Gemma-3-4B-IT-v1.0,control_subject_verb_0066,control_subject_verb,past-tense gender,-44.97743606567383,-50.19932174682617,9,9,1,2.6250000596046448,2.9999999701976776,1
INSAIT-Institute/MamayLM-Gemma-3-4B-IT-v1.0,control_subject_verb_0067,control_subject_verb,past-tense gender,-31.340707778930664,-40.02808380126953,11,11,1,2.875,1.1249999701976776,1
INSAIT-Institute/MamayLM-Gemma-3-4B-IT-v1.0,control_subject_verb_0068,control_subject_verb,past-tense gender,-29.271265029907227,-35.784812927246094,7,7,1,3.2500000596046448,2.1249998956918716,1
INSAIT-Institute/MamayLM-Gemma-3-4B-IT-v1.0,control_subject_verb_0069,control_subject_verb,past-tense gender,-35.27783203125,-42.32311248779297,9,9,1,4.124999940395355,4.749999865889549,1
INSAIT-Institute/MamayLM-Gemma-3-4B-IT-v1.0,control_subject_verb_0070,control_subject_verb,past-tense gender,-43.05781936645508,-49.848419189453125,11,11,1,2.5,3.875000074505806,1
INSAIT-Institute/MamayLM-Gemma-3-4B-IT-v1.0,control_subject_verb_0071,control_subject_verb,past-tense gender,-42.751365661621094,-50.58500671386719,11,11,1,2.6250000298023224,3.999999925494194,1
INSAIT-Institute/MamayLM-Gemma-3-4B-IT-v1.0,control_subject_verb_0072,control_subject_verb,past-tense gender,-34.18408203125,-38.90061569213867,9,9,1,3.625,5.500000070780516,1
INSAIT-Institute/MamayLM-Gemma-3-4B-IT-v1.0,control_subject_verb_0073,control_subject_verb,past-tense gender,-29.349287033081055,-36.93800735473633,8,8,1,3.1250000298023224,-0.6249999403953552,1
INSAIT-Institute/MamayLM-Gemma-3-4B-IT-v1.0,control_subject_verb_0074,control_subject_verb,past-tense gender,-32.33214569091797,-39.57337951660156,10,10,1,4.3750001192092896,2.1250000447034836,1
INSAIT-Institute/MamayLM-Gemma-3-4B-IT-v1.0,control_subject_verb_0075,control_subject_verb,past-tense gender,-36.479103088378906,-43.041786193847656,8,8,1,3.2499999403953552,4.625000104308128,1
INSAIT-Institute/MamayLM-Gemma-3-4B-IT-v1.0,control_subject_verb_0076,control_subject_verb,past-tense gender,-33.8731689453125,-39.877899169921875,11,11,1,3.999999850988388,3.7499999925494194,1
INSAIT-Institute/MamayLM-Gemma-3-4B-IT-v1.0,control_subject_verb_0077,control_subject_verb,past-tense gender,-37.992435455322266,-47.14251708984375,9,9,1,1.3749999403953552,0.125,1
INSAIT-Institute/MamayLM-Gemma-3-4B-IT-v1.0,control_subject_verb_0078,control_subject_verb,past-tense gender,-37.38997268676758,-45.41131591796875,9,9,1,2.9999999701976776,3.624999977648258,1
INSAIT-Institute/MamayLM-Gemma-3-4B-IT-v1.0,control_subject_verb_0079,control_subject_verb,past-tense gender,-35.938819885253906,-42.07775115966797,8,8,1,3.749999925494194,5.750000081956387,1
INSAIT-Institute/MamayLM-Gemma-3-4B-IT-v1.0,control_subject_verb_0080,control_subject_verb,past-tense gender,-32.076812744140625,-38.58353042602539,10,10,1,4.124999985098839,4.5,1
INSAIT-Institute/MamayLM-Gemma-3-4B-IT-v1.0,control_subject_verb_0081,control_subject_verb,past-tense gender,-44.9401969909668,-50.912933349609375,9,9,1,2.499999910593033,5.125000171363354,1
INSAIT-Institute/MamayLM-Gemma-3-4B-IT-v1.0,control_subject_verb_0082,control_subject_verb,past-tense gender,-50.11309051513672,-55.37642288208008,11,11,1,2.2499998807907104,2.499999910593033,1
INSAIT-Institute/MamayLM-Gemma-3-4B-IT-v1.0,control_subject_verb_0083,control_subject_verb,past-tense gender,-44.544219970703125,-49.912078857421875,11,11,1,3.249999910593033,5.124999992549419,1
INSAIT-Institute/MamayLM-Gemma-3-4B-IT-v1.0,control_subject_verb_0084,control_subject_verb,past-tense gender,-34.8115119934082,-42.72726058959961,10,10,1,3.2500000298023224,1.7499999105930328,1
INSAIT-Institute/MamayLM-Gemma-3-4B-IT-v1.0,control_subject_verb_0085,control_subject_verb,past-tense gender,-32.533477783203125,-37.14397430419922,8,8,1,3.000000089406967,5.249999828636646,1
INSAIT-Institute/MamayLM-Gemma-3-4B-IT-v1.0,control_subject_verb_0086,control_subject_verb,past-tense gender,-38.01622009277344,-43.95984649658203,8,8,1,3.7500000298023224,4.875000134110451,1
INSAIT-Institute/MamayLM-Gemma-3-4B-IT-v1.0,control_subject_verb_0087,control_subject_verb,past-tense gender,-32.018089294433594,-36.809722900390625,7,7,1,3.4999999701976776,5.124999947845936,1
INSAIT-Institute/MamayLM-Gemma-3-4B-IT-v1.0,control_subject_verb_0088,control_subject_verb,past-tense gender,-34.17577362060547,-41.137779235839844,10,10,1,4.000000134110451,4.374999776482582,1
INSAIT-Institute/MamayLM-Gemma-3-4B-IT-v1.0,control_subject_verb_0089,control_subject_verb,past-tense gender,-48.355499267578125,-48.625953674316406,11,11,1,2.874999910593033,4.249999910593033,1
INSAIT-Institute/MamayLM-Gemma-3-4B-IT-v1.0,control_subject_verb_0090,control_subject_verb,past-tense gender,-32.01589584350586,-38.88414001464844,8,8,1,3.249999925494194,4.125000201165676,1
INSAIT-Institute/MamayLM-Gemma-3-4B-IT-v1.0,control_subject_verb_0091,control_subject_verb,past-tense gender,-32.71554946899414,-36.84272003173828,7,7,1,3.6250000596046448,5.250000059604645,1
INSAIT-Institute/MamayLM-Gemma-3-4B-IT-v1.0,control_subject_verb_0092,control_subject_verb,past-tense gender,-31.712862014770508,-38.19189453125,8,8,1,3.624999985098839,5.3750001937150955,1
INSAIT-Institute/MamayLM-Gemma-3-4B-IT-v1.0,control_subject_verb_0093,control_subject_verb,past-tense gender,-41.22998809814453,-50.11595916748047,10,10,1,2.7500000596046448,3.2500000298023224,1
INSAIT-Institute/MamayLM-Gemma-3-4B-IT-v1.0,control_subject_verb_0094,control_subject_verb,past-tense gender,-33.058353424072266,-40.564022064208984,10,9,1,3.124999925494194,4.124999783933163,1
INSAIT-Institute/MamayLM-Gemma-3-4B-IT-v1.0,control_subject_verb_0095,control_subject_verb,past-tense gender,-35.545928955078125,-39.88067626953125,8,9,1,4.000000029802322,4.874999850988388,1
INSAIT-Institute/MamayLM-Gemma-3-4B-IT-v1.0,control_subject_verb_0096,control_subject_verb,past-tense gender,-31.298337936401367,-36.09028244018555,10,10,1,3.999999836087227,4.74999987334013,1
INSAIT-Institute/MamayLM-Gemma-3-4B-IT-v1.0,control_subject_verb_0097,control_subject_verb,past-tense gender,-33.6683464050293,-39.333641052246094,9,9,1,3.5000000298023224,3.875000052154064,1
INSAIT-Institute/MamayLM-Gemma-3-4B-IT-v1.0,control_subject_verb_0098,control_subject_verb,past-tense gender,-32.929935455322266,-39.3502197265625,9,9,1,3.874999925494194,5.000000022351742,1
INSAIT-Institute/MamayLM-Gemma-3-4B-IT-v1.0,control_subject_verb_0099,control_subject_verb,past-tense gender,-32.39727783203125,-40.665733337402344,11,11,1,2.249999910593033,-0.5,1
INSAIT-Institute/MamayLM-Gemma-3-4B-IT-v1.0,control_subject_verb_0100,control_subject_verb,past-tense gender,-32.533050537109375,-40.11883544921875,9,9,1,4.124999821186066,4.750000014901161,1
INSAIT-Institute/MamayLM-Gemma-3-4B-IT-v1.0,control_subject_verb_0101,control_subject_verb,past-tense gender,-29.901535034179688,-37.571083068847656,10,10,1,3.4999998807907104,2.3749999552965164,1
INSAIT-Institute/MamayLM-Gemma-3-4B-IT-v1.0,control_subject_verb_0102,control_subject_verb,past-tense gender,-39.13520812988281,-46.422691345214844,10,10,1,3.0000001192092896,4.625000059604645,1
INSAIT-Institute/MamayLM-Gemma-3-4B-IT-v1.0,control_subject_verb_0103,control_subject_verb,past-tense gender,-32.712135314941406,-39.005332946777344,9,9,1,3.3749998956918716,4.374999850988388,1
INSAIT-Institute/MamayLM-Gemma-3-4B-IT-v1.0,control_subject_verb_0104,control_subject_verb,past-tense gender,-36.16779708862305,-44.999305725097656,10,10,1,2.8750000298023224,4.125000111758709,1
INSAIT-Institute/MamayLM-Gemma-3-4B-IT-v1.0,control_subject_verb_0105,control_subject_verb,past-tense gender,-45.740806579589844,-50.85658645629883,11,11,1,2.8750000298023224,4.875000059604645,1
INSAIT-Institute/MamayLM-Gemma-3-4B-IT-v1.0,control_subject_verb_0106,control_subject_verb,past-tense gender,-33.20306396484375,-38.493324279785156,8,8,1,3.8749999403953552,5.75,1
INSAIT-Institute/MamayLM-Gemma-3-4B-IT-v1.0,control_subject_verb_0107,control_subject_verb,past-tense gender,-44.900390625,-47.91778564453125,10,11,1,2.874999910593033,3.625000022351742,1
INSAIT-Institute/MamayLM-Gemma-3-4B-IT-v1.0,control_subject_verb_0108,control_subject_verb,past-tense gender,-34.369815826416016,-41.759063720703125,10,10,1,2.8749999403953552,4.625000178813934,1
INSAIT-Institute/MamayLM-Gemma-3-4B-IT-v1.0,control_subject_verb_0109,control_subject_verb,past-tense gender,-32.07899475097656,-38.75257110595703,9,9,1,4.000000238418579,5.125000052154064,1
INSAIT-Institute/MamayLM-Gemma-3-4B-IT-v1.0,control_subject_verb_0110,control_subject_verb,past-tense gender,-37.79326629638672,-45.16289138793945,8,8,1,2.8750000447034836,4.125000201165676,1
INSAIT-Institute/MamayLM-Gemma-3-4B-IT-v1.0,control_subject_verb_0111,control_subject_verb,past-tense gender,-35.13980484008789,-41.94143295288086,10,10,1,2.6249998807907104,3.8749999180436134,1
INSAIT-Institute/MamayLM-Gemma-3-4B-IT-v1.0,control_subject_verb_0112,control_subject_verb,past-tense gender,-34.69170379638672,-41.00421142578125,10,10,1,3.374999925494194,4.750000052154064,1
INSAIT-Institute/MamayLM-Gemma-3-4B-IT-v1.0,control_subject_verb_0113,control_subject_verb,past-tense gender,-32.200111389160156,-41.39320373535156,10,10,1,2.1250001192092896,0.3749999403953552,1
INSAIT-Institute/MamayLM-Gemma-3-4B-IT-v1.0,control_subject_verb_0114,control_subject_verb,past-tense gender,-32.29819107055664,-40.72709655761719,9,9,1,3.6250000596046448,3.8749999403953552,1
INSAIT-Institute/MamayLM-Gemma-3-4B-IT-v1.0,control_subject_verb_0115,control_subject_verb,past-tense gender,-28.8721981048584,-35.360755920410156,8,8,1,4.250000178813934,2.7499999403953552,1
INSAIT-Institute/MamayLM-Gemma-3-4B-IT-v1.0,control_subject_verb_0116,control_subject_verb,past-tense gender,-34.52263259887695,-39.60566329956055,9,9,1,3.6249999403953552,5.000000171363354,1
INSAIT-Institute/MamayLM-Gemma-3-4B-IT-v1.0,control_subject_verb_0117,control_subject_verb,past-tense gender,-48.58464050292969,-52.92320251464844,10,10,1,2.999999910593033,4.999999850988388,1
INSAIT-Institute/MamayLM-Gemma-3-4B-IT-v1.0,control_subject_verb_0118,control_subject_verb,past-tense gender,-36.54996109008789,-44.18187713623047,10,10,1,2.875000089406967,3.0000000596046448,1
INSAIT-Institute/MamayLM-Gemma-3-4B-IT-v1.0,control_subject_verb_0119,control_subject_verb,past-tense gender,-40.802730560302734,-47.023475646972656,8,8,1,2.625,4.125000052154064,1
INSAIT-Institute/MamayLM-Gemma-3-4B-IT-v1.0,control_subject_verb_0120,control_subject_verb,past-tense gender,-32.960693359375,-39.19403076171875,10,10,1,3.7499999403953552,2.875000089406967,1
INSAIT-Institute/MamayLM-Gemma-3-4B-IT-v1.0,control_subject_verb_0121,control_subject_verb,past-tense gender,-30.316530227661133,-41.27853775024414,12,11,1,3.6249999552965164,2.375000089406967,1
INSAIT-Institute/MamayLM-Gemma-3-4B-IT-v1.0,control_subject_verb_0122,control_subject_verb,past-tense gender,-37.88648986816406,-41.59117126464844,10,10,1,3.7499999552965164,5.125000059604645,1
INSAIT-Institute/MamayLM-Gemma-3-4B-IT-v1.0,control_subject_verb_0123,control_subject_verb,past-tense gender,-37.699623107910156,-47.71720886230469,10,9,1,3.875000163912773,0.9999999403953552,1
INSAIT-Institute/MamayLM-Gemma-3-4B-IT-v1.0,control_subject_verb_0124,control_subject_verb,past-tense gender,-31.647741317749023,-38.831138610839844,9,9,1,4.000000178813934,3.750000074505806,1
INSAIT-Institute/MamayLM-Gemma-3-4B-IT-v1.0,control_subject_verb_0125,control_subject_verb,past-tense gender,-41.65522766113281,-46.67373275756836,12,12,1,3.625000089406967,3.0000000447034836,1
INSAIT-Institute/MamayLM-Gemma-3-4B-IT-v1.0,control_subject_verb_0126,control_subject_verb,past-tense gender,-34.29364013671875,-40.8321647644043,8,8,1,2.750000089406967,4.250000029802322,1
INSAIT-Institute/MamayLM-Gemma-3-4B-IT-v1.0,control_subject_verb_0127,control_subject_verb,past-tense gender,-39.63239288330078,-44.861717224121094,9,9,1,3.25,4.875000178813934,1
INSAIT-Institute/MamayLM-Gemma-3-4B-IT-v1.0,control_subject_verb_0128,control_subject_verb,past-tense gender,-34.80453872680664,-43.54044723510742,10,10,1,2.250000089406967,-0.625,1
INSAIT-Institute/MamayLM-Gemma-3-4B-IT-v1.0,control_subject_verb_0129,control_subject_verb,past-tense gender,-32.88203430175781,-39.18468475341797,9,9,1,3.6250000596046448,4.6250001192092896,1
INSAIT-Institute/MamayLM-Gemma-3-4B-IT-v1.0,control_subject_verb_0130,control_subject_verb,past-tense gender,-41.67414855957031,-48.08008575439453,12,12,1,3.5000001043081284,4.874999925494194,1
INSAIT-Institute/MamayLM-Gemma-3-4B-IT-v1.0,control_subject_verb_0131,control_subject_verb,past-tense gender,-38.917091369628906,-45.664913177490234,8,8,1,2.8750000596046448,4.624999776482582,1
INSAIT-Institute/MamayLM-Gemma-3-4B-IT-v1.0,control_subject_verb_0132,control_subject_verb,past-tense gender,-40.628379821777344,-45.754150390625,11,11,1,3.3750001043081284,4.874999761581421,1
INSAIT-Institute/MamayLM-Gemma-3-4B-IT-v1.0,control_subject_verb_0133,control_subject_verb,past-tense gender,-31.201017379760742,-40.17701721191406,9,9,1,2.7500001043081284,3.2499999552965164,1
INSAIT-Institute/MamayLM-Gemma-3-4B-IT-v1.0,control_subject_verb_0134,control_subject_verb,past-tense gender,-31.645952224731445,-39.98682403564453,9,9,1,3.1250000596046448,2.874999925494194,1
INSAIT-Institute/MamayLM-Gemma-3-4B-IT-v1.0,control_subject_verb_0135,control_subject_verb,past-tense gender,-49.37395095825195,-50.90867614746094,9,10,1,2.8749999701976776,3.749999962747097,1
INSAIT-Institute/MamayLM-Gemma-3-4B-IT-v1.0,control_subject_verb_0136,control_subject_verb,past-tense gender,-31.970977783203125,-36.343223571777344,7,7,1,3.750000014901161,5.249999970197678,1
INSAIT-Institute/MamayLM-Gemma-3-4B-IT-v1.0,control_subject_verb_0137,control_subject_verb,past-tense gender,-39.759063720703125,-46.03978729248047,12,12,1,3.750000074505806,5.249999940395355,1
INSAIT-Institute/MamayLM-Gemma-3-4B-IT-v1.0,control_subject_verb_0138,control_subject_verb,past-tense gender,-43.21933364868164,-49.805870056152344,11,11,1,3.749999925494194,4.999999828636646,1
INSAIT-Institute/MamayLM-Gemma-3-4B-IT-v1.0,control_subject_verb_0139,control_subject_verb,past-tense gender,-34.912086486816406,-39.798011779785156,11,11,1,4.0000001937150955,3.8750000819563866,1
INSAIT-Institute/MamayLM-Gemma-3-4B-IT-v1.0,control_subject_verb_0140,control_subject_verb,past-tense gender,-33.32666015625,-39.639060974121094,8,8,1,3.6249999701976776,4.8750001564621925,1
INSAIT-Institute/MamayLM-Gemma-3-4B-IT-v1.0,control_subject_verb_0141,control_subject_verb,past-tense gender,-31.011611938476562,-37.62317657470703,10,10,1,4.1249998807907104,4.499999910593033,1
INSAIT-Institute/MamayLM-Gemma-3-4B-IT-v1.0,control_subject_verb_0142,control_subject_verb,past-tense gender,-37.26640319824219,-41.90321731567383,9,9,1,3.999999985098839,4.375000238418579,1
INSAIT-Institute/MamayLM-Gemma-3-4B-IT-v1.0,control_subject_verb_0143,control_subject_verb,past-tense gender,-36.668601989746094,-43.977394104003906,8,8,1,2.8750001192092896,4.2500001937150955,1
INSAIT-Institute/MamayLM-Gemma-3-4B-IT-v1.0,control_subject_verb_0144,control_subject_verb,past-tense gender,-40.366981506347656,-47.303367614746094,11,11,1,3.7500000596046448,4.999999977648258,1
INSAIT-Institute/MamayLM-Gemma-3-4B-IT-v1.0,control_subject_verb_0145,control_subject_verb,past-tense gender,-36.40766143798828,-43.71668243408203,11,11,1,3.1250001192092896,2.500000074505806,1
INSAIT-Institute/MamayLM-Gemma-3-4B-IT-v1.0,control_subject_verb_0146,control_subject_verb,past-tense gender,-33.62733840942383,-38.42446517944336,8,8,1,3.5000000298023224,5.500000096857548,1
INSAIT-Institute/MamayLM-Gemma-3-4B-IT-v1.0,control_subject_verb_0147,control_subject_verb,past-tense gender,-43.55165100097656,-48.25810623168945,9,9,1,2.6250000298023224,3.999999776482582,1
INSAIT-Institute/MamayLM-Gemma-3-4B-IT-v1.0,control_subject_verb_0148,control_subject_verb,past-tense gender,-44.641273498535156,-50.96354675292969,12,12,1,1.6250000298023224,3.4999999403953552,1
INSAIT-Institute/MamayLM-Gemma-3-4B-IT-v1.0,control_subject_verb_0149,control_subject_verb,past-tense gender,-31.897796630859375,-38.2982292175293,10,10,1,3.7500000447034836,3.7500000670552254,1
INSAIT-Institute/MamayLM-Gemma-3-4B-IT-v1.0,control_subject_verb_0150,control_subject_verb,past-tense gender,-35.16337585449219,-41.628074645996094,7,7,1,3.374999910593033,1.3750000298023224,1
INSAIT-Institute/MamayLM-Gemma-3-4B-IT-v1.0,control_subject_verb_0151,control_subject_verb,past-tense gender,-32.483253479003906,-40.29798889160156,11,11,1,3.374999925494194,1.8750000298023224,1
INSAIT-Institute/MamayLM-Gemma-3-4B-IT-v1.0,control_subject_verb_0152,control_subject_verb,past-tense gender,-38.95271682739258,-46.63023376464844,8,8,1,3.1249999403953552,4.125000208616257,1
INSAIT-Institute/MamayLM-Gemma-3-4B-IT-v1.0,control_subject_verb_0153,control_subject_verb,past-tense gender,-31.89237403869629,-38.16619873046875,8,8,1,3.999999850988388,3.624999985098839,1
INSAIT-Institute/MamayLM-Gemma-3-4B-IT-v1.0,control_subject_verb_0154,control_subject_verb,past-tense gender,-33.85265350341797,-43.243160247802734,11,10,1,3.749999985098839,0.0,1
INSAIT-Institute/MamayLM-Gemma-3-4B-IT-v1.0,control_subject_verb_0155,control_subject_verb,past-tense gender,-37.17991256713867,-43.94902038574219,9,9,1,2.7500001192092896,2.5,1
INSAIT-Institute/MamayLM-Gemma-3-4B-IT-v1.0,control_subject_verb_0156,control_subject_verb,past-tense gender,-44.914703369140625,-49.0997314453125,8,8,1,3.0,2.6250001043081284,1
INSAIT-Institute/MamayLM-Gemma-3-4B-IT-v1.0,control_subject_verb_0157,control_subject_verb,past-tense gender,-35.757667541503906,-42.03601837158203,9,9,1,3.1250000298023224,3.124999910593033,1
INSAIT-Institute/MamayLM-Gemma-3-4B-IT-v1.0,control_subject_verb_0158,control_subject_verb,past-tense gender,-38.948486328125,-46.363304138183594,9,8,1,3.1249999552965164,4.875000074505806,1
INSAIT-Institute/MamayLM-Gemma-3-4B-IT-v1.0,control_subject_verb_0159,control_subject_verb,past-tense gender,-51.73356246948242,-59.177005767822266,11,10,1,1.8750001192092896,4.125000134110451,1
INSAIT-Institute/MamayLM-Gemma-3-4B-IT-v1.0,control_subject_verb_0160,control_subject_verb,past-tense gender,-49.616458892822266,-57.6303596496582,11,10,1,2.3750000298023224,4.000000111758709,1
INSAIT-Institute/MamayLM-Gemma-3-4B-IT-v1.0,control_subject_verb_0161,control_subject_verb,past-tense gender,-31.060441970825195,-36.44956970214844,8,8,1,3.999999925494194,5.874999776482582,1
INSAIT-Institute/MamayLM-Gemma-3-4B-IT-v1.0,control_subject_verb_0162,control_subject_verb,past-tense gender,-34.5131950378418,-38.091251373291016,9,9,1,3.6249998956918716,5.124999955296516,1
INSAIT-Institute/MamayLM-Gemma-3-4B-IT-v1.0,control_subject_verb_0163,control_subject_verb,past-tense gender,-33.491920471191406,-37.420265197753906,8,8,1,3.124999985098839,5.2500001303851604,1
INSAIT-Institute/MamayLM-Gemma-3-4B-IT-v1.0,control_subject_verb_0164,control_subject_verb,past-tense gender,-33.86088562011719,-43.380027770996094,10,10,1,3.7500001043081284,4.125000081956387,1
INSAIT-Institute/MamayLM-Gemma-3-4B-IT-v1.0,control_subject_verb_0165,control_subject_verb,past-tense gender,-38.871002197265625,-46.181640625,12,12,1,3.874999910593033,4.875000186264515,1
INSAIT-Institute/MamayLM-Gemma-3-4B-IT-v1.0,control_subject_verb_0166,control_subject_verb,past-tense gender,-30.063064575195312,-34.884403228759766,8,8,1,3.3749999701976776,5.4999997690320015,1
INSAIT-Institute/MamayLM-Gemma-3-4B-IT-v1.0,control_subject_verb_0167,control_subject_verb,past-tense gender,-32.47906494140625,-36.01335144042969,10,10,1,3.8749998658895493,4.749999776482582,1
INSAIT-Institute/MamayLM-Gemma-3-4B-IT-v1.0,control_subject_verb_0168,control_subject_verb,past-tense gender,-36.649208068847656,-44.38972473144531,8,8,1,3.1250000298023224,-0.375,1
INSAIT-Institute/MamayLM-Gemma-3-4B-IT-v1.0,control_subject_verb_0169,control_subject_verb,past-tense gender,-32.15287780761719,-39.125648498535156,9,9,1,3.5000000596046448,4.624999828636646,1
INSAIT-Institute/MamayLM-Gemma-3-4B-IT-v1.0,control_subject_verb_0170,control_subject_verb,past-tense gender,-34.97111892700195,-43.68438720703125,9,9,1,3.4999999552965164,4.125000134110451,1
INSAIT-Institute/MamayLM-Gemma-3-4B-IT-v1.0,control_subject_verb_0171,control_subject_verb,past-tense gender,-38.570735931396484,-45.146392822265625,9,8,1,3.2499999552965164,3.9999999925494194,1
INSAIT-Institute/MamayLM-Gemma-3-4B-IT-v1.0,control_subject_verb_0172,control_subject_verb,past-tense gender,-30.138776779174805,-34.99587631225586,8,8,1,3.625000089406967,4.374999903142452,1
INSAIT-Institute/MamayLM-Gemma-3-4B-IT-v1.0,control_subject_verb_0173,control_subject_verb,past-tense gender,-34.4802360534668,-43.04644012451172,10,10,1,2.7500000298023224,0.75,1
INSAIT-Institute/MamayLM-Gemma-3-4B-IT-v1.0,control_subject_verb_0174,control_subject_verb,past-tense gender,-39.18546676635742,-47.45090866088867,10,10,1,2.8750000298023224,4.0000001192092896,1
INSAIT-Institute/MamayLM-Gemma-3-4B-IT-v1.0,control_subject_verb_0175,control_subject_verb,past-tense gender,-49.78522872924805,-55.094600677490234,9,9,1,2.375,3.7500000968575478,1
INSAIT-Institute/MamayLM-Gemma-3-4B-IT-v1.0,control_subject_verb_0176,control_subject_verb,past-tense gender,-43.055057525634766,-48.072818756103516,12,12,1,3.2499999701976776,5.000000059604645,1
INSAIT-Institute/MamayLM-Gemma-3-4B-IT-v1.0,control_subject_verb_0177,control_subject_verb,past-tense gender,-35.266841888427734,-41.94304275512695,9,9,1,3.999999910593033,4.374999836087227,1
INSAIT-Institute/MamayLM-Gemma-3-4B-IT-v1.0,control_subject_verb_0178,control_subject_verb,past-tense gender,-36.097007751464844,-45.22638702392578,9,9,1,3.5000000447034836,3.6250000596046448,1
INSAIT-Institute/MamayLM-Gemma-3-4B-IT-v1.0,control_subject_verb_0179,control_subject_verb,past-tense gender,-32.59210205078125,-40.045875549316406,8,8,1,2.9999999701976776,1.2499999701976776,1
INSAIT-Institute/MamayLM-Gemma-3-4B-IT-v1.0,control_subject_verb_0180,control_subject_verb,past-tense gender,-34.54182434082031,-38.43634796142578,7,7,1,3.125,5.3750001564621925,1
INSAIT-Institute/MamayLM-Gemma-3-4B-IT-v1.0,control_subject_verb_0181,control_subject_verb,past-tense gender,-49.90657424926758,-55.07233428955078,11,11,1,2.2500000596046448,2.6250000596046448,1
INSAIT-Institute/MamayLM-Gemma-3-4B-IT-v1.0,control_subject_verb_0182,control_subject_verb,past-tense gender,-41.25703430175781,-47.573402404785156,9,9,1,3.2499999552965164,4.125000029802322,1
INSAIT-Institute/MamayLM-Gemma-3-4B-IT-v1.0,control_subject_verb_0183,control_subject_verb,past-tense gender,-38.352848052978516,-47.367557525634766,11,11,1,3.1250000298023224,3.624999910593033,1
INSAIT-Institute/MamayLM-Gemma-3-4B-IT-v1.0,control_subject_verb_0184,control_subject_verb,past-tense gender,-32.47249984741211,-41.06928634643555,9,9,1,3.125000014901161,3.6249999701976776,1
INSAIT-Institute/MamayLM-Gemma-3-4B-IT-v1.0,control_subject_verb_0185,control_subject_verb,past-tense gender,-34.984580993652344,-43.18553161621094,11,11,1,3.2500000596046448,1.2499999701976776,1
INSAIT-Institute/MamayLM-Gemma-3-4B-IT-v1.0,control_subject_verb_0186,control_subject_verb,past-tense gender,-37.95813751220703,-40.78443908691406,10,10,1,3.7499999701976776,5.000000141561031,1
INSAIT-Institute/MamayLM-Gemma-3-4B-IT-v1.0,control_subject_verb_0187,control_subject_verb,past-tense gender,-32.317264556884766,-41.08781433105469,9,9,1,2.624999910593033,3.125000074505806,1
INSAIT-Institute/MamayLM-Gemma-3-4B-IT-v1.0,control_subject_verb_0188,control_subject_verb,past-tense gender,-39.89484405517578,-47.359413146972656,11,11,1,3.6249999403953552,5.124999821186066,1
INSAIT-Institute/MamayLM-Gemma-3-4B-IT-v1.0,control_subject_verb_0189,control_subject_verb,past-tense gender,-35.88496780395508,-39.822540283203125,9,9,1,3.875000149011612,5.125000089406967,1
INSAIT-Institute/MamayLM-Gemma-3-4B-IT-v1.0,control_subject_verb_0190,control_subject_verb,past-tense gender,-46.60554504394531,-52.011924743652344,10,10,1,3.0000000596046448,4.874999903142452,1
INSAIT-Institute/MamayLM-Gemma-3-4B-IT-v1.0,control_subject_verb_0191,control_subject_verb,past-tense gender,-37.0363655090332,-43.59705352783203,9,9,1,3.3749999403953552,5.250000163912773,1
INSAIT-Institute/MamayLM-Gemma-3-4B-IT-v1.0,control_subject_verb_0192,control_subject_verb,past-tense gender,-48.0421257019043,-55.2093620300293,12,11,1,2.2500000298023224,4.12499987334013,1
INSAIT-Institute/MamayLM-Gemma-3-4B-IT-v1.0,control_subject_verb_0193,control_subject_verb,past-tense gender,-46.440704345703125,-54.31241226196289,11,10,1,2.1250000596046448,4.250000044703484,1
INSAIT-Institute/MamayLM-Gemma-3-4B-IT-v1.0,control_subject_verb_0194,control_subject_verb,past-tense gender,-36.11557388305664,-44.49363708496094,9,9,1,3.2500000298023224,4.000000186264515,1
INSAIT-Institute/MamayLM-Gemma-3-4B-IT-v1.0,control_subject_verb_0195,control_subject_verb,past-tense gender,-37.902706146240234,-41.65074157714844,9,9,1,3.8749998062849045,5.124999798834324,1
INSAIT-Institute/MamayLM-Gemma-3-4B-IT-v1.0,control_subject_verb_0196,control_subject_verb,past-tense gender,-35.92002487182617,-42.81542205810547,10,10,1,3.125000074505806,3.4999999329447746,1
INSAIT-Institute/MamayLM-Gemma-3-4B-IT-v1.0,control_subject_verb_0197,control_subject_verb,past-tense gender,-33.93003463745117,-41.71288299560547,9,9,1,4.124999910593033,4.5,1
INSAIT-Institute/MamayLM-Gemma-3-4B-IT-v1.0,control_subject_verb_0198,control_subject_verb,past-tense gender,-46.203468322753906,-55.30768585205078,11,11,1,0.375,2.500000089406967,1
INSAIT-Institute/MamayLM-Gemma-3-4B-IT-v1.0,control_subject_verb_0199,control_subject_verb,past-tense gender,-43.8388786315918,-50.45201873779297,12,12,1,2.25,3.499999985098839,1
INSAIT-Institute/MamayLM-Gemma-3-4B-IT-v1.0,control_subject_verb_0200,control_subject_verb,past-tense gender,-42.27679443359375,-50.384483337402344,10,10,1,3.124999925494194,4.875000171363354,1
INSAIT-Institute/MamayLM-Gemma-3-4B-IT-v1.0,control_subject_verb_0201,control_subject_verb,past-tense gender,-36.76738739013672,-44.67461395263672,10,10,1,3.124999985098839,2.999999985098839,1
INSAIT-Institute/MamayLM-Gemma-3-4B-IT-v1.0,control_subject_verb_0202,control_subject_verb,past-tense gender,-36.440673828125,-44.85066604614258,9,8,1,3.374999910593033,4.50000012665987,1
INSAIT-Institute/MamayLM-Gemma-3-4B-IT-v1.0,control_subject_verb_0203,control_subject_verb,past-tense gender,-34.43639373779297,-42.024757385253906,8,8,1,3.1250000447034836,-0.875,1
INSAIT-Institute/MamayLM-Gemma-3-4B-IT-v1.0,control_subject_verb_0204,control_subject_verb,past-tense gender,-31.614025115966797,-37.34125900268555,10,10,1,2.624999910593033,3.874999925494194,1
INSAIT-Institute/MamayLM-Gemma-3-4B-IT-v1.0,control_subject_verb_0205,control_subject_verb,past-tense gender,-36.59247589111328,-43.3238410949707,9,9,1,2.7500000596046448,3.1250000447034836,1
INSAIT-Institute/MamayLM-Gemma-3-4B-IT-v1.0,control_subject_verb_0206,control_subject_verb,past-tense gender,-38.2750129699707,-43.927764892578125,9,9,1,3.6250000298023224,5.124999821186066,1
INSAIT-Institute/MamayLM-Gemma-3-4B-IT-v1.0,control_subject_verb_0207,control_subject_verb,past-tense gender,-40.33359146118164,-46.81768035888672,10,10,1,2.6250001192092896,1.4999999701976776,1
INSAIT-Institute/MamayLM-Gemma-3-4B-IT-v1.0,control_subject_verb_0208,control_subject_verb,past-tense gender,-50.391754150390625,-55.4664192199707,10,10,1,1.9999999701976776,1.6249999701976776,1
INSAIT-Institute/MamayLM-Gemma-3-4B-IT-v1.0,control_subject_verb_0209,control_subject_verb,past-tense gender,-33.620113372802734,-42.184967041015625,10,10,1,2.875000089406967,3.8750001043081284,1
INSAIT-Institute/MamayLM-Gemma-3-4B-IT-v1.0,control_subject_verb_0210,control_subject_verb,past-tense gender,-34.721492767333984,-41.014034271240234,8,8,1,1.1249999403953552,3.875000037252903,1
INSAIT-Institute/MamayLM-Gemma-3-4B-IT-v1.0,control_subject_verb_0211,control_subject_verb,past-tense gender,-38.8380126953125,-45.88557052612305,11,11,1,3.7499998211860657,4.749999962747097,1
INSAIT-Institute/MamayLM-Gemma-3-4B-IT-v1.0,control_subject_verb_0212,control_subject_verb,past-tense gender,-35.3428840637207,-44.66754913330078,11,11,1,2.874999985098839,1.7499999105930328,1
INSAIT-Institute/MamayLM-Gemma-3-4B-IT-v1.0,control_subject_verb_0213,control_subject_verb,past-tense gender,-27.08425521850586,-35.41532897949219,10,10,1,3.3749999403953552,3.250000014901161,1
INSAIT-Institute/MamayLM-Gemma-3-4B-IT-v1.0,control_subject_verb_0214,control_subject_verb,past-tense gender,-31.174819946289062,-37.762351989746094,10,10,1,4.249999850988388,3.874999962747097,1
INSAIT-Institute/MamayLM-Gemma-3-4B-IT-v1.0,control_subject_verb_0215,control_subject_verb,past-tense gender,-36.21390151977539,-44.189300537109375,11,11,1,3.250000014901161,4.499999918043613,1
INSAIT-Institute/MamayLM-Gemma-3-4B-IT-v1.0,control_subject_verb_0216,control_subject_verb,past-tense gender,-30.748401641845703,-38.531166076660156,8,8,1,2.9999999552965164,-0.875,1
INSAIT-Institute/MamayLM-Gemma-3-4B-IT-v1.0,control_subject_verb_0217,control_subject_verb,past-tense gender,-31.963987350463867,-37.15959167480469,9,9,1,3.1249999701976776,3.375000089406967,1
INSAIT-Institute/MamayLM-Gemma-3-4B-IT-v1.0,control_subject_verb_0218,control_subject_verb,past-tense gender,-28.097206115722656,-34.58269119262695,9,9,1,3.2499999701976776,3.875000089406967,1
INSAIT-Institute/MamayLM-Gemma-3-4B-IT-v1.0,control_subject_verb_0219,control_subject_verb,past-tense gender,-46.286537170410156,-51.26171112060547,8,8,1,3.1250001192092896,4.125000149011612,1
INSAIT-Institute/MamayLM-Gemma-3-4B-IT-v1.0,control_subject_verb_0220,control_subject_verb,past-tense gender,-35.816986083984375,-42.14690399169922,8,8,1,3.7500000596046448,4.249999955296516,1
INSAIT-Institute/MamayLM-Gemma-3-4B-IT-v1.0,control_subject_verb_0221,control_subject_verb,past-tense gender,-34.226261138916016,-38.94273376464844,8,8,1,3.3749999701976776,5.624999884516001,1
INSAIT-Institute/MamayLM-Gemma-3-4B-IT-v1.0,control_subject_verb_0222,control_subject_verb,past-tense gender,-29.207672119140625,-34.79644775390625,9,9,1,3.750000014901161,3.6249999329447746,1
INSAIT-Institute/MamayLM-Gemma-3-4B-IT-v1.0,control_subject_verb_0223,control_subject_verb,past-tense gender,-40.38078308105469,-47.29179382324219,12,12,1,3.8750002086162567,4.749999761581421,1
INSAIT-Institute/MamayLM-Gemma-3-4B-IT-v1.0,control_subject_verb_0224,control_subject_verb,past-tense gender,-36.565757751464844,-43.7373161315918,9,9,1,3.0,0.5,1
INSAIT-Institute/MamayLM-Gemma-3-4B-IT-v1.0,control_subject_verb_0225,control_subject_verb,past-tense gender,-47.56930923461914,-54.86360168457031,12,11,1,2.249999910593033,3.6250000819563866,1
INSAIT-Institute/MamayLM-Gemma-3-4B-IT-v1.0,control_subject_verb_0226,control_subject_verb,past-tense gender,-44.41657638549805,-48.48383331298828,9,9,1,2.7500000298023224,3.624999947845936,1
INSAIT-Institute/MamayLM-Gemma-3-4B-IT-v1.0,control_subject_verb_0227,control_subject_verb,past-tense gender,-28.015750885009766,-35.3708381652832,11,11,1,3.249999925494194,1.7500000596046448,1
INSAIT-Institute/MamayLM-Gemma-3-4B-IT-v1.0,control_subject_verb_0228,control_subject_verb,past-tense gender,-45.8382568359375,-53.295074462890625,12,12,1,2.250000089406967,3.1250000819563866,1
INSAIT-Institute/MamayLM-Gemma-3-4B-IT-v1.0,control_subject_verb_0229,control_subject_verb,past-tense gender,-35.202877044677734,-40.012535095214844,7,7,1,3.3750000596046448,5.374999783933163,1
INSAIT-Institute/MamayLM-Gemma-3-4B-IT-v1.0,control_subject_verb_0230,control_subject_verb,past-tense gender,-45.8575439453125,-51.54689025878906,11,11,1,3.3749999701976776,4.750000096857548,1
INSAIT-Institute/MamayLM-Gemma-3-4B-IT-v1.0,control_subject_verb_0231,control_subject_verb,past-tense gender,-37.481483459472656,-43.239044189453125,10,10,1,3.5000000447034836,4.499999836087227,1
INSAIT-Institute/MamayLM-Gemma-3-4B-IT-v1.0,control_subject_verb_0232,control_subject_verb,past-tense gender,-37.69440841674805,-41.866424560546875,7,7,1,3.1249999701976776,5.375000111758709,1
INSAIT-Institute/MamayLM-Gemma-3-4B-IT-v1.0,control_subject_verb_0233,control_subject_verb,past-tense gender,-38.56913375854492,-45.31111145019531,10,10,1,2.9999998807907104,2.5000001043081284,1
INSAIT-Institute/MamayLM-Gemma-3-4B-IT-v1.0,control_subject_verb_0234,control_subject_verb,past-tense gender,-43.21842575073242,-50.985111236572266,9,9,1,2.624999910593033,4.124999962747097,1
INSAIT-Institute/MamayLM-Gemma-3-4B-IT-v1.0,control_subject_verb_0235,control_subject_verb,past-tense gender,-29.98653793334961,-38.69219970703125,10,10,1,3.000000014901161,2.2499999403953552,1
INSAIT-Institute/MamayLM-Gemma-3-4B-IT-v1.0,control_subject_verb_0236,control_subject_verb,past-tense gender,-32.62542724609375,-43.79325866699219,11,10,1,3.9999998062849045,3.2500000074505806,1
INSAIT-Institute/MamayLM-Gemma-3-4B-IT-v1.0,control_subject_verb_0237,control_subject_verb,past-tense gender,-36.820674896240234,-43.88951873779297,8,8,1,3.6250000298023224,5.749999824911356,1
INSAIT-Institute/MamayLM-Gemma-3-4B-IT-v1.0,control_subject_verb_0238,control_subject_verb,past-tense gender,-33.82733917236328,-40.93646240234375,9,9,1,2.749999985098839,2.1250000298023224,1
INSAIT-Institute/MamayLM-Gemma-3-4B-IT-v1.0,control_subject_verb_0239,control_subject_verb,past-tense gender,-38.631202697753906,-44.52669143676758,10,10,1,3.25,3.375000022351742,1
INSAIT-Institute/MamayLM-Gemma-3-4B-IT-v1.0,control_subject_verb_0240,control_subject_verb,past-tense gender,-31.15492820739746,-37.48094177246094,7,7,1,3.124999910593033,1.0000000596046448,1
INSAIT-Institute/MamayLM-Gemma-3-4B-IT-v1.0,control_subject_verb_0241,control_subject_verb,past-tense gender,-29.676937103271484,-39.671607971191406,10,10,1,2.2500000298023224,0.375,1
INSAIT-Institute/MamayLM-Gemma-3-4B-IT-v1.0,control_subject_verb_0242,control_subject_verb,past-tense gender,-33.62029266357422,-39.32045364379883,11,11,1,2.75,2.2500001043081284,1
INSAIT-Institute/MamayLM-Gemma-3-4B-IT-v1.0,control_subject_verb_0243,control_subject_verb,past-tense gender,-35.0045166015625,-39.508323669433594,9,9,1,3.3749999701976776,4.3750001564621925,1
INSAIT-Institute/MamayLM-Gemma-3-4B-IT-v1.0,control_subject_verb_0244,control_subject_verb,past-tense gender,-37.65073776245117,-43.83824157714844,10,10,1,2.875,3.0000000596046448,1
INSAIT-Institute/MamayLM-Gemma-3-4B-IT-v1.0,control_subject_verb_0245,control_subject_verb,past-tense gender,-34.26949691772461,-43.4085693359375,10,10,1,2.249999910593033,3.3750000670552254,1
INSAIT-Institute/MamayLM-Gemma-3-4B-IT-v1.0,control_subject_verb_0246,control_subject_verb,past-tense gender,-32.11669158935547,-40.76634216308594,10,10,1,2.749999925494194,1.5000000298023224,1
INSAIT-Institute/MamayLM-Gemma-3-4B-IT-v1.0,control_subject_verb_0247,control_subject_verb,past-tense gender,-45.99152374267578,-52.442413330078125,11,11,1,1.8750000894069672,3.5000001192092896,1
INSAIT-Institute/MamayLM-Gemma-3-4B-IT-v1.0,control_subject_verb_0248,control_subject_verb,past-tense gender,-34.50025939941406,-47.740516662597656,9,9,1,2.9999999701976776,4.999999955296516,1
INSAIT-Institute/MamayLM-Gemma-3-4B-IT-v1.0,control_subject_verb_0249,control_subject_verb,past-tense gender,-40.43086624145508,-46.639793395996094,9,9,1,3.2499999403953552,4.9999999813735485,1
INSAIT-Institute/MamayLM-Gemma-3-4B-IT-v1.0,control_subject_verb_0250,control_subject_verb,past-tense gender,-37.717857360839844,-42.195518493652344,8,8,1,3.5000001192092896,4.250000216066837,1
INSAIT-Institute/MamayLM-Gemma-3-4B-IT-v1.0,control_subject_verb_0251,control_subject_verb,past-tense gender,-36.97252655029297,-44.03148651123047,9,9,1,2.874999910593033,4.624999828636646,1
INSAIT-Institute/MamayLM-Gemma-3-4B-IT-v1.0,control_subject_verb_0252,control_subject_verb,past-tense gender,-27.591527938842773,-35.180458068847656,9,9,1,3.2500001043081284,-0.75,1
INSAIT-Institute/MamayLM-Gemma-3-4B-IT-v1.0,control_subject_verb_0253,control_subject_verb,past-tense gender,-37.532081604003906,-46.08145523071289,11,11,1,3.249999925494194,4.374999888241291,1
INSAIT-Institute/MamayLM-Gemma-3-4B-IT-v1.0,control_subject_verb_0254,control_subject_verb,past-tense gender,-45.425506591796875,-53.77458190917969,11,11,1,2.9999999701976776,3.5000000074505806,1
INSAIT-Institute/MamayLM-Gemma-3-4B-IT-v1.0,control_subject_verb_0255,control_subject_verb,past-tense gender,-34.24235916137695,-43.534080505371094,10,10,1,3.125,2.7499998956918716,1
INSAIT-Institute/MamayLM-Gemma-3-4B-IT-v1.0,control_subject_verb_0256,control_subject_verb,past-tense gender,-32.68547821044922,-38.36349105834961,10,10,1,4.249999850988388,3.8750000670552254,1
INSAIT-Institute/MamayLM-Gemma-3-4B-IT-v1.0,control_subject_verb_0257,control_subject_verb,past-tense gender,-45.15129852294922,-51.1314811706543,12,12,1,1.8750000894069672,2.9999999403953552,1
INSAIT-Institute/MamayLM-Gemma-3-4B-IT-v1.0,control_subject_verb_0258,control_subject_verb,past-tense gender,-34.92314910888672,-42.02549743652344,11,11,1,3.9999999552965164,4.749999925494194,1
INSAIT-Institute/MamayLM-Gemma-3-4B-IT-v1.0,control_subject_verb_0259,control_subject_verb,past-tense gender,-46.11863327026367,-49.98816680908203,10,10,1,3.1249998807907104,3.5000000298023224,1
INSAIT-Institute/MamayLM-Gemma-3-4B-IT-v1.0,control_subject_verb_0260,control_subject_verb,past-tense gender,-32.93736267089844,-37.143463134765625,9,10,1,3.8749998211860657,4.750000171363354,1
INSAIT-Institute/MamayLM-Gemma-3-4B-IT-v1.0,control_subject_verb_0261,control_subject_verb,past-tense gender,-35.55548095703125,-44.684974670410156,10,10,1,1.8750000298023224,1.375,1
INSAIT-Institute/MamayLM-Gemma-3-4B-IT-v1.0,control_subject_verb_0262,control_subject_verb,past-tense gender,-29.978612899780273,-37.642826080322266,8,8,1,2.874999925494194,-0.4999999403953552,1
INSAIT-Institute/MamayLM-Gemma-3-4B-IT-v1.0,control_subject_verb_0263,control_subject_verb,past-tense gender,-35.8015022277832,-41.44981002807617,9,9,1,3.3749999403953552,5.000000208616257,1
INSAIT-Institute/MamayLM-Gemma-3-4B-IT-v1.0,control_subject_verb_0264,control_subject_verb,past-tense gender,-38.11327362060547,-50.10407257080078,11,11,1,3.1250001043081284,3.875000014901161,1
INSAIT-Institute/MamayLM-Gemma-3-4B-IT-v1.0,control_subject_verb_0265,control_subject_verb,past-tense gender,-38.76540756225586,-46.385101318359375,9,9,1,3.1249999403953552,4.625000223517418,1
INSAIT-Institute/MamayLM-Gemma-3-4B-IT-v1.0,control_subject_verb_0266,control_subject_verb,past-tense gender,-45.8788948059082,-53.26647186279297,9,9,1,2.625,2.125000074505806,1
INSAIT-Institute/MamayLM-Gemma-3-4B-IT-v1.0,control_subject_verb_0267,control_subject_verb,past-tense gender,-35.80270004272461,-44.40397644042969,10,10,1,2.3750000298023224,-0.625,1
INSAIT-Institute/MamayLM-Gemma-3-4B-IT-v1.0,control_subject_verb_0268,control_subject_verb,past-tense gender,-32.20016098022461,-38.52052307128906,8,8,1,3.750000089406967,4.000000089406967,1
INSAIT-Institute/MamayLM-Gemma-3-4B-IT-v1.0,control_subject_verb_0269,control_subject_verb,past-tense gender,-36.750213623046875,-45.57901382446289,9,9,1,2.25,-0.125,1
INSAIT-Institute/MamayLM-Gemma-3-4B-IT-v1.0,control_subject_verb_0270,control_subject_verb,past-tense gender,-44.1268424987793,-51.869327545166016,12,12,1,3.1250001192092896,4.875000096857548,1
INSAIT-Institute/MamayLM-Gemma-3-4B-IT-v1.0,control_subject_verb_0271,control_subject_verb,past-tense gender,-28.109365463256836,-36.979698181152344,10,10,1,2.9999999403953552,2.3750000447034836,1
INSAIT-Institute/MamayLM-Gemma-3-4B-IT-v1.0,control_subject_verb_0272,control_subject_verb,past-tense gender,-32.190330505371094,-40.00323486328125,10,10,1,3.250000089406967,1.8749999552965164,1
INSAIT-Institute/MamayLM-Gemma-3-4B-IT-v1.0,control_subject_verb_0273,control_subject_verb,past-tense gender,-45.385162353515625,-50.38603210449219,11,11,1,3.4999999403953552,4.999999798834324,1
INSAIT-Institute/MamayLM-Gemma-3-4B-IT-v1.0,control_subject_verb_0274,control_subject_verb,past-tense gender,-33.806434631347656,-42.830238342285156,10,10,1,2.249999910593033,0.3750000596046448,1
INSAIT-Institute/MamayLM-Gemma-3-4B-IT-v1.0,control_subject_verb_0275,control_subject_verb,past-tense gender,-35.094032287597656,-40.714820861816406,9,9,1,2.125000089406967,1.7500000894069672,1
INSAIT-Institute/MamayLM-Gemma-3-4B-IT-v1.0,control_subject_verb_0276,control_subject_verb,past-tense gender,-39.552696228027344,-45.435089111328125,8,8,1,2.7500000298023224,4.2499997690320015,1
INSAIT-Institute/MamayLM-Gemma-3-4B-IT-v1.0,control_subject_verb_0277,control_subject_verb,past-tense gender,-33.919105529785156,-39.50517272949219,9,9,1,3.7499999701976776,4.999999932944775,1
INSAIT-Institute/MamayLM-Gemma-3-4B-IT-v1.0,control_subject_verb_0278,control_subject_verb,past-tense gender,-34.758087158203125,-41.85203552246094,9,9,1,2.7499999403953552,-0.75,1
INSAIT-Institute/MamayLM-Gemma-3-4B-IT-v1.0,control_subject_verb_0279,control_subject_verb,past-tense gender,-44.928958892822266,-52.795654296875,12,12,1,-0.25,1.6250000596046448,1
INSAIT-Institute/MamayLM-Gemma-3-4B-IT-v1.0,control_subject_verb_0280,control_subject_verb,past-tense gender,-38.09184265136719,-44.67922592163086,10,10,1,2.7500000298023224,2.7500000447034836,1
INSAIT-Institute/MamayLM-Gemma-3-4B-IT-v1.0,control_subject_verb_0281,control_subject_verb,past-tense gender,-32.91618347167969,-38.945552825927734,9,9,1,2.3749999701976776,3.250000089406967,1
INSAIT-Institute/MamayLM-Gemma-3-4B-IT-v1.0,control_subject_verb_0282,control_subject_verb,past-tense gender,-37.27524948120117,-41.228759765625,8,9,1,3.7499998807907104,5.1249998807907104,1
INSAIT-Institute/MamayLM-Gemma-3-4B-IT-v1.0,control_subject_verb_0283,control_subject_verb,past-tense gender,-49.17597961425781,-55.735652923583984,12,11,1,1.7499999403953552,3.5000000968575478,1
INSAIT-Institute/MamayLM-Gemma-3-4B-IT-v1.0,control_subject_verb_0284,control_subject_verb,past-tense gender,-35.30972671508789,-43.03529357910156,11,11,1,3.5000000596046448,-0.5,1
INSAIT-Institute/MamayLM-Gemma-3-4B-IT-v1.0,control_subject_verb_0285,control_subject_verb,past-tense gender,-44.15433883666992,-52.54559326171875,11,11,1,0.625,2.9999998807907104,1
INSAIT-Institute/MamayLM-Gemma-3-4B-IT-v1.0,control_subject_verb_0286,control_subject_verb,past-tense gender,-33.76042938232422,-40.881683349609375,9,9,1,2.6250000596046448,2.499999910593033,1
INSAIT-Institute/MamayLM-Gemma-3-4B-IT-v1.0,control_subject_verb_0287,control_subject_verb,past-tense gender,-34.43329620361328,-39.92067337036133,8,8,1,4.125000163912773,5.62500012665987,1
INSAIT-Institute/MamayLM-Gemma-3-4B-IT-v1.0,control_subject_verb_0288,control_subject_verb,past-tense gender,-59.356929779052734,-66.56840515136719,11,10,1,1.875,3.625000022351742,1
INSAIT-Institute/MamayLM-Gemma-3-4B-IT-v1.0,control_subject_verb_0289,control_subject_verb,past-tense gender,-40.21916198730469,-47.84407424926758,10,10,1,2.7499999701976776,4.125000186264515,1
INSAIT-Institute/MamayLM-Gemma-3-4B-IT-v1.0,control_subject_verb_0290,control_subject_verb,past-tense gender,-43.90673065185547,-51.33365249633789,9,9,1,2.8749999701976776,1.75,1
INSAIT-Institute/MamayLM-Gemma-3-4B-IT-v1.0,control_subject_verb_0291,control_subject_verb,past-tense gender,-41.88351058959961,-48.82625961303711,10,10,1,2.7500000596046448,3.6250000447034836,1
INSAIT-Institute/MamayLM-Gemma-3-4B-IT-v1.0,control_subject_verb_0292,control_subject_verb,past-tense gender,-38.30721664428711,-47.33380889892578,10,10,1,2.0,-0.6250000596046448,1
INSAIT-Institute/MamayLM-Gemma-3-4B-IT-v1.0,control_subject_verb_0293,control_subject_verb,past-tense gender,-36.546142578125,-40.96184539794922,8,8,1,3.3750000298023224,4.249999836087227,1
INSAIT-Institute/MamayLM-Gemma-3-4B-IT-v1.0,control_subject_verb_0294,control_subject_verb,past-tense gender,-43.19866180419922,-48.78392791748047,11,11,1,3.374999910593033,5.125000167638063,1
INSAIT-Institute/MamayLM-Gemma-3-4B-IT-v1.0,control_subject_verb_0295,control_subject_verb,past-tense gender,-30.457700729370117,-39.48088836669922,10,10,1,2.8749998956918716,3.375000089406967,1
INSAIT-Institute/MamayLM-Gemma-3-4B-IT-v1.0,control_subject_verb_0296,control_subject_verb,past-tense gender,-34.628807067871094,-42.63109588623047,9,9,1,3.249999985098839,3.749999925494194,1
INSAIT-Institute/MamayLM-Gemma-3-4B-IT-v1.0,control_subject_verb_0297,control_subject_verb,past-tense gender,-33.73081970214844,-37.90337371826172,7,7,1,3.6250000596046448,4.999999932944775,1
INSAIT-Institute/MamayLM-Gemma-3-4B-IT-v1.0,control_subject_verb_0298,control_subject_verb,past-tense gender,-32.9151496887207,-40.285743713378906,9,9,1,4.124999925494194,4.624999865889549,1
INSAIT-Institute/MamayLM-Gemma-3-4B-IT-v1.0,control_subject_verb_0299,control_subject_verb,past-tense gender,-28.462642669677734,-37.638832092285156,10,10,1,3.249999925494194,1.8749999701976776,1
INSAIT-Institute/MamayLM-Gemma-3-4B-IT-v1.0,numeral_noun_0000,numeral_noun,2-4 + nom.pl,-28.07813835144043,-30.87197494506836,8,8,1,-0.375,1.9999998956918716,1
INSAIT-Institute/MamayLM-Gemma-3-4B-IT-v1.0,numeral_noun_0001,numeral_noun,2-4 + nom.pl,-33.02079391479492,-36.800689697265625,8,8,1,-3.2499999180436134,3.8749999925494194,1
INSAIT-Institute/MamayLM-Gemma-3-4B-IT-v1.0,numeral_noun_0002,numeral_noun,2-4 + nom.pl,-32.16677474975586,-34.82069778442383,7,7,1,-1.1250000298023224,3.4999999403953552,1
INSAIT-Institute/MamayLM-Gemma-3-4B-IT-v1.0,numeral_noun_0003,numeral_noun,2-4 + nom.pl,-33.31414794921875,-31.669296264648438,7,7,0,0.125,3.2500000670552254,1
INSAIT-Institute/MamayLM-Gemma-3-4B-IT-v1.0,numeral_noun_0004,numeral_noun,2-4 + nom.pl,-28.953901290893555,-37.92759323120117,8,8,1,3.3750001192092896,-0.25,1
INSAIT-Institute/MamayLM-Gemma-3-4B-IT-v1.0,numeral_noun_0005,numeral_noun,2-4 + nom.pl,-29.81458282470703,-31.709768295288086,7,6,1,2.624999925494194,3.6250001043081284,1
INSAIT-Institute/MamayLM-Gemma-3-4B-IT-v1.0,numeral_noun_0006,numeral_noun,2-4 + nom.pl,-29.340744018554688,-29.655263900756836,6,7,1,-3.2499999031424522,4.4999998435378075,1
INSAIT-Institute/MamayLM-Gemma-3-4B-IT-v1.0,numeral_noun_0007,numeral_noun,2-4 + nom.pl,-30.16170883178711,-27.927207946777344,6,6,0,-1.25,2.8750000447034836,1
INSAIT-Institute/MamayLM-Gemma-3-4B-IT-v1.0,numeral_noun_0008,numeral_noun,2-4 + nom.pl,-35.732086181640625,-37.41319274902344,10,10,1,1.2500000298023224,5.124999791383743,1
INSAIT-Institute/MamayLM-Gemma-3-4B-IT-v1.0,numeral_noun_0009,numeral_noun,2-4 + nom.pl,-34.25021743774414,-35.61012649536133,8,8,1,-0.125,5.124999895691872,1
INSAIT-Institute/MamayLM-Gemma-3-4B-IT-v1.0,numeral_noun_0010,numeral_noun,2-4 + nom.pl,-31.15573501586914,-33.84291076660156,7,7,1,-1.2499999403953552,3.0,1
INSAIT-Institute/MamayLM-Gemma-3-4B-IT-v1.0,numeral_noun_0011,numeral_noun,2-4 + nom.pl,-34.322547912597656,-36.788612365722656,6,6,1,3.3749999552965164,5.50000012293458,1
INSAIT-Institute/MamayLM-Gemma-3-4B-IT-v1.0,numeral_noun_0012,numeral_noun,2-4 + nom.pl,-20.487516403198242,-27.861793518066406,9,9,1,3.500000014901161,0.375,1
INSAIT-Institute/MamayLM-Gemma-3-4B-IT-v1.0,numeral_noun_0013,numeral_noun,2-4 + nom.pl,-36.47184753417969,-35.79944610595703,8,8,0,-0.625,1.1249999403953552,1
INSAIT-Institute/MamayLM-Gemma-3-4B-IT-v1.0,numeral_noun_0014,numeral_noun,2-4 + nom.pl,-31.266056060791016,-29.679473876953125,6,5,0,-1.3749999701976776,0.75,0
INSAIT-Institute/MamayLM-Gemma-3-4B-IT-v1.0,numeral_noun_0015,numeral_noun,2-4 + nom.pl,-32.02452850341797,-34.4726676940918,8,7,1,2.875,4.749999955296516,1
INSAIT-Institute/MamayLM-Gemma-3-4B-IT-v1.0,numeral_noun_0016,numeral_noun,2-4 + nom.pl,-34.57166290283203,-38.712684631347656,6,6,1,-0.625,3.5000000968575478,1
INSAIT-Institute/MamayLM-Gemma-3-4B-IT-v1.0,numeral_noun_0017,numeral_noun,2-4 + nom.pl,-32.91460418701172,-35.36550521850586,8,7,1,0.75,5.749999936670065,1
INSAIT-Institute/MamayLM-Gemma-3-4B-IT-v1.0,numeral_noun_0018,numeral_noun,2-4 + nom.pl,-33.01757049560547,-33.61463928222656,7,7,1,0.6250000596046448,-0.4999999403953552,1
INSAIT-Institute/MamayLM-Gemma-3-4B-IT-v1.0,numeral_noun_0019,numeral_noun,2-4 + nom.pl,-34.323429107666016,-36.27874755859375,9,9,1,-2.2500001192092896,2.6250000298023224,1
INSAIT-Institute/MamayLM-Gemma-3-4B-IT-v1.0,numeral_noun_0020,numeral_noun,2-4 + nom.pl,-30.985511779785156,-35.234954833984375,7,7,1,-3.1250000819563866,3.374999888241291,1
INSAIT-Institute/MamayLM-Gemma-3-4B-IT-v1.0,numeral_noun_0021,numeral_noun,2-4 + nom.pl,-31.814056396484375,-33.52817916870117,6,7,1,1.375,3.3750001043081284,1
INSAIT-Institute/MamayLM-Gemma-3-4B-IT-v1.0,numeral_noun_0022,numeral_noun,2-4 + nom.pl,-31.886913299560547,-34.414886474609375,6,6,1,2.4999999403953552,5.624999776482582,1
INSAIT-Institute/MamayLM-Gemma-3-4B-IT-v1.0,numeral_noun_0023,numeral_noun,2-4 + nom.pl,-25.129558563232422,-33.70588684082031,6,6,1,3.8749999403953552,4.125000037252903,1
INSAIT-Institute/MamayLM-Gemma-3-4B-IT-v1.0,numeral_noun_0024,numeral_noun,2-4 + nom.pl,-33.14642333984375,-36.75056457519531,8,8,1,1.1250000298023224,2.750000014901161,1
INSAIT-Institute/MamayLM-Gemma-3-4B-IT-v1.0,numeral_noun_0025,numeral_noun,2-4 + nom.pl,-30.707496643066406,-34.41522979736328,9,8,1,3.250000089406967,3.375,1
INSAIT-Institute/MamayLM-Gemma-3-4B-IT-v1.0,numeral_noun_0026,numeral_noun,2-4 + nom.pl,-33.9148063659668,-35.627342224121094,8,8,1,-2.0,5.1250002309679985,1
INSAIT-Institute/MamayLM-Gemma-3-4B-IT-v1.0,numeral_noun_0027,numeral_noun,2-4 + nom.pl,-33.10828399658203,-36.14419937133789,7,7,1,1.2500000596046448,3.0000000819563866,1
INSAIT-Institute/MamayLM-Gemma-3-4B-IT-v1.0,numeral_noun_0028,numeral_noun,2-4 + nom.pl,-34.26555633544922,-36.55085754394531,8,8,1,1.6250000596046448,-1.875,0
INSAIT-Institute/MamayLM-Gemma-3-4B-IT-v1.0,numeral_noun_0029,numeral_noun,2-4 + nom.pl,-31.551504135131836,-33.20396423339844,6,6,1,1.7500001192092896,2.625000089406967,1
INSAIT-Institute/MamayLM-Gemma-3-4B-IT-v1.0,numeral_noun_0030,numeral_noun,2-4 + nom.pl,-31.955516815185547,-41.13121032714844,10,10,1,3.0000001192092896,-0.2500000596046448,1
INSAIT-Institute/MamayLM-Gemma-3-4B-IT-v1.0,numeral_noun_0031,numeral_noun,2-4 + nom.pl,-22.07225799560547,-27.515079498291016,8,7,1,1.375,1.2499999701976776,1
INSAIT-Institute/MamayLM-Gemma-3-4B-IT-v1.0,numeral_noun_0032,numeral_noun,2-4 + nom.pl,-34.77843475341797,-35.9727897644043,8,8,1,-0.5,0.625,1
INSAIT-Institute/MamayLM-Gemma-3-4B-IT-v1.0,numeral_noun_0033,numeral_noun,2-4 + nom.pl,-32.15274429321289,-33.64582061767578,8,7,1,-1.2499999403953552,1.5,1
INSAIT-Institute/MamayLM-Gemma-3-4B-IT-v1.0,numeral_noun_0034,numeral_noun,2-4 + nom.pl,-34.378780364990234,-36.34374237060547,8,8,1,-2.1250000447034836,3.2499999329447746,1
INSAIT-Institute/MamayLM-Gemma-3-4B-IT-v1.0,numeral_noun_0035,numeral_noun,2-4 + nom.pl,-32.54471969604492,-35.415245056152344,10,9,1,1.2500000596046448,5.6249998807907104,1
INSAIT-Institute/MamayLM-Gemma-3-4B-IT-v1.0,numeral_noun_0036,numeral_noun,2-4 + nom.pl,-27.393814086914062,-30.05365753173828,7,7,1,-2.6250000298023224,2.8749999552965164,1
INSAIT-Institute/MamayLM-Gemma-3-4B-IT-v1.0,numeral_noun_0037,numeral_noun,2-4 + nom.pl,-35.133541107177734,-38.47889709472656,9,10,1,2.5000000596046448,5.124999798834324,1
INSAIT-Institute/MamayLM-Gemma-3-4B-IT-v1.0,numeral_noun_0038,numeral_noun,2-4 + nom.pl,-33.7843017578125,-34.789756774902344,10,10,1,0.8749999403953552,1.9999999552965164,1
INSAIT-Institute/MamayLM-Gemma-3-4B-IT-v1.0,numeral_noun_0039,numeral_noun,2-4 + nom.pl,-32.50578308105469,-33.189571380615234,8,8,1,1.1249999403953552,5.249999985098839,1
INSAIT-Institute/MamayLM-Gemma-3-4B-IT-v1.0,numeral_noun_0040,numeral_noun,2-4 + nom.pl,-35.689170837402344,-37.20973205566406,9,9,1,1.6250000298023224,4.874999955296516,1
INSAIT-Institute/MamayLM-Gemma-3-4B-IT-v1.0,numeral_noun_0041,numeral_noun,2-4 + nom.pl,-34.03415298461914,-34.55034255981445,7,7,1,1.3749999403953552,3.1250000819563866,1
INSAIT-Institute/MamayLM-Gemma-3-4B-IT-v1.0,numeral_noun_0042,numeral_noun,2-4 + nom.pl,-34.44742965698242,-34.94276428222656,8,9,1,-3.249999910593033,4.500000081956387,1
INSAIT-Institute/MamayLM-Gemma-3-4B-IT-v1.0,numeral_noun_0043,numeral_noun,2-4 + nom.pl,-32.738059997558594,-32.15424728393555,9,9,0,1.7500000596046448,1.0,1
INSAIT-Institute/MamayLM-Gemma-3-4B-IT-v1.0,numeral_noun_0044,numeral_noun,2-4 + nom.pl,-33.30084228515625,-33.55438232421875,7,7,1,0.6249999403953552,4.6250001564621925,1
INSAIT-Institute/MamayLM-Gemma-3-4B-IT-v1.0,numeral_noun_0045,numeral_noun,2-4 + nom.pl,-33.57305908203125,-37.151161193847656,8,8,1,1.75,2.500000074505806,1
INSAIT-Institute/MamayLM-Gemma-3-4B-IT-v1.0,numeral_noun_0046,numeral_noun,2-4 + nom.pl,-32.991241455078125,-37.11167907714844,8,8,1,-0.375,3.249999925494194,1
INSAIT-Institute/MamayLM-Gemma-3-4B-IT-v1.0,numeral_noun_0047,numeral_noun,2-4 + nom.pl,-33.3536262512207,-36.0279655456543,10,10,1,2.2500001192092896,1.6250000596046448,1
INSAIT-Institute/MamayLM-Gemma-3-4B-IT-v1.0,numeral_noun_0048,numeral_noun,2-4 + nom.pl,-20.53424835205078,-27.548507690429688,8,8,1,3.8750000298023224,4.500000022351742,1
INSAIT-Institute/MamayLM-Gemma-3-4B-IT-v1.0,numeral_noun_0049,numeral_noun,2-4 + nom.pl,-32.1976203918457,-37.59123229980469,7,7,1,3.749999925494194,5.500000171363354,1
INSAIT-Institute/MamayLM-Gemma-3-4B-IT-v1.0,numeral_noun_0050,numeral_noun,2-4 + nom.pl,-31.5438232421875,-32.06586837768555,6,6,1,1.7500000596046448,2.999999910593033,1
INSAIT-Institute/MamayLM-Gemma-3-4B-IT-v1.0,numeral_noun_0051,numeral_noun,2-4 + nom.pl,-33.12432861328125,-34.97840118408203,8,8,1,-0.4999999403953552,4.999999858438969,1
INSAIT-Institute/MamayLM-Gemma-3-4B-IT-v1.0,numeral_noun_0052,numeral_noun,2-4 + nom.pl,-39.181602478027344,-44.231407165527344,9,9,1,0.25,3.2499999925494194,1
INSAIT-Institute/MamayLM-Gemma-3-4B-IT-v1.0,numeral_noun_0053,numeral_noun,2-4 + nom.pl,-34.577091217041016,-36.82740783691406,9,9,1,-1.2500000298023224,5.1250000931322575,1
INSAIT-Institute/MamayLM-Gemma-3-4B-IT-v1.0,numeral_noun_0054,numeral_noun,2-4 + nom.pl,-33.173301696777344,-36.933494567871094,7,6,1,3.250000089406967,4.8749999068677425,1
INSAIT-Institute/MamayLM-Gemma-3-4B-IT-v1.0,numeral_noun_0055,numeral_noun,2-4 + nom.pl,-27.240234375,-29.075946807861328,8,9,1,2.0,3.3750000074505806,1
INSAIT-Institute/MamayLM-Gemma-3-4B-IT-v1.0,numeral_noun_0056,numeral_noun,2-4 + nom.pl,-30.151569366455078,-35.77664566040039,7,8,1,4.0000001192092896,4.624999925494194,1
INSAIT-Institute/MamayLM-Gemma-3-4B-IT-v1.0,numeral_noun_0057,numeral_noun,2-4 + nom.pl,-30.60300064086914,-36.246150970458984,7,8,1,3.999999985098839,1.7500000894069672,1
INSAIT-Institute/MamayLM-Gemma-3-4B-IT-v1.0,numeral_noun_0058,numeral_noun,2-4 + nom.pl,-29.125431060791016,-33.40691375732422,7,6,1,2.1250000298023224,1.8750000149011612,1
INSAIT-Institute/MamayLM-Gemma-3-4B-IT-v1.0,numeral_noun_0059,numeral_noun,2-4 + nom.pl,-29.972942352294922,-33.518760681152344,8,7,1,3.3750001043081284,4.124999888241291,1
INSAIT-Institute/MamayLM-Gemma-3-4B-IT-v1.0,numeral_noun_0060,numeral_noun,2-4 + nom.pl,-25.201904296875,-28.953372955322266,9,9,1,-0.125,2.1249999403953552,1
INSAIT-Institute/MamayLM-Gemma-3-4B-IT-v1.0,numeral_noun_0061,numeral_noun,2-4 + nom.pl,-20.653350830078125,-24.76032829284668,7,6,1,3.124999910593033,2.2499999552965164,1
INSAIT-Institute/MamayLM-Gemma-3-4B-IT-v1.0,numeral_noun_0062,numeral_noun,2-4 + nom.pl,-32.34340286254883,-34.91871643066406,10,10,1,3.3750001192092896,5.374999828636646,1
INSAIT-Institute/MamayLM-Gemma-3-4B-IT-v1.0,numeral_noun_0063,numeral_noun,2-4 + nom.pl,-28.997711181640625,-30.919944763183594,8,8,1,-1.9999998956918716,2.2499999701976776,1
INSAIT-Institute/MamayLM-Gemma-3-4B-IT-v1.0,numeral_noun_0064,numeral_noun,2-4 + nom.pl,-30.621347427368164,-31.62859535217285,6,6,1,1.1250000596046448,4.249999918043613,1
INSAIT-Institute/MamayLM-Gemma-3-4B-IT-v1.0,numeral_noun_0065,numeral_noun,2-4 + nom.pl,-33.53203582763672,-36.977134704589844,7,7,1,1.0,3.2500000968575478,1
INSAIT-Institute/MamayLM-Gemma-3-4B-IT-v1.0,numeral_noun_0066,numeral_noun,2-4 + nom.pl,-34.77940368652344,-37.39775085449219,8,8,1,-2.000000014901161,3.875000014901161,1
INSAIT-Institute/MamayLM-Gemma-3-4B-IT-v1.0,numeral_noun_0067,numeral_noun,2-4 + nom.pl,-33.61662673950195,-35.789188385009766,8,8,1,-0.75,5.125000141561031,1
INSAIT-Institute/MamayLM-Gemma-3-4B-IT-v1.0,numeral_noun_0068,numeral_noun,2-4 + nom.pl,-20.63361930847168,-24.88263511657715,7,6,1,3.375000074505806,3.6250000596046448,1
INSAIT-Institute/MamayLM-Gemma-3-4B-IT-v1.0,numeral_noun_0069,numeral_noun,2-4 + nom.pl,-33.860382080078125,-36.67784881591797,10,10,1,3.7500001192092896,5.250000085681677,1
INSAIT-Institute/MamayLM-Gemma-3-4B-IT-v1.0,numeral_noun_0070,numeral_noun,2-4 + nom.pl,-26.012577056884766,-33.261497497558594,7,7,1,3.6250000447034836,4.625,1
INSAIT-Institute/MamayLM-Gemma-3-4B-IT-v1.0,numeral_noun_0071,numeral_noun,2-4 + nom.pl,-28.329532623291016,-28.99224090576172,8,9,1,-1.6249999701976776,2.875000014901161,1
INSAIT-Institute/MamayLM-Gemma-3-4B-IT-v1.0,numeral_noun_0072,numeral_noun,2-4 + nom.pl,-27.7919921875,-29.130706787109375,9,9,1,-0.125,0.9999999701976776,1
INSAIT-Institute/MamayLM-Gemma-3-4B-IT-v1.0,numeral_noun_0073,numeral_noun,2-4 + nom.pl,-28.520000457763672,-28.779176712036133,7,8,1,-1.8749998807907104,2.2499999552965164,1
INSAIT-Institute/MamayLM-Gemma-3-4B-IT-v1.0,numeral_noun_0074,numeral_noun,2-4 + nom.pl,-30.342479705810547,-33.33326721191406,8,8,1,-0.125,2.0000000596046448,1
INSAIT-Institute/MamayLM-Gemma-3-4B-IT-v1.0,numeral_noun_0075,numeral_noun,2-4 + nom.pl,-34.67091751098633,-35.87238311767578,7,7,1,0.75,-0.5000000596046448,1
INSAIT-Institute/MamayLM-Gemma-3-4B-IT-v1.0,numeral_noun_0076,numeral_noun,2-4 + nom.pl,-29.46170997619629,-33.724342346191406,8,7,1,3.3750000447034836,4.625000227242708,1
INSAIT-Institute/MamayLM-Gemma-3-4B-IT-v1.0,numeral_noun_0077,numeral_noun,2-4 + nom.pl,-31.229175567626953,-35.219303131103516,8,8,1,-1.2499999701976776,3.2499999180436134,1
INSAIT-Institute/MamayLM-Gemma-3-4B-IT-v1.0,numeral_noun_0078,numeral_noun,2-4 + nom.pl,-31.533355712890625,-31.834712982177734,8,8,1,0.5,1.8750001043081284,1
INSAIT-Institute/MamayLM-Gemma-3-4B-IT-v1.0,numeral_noun_0079,numeral_noun,2-4 + nom.pl,-41.34325408935547,-47.36475372314453,8,8,1,1.1249999701976776,3.9999998435378075,1
INSAIT-Institute/MamayLM-Gemma-3-4B-IT-v1.0,numeral_noun_0080,numeral_noun,2-4 + nom.pl,-31.929306030273438,-30.77020835876465,6,6,0,-0.3749999403953552,4.249999918043613,1
INSAIT-Institute/MamayLM-Gemma-3-4B-IT-v1.0,numeral_noun_0081,numeral_noun,2-4 + nom.pl,-40.41371536254883,-39.986080169677734,7,7,0,-1.1250000298023224,2.125000014901161,1
INSAIT-Institute/MamayLM-Gemma-3-4B-IT-v1.0,numeral_noun_0082,numeral_noun,2-4 + nom.pl,-33.770111083984375,-37.150543212890625,8,8,1,0.875,3.3749999180436134,1
INSAIT-Institute/MamayLM-Gemma-3-4B-IT-v1.0,numeral_noun_0083,numeral_noun,2-4 + nom.pl,-28.0859375,-30.322341918945312,10,10,1,1.375,1.5000000298023224,1
INSAIT-Institute/MamayLM-Gemma-3-4B-IT-v1.0,numeral_noun_0084,numeral_noun,2-4 + nom.pl,-30.007400512695312,-32.157630920410156,9,9,1,3.624999910593033,5.124999970197678,1
INSAIT-Institute/MamayLM-Gemma-3-4B-IT-v1.0,numeral_noun_0085,numeral_noun,2-4 + nom.pl,-35.90907287597656,-39.05397033691406,8,8,1,-0.25,1.125,1
INSAIT-Institute/MamayLM-Gemma-3-4B-IT-v1.0,numeral_noun_0086,numeral_noun,2-4 + nom.pl,-31.58053207397461,-37.097190856933594,6,7,1,-2.999999962747097,4.249999932944775,1
INSAIT-Institute/MamayLM-Gemma-3-4B-IT-v1.0,numeral_noun_0087,numeral_noun,2-4 + nom.pl,-33.8625373840332,-35.13755798339844,7,7,1,-2.0000000298023224,2.749999977648258,1
INSAIT-Institute/MamayLM-Gemma-3-4B-IT-v1.0,numeral_noun_0088,numeral_noun,2-4 + nom.pl,-34.52824783325195,-33.73908233642578,7,7,0,-1.0000000596046448,2.125000074505806,1
INSAIT-Institute/MamayLM-Gemma-3-4B-IT-v1.0,numeral_noun_0089,numeral_noun,2-4 + nom.pl,-31.679174423217773,-33.88121795654297,7,6,1,1.1250000298023224,-0.9999999403953552,1
INSAIT-Institute/MamayLM-Gemma-3-4B-IT-v1.0,numeral_noun_0090,numeral_noun,2-4 + nom.pl,-34.27715301513672,-36.989723205566406,9,8,1,-0.125,5.249999932944775,1
INSAIT-Institute/MamayLM-Gemma-3-4B-IT-v1.0,numeral_noun_0091,numeral_noun,2-4 + nom.pl,-27.761219024658203,-29.39040756225586,9,9,1,1.6249999701976776,1.6249999701976776,1
INSAIT-Institute/MamayLM-Gemma-3-4B-IT-v1.0,numeral_noun_0092,numeral_noun,2-4 + nom.pl,-34.732566833496094,-36.491424560546875,9,9,1,-0.6249999403953552,1.4999999701976776,1
INSAIT-Institute/MamayLM-Gemma-3-4B-IT-v1.0,numeral_noun_0093,numeral_noun,2-4 + nom.pl,-33.1829833984375,-35.55961608886719,7,8,1,-2.375000089406967,1.875,0
INSAIT-Institute/MamayLM-Gemma-3-4B-IT-v1.0,numeral_noun_0094,numeral_noun,2-4 + nom.pl,-33.82402801513672,-39.080657958984375,8,8,1,3.375,3.7499999701976776,1
INSAIT-Institute/MamayLM-Gemma-3-4B-IT-v1.0,numeral_noun_0095,numeral_noun,2-4 + nom.pl,-33.963233947753906,-35.51761245727539,6,5,1,2.6249998956918716,5.2500001937150955,1
INSAIT-Institute/MamayLM-Gemma-3-4B-IT-v1.0,numeral_noun_0096,numeral_noun,2-4 + nom.pl,-19.873760223388672,-28.06896209716797,8,8,1,3.8750001192092896,1.375,1
INSAIT-Institute/MamayLM-Gemma-3-4B-IT-v1.0,numeral_noun_0097,numeral_noun,2-4 + nom.pl,-36.248435974121094,-39.12067794799805,9,9,1,3.2499999701976776,-1.8749999403953552,1
INSAIT-Institute/MamayLM-Gemma-3-4B-IT-v1.0,numeral_noun_0098,numeral_noun,2-4 + nom.pl,-33.93135070800781,-39.847965240478516,8,8,1,2.2499998807907104,0.125,1
INSAIT-Institute/MamayLM-Gemma-3-4B-IT-v1.0,numeral_noun_0099,numeral_noun,2-4 + nom.pl,-30.474300384521484,-34.70277404785156,7,6,1,2.7500000298023224,4.375000070780516,1
INSAIT-Institute/MamayLM-Gemma-3-4B-IT-v1.0,numeral_noun_0100,numeral_noun,2-4 + nom.pl,-33.668312072753906,-35.75965881347656,8,9,1,-2.6249999701976776,2.8749999403953552,1
INSAIT-Institute/MamayLM-Gemma-3-4B-IT-v1.0,numeral_noun_0101,numeral_noun,2-4 + nom.pl,-34.056793212890625,-38.23853302001953,9,9,1,3.2500001043081284,5.749999932944775,1
INSAIT-Institute/MamayLM-Gemma-3-4B-IT-v1.0,numeral_noun_0102,numeral_noun,2-4 + nom.pl,-32.82899475097656,-36.37994384765625,8,8,1,-0.4999999403953552,3.000000037252903,1
INSAIT-Institute/MamayLM-Gemma-3-4B-IT-v1.0,numeral_noun_0103,numeral_noun,2-4 + nom.pl,-32.449851989746094,-32.3737678527832,7,8,0,-3.3750000447034836,4.999999798834324,1
INSAIT-Institute/MamayLM-Gemma-3-4B-IT-v1.0,numeral_noun_0104,numeral_noun,2-4 + nom.pl,-33.4903564453125,-34.14342498779297,8,8,1,1.9999999403953552,3.5000000670552254,1
INSAIT-Institute/MamayLM-Gemma-3-4B-IT-v1.0,numeral_noun_0105,numeral_noun,2-4 + nom.pl,-39.20368194580078,-38.269935607910156,6,6,0,-0.25,0.5,1
INSAIT-Institute/MamayLM-Gemma-3-4B-IT-v1.0,numeral_noun_0106,numeral_noun,2-4 + nom.pl,-32.40280532836914,-33.60948181152344,7,6,1,0.5,-0.375,1
INSAIT-Institute/MamayLM-Gemma-3-4B-IT-v1.0,numeral_noun_0107,numeral_noun,2-4 + nom.pl,-33.804779052734375,-39.106727600097656,6,7,1,3.5000000596046448,5.499999850988388,1
INSAIT-Institute/MamayLM-Gemma-3-4B-IT-v1.0,numeral_noun_0108,numeral_noun,2-4 + nom.pl,-34.553279876708984,-34.737876892089844,8,8,1,-0.9999999701976776,0.9999999701976776,0
INSAIT-Institute/MamayLM-Gemma-3-4B-IT-v1.0,numeral_noun_0109,numeral_noun,2-4 + nom.pl,-31.837657928466797,-37.584327697753906,7,8,1,-1.9999999105930328,2.374999985098839,1
INSAIT-Institute/MamayLM-Gemma-3-4B-IT-v1.0,numeral_noun_0110,numeral_noun,2-4 + nom.pl,-32.958187103271484,-36.1214599609375,6,7,1,-2.500000014901161,3.999999813735485,1
INSAIT-Institute/MamayLM-Gemma-3-4B-IT-v1.0,numeral_noun_0111,numeral_noun,2-4 + nom.pl,-26.253955841064453,-34.086524963378906,7,7,1,3.6250001043081284,0.6249999403953552,1
INSAIT-Institute/MamayLM-Gemma-3-4B-IT-v1.0,numeral_noun_0112,numeral_noun,2-4 + nom.pl,-32.63396072387695,-33.08978271484375,7,7,1,-2.125000074505806,2.3749999552965164,1
INSAIT-Institute/MamayLM-Gemma-3-4B-IT-v1.0,numeral_noun_0113,numeral_noun,2-4 + nom.pl,-33.02032470703125,-33.63475036621094,9,9,1,-2.7500000447034836,3.875000052154064,1
INSAIT-Institute/MamayLM-Gemma-3-4B-IT-v1.0,numeral_noun_0114,numeral_noun,2-4 + nom.pl,-35.24138641357422,-37.995262145996094,8,7,1,3.0000000447034836,4.249999932944775,1
INSAIT-Institute/MamayLM-Gemma-3-4B-IT-v1.0,numeral_noun_0115,numeral_noun,2-4 + nom.pl,-32.6126708984375,-34.976402282714844,8,8,1,-1.5,1.0000000298023224,0
INSAIT-Institute/MamayLM-Gemma-3-4B-IT-v1.0,numeral_noun_0116,numeral_noun,2-4 + nom.pl,-19.324987411499023,-27.66483497619629,6,6,1,4.500000134110451,1.5,1
INSAIT-Institute/MamayLM-Gemma-3-4B-IT-v1.0,numeral_noun_0117,numeral_noun,2-4 + nom.pl,-32.6697883605957,-37.865821838378906,8,8,1,3.6249998956918716,5.4999998062849045,1
INSAIT-Institute/MamayLM-Gemma-3-4B-IT-v1.0,numeral_noun_0118,numeral_noun,2-4 + nom.pl,-34.344547271728516,-37.25630569458008,7,7,1,0.0,1.7499999701976776,1
INSAIT-Institute/MamayLM-Gemma-3-4B-IT-v1.0,numeral_noun_0119,numeral_noun,2-4 + nom.pl,-30.694778442382812,-32.543609619140625,10,10,1,3.8749997913837433,4.999999914318323,1
INSAIT-Institute/MamayLM-Gemma-3-4B-IT-v1.0,numeral_noun_0120,numeral_noun,2-4 + nom.pl,-30.416248321533203,-32.72263717651367,7,7,1,-2.2500001043081284,3.3750000298023224,1
INSAIT-Institute/MamayLM-Gemma-3-4B-IT-v1.0,numeral_noun_0121,numeral_noun,2-4 + nom.pl,-20.05038070678711,-27.80084991455078,6,6,1,4.249999955296516,4.750000186264515,1
INSAIT-Institute/MamayLM-Gemma-3-4B-IT-v1.0,numeral_noun_0122,numeral_noun,2-4 + nom.pl,-29.288543701171875,-31.193737030029297,7,6,1,1.4999999701976776,4.500000044703484,1
INSAIT-Institute/MamayLM-Gemma-3-4B-IT-v1.0,numeral_noun_0123,numeral_noun,2-4 + nom.pl,-37.5152702331543,-39.12544631958008,7,6,1,1.75,5.249999791383743,1
INSAIT-Institute/MamayLM-Gemma-3-4B-IT-v1.0,numeral_noun_0124,numeral_noun,2-4 + nom.pl,-34.91069793701172,-36.189884185791016,9,9,1,-3.124999888241291,4.375000052154064,1
INSAIT-Institute/MamayLM-Gemma-3-4B-IT-v1.0,numeral_noun_0125,numeral_noun,2-4 + nom.pl,-30.509769439697266,-30.849687576293945,9,9,1,2.875000074505806,1.5000000298023224,1
INSAIT-Institute/MamayLM-Gemma-3-4B-IT-v1.0,numeral_noun_0126,numeral_noun,2-4 + nom.pl,-32.35200500488281,-35.551300048828125,9,9,1,-0.3750000596046448,2.1249999701976776,1
INSAIT-Institute/MamayLM-Gemma-3-4B-IT-v1.0,numeral_noun_0127,numeral_noun,2-4 + nom.pl,-36.32886505126953,-35.83280944824219,7,7,0,0.125,0.5,1
INSAIT-Institute/MamayLM-Gemma-3-4B-IT-v1.0,numeral_noun_0128,numeral_noun,2-4 + nom.pl,-32.951759338378906,-38.808250427246094,7,8,1,3.999999776482582,5.0000001303851604,1
INSAIT-Institute/MamayLM-Gemma-3-4B-IT-v1.0,numeral_noun_0129,numeral_noun,2-4 + nom.pl,-36.29638671875,-37.11832046508789,8,8,1,-0.125,4.624999962747097,1
INSAIT-Institute/MamayLM-Gemma-3-4B-IT-v1.0,numeral_noun_0130,numeral_noun,2-4 + nom.pl,-30.886463165283203,-36.180171966552734,7,7,1,1.5000000298023224,0.375,1
INSAIT-Institute/MamayLM-Gemma-3-4B-IT-v1.0,numeral_noun_0131,numeral_noun,2-4 + nom.pl,-36.871334075927734,-39.71520233154297,9,9,1,-0.25,0.0,0
INSAIT-Institute/MamayLM-Gemma-3-4B-IT-v1.0,numeral_noun_0132,numeral_noun,2-4 + nom.pl,-32.6338005065918,-35.45950698852539,9,9,1,1.8750000596046448,-0.125,1
INSAIT-Institute/MamayLM-Gemma-3-4B-IT-v1.0,numeral_noun_0133,numeral_noun,2-4 + nom.pl,-32.6544189453125,-36.19976043701172,7,7,1,0.25,4.624999921768904,1
INSAIT-Institute/MamayLM-Gemma-3-4B-IT-v1.0,numeral_noun_0134,numeral_noun,2-4 + nom.pl,-31.707149505615234,-30.89682388305664,7,7,0,0.8750000596046448,2.750000014901161,1
INSAIT-Institute/MamayLM-Gemma-3-4B-IT-v1.0,numeral_noun_0135,numeral_noun,2-4 + nom.pl,-31.840618133544922,-33.588531494140625,7,8,1,-3.3750000968575478,3.6250000074505806,1
INSAIT-Institute/MamayLM-Gemma-3-4B-IT-v1.0,numeral_noun_0136,numeral_noun,2-4 + nom.pl,-31.866470336914062,-34.81309509277344,9,9,1,0.125,1.7500000596046448,1
INSAIT-Institute/MamayLM-Gemma-3-4B-IT-v1.0,numeral_noun_0137,numeral_noun,2-4 + nom.pl,-33.2784538269043,-36.18736267089844,7,7,1,0.875,3.500000111758709,1
INSAIT-Institute/MamayLM-Gemma-3-4B-IT-v1.0,numeral_noun_0138,numeral_noun,2-4 + nom.pl,-30.590713500976562,-36.96971893310547,6,7,1,-1.6249999403953552,3.624999962747097,1
INSAIT-Institute/MamayLM-Gemma-3-4B-IT-v1.0,numeral_noun_0139,numeral_noun,2-4 + nom.pl,-26.81012535095215,-35.739471435546875,7,7,1,2.75,-0.75,1
INSAIT-Institute/MamayLM-Gemma-3-4B-IT-v1.0,numeral_noun_0140,numeral_noun,2-4 + nom.pl,-36.88581085205078,-38.630210876464844,8,8,1,1.5,2.25,1
INSAIT-Institute/MamayLM-Gemma-3-4B-IT-v1.0,numeral_noun_0141,numeral_noun,2-4 + nom.pl,-29.81844139099121,-34.89606475830078,8,7,1,-0.9999999403953552,1.5000000596046448,1
INSAIT-Institute/MamayLM-Gemma-3-4B-IT-v1.0,numeral_noun_0142,numeral_noun,2-4 + nom.pl,-31.1036376953125,-35.36880874633789,7,6,1,2.624999910593033,4.874999783933163,1
INSAIT-Institute/MamayLM-Gemma-3-4B-IT-v1.0,numeral_noun_0143,numeral_noun,2-4 + nom.pl,-34.302242279052734,-34.934532165527344,7,7,1,1.4999999701976776,4.6250002309679985,1
INSAIT-Institute/MamayLM-Gemma-3-4B-IT-v1.0,numeral_noun_0144,numeral_noun,2-4 + nom.pl,-30.40682029724121,-33.844024658203125,7,6,1,2.999999925494194,5.750000189989805,1
INSAIT-Institute/MamayLM-Gemma-3-4B-IT-v1.0,numeral_noun_0145,numeral_noun,2-4 + nom.pl,-32.191749572753906,-29.47884750366211,5,6,0,-2.250000014901161,4.999999947845936,1
INSAIT-Institute/MamayLM-Gemma-3-4B-IT-v1.0,numeral_noun_0146,numeral_noun,2-4 + nom.pl,-30.372562408447266,-33.73028564453125,8,8,1,-1.6250000596046448,3.4999999403953552,1
INSAIT-Institute/MamayLM-Gemma-3-4B-IT-v1.0,numeral_noun_0147,numeral_noun,2-4 + nom.pl,-31.258846282958984,-35.16225814819336,7,7,1,-4.124999918043613,3.9999998807907104,0
INSAIT-Institute/MamayLM-Gemma-3-4B-IT-v1.0,numeral_noun_0148,numeral_noun,2-4 + nom.pl,-30.748388290405273,-33.43461608886719,9,9,1,0.5000000596046448,2.125,1
INSAIT-Institute/MamayLM-Gemma-3-4B-IT-v1.0,numeral_noun_0149,numeral_noun,2-4 + nom.pl,-35.064186096191406,-38.433712005615234,8,9,1,2.6249999701976776,5.125000011175871,1
INSAIT-Institute/MamayLM-Gemma-3-4B-IT-v1.0,numeral_noun_0150,numeral_noun,5+ + gen.pl,-34.826377868652344,-37.19304656982422,10,10,1,2.875000089406967,1.3750000298023224,1
INSAIT-Institute/MamayLM-Gemma-3-4B-IT-v1.0,numeral_noun_0151,numeral_noun,5+ + gen.pl,-29.507469177246094,-37.910518646240234,7,8,1,4.3750001192092896,6.125000040978193,1
INSAIT-Institute/MamayLM-Gemma-3-4B-IT-v1.0,numeral_noun_0152,numeral_noun,5+ + gen.pl,-31.495473861694336,-38.510501861572266,10,9,1,3.000000014901161,3.250000014901161,1
INSAIT-Institute/MamayLM-Gemma-3-4B-IT-v1.0,numeral_noun_0153,numeral_noun,5+ + gen.pl,-35.763912200927734,-41.258453369140625,8,8,1,2.3749999701976776,4.250000208616257,1
INSAIT-Institute/MamayLM-Gemma-3-4B-IT-v1.0,numeral_noun_0154,numeral_noun,5+ + gen.pl,-38.80250930786133,-45.97721862792969,9,9,1,4.249999791383743,3.1249998956918716,1
INSAIT-Institute/MamayLM-Gemma-3-4B-IT-v1.0,numeral_noun_0155,numeral_noun,5+ + gen.pl,-33.66046142578125,-42.772193908691406,9,9,1,3.9999998062849045,5.749999850988388,1
INSAIT-Institute/MamayLM-Gemma-3-4B-IT-v1.0,numeral_noun_0156,numeral_noun,5+ + gen.pl,-33.934688568115234,-39.36359786987305,7,7,1,1.3749999701976776,4.999999992549419,1
INSAIT-Institute/MamayLM-Gemma-3-4B-IT-v1.0,numeral_noun_0157,numeral_noun,5+ + gen.pl,-29.124897003173828,-37.07154083251953,8,7,1,3.7499999403953552,4.249999828636646,1
INSAIT-Institute/MamayLM-Gemma-3-4B-IT-v1.0,numeral_noun_0158,numeral_noun,5+ + gen.pl,-38.376338958740234,-44.4845085144043,11,10,1,3.2500000596046448,3.8750001043081284,1
INSAIT-Institute/MamayLM-Gemma-3-4B-IT-v1.0,numeral_noun_0159,numeral_noun,5+ + gen.pl,-35.390926361083984,-44.187583923339844,11,10,1,3.7500000298023224,4.749999817460775,1
INSAIT-Institute/MamayLM-Gemma-3-4B-IT-v1.0,numeral_noun_0160,numeral_noun,5+ + gen.pl,-32.751991271972656,-38.07024383544922,12,12,1,2.7499999403953552,6.500000227242708,1
INSAIT-Institute/MamayLM-Gemma-3-4B-IT-v1.0,numeral_noun_0161,numeral_noun,5+ + gen.pl,-33.68915557861328,-39.29322814941406,9,9,1,2.3749999403953552,1.7499999403953552,1
INSAIT-Institute/MamayLM-Gemma-3-4B-IT-v1.0,numeral_noun_0162,numeral_noun,5+ + gen.pl,-31.46481704711914,-40.08168029785156,10,9,1,4.249999910593033,5.124999947845936,1
INSAIT-Institute/MamayLM-Gemma-3-4B-IT-v1.0,numeral_noun_0163,numeral_noun,5+ + gen.pl,-31.019500732421875,-40.45087814331055,10,10,1,3.2499999701976776,4.74999987706542,1
INSAIT-Institute/MamayLM-Gemma-3-4B-IT-v1.0,numeral_noun_0164,numeral_noun,5+ + gen.pl,-30.798280715942383,-35.925201416015625,8,7,1,2.624999910593033,4.875000204890966,1
INSAIT-Institute/MamayLM-Gemma-3-4B-IT-v1.0,numeral_noun_0165,numeral_noun,5+ + gen.pl,-32.5986213684082,-38.62037658691406,9,9,1,2.1250001192092896,4.0000001937150955,1
INSAIT-Institute/MamayLM-Gemma-3-4B-IT-v1.0,numeral_noun_0166,numeral_noun,5+ + gen.pl,-33.664066314697266,-43.841949462890625,8,8,1,3.5000001043081284,5.749999951571226,1
INSAIT-Institute/MamayLM-Gemma-3-4B-IT-v1.0,numeral_noun_0167,numeral_noun,5+ + gen.pl,-39.58218765258789,-45.99348068237305,8,8,1,0.75,1.2499999701976776,1
INSAIT-Institute/MamayLM-Gemma-3-4B-IT-v1.0,numeral_noun_0168,numeral_noun,5+ + gen.pl,-36.19969940185547,-42.70215606689453,8,8,1,2.875000014901161,6.000000040978193,1
INSAIT-Institute/MamayLM-Gemma-3-4B-IT-v1.0,numeral_noun_0169,numeral_noun,5+ + gen.pl,-31.82076644897461,-36.31134796142578,9,8,1,1.8749999105930328,4.999999992549419,1
INSAIT-Institute/MamayLM-Gemma-3-4B-IT-v1.0,numeral_noun_0170,numeral_noun,5+ + gen.pl,-33.24848556518555,-41.504093170166016,7,7,1,0.625,4.750000134110451,1
INSAIT-Institute/MamayLM-Gemma-3-4B-IT-v1.0,numeral_noun_0171,numeral_noun,5+ + gen.pl,-30.266910552978516,-36.28958511352539,10,10,1,1.7500000596046448,3.249999910593033,1
INSAIT-Institute/MamayLM-Gemma-3-4B-IT-v1.0,numeral_noun_0172,numeral_noun,5+ + gen.pl,-34.040931701660156,-40.72832107543945,8,8,1,1.5,5.124999836087227,1
INSAIT-Institute/MamayLM-Gemma-3-4B-IT-v1.0,numeral_noun_0173,numeral_noun,5+ + gen.pl,-35.98377227783203,-43.73670959472656,7,7,1,3.5000000596046448,5.624999962747097,1
INSAIT-Institute/MamayLM-Gemma-3-4B-IT-v1.0,numeral_noun_0174,numeral_noun,5+ + gen.pl,-31.730661392211914,-38.523277282714844,9,9,1,3.7499998807907104,5.375000011175871,1
INSAIT-Institute/MamayLM-Gemma-3-4B-IT-v1.0,numeral_noun_0175,numeral_noun,5+ + gen.pl,-34.48320770263672,-40.894222259521484,9,9,1,0.25,4.875000137835741,1
INSAIT-Institute/MamayLM-Gemma-3-4B-IT-v1.0,numeral_noun_0176,numeral_noun,5+ + gen.pl,-34.41265869140625,-40.339324951171875,7,8,1,3.874999776482582,4.8749998062849045,1
INSAIT-Institute/MamayLM-Gemma-3-4B-IT-v1.0,numeral_noun_0177,numeral_noun,5+ + gen.pl,-36.15570831298828,-42.54640197753906,8,8,1,2.874999925494194,4.6250001303851604,1
INSAIT-Institute/MamayLM-Gemma-3-4B-IT-v1.0,numeral_noun_0178,numeral_noun,5+ + gen.pl,-38.04761505126953,-43.3937873840332,8,8,1,3.3750001043081284,3.999999888241291,1
INSAIT-Institute/MamayLM-Gemma-3-4B-IT-v1.0,numeral_noun_0179,numeral_noun,5+ + gen.pl,-34.111663818359375,-41.953826904296875,11,11,1,3.499999985098839,3.8750000074505806,1
INSAIT-Institute/MamayLM-Gemma-3-4B-IT-v1.0,numeral_noun_0180,numeral_noun,5+ + gen.pl,-29.009923934936523,-39.50010299682617,7,7,1,3.999999925494194,6.12500000372529,1
INSAIT-Institute/MamayLM-Gemma-3-4B-IT-v1.0,numeral_noun_0181,numeral_noun,5+ + gen.pl,-33.47102737426758,-40.80276870727539,9,8,1,2.4999999552965164,5.750000108033419,1
INSAIT-Institute/MamayLM-Gemma-3-4B-IT-v1.0,numeral_noun_0182,numeral_noun,5+ + gen.pl,-35.0044059753418,-41.44322204589844,9,9,1,3.6249999403953552,5.250000216066837,1
INSAIT-Institute/MamayLM-Gemma-3-4B-IT-v1.0,numeral_noun_0183,numeral_noun,5+ + gen.pl,-31.596580505371094,-37.36817932128906,8,8,1,2.6249998807907104,5.250000007450581,1
INSAIT-Institute/MamayLM-Gemma-3-4B-IT-v1.0,numeral_noun_0184,numeral_noun,5+ + gen.pl,-35.68193054199219,-41.15406036376953,9,8,1,2.4999999701976776,4.625000223517418,1
INSAIT-Institute/MamayLM-Gemma-3-4B-IT-v1.0,numeral_noun_0185,numeral_noun,5+ + gen.pl,-37.08677673339844,-42.84941864013672,8,8,1,2.500000089406967,3.874999977648258,1
INSAIT-Institute/MamayLM-Gemma-3-4B-IT-v1.0,numeral_noun_0186,numeral_noun,5+ + gen.pl,-35.73861312866211,-39.99138641357422,8,7,1,2.999999910593033,4.624999783933163,1
INSAIT-Institute/MamayLM-Gemma-3-4B-IT-v1.0,numeral_noun_0187,numeral_noun,5+ + gen.pl,-40.04192352294922,-40.818817138671875,9,9,1,1.1249999403953552,2.6250000596046448,1
INSAIT-Institute/MamayLM-Gemma-3-4B-IT-v1.0,numeral_noun_0188,numeral_noun,5+ + gen.pl,-32.919864654541016,-40.5118522644043,8,8,1,-0.8749999701976776,2.625000089406967,1
INSAIT-Institute/MamayLM-Gemma-3-4B-IT-v1.0,numeral_noun_0189,numeral_noun,5+ + gen.pl,-39.02301025390625,-42.98722839355469,6,6,1,2.7500000298023224,4.500000037252903,1
INSAIT-Institute/MamayLM-Gemma-3-4B-IT-v1.0,numeral_noun_0190,numeral_noun,5+ + gen.pl,-27.731578826904297,-37.742279052734375,7,7,1,2.3749999403953552,2.2499999552965164,1
INSAIT-Institute/MamayLM-Gemma-3-4B-IT-v1.0,numeral_noun_0191,numeral_noun,5+ + gen.pl,-35.21512985229492,-41.131324768066406,8,8,1,3.124999925494194,6.000000029802322,1
INSAIT-Institute/MamayLM-Gemma-3-4B-IT-v1.0,numeral_noun_0192,numeral_noun,5+ + gen.pl,-32.349639892578125,-39.29405212402344,9,9,1,3.624999985098839,5.1249998807907104,1
INSAIT-Institute/MamayLM-Gemma-3-4B-IT-v1.0,numeral_noun_0193,numeral_noun,5+ + gen.pl,-35.272621154785156,-42.089717864990234,8,8,1,3.124999925494194,5.625000081956387,1
INSAIT-Institute/MamayLM-Gemma-3-4B-IT-v1.0,numeral_noun_0194,numeral_noun,5+ + gen.pl,-41.856903076171875,-48.70991516113281,7,7,1,3.1250001043081284,5.375000052154064,1
INSAIT-Institute/MamayLM-Gemma-3-4B-IT-v1.0,numeral_noun_0195,numeral_noun,5+ + gen.pl,-39.29804992675781,-45.24469757080078,8,8,1,1.8750000596046448,6.3749999813735485,1
INSAIT-Institute/MamayLM-Gemma-3-4B-IT-v1.0,numeral_noun_0196,numeral_noun,5+ + gen.pl,-34.927398681640625,-41.53441619873047,8,8,1,1.0000000596046448,5.250000234693289,1
INSAIT-Institute/MamayLM-Gemma-3-4B-IT-v1.0,numeral_noun_0197,numeral_noun,5+ + gen.pl,-21.555999755859375,-30.74526596069336,10,10,1,0.3750000596046448,2.8750000596046448,1
INSAIT-Institute/MamayLM-Gemma-3-4B-IT-v1.0,numeral_noun_0198,numeral_noun,5+ + gen.pl,-32.075950622558594,-39.65504455566406,10,10,1,3.7500001043081284,5.874999836087227,1
INSAIT-Institute/MamayLM-Gemma-3-4B-IT-v1.0,numeral_noun_0199,numeral_noun,5+ + gen.pl,-28.30675506591797,-38.413856506347656,6,6,1,2.500000014901161,1.5000000298023224,1
INSAIT-Institute/MamayLM-Gemma-3-4B-IT-v1.0,numeral_noun_0200,numeral_noun,5+ + gen.pl,-32.07492446899414,-41.45100021362305,10,10,1,2.8749999701976776,4.625000052154064,1
INSAIT-Institute/MamayLM-Gemma-3-4B-IT-v1.0,numeral_noun_0201,numeral_noun,5+ + gen.pl,-26.35269546508789,-35.17142105102539,11,11,1,3.500000074505806,5.499999798834324,1
INSAIT-Institute/MamayLM-Gemma-3-4B-IT-v1.0,numeral_noun_0202,numeral_noun,5+ + gen.pl,-31.12917709350586,-37.9056510925293,7,6,1,1.8750000894069672,2.7500000447034836,1
INSAIT-Institute/MamayLM-Gemma-3-4B-IT-v1.0,numeral_noun_0203,numeral_noun,5+ + gen.pl,-31.491212844848633,-36.52787780761719,7,7,1,3.875000089406967,4.750000208616257,1
INSAIT-Institute/MamayLM-Gemma-3-4B-IT-v1.0,numeral_noun_0204,numeral_noun,5+ + gen.pl,-35.19319152832031,-42.018951416015625,8,8,1,2.499999910593033,3.875000111758709,1
INSAIT-Institute/MamayLM-Gemma-3-4B-IT-v1.0,numeral_noun_0205,numeral_noun,5+ + gen.pl,-36.9351806640625,-43.549896240234375,10,9,1,0.0,5.124999813735485,1
INSAIT-Institute/MamayLM-Gemma-3-4B-IT-v1.0,numeral_noun_0206,numeral_noun,5+ + gen.pl,-37.21767807006836,-43.24987030029297,9,9,1,2.8749998956918716,3.2500000074505806,1
INSAIT-Institute/MamayLM-Gemma-3-4B-IT-v1.0,numeral_noun_0207,numeral_noun,5+ + gen.pl,-30.059165954589844,-39.63198471069336,7,7,1,3.6249999552965164,6.125000022351742,1
INSAIT-Institute/MamayLM-Gemma-3-4B-IT-v1.0,numeral_noun_0208,numeral_noun,5+ + gen.pl,-33.09821319580078,-38.82731628417969,7,7,1,3.8750001937150955,5.999999992549419,1
INSAIT-Institute/MamayLM-Gemma-3-4B-IT-v1.0,numeral_noun_0209,numeral_noun,5+ + gen.pl,-34.59283447265625,-41.9136962890625,7,7,1,3.7499999701976776,3.125000037252903,1
INSAIT-Institute/MamayLM-Gemma-3-4B-IT-v1.0,numeral_noun_0210,numeral_noun,5+ + gen.pl,-27.05577850341797,-34.405967712402344,6,7,1,1.7500001192092896,3.3749999552965164,1
INSAIT-Institute/MamayLM-Gemma-3-4B-IT-v1.0,numeral_noun_0211,numeral_noun,5+ + gen.pl,-31.552196502685547,-38.784584045410156,10,10,1,3.6250001192092896,6.000000137835741,1
INSAIT-Institute/MamayLM-Gemma-3-4B-IT-v1.0,numeral_noun_0212,numeral_noun,5+ + gen.pl,-31.740182876586914,-39.23358917236328,9,9,1,3.7500000298023224,4.750000134110451,1
INSAIT-Institute/MamayLM-Gemma-3-4B-IT-v1.0,numeral_noun_0213,numeral_noun,5+ + gen.pl,-31.766416549682617,-39.505130767822266,7,7,1,4.124999925494194,5.375000037252903,1
INSAIT-Institute/MamayLM-Gemma-3-4B-IT-v1.0,numeral_noun_0214,numeral_noun,5+ + gen.pl,-27.748882293701172,-34.414886474609375,9,9,1,2.749999925494194,4.250000052154064,1
INSAIT-Institute/MamayLM-Gemma-3-4B-IT-v1.0,numeral_noun_0215,numeral_noun,5+ + gen.pl,-31.369197845458984,-35.13383483886719,10,9,1,1.7500000894069672,4.500000059604645,1
INSAIT-Institute/MamayLM-Gemma-3-4B-IT-v1.0,numeral_noun_0216,numeral_noun,5+ + gen.pl,-28.517505645751953,-38.063533782958984,9,9,1,2.999999925494194,4.750000216066837,1
INSAIT-Institute/MamayLM-Gemma-3-4B-IT-v1.0,numeral_noun_0217,numeral_noun,5+ + gen.pl,-33.07716369628906,-41.29905319213867,8,9,1,2.1249999701976776,5.9999999441206455,1
INSAIT-Institute/MamayLM-Gemma-3-4B-IT-v1.0,numeral_noun_0218,numeral_noun,5+ + gen.pl,-36.66625213623047,-44.10032653808594,10,10,1,4.250000163912773,3.2500000596046448,1
INSAIT-Institute/MamayLM-Gemma-3-4B-IT-v1.0,numeral_noun_0219,numeral_noun,5+ + gen.pl,-36.741111755371094,-43.246826171875,10,10,1,3.249999925494194,4.874999903142452,1
INSAIT-Institute/MamayLM-Gemma-3-4B-IT-v1.0,numeral_noun_0220,numeral_noun,5+ + gen.pl,-32.35563659667969,-41.44802474975586,9,9,1,1.9999998807907104,3.874999888241291,1
INSAIT-Institute/MamayLM-Gemma-3-4B-IT-v1.0,numeral_noun_0221,numeral_noun,5+ + gen.pl,-36.81605911254883,-44.93263244628906,9,9,1,3.499999925494194,5.624999936670065,1
INSAIT-Institute/MamayLM-Gemma-3-4B-IT-v1.0,numeral_noun_0222,numeral_noun,5+ + gen.pl,-32.28888702392578,-39.007686614990234,9,8,1,1.0,1.2499999701976776,1
INSAIT-Institute/MamayLM-Gemma-3-4B-IT-v1.0,numeral_noun_0223,numeral_noun,5+ + gen.pl,-34.5213508605957,-41.171844482421875,11,10,1,3.3750001043081284,4.3750001192092896,1
INSAIT-Institute/MamayLM-Gemma-3-4B-IT-v1.0,numeral_noun_0224,numeral_noun,5+ + gen.pl,-37.374053955078125,-40.76850128173828,8,8,1,1.9999999701976776,3.0000001043081284,1
INSAIT-Institute/MamayLM-Gemma-3-4B-IT-v1.0,numeral_noun_0225,numeral_noun,5+ + gen.pl,-33.20140838623047,-40.41515350341797,10,10,1,3.9999998062849045,3.6249998807907104,1
INSAIT-Institute/MamayLM-Gemma-3-4B-IT-v1.0,numeral_noun_0226,numeral_noun,5+ + gen.pl,-33.3565559387207,-40.04383087158203,7,7,1,3.1249998956918716,3.8749999552965164,1
INSAIT-Institute/MamayLM-Gemma-3-4B-IT-v1.0,numeral_noun_0227,numeral_noun,5+ + gen.pl,-30.07616424560547,-37.31631851196289,9,9,1,3.8749999701976776,5.874999951571226,1
INSAIT-Institute/MamayLM-Gemma-3-4B-IT-v1.0,numeral_noun_0228,numeral_noun,5+ + gen.pl,-25.727203369140625,-35.59507751464844,8,8,1,0.25,2.625000014901161,1
INSAIT-Institute/MamayLM-Gemma-3-4B-IT-v1.0,numeral_noun_0229,numeral_noun,5+ + gen.pl,-34.767616271972656,-42.318389892578125,12,11,1,2.8749999403953552,3.499999977648258,1
INSAIT-Institute/MamayLM-Gemma-3-4B-IT-v1.0,numeral_noun_0230,numeral_noun,5+ + gen.pl,-32.52843475341797,-41.70276641845703,7,6,1,0.8749999403953552,0.5,1
INSAIT-Institute/MamayLM-Gemma-3-4B-IT-v1.0,numeral_noun_0231,numeral_noun,5+ + gen.pl,-38.50358963012695,-44.71324920654297,8,8,1,2.249999910593033,2.4999998807907104,1
INSAIT-Institute/MamayLM-Gemma-3-4B-IT-v1.0,numeral_noun_0232,numeral_noun,5+ + gen.pl,-36.850894927978516,-44.10665512084961,11,11,1,4.124999955296516,5.625000160187483,1
INSAIT-Institute/MamayLM-Gemma-3-4B-IT-v1.0,numeral_noun_0233,numeral_noun,5+ + gen.pl,-35.63951873779297,-40.320213317871094,8,8,1,2.2499999403953552,3.125000014901161,1
INSAIT-Institute/MamayLM-Gemma-3-4B-IT-v1.0,numeral_noun_0234,numeral_noun,5+ + gen.pl,-34.50616455078125,-41.611671447753906,9,9,1,0.75,2.8749999925494194,1
INSAIT-Institute/MamayLM-Gemma-3-4B-IT-v1.0,numeral_noun_0235,numeral_noun,5+ + gen.pl,-33.25361633300781,-41.8792839050293,10,10,1,2.9999999403953552,5.499999891966581,1
INSAIT-Institute/MamayLM-Gemma-3-4B-IT-v1.0,numeral_noun_0236,numeral_noun,5+ + gen.pl,-30.318117141723633,-35.96384811401367,9,9,1,2.8750001192092896,3.874999977648258,1
INSAIT-Institute/MamayLM-Gemma-3-4B-IT-v1.0,numeral_noun_0237,numeral_noun,5+ + gen.pl,-31.853351593017578,-36.83131408691406,8,8,1,2.875,4.375000134110451,1
INSAIT-Institute/MamayLM-Gemma-3-4B-IT-v1.0,numeral_noun_0238,numeral_noun,5+ + gen.pl,-32.40232467651367,-37.89839553833008,7,7,1,2.8749999403953552,3.500000089406967,1
INSAIT-Institute/MamayLM-Gemma-3-4B-IT-v1.0,numeral_noun_0239,numeral_noun,5+ + gen.pl,-35.31779861450195,-42.774879455566406,9,9,1,3.124999910593033,6.124999929219484,1
INSAIT-Institute/MamayLM-Gemma-3-4B-IT-v1.0,numeral_noun_0240,numeral_noun,5+ + gen.pl,-38.40245056152344,-44.19215393066406,7,7,1,2.2500000596046448,5.374999891966581,1
INSAIT-Institute/MamayLM-Gemma-3-4B-IT-v1.0,numeral_noun_0241,numeral_noun,5+ + gen.pl,-38.75098419189453,-39.84137725830078,8,7,1,1.9999999403953552,4.874999791383743,1
INSAIT-Institute/MamayLM-Gemma-3-4B-IT-v1.0,numeral_noun_0242,numeral_noun,5+ + gen.pl,-37.892967224121094,-44.195770263671875,9,8,1,3.4999999701976776,4.749999791383743,1
INSAIT-Institute/MamayLM-Gemma-3-4B-IT-v1.0,numeral_noun_0243,numeral_noun,5+ + gen.pl,-36.453857421875,-43.532264709472656,6,6,1,1.6249999701976776,5.250000238418579,1
INSAIT-Institute/MamayLM-Gemma-3-4B-IT-v1.0,numeral_noun_0244,numeral_noun,5+ + gen.pl,-38.17710494995117,-45.247283935546875,8,7,1,2.5000000596046448,5.375000160187483,1
INSAIT-Institute/MamayLM-Gemma-3-4B-IT-v1.0,numeral_noun_0245,numeral_noun,5+ + gen.pl,-38.37274932861328,-39.97142028808594,10,10,1,1.2499999701976776,2.624999925494194,1
INSAIT-Institute/MamayLM-Gemma-3-4B-IT-v1.0,numeral_noun_0246,numeral_noun,5+ + gen.pl,-35.40935134887695,-40.79731750488281,7,7,1,3.7499999701976776,5.625000160187483,1
INSAIT-Institute/MamayLM-Gemma-3-4B-IT-v1.0,numeral_noun_0247,numeral_noun,5+ + gen.pl,-36.12705612182617,-41.341426849365234,10,10,1,3.750000074505806,6.624999802559614,1
INSAIT-Institute/MamayLM-Gemma-3-4B-IT-v1.0,numeral_noun_0248,numeral_noun,5+ + gen.pl,-38.32640838623047,-41.20256042480469,7,6,1,1.5,5.249999850988388,1
INSAIT-Institute/MamayLM-Gemma-3-4B-IT-v1.0,numeral_noun_0249,numeral_noun,5+ + gen.pl,-37.954132080078125,-44.48865509033203,9,8,1,2.249999910593033,5.125000052154064,1
INSAIT-Institute/MamayLM-Gemma-3-4B-IT-v1.0,numeral_noun_0250,numeral_noun,5+ + gen.pl,-23.370756149291992,-30.455726623535156,8,9,1,3.9999998062849045,4.749999955296516,1
INSAIT-Institute/MamayLM-Gemma-3-4B-IT-v1.0,numeral_noun_0251,numeral_noun,5+ + gen.pl,-34.02482223510742,-35.30010986328125,10,10,1,2.374999985098839,1.4999999701976776,1
INSAIT-Institute/MamayLM-Gemma-3-4B-IT-v1.0,numeral_noun_0252,numeral_noun,5+ + gen.pl,-34.95647430419922,-41.66828155517578,8,8,1,2.1249999403953552,4.625000208616257,1
INSAIT-Institute/MamayLM-Gemma-3-4B-IT-v1.0,numeral_noun_0253,numeral_noun,5+ + gen.pl,-37.140159606933594,-44.15199279785156,7,7,1,3.2500001192092896,3.500000022351742,1
INSAIT-Institute/MamayLM-Gemma-3-4B-IT-v1.0,numeral_noun_0254,numeral_noun,5+ + gen.pl,-33.868629455566406,-41.21310806274414,9,8,1,1.6250000298023224,5.6250001937150955,1
INSAIT-Institute/MamayLM-Gemma-3-4B-IT-v1.0,numeral_noun_0255,numeral_noun,5+ + gen.pl,-34.074684143066406,-39.58662796020508,9,9,1,2.3749999701976776,5.375000149011612,1
INSAIT-Institute/MamayLM-Gemma-3-4B-IT-v1.0,numeral_noun_0256,numeral_noun,5+ + gen.pl,-39.68790817260742,-45.33709716796875,9,9,1,3.5000000298023224,3.500000074505806,1
INSAIT-Institute/MamayLM-Gemma-3-4B-IT-v1.0,numeral_noun_0257,numeral_noun,5+ + gen.pl,-33.08269500732422,-39.50136947631836,10,9,1,3.9999998658895493,4.375000029802322,1
INSAIT-Institute/MamayLM-Gemma-3-4B-IT-v1.0,numeral_noun_0258,numeral_noun,5+ + gen.pl,-35.62322235107422,-44.19343566894531,9,9,1,4.125000149011612,5.124999947845936,1
INSAIT-Institute/MamayLM-Gemma-3-4B-IT-v1.0,numeral_noun_0259,numeral_noun,5+ + gen.pl,-34.18724822998047,-40.521358489990234,8,8,1,2.5,1.6249999403953552,1
INSAIT-Institute/MamayLM-Gemma-3-4B-IT-v1.0,numeral_noun_0260,numeral_noun,5+ + gen.pl,-39.07958221435547,-47.74541473388672,7,7,1,2.999999910593033,5.9999998696148396,1
INSAIT-Institute/MamayLM-Gemma-3-4B-IT-v1.0,numeral_noun_0261,numeral_noun,5+ + gen.pl,-29.74372100830078,-39.28089141845703,9,9,1,3.499999910593033,6.125000074505806,1
INSAIT-Institute/MamayLM-Gemma-3-4B-IT-v1.0,numeral_noun_0262,numeral_noun,5+ + gen.pl,-34.50080108642578,-42.587440490722656,10,10,1,3.5,5.624999850988388,1
INSAIT-Institute/MamayLM-Gemma-3-4B-IT-v1.0,numeral_noun_0263,numeral_noun,5+ + gen.pl,-37.13799285888672,-41.05950164794922,9,8,1,-0.8749999403953552,5.374999813735485,1
INSAIT-Institute/MamayLM-Gemma-3-4B-IT-v1.0,numeral_noun_0264,numeral_noun,5+ + gen.pl,-37.401554107666016,-39.012489318847656,5,5,1,1.5,5.125000096857548,1
INSAIT-Institute/MamayLM-Gemma-3-4B-IT-v1.0,numeral_noun_0265,numeral_noun,5+ + gen.pl,-32.3563232421875,-37.55876159667969,11,10,1,-0.7500000596046448,5.000000096857548,1
INSAIT-Institute/MamayLM-Gemma-3-4B-IT-v1.0,numeral_noun_0266,numeral_noun,5+ + gen.pl,-34.49853515625,-37.11677169799805,8,7,1,1.875,2.2500000596046448,1
INSAIT-Institute/MamayLM-Gemma-3-4B-IT-v1.0,numeral_noun_0267,numeral_noun,5+ + gen.pl,-33.466609954833984,-40.490840911865234,10,10,1,2.2499998807907104,3.6249998956918716,1
INSAIT-Institute/MamayLM-Gemma-3-4B-IT-v1.0,numeral_noun_0268,numeral_noun,5+ + gen.pl,-34.04515075683594,-42.533607482910156,10,10,1,4.124999821186066,2.874999925494194,1
INSAIT-Institute/MamayLM-Gemma-3-4B-IT-v1.0,numeral_noun_0269,numeral_noun,5+ + gen.pl,-32.76731872558594,-41.50041198730469,9,9,1,3.874999850988388,5.625000115483999,1
INSAIT-Institute/MamayLM-Gemma-3-4B-IT-v1.0,numeral_noun_0270,numeral_noun,5+ + gen.pl,-36.639888763427734,-44.42723846435547,8,8,1,2.7500000298023224,2.874999985098839,1
INSAIT-Institute/MamayLM-Gemma-3-4B-IT-v1.0,numeral_noun_0271,numeral_noun,5+ + gen.pl,-39.35536575317383,-45.965919494628906,9,9,1,3.2499999403953552,4.625000141561031,1
INSAIT-Institute/MamayLM-Gemma-3-4B-IT-v1.0,numeral_noun_0272,numeral_noun,5+ + gen.pl,-39.564918518066406,-44.23561096191406,9,8,1,3.5,5.1249998062849045,1
INSAIT-Institute/MamayLM-Gemma-3-4B-IT-v1.0,numeral_noun_0273,numeral_noun,5+ + gen.pl,-34.87456512451172,-40.456031799316406,8,8,1,3.1250000298023224,5.374999895691872,1
INSAIT-Institute/MamayLM-Gemma-3-4B-IT-v1.0,numeral_noun_0274,numeral_noun,5+ + gen.pl,-33.630855560302734,-40.91435623168945,11,10,1,2.7499999701976776,2.2499999552965164,1
INSAIT-Institute/MamayLM-Gemma-3-4B-IT-v1.0,numeral_noun_0275,numeral_noun,5+ + gen.pl,-39.00569152832031,-43.75851821899414,9,8,1,0.625,5.250000037252903,1
INSAIT-Institute/MamayLM-Gemma-3-4B-IT-v1.0,numeral_noun_0276,numeral_noun,5+ + gen.pl,-33.9549560546875,-41.27131652832031,11,11,1,3.4999998807907104,3.625000022351742,1
INSAIT-Institute/MamayLM-Gemma-3-4B-IT-v1.0,numeral_noun_0277,numeral_noun,5+ + gen.pl,-33.10872268676758,-40.277427673339844,10,10,1,2.2500000298023224,2.5,1
INSAIT-Institute/MamayLM-Gemma-3-4B-IT-v1.0,numeral_noun_0278,numeral_noun,5+ + gen.pl,-32.30199432373047,-41.45155715942383,10,10,1,3.5000001043081284,4.624999910593033,1
INSAIT-Institute/MamayLM-Gemma-3-4B-IT-v1.0,numeral_noun_0279,numeral_noun,5+ + gen.pl,-38.45831298828125,-45.50591278076172,10,9,1,2.750000089406967,4.625000081956387,1
INSAIT-Institute/MamayLM-Gemma-3-4B-IT-v1.0,numeral_noun_0280,numeral_noun,5+ + gen.pl,-32.24120330810547,-38.46400451660156,6,6,1,2.9999999701976776,4.6249997690320015,1
INSAIT-Institute/MamayLM-Gemma-3-4B-IT-v1.0,numeral_noun_0281,numeral_noun,5+ + gen.pl,-33.22713851928711,-38.34526824951172,9,9,1,2.3749999701976776,3.8749999701976776,1
INSAIT-Institute/MamayLM-Gemma-3-4B-IT-v1.0,numeral_noun_0282,numeral_noun,5+ + gen.pl,-38.00047302246094,-44.686912536621094,8,8,1,4.125000178813934,4.249999776482582,1
INSAIT-Institute/MamayLM-Gemma-3-4B-IT-v1.0,numeral_noun_0283,numeral_noun,5+ + gen.pl,-31.388595581054688,-39.35295867919922,10,11,1,2.3749999701976776,5.750000178813934,1
INSAIT-Institute/MamayLM-Gemma-3-4B-IT-v1.0,numeral_noun_0284,numeral_noun,5+ + gen.pl,-34.157135009765625,-43.196067810058594,9,9,1,3.7499999403953552,5.5000002309679985,1
INSAIT-Institute/MamayLM-Gemma-3-4B-IT-v1.0,numeral_noun_0285,numeral_noun,5+ + gen.pl,-36.686805725097656,-44.02461242675781,9,8,1,1.0000000298023224,5.5,1
INSAIT-Institute/MamayLM-Gemma-3-4B-IT-v1.0,numeral_noun_0286,numeral_noun,5+ + gen.pl,-35.82103729248047,-40.18933868408203,8,8,1,0.875,4.625000026077032,1
INSAIT-Institute/MamayLM-Gemma-3-4B-IT-v1.0,numeral_noun_0287,numeral_noun,5+ + gen.pl,-26.99225616455078,-36.65705871582031,6,6,1,1.6249999701976776,-0.25,1
INSAIT-Institute/MamayLM-Gemma-3-4B-IT-v1.0,numeral_noun_0288,numeral_noun,5+ + gen.pl,-40.644954681396484,-41.65869903564453,8,8,1,2.6249999701976776,2.7499999552965164,1
INSAIT-Institute/MamayLM-Gemma-3-4B-IT-v1.0,numeral_noun_0289,numeral_noun,5+ + gen.pl,-35.881778717041016,-44.459285736083984,7,7,1,4.5,5.375000029802322,1
INSAIT-Institute/MamayLM-Gemma-3-4B-IT-v1.0,numeral_noun_0290,numeral_noun,5+ + gen.pl,-37.75275421142578,-43.067832946777344,6,6,1,2.250000089406967,5.375000108033419,1
INSAIT-Institute/MamayLM-Gemma-3-4B-IT-v1.0,numeral_noun_0291,numeral_noun,5+ + gen.pl,-30.977991104125977,-37.184165954589844,10,10,1,3.375000014901161,5.375000078231096,1
INSAIT-Institute/MamayLM-Gemma-3-4B-IT-v1.0,numeral_noun_0292,numeral_noun,5+ + gen.pl,-34.7652702331543,-41.62657165527344,7,7,1,2.8750000298023224,6.375000223517418,1
INSAIT-Institute/MamayLM-Gemma-3-4B-IT-v1.0,numeral_noun_0293,numeral_noun,5+ + gen.pl,-33.512359619140625,-41.22218322753906,8,8,1,3.6250000447034836,4.375000074505806,1
INSAIT-Institute/MamayLM-Gemma-3-4B-IT-v1.0,numeral_noun_0294,numeral_noun,5+ + gen.pl,-31.094532012939453,-36.35939025878906,9,9,1,2.999999910593033,4.749999977648258,1
INSAIT-Institute/MamayLM-Gemma-3-4B-IT-v1.0,numeral_noun_0295,numeral_noun,5+ + gen.pl,-37.153873443603516,-43.86979675292969,8,8,1,4.374999761581421,3.249999985098839,1
INSAIT-Institute/MamayLM-Gemma-3-4B-IT-v1.0,numeral_noun_0296,numeral_noun,5+ + gen.pl,-33.84123992919922,-41.875675201416016,10,9,1,4.749999776482582,4.250000208616257,1
INSAIT-Institute/MamayLM-Gemma-3-4B-IT-v1.0,numeral_noun_0297,numeral_noun,5+ + gen.pl,-31.707447052001953,-39.1263427734375,9,9,1,1.8749999105930328,3.9999999180436134,1
INSAIT-Institute/MamayLM-Gemma-3-4B-IT-v1.0,numeral_noun_0298,numeral_noun,5+ + gen.pl,-36.861915588378906,-39.86152648925781,11,10,1,1.1250000596046448,2.3750000447034836,1
INSAIT-Institute/MamayLM-Gemma-3-4B-IT-v1.0,numeral_noun_0299,numeral_noun,5+ + gen.pl,-33.2885627746582,-42.135169982910156,11,10,1,4.249999836087227,4.875000089406967,1
INSAIT-Institute/MamayLM-Gemma-3-4B-IT-v1.0,verb_government_0000,verb_government,дякувати кому,-19.080921173095703,-25.476207733154297,8,8,1,4.500000059604645,0.8749999701976776,1
INSAIT-Institute/MamayLM-Gemma-3-4B-IT-v1.0,verb_government_0001,verb_government,дякувати кому,-21.960838317871094,-25.998273849487305,7,7,1,4.1249998807907104,2.75,1
INSAIT-Institute/MamayLM-Gemma-3-4B-IT-v1.0,verb_government_0002,verb_government,дякувати кому,-27.548572540283203,-31.68008804321289,10,9,1,2.6249998807907104,-1.3749999403953552,1
INSAIT-Institute/MamayLM-Gemma-3-4B-IT-v1.0,verb_government_0003,verb_government,дякувати кому,-26.004913330078125,-30.075759887695312,9,8,1,3.1249999403953552,3.374999910593033,1
INSAIT-Institute/MamayLM-Gemma-3-4B-IT-v1.0,verb_government_0004,verb_government,дякувати кому,-33.210289001464844,-38.62968444824219,9,9,1,2.8750000596046448,2.7500000596046448,1
INSAIT-Institute/MamayLM-Gemma-3-4B-IT-v1.0,verb_government_0005,verb_government,дякувати кому,-23.58710479736328,-27.268314361572266,8,8,1,4.125000208616257,2.625000089406967,1
INSAIT-Institute/MamayLM-Gemma-3-4B-IT-v1.0,verb_government_0006,verb_government,вибачати кому,-24.104719161987305,-25.608644485473633,11,10,1,1.1250000298023224,0.375,1
INSAIT-Institute/MamayLM-Gemma-3-4B-IT-v1.0,verb_government_0007,verb_government,вибачати кому,-33.419456481933594,-29.813386917114258,10,10,0,1.8749999701976776,-1.7500001192092896,1
INSAIT-Institute/MamayLM-Gemma-3-4B-IT-v1.0,verb_government_0008,verb_government,вибачати кому,-25.224998474121094,-24.06073570251465,8,7,0,0.3750000596046448,-0.75,0
INSAIT-Institute/MamayLM-Gemma-3-4B-IT-v1.0,verb_government_0009,verb_government,вибачати кому,-32.37811279296875,-27.317480087280273,12,12,0,1.8750001192092896,-1.1249999403953552,1
INSAIT-Institute/MamayLM-Gemma-3-4B-IT-v1.0,verb_government_0010,verb_government,вибачати кому,-23.63070297241211,-23.162031173706055,7,7,0,0.75,0.6249999403953552,1
INSAIT-Institute/MamayLM-Gemma-3-4B-IT-v1.0,verb_government_0011,verb_government,навчати чого,-30.744983673095703,-30.914588928222656,8,8,1,2.7499998956918716,-0.625,1
INSAIT-Institute/MamayLM-Gemma-3-4B-IT-v1.0,verb_government_0012,verb_government,навчати чого,-36.20063018798828,-34.89373016357422,8,10,0,1.4999999701976776,0.5,1
INSAIT-Institute/MamayLM-Gemma-3-4B-IT-v1.0,verb_government_0013,verb_government,навчати чого,-42.74751281738281,-41.45747756958008,9,9,0,1.6249999701976776,-0.375,1
INSAIT-Institute/MamayLM-Gemma-3-4B-IT-v1.0,verb_government_0014,verb_government,навчати чого,-52.639488220214844,-50.94248580932617,8,9,0,-3.0,3.124999910593033,1
INSAIT-Institute/MamayLM-Gemma-3-4B-IT-v1.0,verb_government_0015,verb_government,вчитися чого,-32.345733642578125,-30.880470275878906,9,10,0,0.7499999403953552,-0.75,0
INSAIT-Institute/MamayLM-Gemma-3-4B-IT-v1.0,verb_government_0016,verb_government,вчитися чого,-26.664148330688477,-23.654333114624023,7,7,0,-1.2500000596046448,-1.3749999403953552,0
INSAIT-Institute/MamayLM-Gemma-3-4B-IT-v1.0,verb_government_0017,verb_government,вчитися чого,-28.216453552246094,-27.51357650756836,9,10,0,1.2500000298023224,0.4999999403953552,1
INSAIT-Institute/MamayLM-Gemma-3-4B-IT-v1.0,verb_government_0018,verb_government,вчитися чого,-32.77210235595703,-32.47727966308594,7,9,0,0.75,0.625,1
INSAIT-Institute/MamayLM-Gemma-3-4B-IT-v1.0,verb_government_0019,verb_government,опанувати що,-30.439136505126953,-35.93756866455078,8,8,1,2.124999910593033,2.250000074505806,1
INSAIT-Institute/MamayLM-Gemma-3-4B-IT-v1.0,verb_government_0020,verb_government,опанувати що,-34.1138801574707,-40.38883972167969,9,8,1,1.0,2.249999925494194,1
INSAIT-Institute/MamayLM-Gemma-3-4B-IT-v1.0,verb_government_0021,verb_government,опанувати що,-30.981945037841797,-37.83287048339844,10,10,1,0.375,0.8750000298023224,1
INSAIT-Institute/MamayLM-Gemma-3-4B-IT-v1.0,verb_government_0022,verb_government,опанувати що,-33.286216735839844,-40.478092193603516,9,9,1,2.4999999701976776,1.3750000596046448,1
INSAIT-Institute/MamayLM-Gemma-3-4B-IT-v1.0,verb_government_0023,verb_government,оволодіти чим,-32.93313980102539,-37.59268569946289,8,8,1,2.5000000298023224,-0.5000000596046448,1
INSAIT-Institute/MamayLM-Gemma-3-4B-IT-v1.0,verb_government_0024,verb_government,оволодіти чим,-33.04640579223633,-37.5721549987793,10,10,1,3.500000014901161,1.0000000298023224,1
INSAIT-Institute/MamayLM-Gemma-3-4B-IT-v1.0,verb_government_0025,verb_government,оволодіти чим,-35.56124496459961,-40.70430374145508,9,10,1,2.8750000298023224,2.500000089406967,1
INSAIT-Institute/MamayLM-Gemma-3-4B-IT-v1.0,verb_government_0026,verb_government,хворіти на що,-25.983417510986328,-28.370285034179688,9,8,1,0.875,0.8750000596046448,1
INSAIT-Institute/MamayLM-Gemma-3-4B-IT-v1.0,verb_government_0027,verb_government,хворіти на що,-27.401901245117188,-31.407440185546875,10,9,1,2.0000000596046448,0.875,1
INSAIT-Institute/MamayLM-Gemma-3-4B-IT-v1.0,verb_government_0028,verb_government,хворіти на що,-35.99897003173828,-36.93156814575195,11,10,1,1.1250000596046448,3.000000052154064,1
INSAIT-Institute/MamayLM-Gemma-3-4B-IT-v1.0,verb_government_0029,verb_government,одружитися з ким,-28.218856811523438,-28.981225967407227,10,10,1,-0.625,2.6250000298023224,1
INSAIT-Institute/MamayLM-Gemma-3-4B-IT-v1.0,verb_government_0030,verb_government,одружитися з ким,-35.37973403930664,-35.751468658447266,11,10,1,-2.3749999701976776,1.6249999701976776,0
INSAIT-Institute/MamayLM-Gemma-3-4B-IT-v1.0,verb_government_0031,verb_government,одружитися з ким,-31.195913314819336,-33.60343933105469,13,12,1,0.7499999403953552,1.1249999403953552,1
INSAIT-Institute/MamayLM-Gemma-3-4B-IT-v1.0,verb_government_0032,verb_government,сумувати за ким,-17.22254753112793,-20.022459030151367,7,6,1,3.5000001043081284,3.6249999925494194,1
INSAIT-Institute/MamayLM-Gemma-3-4B-IT-v1.0,verb_government_0033,verb_government,сумувати за ким,-26.889629364013672,-33.71455001831055,9,9,1,3.2499998807907104,1.8749999850988388,1
INSAIT-Institute/MamayLM-Gemma-3-4B-IT-v1.0,verb_government_0034,verb_government,сумувати за ким,-23.546463012695312,-28.69501495361328,8,7,1,3.1249999552965164,4.250000081956387,1
INSAIT-Institute/MamayLM-Gemma-3-4B-IT-v1.0,verb_government_0035,verb_government,розмовляти мовою,-26.69466209411621,-32.40684127807617,9,10,1,1.8749999105930328,3.3750001043081284,1
INSAIT-Institute/MamayLM-Gemma-3-4B-IT-v1.0,verb_government_0036,verb_government,розмовляти мовою,-27.84271812438965,-31.648544311523438,8,9,1,-0.125,3.1250000074505806,1
INSAIT-Institute/MamayLM-Gemma-3-4B-IT-v1.0,verb_government_0037,verb_government,розмовляти мовою,-21.814598083496094,-25.5260066986084,8,9,1,2.749999985098839,2.249999925494194,1
INSAIT-Institute/MamayLM-Gemma-3-4B-IT-v1.0,verb_government_0038,verb_government,розмовляти мовою,-26.768264770507812,-31.9215030670166,9,10,1,-1.7500000447034836,4.749999850988388,1
INSAIT-Institute/MamayLM-Gemma-3-4B-IT-v1.0,verb_government_0039,verb_government,розмовляти мовою,-26.17244529724121,-29.870479583740234,8,9,1,0.25,3.999999813735485,1
INSAIT-Institute/MamayLM-Gemma-3-4B-IT-v1.0,verb_government_0040,verb_government,розмовляти мовою,-23.76947021484375,-28.593494415283203,6,7,1,2.3750000298023224,3.499999925494194,1
INSAIT-Institute/MamayLM-Gemma-3-4B-IT-v1.0,verb_government_0041,verb_government,вибачати кому,-29.85577392578125,-28.132413864135742,7,7,0,0.9999999701976776,0.125,1
INSAIT-Institute/MamayLM-Gemma-3-4B-IT-v1.0,verb_government_0042,verb_government,навчати чого,-36.367164611816406,-34.63484573364258,12,12,0,-0.25,-1.25,0
INSAIT-Institute/MamayLM-Gemma-3-4B-IT-v1.0,verb_government_0043,verb_government,навчати чого,-36.102169036865234,-33.924072265625,10,11,0,0.125,-0.125,0
INSAIT-Institute/MamayLM-Gemma-3-4B-IT-v1.0,verb_government_0044,verb_government,вчитися чого,-24.68756866455078,-22.455459594726562,8,9,0,-2.6249998956918716,-2.8749999701976776,0
INSAIT-Institute/MamayLM-Gemma-3-4B-IT-v1.0,verb_government_0045,verb_government,вчитися чого,-27.73077392578125,-26.8936767578125,8,9,0,0.125,-0.25,0
INSAIT-Institute/MamayLM-Gemma-3-4B-IT-v1.0,verb_government_0046,verb_government,опанувати що,-30.606948852539062,-40.73704528808594,9,9,1,2.2500000596046448,0.0,1
INSAIT-Institute/MamayLM-Gemma-3-4B-IT-v1.0,verb_government_0047,verb_government,опанувати що,-27.796483993530273,-36.650413513183594,9,9,1,2.7500001043081284,0.125,1
INSAIT-Institute/MamayLM-Gemma-3-4B-IT-v1.0,verb_government_0048,verb_government,оволодіти чим,-33.66998291015625,-38.72303009033203,10,10,1,3.2499998807907104,-0.5,1
INSAIT-Institute/MamayLM-Gemma-3-4B-IT-v1.0,verb_government_0049,verb_government,оволодіти чим,-37.46514892578125,-44.59669494628906,9,9,1,2.000000089406967,3.125000052154064,1
INSAIT-Institute/MamayLM-Gemma-3-4B-IT-v1.0,verb_government_0050,verb_government,оволодіти чим,-30.19390106201172,-35.02345275878906,8,8,1,1.2499999701976776,3.3749999031424522,1
INSAIT-Institute/MamayLM-Gemma-3-4B-IT-v1.0,verb_government_0051,verb_government,хворіти на що,-28.207984924316406,-31.25444793701172,9,9,1,2.2499999701976776,3.375000089406967,1
INSAIT-Institute/MamayLM-Gemma-3-4B-IT-v1.0,verb_government_0052,verb_government,хворіти на що,-27.027734756469727,-29.910186767578125,10,9,1,0.375,1.4999999403953552,1
INSAIT-Institute/MamayLM-Gemma-3-4B-IT-v1.0,verb_government_0053,verb_government,хворіти на що,-29.247909545898438,-30.26182746887207,11,10,1,0.625,0.5,1
INSAIT-Institute/MamayLM-Gemma-3-4B-IT-v1.0,verb_government_0054,verb_government,одружитися з ким,-29.54315185546875,-31.371862411499023,11,10,1,0.0,1.5000000298023224,1
INSAIT-Institute/MamayLM-Gemma-3-4B-IT-v1.0,verb_government_0055,verb_government,одружитися з ким,-25.469863891601562,-27.191734313964844,10,10,1,-0.625,3.7499998956918716,1
INSAIT-Institute/MamayLM-Gemma-3-4B-IT-v1.0,verb_government_0056,verb_government,одружитися з ким,-27.959678649902344,-28.940990447998047,12,12,1,-0.125,3.250000089406967,1
INSAIT-Institute/MamayLM-Gemma-3-4B-IT-v1.0,verb_government_0057,verb_government,сумувати за ким,-22.51194190979004,-27.60647201538086,10,10,1,3.000000014901161,2.124999910593033,1
INSAIT-Institute/MamayLM-Gemma-3-4B-IT-v1.0,verb_government_0058,verb_government,сумувати за ким,-22.557851791381836,-24.757911682128906,7,7,1,3.25,3.4999998807907104,1
INSAIT-Institute/MamayLM-Gemma-3-4B-IT-v1.0,verb_government_0059,verb_government,сумувати за ким,-27.71461296081543,-32.355106353759766,10,9,1,2.6250000596046448,2.750000089406967,1
INSAIT-Institute/MamayLM-Gemma-3-4B-IT-v1.0,vocative_0000,vocative,vocative f,-24.331401824951172,-24.3778076171875,9,8,1,-1.625,-1.1249999403953552,0
INSAIT-Institute/MamayLM-Gemma-3-4B-IT-v1.0,vocative_0001,vocative,vocative m,-33.698020935058594,-28.17194366455078,10,9,0,-3.2499999552965164,1.125,0
INSAIT-Institute/MamayLM-Gemma-3-4B-IT-v1.0,vocative_0002,vocative,vocative m,-22.90152359008789,-25.20315170288086,11,10,1,1.7500000596046448,-1.7499998807907104,1
INSAIT-Institute/MamayLM-Gemma-3-4B-IT-v1.0,vocative_0003,vocative,vocative m,-23.821014404296875,-24.892345428466797,10,9,1,2.1250000596046448,-1.375,1
INSAIT-Institute/MamayLM-Gemma-3-4B-IT-v1.0,vocative_0004,vocative,vocative m,-44.06919860839844,-43.55016326904297,14,14,0,-1.25,-0.3749999403953552,0
INSAIT-Institute/MamayLM-Gemma-3-4B-IT-v1.0,vocative_0005,vocative,vocative m,-41.974491119384766,-38.83061981201172,14,14,0,1.4999999403953552,0.2500000596046448,1
INSAIT-Institute/MamayLM-Gemma-3-4B-IT-v1.0,vocative_0006,vocative,vocative m,-33.497535705566406,-32.652198791503906,13,13,0,-1.9999999850988388,-0.625,0
INSAIT-Institute/MamayLM-Gemma-3-4B-IT-v1.0,vocative_0007,vocative,vocative f,-22.252887725830078,-21.92035484313965,9,8,0,-0.3749999403953552,1.0000000596046448,1
INSAIT-Institute/MamayLM-Gemma-3-4B-IT-v1.0,vocative_0008,vocative,vocative f,-35.14668655395508,-37.76171875,10,9,1,-2.000000014901161,0.9999999403953552,0
INSAIT-Institute/MamayLM-Gemma-3-4B-IT-v1.0,vocative_0009,vocative,vocative f,-49.24595260620117,-38.762603759765625,9,9,0,-1.8750000596046448,2.250000089406967,1
INSAIT-Institute/MamayLM-Gemma-3-4B-IT-v1.0,vocative_0010,vocative,vocative m,-35.098350524902344,-34.42108154296875,10,9,0,-2.4999999552965164,2.8750000447034836,1
INSAIT-Institute/MamayLM-Gemma-3-4B-IT-v1.0,vocative_0011,vocative,vocative f,-37.85942077636719,-35.859840393066406,12,12,0,-0.3749999403953552,0.25,0
INSAIT-Institute/MamayLM-Gemma-3-4B-IT-v1.0,vocative_0012,vocative,vocative f,-23.844528198242188,-27.556241989135742,10,9,1,-1.0000000298023224,1.0000000596046448,1
INSAIT-Institute/MamayLM-Gemma-3-4B-IT-v1.0,vocative_0013,vocative,vocative m,-24.757112503051758,-22.17580795288086,7,7,0,-0.375,0.375,0
INSAIT-Institute/MamayLM-Gemma-3-4B-IT-v1.0,vocative_0014,vocative,vocative f,-35.0070686340332,-31.336135864257812,14,13,0,0.6249999403953552,0.0,1
INSAIT-Institute/MamayLM-Gemma-3-4B-IT-v1.0,vocative_0015,vocative,vocative m,-44.13426971435547,-39.070037841796875,15,14,0,0.375,0.125,1
INSAIT-Institute/MamayLM-Gemma-3-4B-IT-v1.0,vocative_0016,vocative,vocative m,-22.459157943725586,-24.377914428710938,9,7,1,-2.0000001043081284,1.0,0
INSAIT-Institute/MamayLM-Gemma-3-4B-IT-v1.0,vocative_0017,vocative,vocative f,-22.192462921142578,-22.88603973388672,10,9,1,1.7500000298023224,-2.0000000596046448,0
INSAIT-Institute/MamayLM-Gemma-3-4B-IT-v1.0,vocative_0018,vocative,vocative m,-22.467960357666016,-24.056610107421875,9,8,1,-0.8750000596046448,1.2499999701976776,1
INSAIT-Institute/MamayLM-Gemma-3-4B-IT-v1.0,vocative_0019,vocative,vocative m,-24.229202270507812,-26.59728240966797,9,8,1,0.3749999403953552,1.125,1
INSAIT-Institute/MamayLM-Gemma-3-4B-IT-v1.0,vocative_0020,vocative,vocative f,-25.926780700683594,-22.42853355407715,9,8,0,-0.3749999403953552,-0.25,0
INSAIT-Institute/MamayLM-Gemma-3-4B-IT-v1.0,vocative_0021,vocative,vocative m,-36.17945098876953,-33.829524993896484,9,9,0,-0.5,1.2499999403953552,1
INSAIT-Institute/MamayLM-Gemma-3-4B-IT-v1.0,vocative_0022,vocative,vocative f,-23.76293182373047,-24.84146499633789,8,8,1,-0.8749999701976776,0.875,1
INSAIT-Institute/MamayLM-Gemma-3-4B-IT-v1.0,vocative_0023,vocative,vocative m,-24.420494079589844,-25.25545310974121,10,9,1,1.7499999403953552,-1.25,1
INSAIT-Institute/MamayLM-Gemma-3-4B-IT-v1.0,vocative_0024,vocative,vocative m,-34.11888122558594,-32.28546142578125,15,14,0,1.2500000596046448,1.5,1
INSAIT-Institute/MamayLM-Gemma-3-4B-IT-v1.0,vocative_0025,vocative,vocative m,-25.647342681884766,-27.313236236572266,8,8,1,-0.9999999701976776,0.5000000596046448,0
INSAIT-Institute/MamayLM-Gemma-3-4B-IT-v1.0,vocative_0026,vocative,vocative m,-31.166397094726562,-31.318313598632812,10,9,1,-2.5000000596046448,1.2500000298023224,0
INSAIT-Institute/MamayLM-Gemma-3-4B-IT-v1.0,vocative_0027,vocative,vocative m,-24.46560287475586,-26.59573745727539,9,8,1,-0.125,-0.6250000596046448,0
INSAIT-Institute/MamayLM-Gemma-3-4B-IT-v1.0,vocative_0028,vocative,vocative f,-36.58286666870117,-36.4647216796875,13,12,0,-2.1249999701976776,0.125,0
INSAIT-Institute/MamayLM-Gemma-3-4B-IT-v1.0,vocative_0029,vocative,vocative f,-21.807231903076172,-23.810684204101562,9,8,1,-1.2499999403953552,-1.125,0
INSAIT-Institute/MamayLM-Gemma-3-4B-IT-v1.0,vocative_0030,vocative,vocative f,-36.91917419433594,-36.44416046142578,12,12,0,-0.875,0.9999999403953552,1
INSAIT-Institute/MamayLM-Gemma-3-4B-IT-v1.0,vocative_0031,vocative,vocative m,-34.857147216796875,-34.858428955078125,12,11,1,-1.8750001192092896,1.75,0
INSAIT-Institute/MamayLM-Gemma-3-4B-IT-v1.0,vocative_0032,vocative,vocative f,-25.072208404541016,-25.179798126220703,10,9,1,1.75,-2.1249999701976776,0
INSAIT-Institute/MamayLM-Gemma-3-4B-IT-v1.0,vocative_0033,vocative,vocative m,-38.04148864746094,-34.55520248413086,13,13,0,-2.000000089406967,0.875,0
INSAIT-Institute/MamayLM-Gemma-3-4B-IT-v1.0,vocative_0034,vocative,vocative f,-30.376285552978516,-31.416414260864258,10,9,1,-1.5,0.75,0
INSAIT-Institute/MamayLM-Gemma-3-4B-IT-v1.0,vocative_0035,vocative,vocative m,-23.159141540527344,-25.585758209228516,9,8,1,-0.75,2.374999925494194,1
INSAIT-Institute/MamayLM-Gemma-3-4B-IT-v1.0,vocative_0036,vocative,vocative m,-25.698562622070312,-24.665538787841797,8,7,0,-0.6249999403953552,-0.6250000596046448,0
INSAIT-Institute/MamayLM-Gemma-3-4B-IT-v1.0,vocative_0037,vocative,vocative m,-29.715898513793945,-35.219112396240234,13,12,1,-2.8750000596046448,2.7500001043081284,0
INSAIT-Institute/MamayLM-Gemma-3-4B-IT-v1.0,vocative_0038,vocative,vocative m,-29.124019622802734,-27.072057723999023,8,9,0,-0.25,2.7500000596046448,1
INSAIT-Institute/MamayLM-Gemma-3-4B-IT-v1.0,vocative_0039,vocative,vocative m,-24.236906051635742,-24.526634216308594,9,8,1,1.6249999403953552,-1.0,1
INSAIT-Institute/MamayLM-Gemma-3-4B-IT-v1.0,vocative_0040,vocative,vocative m,-33.180259704589844,-33.3284912109375,10,9,1,-1.6249999701976776,1.3749999403953552,0
INSAIT-Institute/MamayLM-Gemma-3-4B-IT-v1.0,vocative_0041,vocative,vocative f,-26.313812255859375,-26.6751766204834,9,9,1,1.8749999105930328,-1.6250000596046448,1
INSAIT-Institute/MamayLM-Gemma-3-4B-IT-v1.0,vocative_0042,vocative,vocative f,-23.82916259765625,-24.278085708618164,9,8,1,-1.625,-1.5,0
INSAIT-Institute/MamayLM-Gemma-3-4B-IT-v1.0,vocative_0043,vocative,vocative f,-41.02897644042969,-40.88774108886719,13,13,0,-0.25,0.625,1
INSAIT-Institute/MamayLM-Gemma-3-4B-IT-v1.0,vocative_0044,vocative,vocative m,-37.0550537109375,-35.12217712402344,10,9,0,0.4999999403953552,2.2500001043081284,1
INSAIT-Institute/MamayLM-Gemma-3-4B-IT-v1.0,vocative_0045,vocative,vocative f,-44.87771987915039,-43.22528839111328,14,14,0,0.8749999403953552,1.4999999701976776,1
INSAIT-Institute/MamayLM-Gemma-3-4B-IT-v1.0,vocative_0046,vocative,vocative m,-41.63850402832031,-41.01561737060547,13,13,0,-1.625,1.8750000596046448,1
INSAIT-Institute/MamayLM-Gemma-3-4B-IT-v1.0,vocative_0047,vocative,vocative m,-44.305320739746094,-28.288108825683594,9,8,0,0.875,0.125,1
INSAIT-Institute/MamayLM-Gemma-3-4B-IT-v1.0,vocative_0048,vocative,vocative f,-33.60206604003906,-42.198665618896484,9,8,1,-2.000000089406967,1.6250000596046448,0
INSAIT-Institute/MamayLM-Gemma-3-4B-IT-v1.0,vocative_0049,vocative,vocative f,-32.59577178955078,-32.52061462402344,10,10,0,0.125,1.5000000298023224,1
INSAIT-Institute/MamayLM-Gemma-3-4B-IT-v1.0,vocative_0050,vocative,vocative f,-23.869064331054688,-26.222240447998047,10,8,1,1.8749999701976776,-1.75,1
INSAIT-Institute/MamayLM-Gemma-3-4B-IT-v1.0,vocative_0051,vocative,vocative m,-32.10129165649414,-27.949888229370117,11,10,0,-1.1250000298023224,0.9999999701976776,0
INSAIT-Institute/MamayLM-Gemma-3-4B-IT-v1.0,vocative_0052,vocative,vocative f,-35.53218078613281,-35.22547912597656,13,12,0,-1.6249999701976776,0.25,0
INSAIT-Institute/MamayLM-Gemma-3-4B-IT-v1.0,vocative_0053,vocative,vocative f,-25.92389488220215,-23.095436096191406,7,6,0,0.125,-1.1250000298023224,0
INSAIT-Institute/MamayLM-Gemma-3-4B-IT-v1.0,vocative_0054,vocative,vocative f,-23.70851707458496,-26.39274024963379,11,10,1,0.75,-2.2500000298023224,0
INSAIT-Institute/MamayLM-Gemma-3-4B-IT-v1.0,vocative_0055,vocative,vocative m,-35.64405059814453,-34.30503463745117,12,12,0,-1.6249999701976776,-1.8750000894069672,0
INSAIT-Institute/MamayLM-Gemma-3-4B-IT-v1.0,vocative_0056,vocative,vocative m,-29.415451049804688,-34.09465789794922,9,8,1,0.5,2.3750000596046448,1
INSAIT-Institute/MamayLM-Gemma-3-4B-IT-v1.0,vocative_0057,vocative,vocative f,-43.93971252441406,-37.82794189453125,13,13,0,-0.5000000596046448,0.3749999403953552,0
INSAIT-Institute/MamayLM-Gemma-3-4B-IT-v1.0,vocative_0058,vocative,vocative f,-36.83790588378906,-35.229156494140625,14,13,0,-0.7500000596046448,-0.125,0
INSAIT-Institute/MamayLM-Gemma-3-4B-IT-v1.0,vocative_0059,vocative,vocative f,-38.71250915527344,-45.15997314453125,9,8,1,-1.0000000298023224,2.7500000447034836,1
INSAIT-Institute/MamayLM-Gemma-3-4B-IT-v1.0,vocative_0060,vocative,vocative f,-33.035133361816406,-30.145565032958984,9,9,0,-0.7500000596046448,2.1250000447034836,1
INSAIT-Institute/MamayLM-Gemma-3-4B-IT-v1.0,vocative_0061,vocative,vocative m,-23.826066970825195,-23.57952880859375,7,7,0,-0.125,-1.125,0
INSAIT-Institute/MamayLM-Gemma-3-4B-IT-v1.0,vocative_0062,vocative,vocative m,-34.796897888183594,-33.08392333984375,12,11,0,-1.5000000298023224,0.75,0
INSAIT-Institute/MamayLM-Gemma-3-4B-IT-v1.0,vocative_0063,vocative,vocative m,-33.82194519042969,-31.8554630279541,10,9,0,-1.8750000298023224,2.5000001043081284,1
INSAIT-Institute/MamayLM-Gemma-3-4B-IT-v1.0,vocative_0064,vocative,vocative m,-32.49535369873047,-33.562232971191406,13,12,1,-0.75,0.0,0
INSAIT-Institute/MamayLM-Gemma-3-4B-IT-v1.0,vocative_0065,vocative,vocative m,-24.093482971191406,-24.41989517211914,8,7,1,0.5000000596046448,-0.125,1
INSAIT-Institute/MamayLM-Gemma-3-4B-IT-v1.0,vocative_0066,vocative,vocative m,-35.13954162597656,-37.149227142333984,12,12,1,-2.2499999403953552,0.875,0
INSAIT-Institute/MamayLM-Gemma-3-4B-IT-v1.0,vocative_0067,vocative,vocative m,-41.91351318359375,-38.886234283447266,14,14,0,-1.3749999701976776,-0.75,0
INSAIT-Institute/MamayLM-Gemma-3-4B-IT-v1.0,vocative_0068,vocative,vocative f,-39.70261001586914,-38.176944732666016,13,13,0,-0.25,1.7499999105930328,1
INSAIT-Institute/MamayLM-Gemma-3-4B-IT-v1.0,vocative_0069,vocative,vocative f,-36.31288146972656,-36.951358795166016,13,13,1,-1.1249999403953552,2.375000074505806,1
INSAIT-Institute/MamayLM-Gemma-3-4B-IT-v1.0,vocative_0070,vocative,vocative m,-29.872116088867188,-35.06877136230469,13,12,1,0.25,0.8749999403953552,1
INSAIT-Institute/MamayLM-Gemma-3-4B-IT-v1.0,vocative_0071,vocative,vocative m,-38.657920837402344,-42.380882263183594,14,13,1,0.125,0.7500000596046448,1
INSAIT-Institute/MamayLM-Gemma-3-4B-IT-v1.0,vocative_0072,vocative,vocative f,-28.50761604309082,-29.069242477416992,14,13,1,-0.75,-1.8750000894069672,0
INSAIT-Institute/MamayLM-Gemma-3-4B-IT-v1.0,vocative_0073,vocative,vocative m,-23.840251922607422,-26.753707885742188,9,9,1,-0.6249999403953552,0.125,0
INSAIT-Institute/MamayLM-Gemma-3-4B-IT-v1.0,vocative_0074,vocative,vocative m,-22.27164649963379,-21.79876136779785,8,6,0,0.75,0.75,1
INSAIT-Institute/MamayLM-Gemma-3-4B-IT-v1.0,vocative_0075,vocative,vocative m,-36.515220642089844,-37.55705261230469,8,8,1,0.25,3.1249998956918716,1
INSAIT-Institute/MamayLM-Gemma-3-4B-IT-v1.0,vocative_0076,vocative,vocative m,-36.26743698120117,-32.35618591308594,9,9,0,-2.875000089406967,2.374999925494194,0
INSAIT-Institute/MamayLM-Gemma-3-4B-IT-v1.0,vocative_0077,vocative,vocative m,-40.326881408691406,-35.136295318603516,14,13,0,-0.6250000596046448,-2.625,0
INSAIT-Institute/MamayLM-Gemma-3-4B-IT-v1.0,vocative_0078,vocative,vocative f,-37.228458404541016,-36.59989929199219,12,11,0,-1.1250000298023224,0.3750000596046448,0
INSAIT-Institute/MamayLM-Gemma-3-4B-IT-v1.0,vocative_0079,vocative,vocative m,-23.857736587524414,-24.264469146728516,8,7,1,-1.7499998807907104,0.0,0
INSAIT-Institute/MamayLM-Gemma-3-4B-IT-v1.0,vocative_0080,vocative,vocative f,-37.54387664794922,-40.02781295776367,14,13,1,-0.875,0.875,0
INSAIT-Institute/MamayLM-Gemma-3-4B-IT-v1.0,vocative_0081,vocative,vocative f,-22.865833282470703,-24.334671020507812,10,10,1,1.875,-1.7499999105930328,1
INSAIT-Institute/MamayLM-Gemma-3-4B-IT-v1.0,vocative_0082,vocative,vocative m,-44.65284729003906,-45.528594970703125,8,8,1,0.875,1.1250000298023224,1
INSAIT-Institute/MamayLM-Gemma-3-4B-IT-v1.0,vocative_0083,vocative,vocative m,-24.42060661315918,-25.25247573852539,10,8,1,1.3750000298023224,-2.0000000298023224,0
INSAIT-Institute/MamayLM-Gemma-3-4B-IT-v1.0,vocative_0084,vocative,vocative m,-37.720909118652344,-46.32743835449219,14,13,1,-0.7500000596046448,0.75,0
INSAIT-Institute/MamayLM-Gemma-3-4B-IT-v1.0,vocative_0085,vocative,vocative f,-43.459564208984375,-42.7353515625,15,14,0,-1.2500000596046448,0.0,0
INSAIT-Institute/MamayLM-Gemma-3-4B-IT-v1.0,vocative_0086,vocative,vocative m,-39.162818908691406,-42.48482131958008,9,8,1,0.7499999403953552,2.0000000298023224,1
INSAIT-Institute/MamayLM-Gemma-3-4B-IT-v1.0,vocative_0087,vocative,vocative m,-32.10646438598633,-29.198139190673828,10,10,0,-3.750000014901161,0.0,0
INSAIT-Institute/MamayLM-Gemma-3-4B-IT-v1.0,vocative_0088,vocative,vocative m,-31.461122512817383,-29.66465187072754,11,10,0,0.75,1.4999999701976776,1
INSAIT-Institute/MamayLM-Gemma-3-4B-IT-v1.0,vocative_0089,vocative,vocative f,-33.38875961303711,-33.664024353027344,9,9,1,-2.0000000298023224,-1.2499999701976776,0
INSAIT-Institute/MamayLM-Gemma-3-4B-IT-v1.0,vocative_0090,vocative,vocative m,-30.18954849243164,-34.052467346191406,13,12,1,-0.625,0.9999999701976776,1
INSAIT-Institute/MamayLM-Gemma-3-4B-IT-v1.0,vocative_0091,vocative,vocative f,-30.9976749420166,-36.28740310668945,13,12,1,-0.125,-0.25,0
INSAIT-Institute/MamayLM-Gemma-3-4B-IT-v1.0,vocative_0092,vocative,vocative f,-43.264015197753906,-39.31565856933594,15,14,0,1.1250000298023224,0.875,1
INSAIT-Institute/MamayLM-Gemma-3-4B-IT-v1.0,vocative_0093,vocative,vocative m,-26.955894470214844,-25.19223403930664,10,10,0,-2.875000014901161,2.6249999701976776,0
INSAIT-Institute/MamayLM-Gemma-3-4B-IT-v1.0,vocative_0094,vocative,vocative m,-35.492828369140625,-36.818153381347656,12,11,1,-1.6249999403953552,1.9999998956918716,1
INSAIT-Institute/MamayLM-Gemma-3-4B-IT-v1.0,vocative_0095,vocative,vocative f,-25.16100311279297,-25.690523147583008,10,10,1,1.7499998807907104,-2.0000001192092896,0
INSAIT-Institute/MamayLM-Gemma-3-4B-IT-v1.0,vocative_0096,vocative,vocative f,-22.532684326171875,-21.431819915771484,8,7,0,-1.2500000596046448,-1.7499999403953552,0
INSAIT-Institute/MamayLM-Gemma-3-4B-IT-v1.0,vocative_0097,vocative,vocative f,-25.402847290039062,-25.69337272644043,9,7,1,-1.7500000894069672,1.1249999403953552,0
INSAIT-Institute/MamayLM-Gemma-3-4B-IT-v1.0,vocative_0098,vocative,vocative f,-24.151805877685547,-25.47872543334961,10,10,1,2.1249999701976776,-1.8749999701976776,1
INSAIT-Institute/MamayLM-Gemma-3-4B-IT-v1.0,vocative_0099,vocative,vocative f,-23.41672706604004,-22.079315185546875,8,6,0,-0.25,-1.0,0
INSAIT-Institute/MamayLM-Gemma-3-4B-IT-v1.0,vocative_0100,vocative,vocative m,-37.26296615600586,-36.911598205566406,13,12,0,-1.2499999701976776,0.75,0
INSAIT-Institute/MamayLM-Gemma-3-4B-IT-v1.0,vocative_0101,vocative,vocative m,-43.441646575927734,-39.049156188964844,16,15,0,0.75,1.2499999701976776,1
INSAIT-Institute/MamayLM-Gemma-3-4B-IT-v1.0,vocative_0102,vocative,vocative m,-38.140167236328125,-35.57709503173828,14,13,0,-0.25,0.25,0
INSAIT-Institute/MamayLM-Gemma-3-4B-IT-v1.0,vocative_0103,vocative,vocative m,-28.00096893310547,-29.66742706298828,9,9,1,-3.000000089406967,2.0000000447034836,0
INSAIT-Institute/MamayLM-Gemma-3-4B-IT-v1.0,vocative_0104,vocative,vocative m,-24.95305824279785,-24.102359771728516,9,9,0,1.6249999403953552,-1.625,0
INSAIT-Institute/MamayLM-Gemma-3-4B-IT-v1.0,vocative_0105,vocative,vocative m,-35.03596496582031,-33.26313018798828,13,13,0,-2.8750000298023224,-0.125,0
INSAIT-Institute/MamayLM-Gemma-3-4B-IT-v1.0,vocative_0106,vocative,vocative f,-39.028709411621094,-43.670589447021484,14,13,1,0.5000000596046448,1.3749999701976776,1
INSAIT-Institute/MamayLM-Gemma-3-4B-IT-v1.0,vocative_0107,vocative,vocative f,-36.96159362792969,-30.171953201293945,12,12,0,-2.1250000298023224,-0.6250000596046448,0
INSAIT-Institute/MamayLM-Gemma-3-4B-IT-v1.0,vocative_0108,vocative,vocative m,-25.5776424407959,-24.372140884399414,8,8,0,0.4999999403953552,-1.1250000298023224,0
INSAIT-Institute/MamayLM-Gemma-3-4B-IT-v1.0,vocative_0109,vocative,vocative m,-24.727741241455078,-25.18813705444336,10,9,1,1.2500000298023224,-1.7499999701976776,0
INSAIT-Institute/MamayLM-Gemma-3-4B-IT-v1.0,vocative_0110,vocative,vocative m,-27.50753402709961,-25.09478759765625,9,9,0,-1.2499999701976776,-0.5,0
INSAIT-Institute/MamayLM-Gemma-3-4B-IT-v1.0,vocative_0111,vocative,vocative m,-31.950759887695312,-31.296279907226562,13,12,0,0.5,0.8750000596046448,1
INSAIT-Institute/MamayLM-Gemma-3-4B-IT-v1.0,vocative_0112,vocative,vocative m,-23.790607452392578,-27.410934448242188,9,9,1,1.6249999701976776,-1.625,0
INSAIT-Institute/MamayLM-Gemma-3-4B-IT-v1.0,vocative_0113,vocative,vocative m,-42.967655181884766,-40.070552825927734,13,13,0,-0.375,-1.2499999701976776,0
INSAIT-Institute/MamayLM-Gemma-3-4B-IT-v1.0,vocative_0114,vocative,vocative m,-38.465728759765625,-37.21312713623047,12,12,0,-1.3750000298023224,1.375,0
INSAIT-Institute/MamayLM-Gemma-3-4B-IT-v1.0,vocative_0115,vocative,vocative m,-34.078739166259766,-44.595184326171875,8,8,1,0.8749999403953552,2.625000089406967,1
INSAIT-Institute/MamayLM-Gemma-3-4B-IT-v1.0,vocative_0116,vocative,vocative m,-33.94805908203125,-33.68939208984375,13,12,0,-1.1250000596046448,0.875,0
INSAIT-Institute/MamayLM-Gemma-3-4B-IT-v1.0,vocative_0117,vocative,vocative m,-22.336889266967773,-25.084320068359375,9,8,1,-1.1250000298023224,0.9999999701976776,0
INSAIT-Institute/MamayLM-Gemma-3-4B-IT-v1.0,vocative_0118,vocative,vocative m,-31.376501083374023,-36.27545928955078,12,12,1,0.625,-0.75,0
INSAIT-Institute/MamayLM-Gemma-3-4B-IT-v1.0,vocative_0119,vocative,vocative m,-35.948631286621094,-36.1005859375,13,12,1,-1.3749999403953552,1.5000000596046448,1
INSAIT-Institute/MamayLM-Gemma-3-4B-IT-v1.0,vocative_0120,vocative,vocative m,-25.66014862060547,-26.43692398071289,9,9,1,1.125,-1.8750000894069672,0
INSAIT-Institute/MamayLM-Gemma-3-4B-IT-v1.0,vocative_0121,vocative,vocative m,-25.026195526123047,-25.430618286132812,9,9,1,1.7499999105930328,-0.7500000596046448,1
INSAIT-Institute/MamayLM-Gemma-3-4B-IT-v1.0,vocative_0122,vocative,vocative m,-23.739133834838867,-22.444602966308594,8,7,0,0.0,0.0,0
INSAIT-Institute/MamayLM-Gemma-3-4B-IT-v1.0,vocative_0123,vocative,vocative f,-26.617965698242188,-27.08739471435547,9,8,1,-1.1249999701976776,-0.125,0
INSAIT-Institute/MamayLM-Gemma-3-4B-IT-v1.0,vocative_0124,vocative,vocative f,-45.839168548583984,-42.90142059326172,8,8,0,-0.25,0.6250000596046448,1
INSAIT-Institute/MamayLM-Gemma-3-4B-IT-v1.0,vocative_0125,vocative,vocative m,-22.682842254638672,-23.881145477294922,10,9,1,2.2499998807907104,-1.5000000298023224,1
INSAIT-Institute/MamayLM-Gemma-3-4B-IT-v1.0,vocative_0126,vocative,vocative f,-38.052642822265625,-37.55184555053711,13,13,0,-1.6249999403953552,0.875,0
INSAIT-Institute/MamayLM-Gemma-3-4B-IT-v1.0,vocative_0127,vocative,vocative f,-39.58091735839844,-38.79388427734375,14,13,0,0.125,0.6250000596046448,1
INSAIT-Institute/MamayLM-Gemma-3-4B-IT-v1.0,vocative_0128,vocative,vocative m,-23.820770263671875,-25.410884857177734,9,8,1,1.6249999403953552,-1.1249999701976776,1
INSAIT-Institute/MamayLM-Gemma-3-4B-IT-v1.0,vocative_0129,vocative,vocative f,-26.19872283935547,-24.376110076904297,7,7,0,0.375,-1.7500000596046448,0
INSAIT-Institute/MamayLM-Gemma-3-4B-IT-v1.0,vocative_0130,vocative,vocative m,-22.424951553344727,-22.98241424560547,7,7,1,0.6250000596046448,-0.125,1
INSAIT-Institute/MamayLM-Gemma-3-4B-IT-v1.0,vocative_0131,vocative,vocative f,-45.84246063232422,-40.29934310913086,14,14,0,0.6250000596046448,0.75,1
INSAIT-Institute/MamayLM-Gemma-3-4B-IT-v1.0,vocative_0132,vocative,vocative m,-26.055770874023438,-23.343780517578125,7,6,0,0.8749999701976776,0.6250000596046448,1
INSAIT-Institute/MamayLM-Gemma-3-4B-IT-v1.0,vocative_0133,vocative,vocative m,-35.15187072753906,-35.87009811401367,13,13,1,-1.7500000894069672,0.125,0
INSAIT-Institute/MamayLM-Gemma-3-4B-IT-v1.0,vocative_0134,vocative,vocative f,-25.87181854248047,-26.62936782836914,11,10,1,1.2499999701976776,-1.6249999701976776,0
INSAIT-Institute/MamayLM-Gemma-3-4B-IT-v1.0,vocative_0135,vocative,vocative f,-21.732145309448242,-21.817594528198242,7,7,1,-0.4999999403953552,-0.5000000596046448,0
INSAIT-Institute/MamayLM-Gemma-3-4B-IT-v1.0,vocative_0136,vocative,vocative m,-22.461557388305664,-24.875106811523438,10,8,1,0.7500000596046448,-1.2499999701976776,0
INSAIT-Institute/MamayLM-Gemma-3-4B-IT-v1.0,vocative_0137,vocative,vocative m,-34.814613342285156,-35.82923889160156,13,13,1,-1.1249999701976776,1.5000000298023224,1
INSAIT-Institute/MamayLM-Gemma-3-4B-IT-v1.0,vocative_0138,vocative,vocative f,-22.962196350097656,-22.432279586791992,9,8,0,-0.625,-0.125,0
INSAIT-Institute/MamayLM-Gemma-3-4B-IT-v1.0,vocative_0139,vocative,vocative f,-41.21002197265625,-41.47740936279297,9,8,1,0.0,1.9999998956918716,1
INSAIT-Institute/MamayLM-Gemma-3-4B-IT-v1.0,vocative_0140,vocative,vocative f,-31.198646545410156,-32.84086227416992,10,9,1,-1.2499999403953552,0.7500000596046448,0
INSAIT-Institute/MamayLM-Gemma-3-4B-IT-v1.0,vocative_0141,vocative,vocative m,-32.82805633544922,-29.47110939025879,10,10,0,-3.3749999701976776,2.124999925494194,0
INSAIT-Institute/MamayLM-Gemma-3-4B-IT-v1.0,vocative_0142,vocative,vocative f,-41.449703216552734,-41.501251220703125,13,13,1,0.0,-1.3749999701976776,0
INSAIT-Institute/MamayLM-Gemma-3-4B-IT-v1.0,vocative_0143,vocative,vocative m,-22.96963119506836,-24.899648666381836,9,7,1,-2.125000014901161,1.5000000596046448,0
INSAIT-Institute/MamayLM-Gemma-3-4B-IT-v1.0,vocative_0144,vocative,vocative m,-35.948448181152344,-38.17256164550781,13,13,1,-0.7500000596046448,1.0000000596046448,1
INSAIT-Institute/MamayLM-Gemma-3-4B-IT-v1.0,vocative_0145,vocative,vocative f,-24.141944885253906,-26.38747215270996,10,9,1,1.1249999701976776,-2.2499998956918716,0
INSAIT-Institute/MamayLM-Gemma-3-4B-IT-v1.0,vocative_0146,vocative,vocative m,-37.2941780090332,-37.441078186035156,12,12,1,-1.4999999701976776,1.8749999701976776,1
INSAIT-Institute/MamayLM-Gemma-3-4B-IT-v1.0,vocative_0147,vocative,vocative m,-40.14094924926758,-40.226619720458984,9,9,1,0.0,1.5000000298023224,1
INSAIT-Institute/MamayLM-Gemma-3-4B-IT-v1.0,vocative_0148,vocative,vocative m,-31.447460174560547,-39.80779266357422,10,9,1,1.2500000596046448,2.8749998807907104,1
INSAIT-Institute/MamayLM-Gemma-3-4B-IT-v1.0,vocative_0149,vocative,vocative f,-24.846052169799805,-26.482288360595703,8,8,1,-1.3750000298023224,0.8749999403953552,0
INSAIT-Institute/MamayLM-Gemma-3-4B-IT-v1.0,vocative_0150,vocative,vocative m,-35.529510498046875,-31.505905151367188,11,10,0,1.2500000596046448,2.875000074505806,1
INSAIT-Institute/MamayLM-Gemma-3-4B-IT-v1.0,vocative_0151,vocative,vocative f,-23.921283721923828,-26.544279098510742,9,9,1,-0.375,-0.25,0
INSAIT-Institute/MamayLM-Gemma-3-4B-IT-v1.0,vocative_0152,vocative,vocative f,-38.64332580566406,-34.674720764160156,10,10,0,-0.125,1.7500000596046448,1
INSAIT-Institute/MamayLM-Gemma-3-4B-IT-v1.0,vocative_0153,vocative,vocative m,-42.28547286987305,-39.97380065917969,14,14,0,-1.4999999701976776,-0.125,0
INSAIT-Institute/MamayLM-Gemma-3-4B-IT-v1.0,vocative_0154,vocative,vocative m,-24.324813842773438,-25.07398223876953,8,7,1,0.0,1.2499999403953552,1
INSAIT-Institute/MamayLM-Gemma-3-4B-IT-v1.0,vocative_0155,vocative,vocative f,-26.128496170043945,-27.247745513916016,9,8,1,-1.625,-0.7499999403953552,0
INSAIT-Institute/MamayLM-Gemma-3-4B-IT-v1.0,vocative_0156,vocative,vocative m,-44.508056640625,-41.357948303222656,14,14,0,-1.75,0.0,0
INSAIT-Institute/MamayLM-Gemma-3-4B-IT-v1.0,vocative_0157,vocative,vocative f,-26.874534606933594,-26.04404067993164,11,10,0,1.25,-1.5,0
INSAIT-Institute/MamayLM-Gemma-3-4B-IT-v1.0,vocative_0158,vocative,vocative f,-37.47760772705078,-39.61290740966797,14,13,1,0.2500000596046448,0.25,1
INSAIT-Institute/MamayLM-Gemma-3-4B-IT-v1.0,vocative_0159,vocative,vocative m,-24.764495849609375,-26.997058868408203,12,13,1,-1.375,0.75,0
INSAIT-Institute/MamayLM-Gemma-3-4B-IT-v1.0,vocative_0160,vocative,vocative f,-31.89689826965332,-35.81718826293945,10,9,1,-1.7499998807907104,2.4999998807907104,1
INSAIT-Institute/MamayLM-Gemma-3-4B-IT-v1.0,vocative_0161,vocative,vocative f,-45.05384063720703,-41.48963928222656,9,8,0,-2.249999910593033,1.7500000298023224,0
INSAIT-Institute/MamayLM-Gemma-3-4B-IT-v1.0,vocative_0162,vocative,vocative m,-21.528348922729492,-23.21566390991211,8,8,1,-1.1250000596046448,1.1249999701976776,0
INSAIT-Institute/MamayLM-Gemma-3-4B-IT-v1.0,vocative_0163,vocative,vocative m,-25.192901611328125,-26.582366943359375,9,8,1,-2.2500000447034836,-2.7500001043081284,0
INSAIT-Institute/MamayLM-Gemma-3-4B-IT-v1.0,vocative_0164,vocative,vocative f,-22.720346450805664,-22.724111557006836,9,8,1,-1.5000000596046448,-2.0000000298023224,0
INSAIT-Institute/MamayLM-Gemma-3-4B-IT-v1.0,vocative_0165,vocative,vocative m,-23.083398818969727,-24.08087158203125,9,7,1,-2.124999985098839,0.8750000596046448,0
INSAIT-Institute/MamayLM-Gemma-3-4B-IT-v1.0,vocative_0166,vocative,vocative f,-45.82933807373047,-44.12544250488281,10,9,0,-1.8750000149011612,1.8749998807907104,0
INSAIT-Institute/MamayLM-Gemma-3-4B-IT-v1.0,vocative_0167,vocative,vocative m,-22.842403411865234,-23.950841903686523,10,9,1,2.3750001192092896,-1.9999999105930328,1
INSAIT-Institute/MamayLM-Gemma-3-4B-IT-v1.0,vocative_0168,vocative,vocative m,-38.74713134765625,-38.948089599609375,14,13,1,-0.375,0.8749999403953552,1
INSAIT-Institute/MamayLM-Gemma-3-4B-IT-v1.0,vocative_0169,vocative,vocative f,-34.02842712402344,-34.30363464355469,11,10,1,-2.499999910593033,-0.8749999403953552,0
INSAIT-Institute/MamayLM-Gemma-3-4B-IT-v1.0,vocative_0170,vocative,vocative m,-31.355154037475586,-39.38035202026367,8,8,1,0.8750000596046448,2.625000074505806,1
INSAIT-Institute/MamayLM-Gemma-3-4B-IT-v1.0,vocative_0171,vocative,vocative f,-23.02193832397461,-22.06581687927246,8,7,0,0.25,-1.125,0
INSAIT-Institute/MamayLM-Gemma-3-4B-IT-v1.0,vocative_0172,vocative,vocative m,-33.28225326538086,-31.609060287475586,13,13,0,-3.0000000596046448,-1.3750000298023224,0
INSAIT-Institute/MamayLM-Gemma-3-4B-IT-v1.0,vocative_0173,vocative,vocative m,-35.61878967285156,-31.527956008911133,13,13,0,-2.374999985098839,-1.5000000298023224,0
INSAIT-Institute/MamayLM-Gemma-3-4B-IT-v1.0,vocative_0174,vocative,vocative f,-37.60809326171875,-37.5667724609375,13,12,0,-1.4999999403953552,0.6250000596046448,0
INSAIT-Institute/MamayLM-Gemma-3-4B-IT-v1.0,vocative_0175,vocative,vocative m,-35.71044921875,-32.12187194824219,14,13,0,-0.6249999403953552,-1.0,0
INSAIT-Institute/MamayLM-Gemma-3-4B-IT-v1.0,vocative_0176,vocative,vocative m,-24.31946563720703,-26.6416015625,9,9,1,-0.5000000596046448,-0.25,0
INSAIT-Institute/MamayLM-Gemma-3-4B-IT-v1.0,vocative_0177,vocative,vocative m,-23.845029830932617,-24.423274993896484,10,9,1,0.125,-2.8749999701976776,0
INSAIT-Institute/MamayLM-Gemma-3-4B-IT-v1.0,vocative_0178,vocative,vocative f,-26.145183563232422,-26.76040267944336,10,9,1,1.3749999701976776,-1.375,0
INSAIT-Institute/MamayLM-Gemma-3-4B-IT-v1.0,vocative_0179,vocative,vocative m,-25.08179473876953,-25.37914276123047,11,10,1,1.9999999701976776,-1.6250000298023224,1
INSAIT-Institute/MamayLM-Gemma-3-4B-IT-v1.0,vocative_0180,vocative,vocative m,-33.57194900512695,-40.30210876464844,8,8,1,0.2500000596046448,2.25,1
INSAIT-Institute/MamayLM-Gemma-3-4B-IT-v1.0,vocative_0181,vocative,vocative f,-32.300140380859375,-32.906227111816406,12,12,1,-0.5,0.5,0
INSAIT-Institute/MamayLM-Gemma-3-4B-IT-v1.0,vocative_0182,vocative,vocative f,-45.30448913574219,-41.74907302856445,15,14,0,-0.625,1.2500000298023224,1
INSAIT-Institute/MamayLM-Gemma-3-4B-IT-v1.0,vocative_0183,vocative,vocative f,-35.558467864990234,-36.31647491455078,13,13,1,-0.625,1.2500000298023224,1
INSAIT-Institute/MamayLM-Gemma-3-4B-IT-v1.0,vocative_0184,vocative,vocative f,-30.119653701782227,-30.523958206176758,14,13,1,-0.3749999403953552,-0.375,0
INSAIT-Institute/MamayLM-Gemma-3-4B-IT-v1.0,vocative_0185,vocative,vocative f,-22.469877243041992,-23.340633392333984,10,9,1,1.2499999403953552,-1.9999998807907104,0
INSAIT-Institute/MamayLM-Gemma-3-4B-IT-v1.0,vocative_0186,vocative,vocative m,-35.0350341796875,-28.93499755859375,11,10,0,-1.1250000596046448,0.5,0
INSAIT-Institute/MamayLM-Gemma-3-4B-IT-v1.0,vocative_0187,vocative,vocative m,-23.283897399902344,-25.212026596069336,8,7,1,-0.875,1.1249999701976776,1
INSAIT-Institute/MamayLM-Gemma-3-4B-IT-v1.0,vocative_0188,vocative,vocative m,-25.658201217651367,-24.96298599243164,9,10,0,-3.1250000447034836,2.9999999701976776,0
INSAIT-Institute/MamayLM-Gemma-3-4B-IT-v1.0,vocative_0189,vocative,vocative m,-25.869396209716797,-23.95270347595215,7,6,0,-0.25,0.125,0
INSAIT-Institute/MamayLM-Gemma-3-4B-IT-v1.0,vocative_0190,vocative,vocative f,-35.992706298828125,-34.50962829589844,14,13,0,-3.125,-1.5000000596046448,0
INSAIT-Institute/MamayLM-Gemma-3-4B-IT-v1.0,vocative_0191,vocative,vocative m,-31.691518783569336,-29.44899559020996,14,13,0,0.5,-0.625,0
INSAIT-Institute/MamayLM-Gemma-3-4B-IT-v1.0,vocative_0192,vocative,vocative m,-22.37664794921875,-23.754289627075195,8,8,1,-1.5000000298023224,0.7500000596046448,0
INSAIT-Institute/MamayLM-Gemma-3-4B-IT-v1.0,vocative_0193,vocative,vocative m,-31.82742691040039,-31.616302490234375,9,9,0,0.3750000596046448,3.1249999403953552,1
INSAIT-Institute/MamayLM-Gemma-3-4B-IT-v1.0,vocative_0194,vocative,vocative f,-23.182571411132812,-21.466581344604492,8,6,0,0.0,-0.5,0
INSAIT-Institute/MamayLM-Gemma-3-4B-IT-v1.0,vocative_0195,vocative,vocative m,-38.023895263671875,-42.1983757019043,14,13,1,0.125,0.125,1
INSAIT-Institute/MamayLM-Gemma-3-4B-IT-v1.0,vocative_0196,vocative,vocative f,-29.058799743652344,-32.302955627441406,13,12,1,0.25,-1.7499999105930328,0
INSAIT-Institute/MamayLM-Gemma-3-4B-IT-v1.0,vocative_0197,vocative,vocative m,-22.929479598999023,-22.528091430664062,8,7,0,-0.3750000596046448,1.125,1
INSAIT-Institute/MamayLM-Gemma-3-4B-IT-v1.0,vocative_0198,vocative,vocative f,-35.033668518066406,-34.793582916259766,12,12,0,-0.7500000596046448,1.6250000298023224,1
INSAIT-Institute/MamayLM-Gemma-3-4B-IT-v1.0,vocative_0199,vocative,vocative m,-27.85003662109375,-27.746280670166016,13,13,0,-0.75,1.1249999701976776,1
INSAIT-Institute/MamayLM-Gemma-3-4B-IT-v1.0,vocative_0200,vocative,vocative m,-37.995704650878906,-39.55084228515625,15,14,1,1.7500000298023224,0.5,1
INSAIT-Institute/MamayLM-Gemma-3-4B-IT-v1.0,vocative_0201,vocative,vocative m,-33.855003356933594,-35.53326416015625,13,12,1,-1.2499999701976776,1.7499998807907104,1
INSAIT-Institute/MamayLM-Gemma-3-4B-IT-v1.0,vocative_0202,vocative,vocative m,-26.343746185302734,-23.531578063964844,8,7,0,-2.1250001192092896,-2.7500001192092896,0
INSAIT-Institute/MamayLM-Gemma-3-4B-IT-v1.0,vocative_0203,vocative,vocative m,-21.57596778869629,-23.211448669433594,9,9,1,1.7500000596046448,-1.6249999403953552,1
INSAIT-Institute/MamayLM-Gemma-3-4B-IT-v1.0,vocative_0204,vocative,vocative m,-25.798246383666992,-24.4182186126709,7,7,0,-0.5000000596046448,0.125,0
INSAIT-Institute/MamayLM-Gemma-3-4B-IT-v1.0,vocative_0205,vocative,vocative m,-23.73847198486328,-23.011953353881836,8,6,0,-1.2500000596046448,-0.125,0
INSAIT-Institute/MamayLM-Gemma-3-4B-IT-v1.0,vocative_0206,vocative,vocative m,-27.43545150756836,-24.657930374145508,7,7,0,0.125,-0.5,0
INSAIT-Institute/MamayLM-Gemma-3-4B-IT-v1.0,vocative_0207,vocative,vocative m,-22.85563087463379,-22.96957015991211,10,10,1,1.125,-2.1250000298023224,0
INSAIT-Institute/MamayLM-Gemma-3-4B-IT-v1.0,vocative_0208,vocative,vocative f,-32.203819274902344,-31.083778381347656,10,9,0,-2.1249999701976776,1.2499999403953552,0
INSAIT-Institute/MamayLM-Gemma-3-4B-IT-v1.0,vocative_0209,vocative,vocative f,-26.671886444091797,-28.522573471069336,8,8,1,-0.8749999403953552,-1.2500000298023224,0
INSAIT-Institute/MamayLM-Gemma-3-4B-IT-v1.0,vocative_0210,vocative,vocative m,-34.83268737792969,-33.3402099609375,13,12,0,-0.6250000596046448,-0.25,0
INSAIT-Institute/MamayLM-Gemma-3-4B-IT-v1.0,vocative_0211,vocative,vocative m,-29.968994140625,-31.535259246826172,13,12,1,-1.0,0.25,0
INSAIT-Institute/MamayLM-Gemma-3-4B-IT-v1.0,vocative_0212,vocative,vocative m,-40.96723175048828,-38.496917724609375,9,9,0,0.75,2.375000089406967,1
INSAIT-Institute/MamayLM-Gemma-3-4B-IT-v1.0,vocative_0213,vocative,vocative m,-26.448123931884766,-26.015668869018555,9,9,0,1.6249999701976776,-2.0,0
INSAIT-Institute/MamayLM-Gemma-3-4B-IT-v1.0,vocative_0214,vocative,vocative f,-38.234737396240234,-37.43896484375,15,14,0,0.7499999403953552,0.875,1
INSAIT-Institute/MamayLM-Gemma-3-4B-IT-v1.0,vocative_0215,vocative,vocative f,-23.594928741455078,-23.755558013916016,9,9,1,1.8749999105930328,-1.6249999403953552,1
INSAIT-Institute/MamayLM-Gemma-3-4B-IT-v1.0,vocative_0216,vocative,vocative f,-46.20427322387695,-40.995460510253906,8,8,0,0.125,1.625,1
INSAIT-Institute/MamayLM-Gemma-3-4B-IT-v1.0,vocative_0217,vocative,vocative m,-32.07206344604492,-35.95343017578125,13,12,1,-0.6250000596046448,1.2500000596046448,1
INSAIT-Institute/MamayLM-Gemma-3-4B-IT-v1.0,vocative_0218,vocative,vocative m,-33.441314697265625,-35.22196960449219,10,9,1,-1.375,2.3750001043081284,1
INSAIT-Institute/MamayLM-Gemma-3-4B-IT-v1.0,vocative_0219,vocative,vocative m,-25.343204498291016,-25.7960205078125,10,10,1,1.9999999701976776,-2.1250001192092896,0
INSAIT-Institute/MamayLM-Gemma-3-4B-IT-v1.0,vocative_0220,vocative,vocative m,-34.78000259399414,-30.870609283447266,10,10,0,-3.7499998807907104,1.2499999403953552,0
INSAIT-Institute/MamayLM-Gemma-3-4B-IT-v1.0,vocative_0221,vocative,vocative m,-21.45008659362793,-21.65084457397461,8,6,1,1.1250000596046448,0.0,1
INSAIT-Institute/MamayLM-Gemma-3-4B-IT-v1.0,vocative_0222,vocative,vocative m,-33.60862731933594,-33.26848602294922,13,11,0,-1.6250000298023224,1.7500000596046448,1
INSAIT-Institute/MamayLM-Gemma-3-4B-IT-v1.0,vocative_0223,vocative,vocative f,-23.57349395751953,-26.76454734802246,10,9,1,-0.3749999403953552,1.9999999105930328,1
INSAIT-Institute/MamayLM-Gemma-3-4B-IT-v1.0,vocative_0224,vocative,vocative f,-39.06407928466797,-34.24273681640625,11,10,0,-2.249999910593033,1.2500000298023224,0
INSAIT-Institute/MamayLM-Gemma-3-4B-IT-v1.0,vocative_0225,vocative,vocative f,-42.13227844238281,-41.57512283325195,8,8,0,-0.9999999403953552,1.9999999701976776,1
INSAIT-Institute/MamayLM-Gemma-3-4B-IT-v1.0,vocative_0226,vocative,vocative f,-23.85687255859375,-23.351606369018555,7,7,0,0.25,-0.5,0
INSAIT-Institute/MamayLM-Gemma-3-4B-IT-v1.0,vocative_0227,vocative,vocative f,-37.97473907470703,-36.73835754394531,13,12,0,-1.9999999701976776,2.25,1
INSAIT-Institute/MamayLM-Gemma-3-4B-IT-v1.0,vocative_0228,vocative,vocative f,-43.66437530517578,-39.4588737487793,8,8,0,-0.7500000596046448,2.8749999403953552,1
INSAIT-Institute/MamayLM-Gemma-3-4B-IT-v1.0,vocative_0229,vocative,vocative f,-24.061370849609375,-23.296072006225586,8,8,0,-0.3749999403953552,-0.375,0
INSAIT-Institute/MamayLM-Gemma-3-4B-IT-v1.0,vocative_0230,vocative,vocative m,-25.256759643554688,-24.168392181396484,9,8,0,0.0,0.75,1
INSAIT-Institute/MamayLM-Gemma-3-4B-IT-v1.0,vocative_0231,vocative,vocative f,-36.79722595214844,-36.73451614379883,14,13,0,-1.8749999403953552,2.25,1
INSAIT-Institute/MamayLM-Gemma-3-4B-IT-v1.0,vocative_0232,vocative,vocative m,-42.69615936279297,-38.79383087158203,14,14,0,-1.2499999701976776,0.0,0
INSAIT-Institute/MamayLM-Gemma-3-4B-IT-v1.0,vocative_0233,vocative,vocative m,-25.84497833251953,-23.691879272460938,8,6,0,-0.625,-1.1250000298023224,0
INSAIT-Institute/MamayLM-Gemma-3-4B-IT-v1.0,vocative_0234,vocative,vocative m,-40.06565856933594,-37.09455490112305,15,14,0,-0.5,0.375,0
INSAIT-Institute/MamayLM-Gemma-3-4B-IT-v1.0,vocative_0235,vocative,vocative f,-34.979427337646484,-28.521533966064453,13,13,0,-1.75,-0.875,0
INSAIT-Institute/MamayLM-Gemma-3-4B-IT-v1.0,vocative_0236,vocative,vocative m,-29.621000289916992,-36.458797454833984,9,9,1,0.75,3.3750000596046448,1
INSAIT-Institute/MamayLM-Gemma-3-4B-IT-v1.0,vocative_0237,vocative,vocative f,-25.291683197021484,-25.94997215270996,9,8,1,1.7499999701976776,-2.25,0
INSAIT-Institute/MamayLM-Gemma-3-4B-IT-v1.0,vocative_0238,vocative,vocative m,-36.05463409423828,-34.469295501708984,13,11,0,-1.5000000298023224,1.375,0
INSAIT-Institute/MamayLM-Gemma-3-4B-IT-v1.0,vocative_0239,vocative,vocative m,-25.881893157958984,-25.70383071899414,9,8,0,1.8749999701976776,-1.5,1
INSAIT-Institute/MamayLM-Gemma-3-4B-IT-v1.0,vocative_0240,vocative,vocative f,-29.078508377075195,-26.065715789794922,13,12,0,-0.9999999403953552,0.0,0
INSAIT-Institute/MamayLM-Gemma-3-4B-IT-v1.0,vocative_0241,vocative,vocative m,-34.086143493652344,-34.90116882324219,13,11,1,-1.3750000596046448,2.1249999403953552,1
INSAIT-Institute/MamayLM-Gemma-3-4B-IT-v1.0,vocative_0242,vocative,vocative m,-35.65788269042969,-30.9351806640625,11,10,0,-1.2499999701976776,0.0,0
INSAIT-Institute/MamayLM-Gemma-3-4B-IT-v1.0,vocative_0243,vocative,vocative f,-24.753021240234375,-26.35110855102539,10,10,1,1.9999998807907104,-1.7500001192092896,1
INSAIT-Institute/MamayLM-Gemma-3-4B-IT-v1.0,vocative_0244,vocative,vocative m,-23.918472290039062,-27.490814208984375,8,8,1,-1.625,-0.6250000596046448,0
INSAIT-Institute/MamayLM-Gemma-3-4B-IT-v1.0,vocative_0245,vocative,vocative m,-24.29730224609375,-26.081195831298828,10,9,1,0.0,-0.25,0
INSAIT-Institute/MamayLM-Gemma-3-4B-IT-v1.0,vocative_0246,vocative,vocative f,-34.10310363769531,-30.17574691772461,11,10,0,-0.375,1.2500000298023224,1
INSAIT-Institute/MamayLM-Gemma-3-4B-IT-v1.0,vocative_0247,vocative,vocative f,-39.99833679199219,-32.131263732910156,11,10,0,-2.4999999701976776,0.5,0
INSAIT-Institute/MamayLM-Gemma-3-4B-IT-v1.0,vocative_0248,vocative,vocative m,-24.07120704650879,-25.697900772094727,10,9,1,1.9999999105930328,-1.2499999403953552,1
INSAIT-Institute/MamayLM-Gemma-3-4B-IT-v1.0,vocative_0249,vocative,vocative f,-30.543170928955078,-31.67546272277832,13,12,1,-0.25,0.375,1
INSAIT-Institute/MamayLM-Gemma-3-4B-IT-v1.0,vocative_0250,vocative,vocative m,-33.904541015625,-34.71091842651367,12,12,1,-0.75,1.5,1
INSAIT-Institute/MamayLM-Gemma-3-4B-IT-v1.0,vocative_0251,vocative,vocative m,-23.204002380371094,-25.783206939697266,8,8,1,-2.1250001043081284,1.2499999701976776,0
INSAIT-Institute/MamayLM-Gemma-3-4B-IT-v1.0,vocative_0252,vocative,vocative f,-32.30513000488281,-32.3905029296875,12,12,1,-0.7499999403953552,-2.25,0
INSAIT-Institute/MamayLM-Gemma-3-4B-IT-v1.0,vocative_0253,vocative,vocative f,-36.04916763305664,-35.762115478515625,15,14,0,-0.125,-0.875,0
INSAIT-Institute/MamayLM-Gemma-3-4B-IT-v1.0,vocative_0254,vocative,vocative m,-36.335899353027344,-39.727394104003906,9,8,1,1.1249999403953552,2.3750001043081284,1
INSAIT-Institute/MamayLM-Gemma-3-4B-IT-v1.0,vocative_0255,vocative,vocative f,-35.44497299194336,-35.78780746459961,13,11,1,-1.1249999403953552,1.2500000298023224,1
INSAIT-Institute/MamayLM-Gemma-3-4B-IT-v1.0,vocative_0256,vocative,vocative m,-23.966012954711914,-22.21108627319336,7,6,0,-1.4999999403953552,-0.75,0
INSAIT-Institute/MamayLM-Gemma-3-4B-IT-v1.0,vocative_0257,vocative,vocative f,-41.46802520751953,-45.674659729003906,14,14,1,-0.3750000596046448,1.3749999403953552,1
INSAIT-Institute/MamayLM-Gemma-3-4B-IT-v1.0,vocative_0258,vocative,vocative m,-34.04017639160156,-32.98992156982422,12,12,0,-1.8749999105930328,0.75,0
INSAIT-Institute/MamayLM-Gemma-3-4B-IT-v1.0,vocative_0259,vocative,vocative m,-37.46007537841797,-38.09864807128906,14,13,1,0.4999999403953552,0.5,1
INSAIT-Institute/MamayLM-Gemma-3-4B-IT-v1.0,vocative_0260,vocative,vocative f,-37.35786819458008,-30.418079376220703,10,10,0,-0.25,0.5,1
INSAIT-Institute/MamayLM-Gemma-3-4B-IT-v1.0,vocative_0261,vocative,vocative f,-36.56063461303711,-35.8588981628418,13,11,0,-0.875,1.3750000596046448,1
INSAIT-Institute/MamayLM-Gemma-3-4B-IT-v1.0,vocative_0262,vocative,vocative f,-34.30867004394531,-33.860660552978516,13,13,0,-0.125,0.125,0
INSAIT-Institute/MamayLM-Gemma-3-4B-IT-v1.0,vocative_0263,vocative,vocative m,-27.662784576416016,-25.553382873535156,10,10,0,1.2500000298023224,-2.1249998807907104,0
INSAIT-Institute/MamayLM-Gemma-3-4B-IT-v1.0,vocative_0264,vocative,vocative f,-35.53316116333008,-36.24917984008789,13,13,1,-0.875,1.625,1
INSAIT-Institute/MamayLM-Gemma-3-4B-IT-v1.0,vocative_0265,vocative,vocative f,-28.911033630371094,-33.382564544677734,13,12,1,-0.2500000596046448,-1.0,0
INSAIT-Institute/MamayLM-Gemma-3-4B-IT-v1.0,vocative_0266,vocative,vocative m,-34.36222839355469,-31.645675659179688,14,14,0,0.0,0.625,1
INSAIT-Institute/MamayLM-Gemma-3-4B-IT-v1.0,vocative_0267,vocative,vocative m,-24.726726531982422,-24.457565307617188,8,7,0,0.625,-1.125,0
INSAIT-Institute/MamayLM-Gemma-3-4B-IT-v1.0,vocative_0268,vocative,vocative m,-39.90809631347656,-39.427940368652344,14,14,0,-0.7499999403953552,1.3749999403953552,1
INSAIT-Institute/MamayLM-Gemma-3-4B-IT-v1.0,vocative_0269,vocative,vocative m,-35.57474899291992,-32.103458404541016,10,10,0,-3.250000089406967,0.0,0
INSAIT-Institute/MamayLM-Gemma-3-4B-IT-v1.0,vocative_0270,vocative,vocative m,-24.069168090820312,-22.082828521728516,8,8,0,-1.625,-0.4999999403953552,0
INSAIT-Institute/MamayLM-Gemma-3-4B-IT-v1.0,vocative_0271,vocative,vocative m,-25.695205688476562,-24.946578979492188,8,7,0,1.6249999701976776,0.125,1
INSAIT-Institute/MamayLM-Gemma-3-4B-IT-v1.0,vocative_0272,vocative,vocative m,-46.03172302246094,-36.97626876831055,9,9,0,-0.8749999701976776,1.5000000298023224,1
INSAIT-Institute/MamayLM-Gemma-3-4B-IT-v1.0,vocative_0273,vocative,vocative f,-36.88382339477539,-37.37272262573242,14,13,1,-1.0,1.1250000298023224,1
INSAIT-Institute/MamayLM-Gemma-3-4B-IT-v1.0,vocative_0274,vocative,vocative m,-23.60891342163086,-24.749370574951172,9,8,1,0.6250000596046448,-1.3749999701976776,0
INSAIT-Institute/MamayLM-Gemma-3-4B-IT-v1.0,vocative_0275,vocative,vocative f,-34.780914306640625,-35.517486572265625,13,12,1,-1.1249999403953552,0.75,0
INSAIT-Institute/MamayLM-Gemma-3-4B-IT-v1.0,vocative_0276,vocative,vocative f,-29.691299438476562,-29.62020492553711,10,9,0,-2.7499999701976776,1.0000000298023224,0
INSAIT-Institute/MamayLM-Gemma-3-4B-IT-v1.0,vocative_0277,vocative,vocative m,-31.073070526123047,-34.292236328125,9,9,1,-1.0,1.625,1
INSAIT-Institute/MamayLM-Gemma-3-4B-IT-v1.0,vocative_0278,vocative,vocative f,-45.88838577270508,-41.82965850830078,15,14,0,-1.1249999403953552,0.5,0
INSAIT-Institute/MamayLM-Gemma-3-4B-IT-v1.0,vocative_0279,vocative,vocative f,-37.540958404541016,-32.32140350341797,11,10,0,-0.25,1.3750000298023224,1
INSAIT-Institute/MamayLM-Gemma-3-4B-IT-v1.0,vocative_0280,vocative,vocative m,-36.39899444580078,-32.0806884765625,10,9,0,0.9999999701976776,1.2499999701976776,1
INSAIT-Institute/MamayLM-Gemma-3-4B-IT-v1.0,vocative_0281,vocative,vocative m,-34.192134857177734,-31.964895248413086,9,9,0,-3.2500000596046448,-1.0,0
INSAIT-Institute/MamayLM-Gemma-3-4B-IT-v1.0,vocative_0282,vocative,vocative f,-22.496715545654297,-24.761566162109375,8,8,1,-1.874999925494194,0.0,0
INSAIT-Institute/MamayLM-Gemma-3-4B-IT-v1.0,vocative_0283,vocative,vocative m,-34.98833465576172,-30.202350616455078,10,10,0,0.25,0.625,1
INSAIT-Institute/MamayLM-Gemma-3-4B-IT-v1.0,vocative_0284,vocative,vocative m,-34.82221984863281,-39.7158203125,9,8,1,0.75,3.5000000074505806,1
INSAIT-Institute/MamayLM-Gemma-3-4B-IT-v1.0,vocative_0285,vocative,vocative m,-26.130451202392578,-27.494564056396484,10,9,1,2.000000089406967,-1.7500000894069672,1
INSAIT-Institute/MamayLM-Gemma-3-4B-IT-v1.0,vocative_0286,vocative,vocative m,-28.438589096069336,-33.770904541015625,12,12,1,-1.5,-0.125,0
INSAIT-Institute/MamayLM-Gemma-3-4B-IT-v1.0,vocative_0287,vocative,vocative m,-25.41031837463379,-26.641399383544922,10,9,1,-0.875,1.5,1
INSAIT-Institute/MamayLM-Gemma-3-4B-IT-v1.0,vocative_0288,vocative,vocative f,-48.84554672241211,-43.66441345214844,10,9,0,-2.6250001043081284,0.7500000596046448,0
INSAIT-Institute/MamayLM-Gemma-3-4B-IT-v1.0,vocative_0289,vocative,vocative m,-27.074167251586914,-24.375947952270508,8,8,0,-1.6250000596046448,-1.1250000298023224,0
INSAIT-Institute/MamayLM-Gemma-3-4B-IT-v1.0,vocative_0290,vocative,vocative f,-23.09906768798828,-20.55288314819336,7,7,0,0.25,-0.125,1
INSAIT-Institute/MamayLM-Gemma-3-4B-IT-v1.0,vocative_0291,vocative,vocative f,-37.04017639160156,-32.35567855834961,13,13,0,0.375,-0.75,0
INSAIT-Institute/MamayLM-Gemma-3-4B-IT-v1.0,vocative_0292,vocative,vocative m,-35.42012023925781,-35.838661193847656,12,12,1,-1.7500000596046448,1.1250000298023224,0
INSAIT-Institute/MamayLM-Gemma-3-4B-IT-v1.0,vocative_0293,vocative,vocative m,-32.56569290161133,-33.69683837890625,13,12,1,-1.1249999701976776,2.249999985098839,1
INSAIT-Institute/MamayLM-Gemma-3-4B-IT-v1.0,vocative_0294,vocative,vocative m,-25.278772354125977,-26.310359954833984,10,10,1,2.25,-2.250000089406967,0
INSAIT-Institute/MamayLM-Gemma-3-4B-IT-v1.0,vocative_0295,vocative,vocative m,-35.61995315551758,-36.53879928588867,13,13,1,-0.3750000596046448,1.5,1
INSAIT-Institute/MamayLM-Gemma-3-4B-IT-v1.0,vocative_0296,vocative,vocative m,-35.635406494140625,-38.21022033691406,9,8,1,0.5,2.124999910593033,1
INSAIT-Institute/MamayLM-Gemma-3-4B-IT-v1.0,vocative_0297,vocative,vocative m,-35.978271484375,-37.70060729980469,9,8,1,1.2499999701976776,2.125,1
INSAIT-Institute/MamayLM-Gemma-3-4B-IT-v1.0,vocative_0298,vocative,vocative f,-34.77606964111328,-35.71892547607422,12,12,1,-1.6250000298023224,1.7500000596046448,1
INSAIT-Institute/MamayLM-Gemma-3-4B-IT-v1.0,vocative_0299,vocative,vocative m,-37.409366607666016,-36.997772216796875,10,9,0,1.0000000596046448,1.875,1
