model,uid,phenomenon,group,lp_good,lp_bad,ntok_good,ntok_bad,prob_correct,prompt_margin_ab,prompt_margin_ba,prompt_correct
Qwen/Qwen2.5-7B-Instruct,adjective_agreement_0000,adjective_agreement,"masc noun, neut adj",-39.14719009399414,-39.18169021606445,7,7,1,4.87499984819442,3.7500000055879354,1
Qwen/Qwen2.5-7B-Instruct,adjective_agreement_0001,adjective_agreement,"neut noun, femn adj",-36.20512008666992,-36.83351135253906,6,6,1,9.375000261803507,4.999999987427145,1
Qwen/Qwen2.5-7B-Instruct,adjective_agreement_0002,adjective_agreement,"femn noun, masc adj",-35.157291412353516,-43.0767822265625,7,7,1,7.875000148487743,9.999999671796104,1
Qwen/Qwen2.5-7B-Instruct,adjective_agreement_0003,adjective_agreement,"femn noun, neut adj",-42.937530517578125,-42.1649055480957,8,8,0,-11.625000239684596,4.375000186264515,0
Qwen/Qwen2.5-7B-Instruct,adjective_agreement_0004,adjective_agreement,"neut noun, masc adj",-47.457550048828125,-46.360877990722656,8,8,0,5.999999819556251,14.124999523413862,1
Qwen/Qwen2.5-7B-Instruct,adjective_agreement_0005,adjective_agreement,"neut noun, femn adj",-40.61384582519531,-38.99423599243164,8,8,0,5.50000020256266,12.749999523945007,1
Qwen/Qwen2.5-7B-Instruct,adjective_agreement_0006,adjective_agreement,"femn noun, neut adj",-35.39738464355469,-38.321563720703125,7,7,1,-7.5000002043670975,11.125000001229637,1
Qwen/Qwen2.5-7B-Instruct,adjective_agreement_0007,adjective_agreement,"femn noun, masc adj",-41.578948974609375,-46.35863494873047,13,13,1,11.999999767620466,9.000000254105544,1
Qwen/Qwen2.5-7B-Instruct,adjective_agreement_0008,adjective_agreement,"femn noun, masc adj",-31.585044860839844,-34.849246978759766,7,7,1,14.500000360094418,13.250000000409273,1
Qwen/Qwen2.5-7B-Instruct,adjective_agreement_0009,adjective_agreement,"neut noun, masc adj",-41.6090202331543,-45.56264114379883,10,10,1,-11.375000001375156,11.499999524105078,1
Qwen/Qwen2.5-7B-Instruct,adjective_agreement_0010,adjective_agreement,"masc noun, neut adj",-41.715641021728516,-53.31464385986328,7,7,1,9.374999657666194,12.749999523945007,1
Qwen/Qwen2.5-7B-Instruct,adjective_agreement_0011,adjective_agreement,"femn noun, masc adj",-42.33055114746094,-48.60403823852539,8,8,1,9.62500037503196,0.5,1
Qwen/Qwen2.5-7B-Instruct,adjective_agreement_0012,adjective_agreement,"masc noun, neut adj",-42.537315368652344,-47.44303894042969,13,13,1,3.125000052154064,11.874999881558324,1
Qwen/Qwen2.5-7B-Instruct,adjective_agreement_0013,adjective_agreement,"masc noun, neut adj",-30.354232788085938,-37.58616638183594,7,7,1,2.499999985098839,14.000000000381988,1
Qwen/Qwen2.5-7B-Instruct,adjective_agreement_0014,adjective_agreement,"neut noun, femn adj",-41.526710510253906,-38.35916519165039,6,6,0,7.874999902734999,4.3750001499429345,1
Qwen/Qwen2.5-7B-Instruct,adjective_agreement_0015,adjective_agreement,"neut noun, masc adj",-36.907745361328125,-37.858924865722656,13,13,1,8.375000421772711,8.249999940075213,1
Qwen/Qwen2.5-7B-Instruct,adjective_agreement_0016,adjective_agreement,"neut noun, femn adj",-30.531448364257812,-36.82549285888672,9,8,1,1.3750000596046448,5.999999876134098,1
Qwen/Qwen2.5-7B-Instruct,adjective_agreement_0017,adjective_agreement,"neut noun, femn adj",-41.742347717285156,-45.23040771484375,8,8,1,2.3749999925494194,13.499999523353836,1
Qwen/Qwen2.5-7B-Instruct,adjective_agreement_0018,adjective_agreement,"neut noun, femn adj",-31.76095962524414,-37.63414001464844,7,7,1,-3.8749999795109034,9.999999765532266,1
Qwen/Qwen2.5-7B-Instruct,adjective_agreement_0019,adjective_agreement,"neut noun, masc adj",-42.908355712890625,-41.293357849121094,14,14,0,12.499999766907422,11.12500012057717,1
Qwen/Qwen2.5-7B-Instruct,adjective_agreement_0020,adjective_agreement,"neut noun, masc adj",-35.891510009765625,-36.61125946044922,6,6,1,13.250000360734703,11.875000121559424,1
Qwen/Qwen2.5-7B-Instruct,adjective_agreement_0021,adjective_agreement,"masc noun, femn adj",-36.94434356689453,-39.629520416259766,9,8,1,-1.5000000149011612,8.500000300904503,1
Qwen/Qwen2.5-7B-Instruct,adjective_agreement_0022,adjective_agreement,"femn noun, masc adj",-37.93873977661133,-47.53285217285156,6,6,1,11.87499952766666,14.124999881056283,1
Qwen/Qwen2.5-7B-Instruct,adjective_agreement_0023,adjective_agreement,"femn noun, neut adj",-36.638633728027344,-44.952579498291016,8,8,1,7.249999906169251,6.624999935738742,1
Qwen/Qwen2.5-7B-Instruct,adjective_agreement_0024,adjective_agreement,"femn noun, masc adj",-35.56258773803711,-38.67115020751953,8,8,1,13.375000362510036,2.7500000298023224,1
Qwen/Qwen2.5-7B-Instruct,adjective_agreement_0025,adjective_agreement,"femn noun, neut adj",-39.44715881347656,-43.20524215698242,8,8,1,0.0,10.499999649633537,1
Qwen/Qwen2.5-7B-Instruct,adjective_agreement_0026,adjective_agreement,"femn noun, neut adj",-44.935874938964844,-51.126651763916016,14,14,1,4.375000161118805,6.12500009778887,1
Qwen/Qwen2.5-7B-Instruct,adjective_agreement_0027,adjective_agreement,"femn noun, masc adj",-36.454994201660156,-41.922122955322266,7,7,1,12.874999884166755,6.625000224914402,1
Qwen/Qwen2.5-7B-Instruct,adjective_agreement_0028,adjective_agreement,"neut noun, masc adj",-33.342994689941406,-34.699127197265625,9,9,1,7.874999925610609,-11.37500012810051,0
Qwen/Qwen2.5-7B-Instruct,adjective_agreement_0029,adjective_agreement,"masc noun, neut adj",-32.48774337768555,-44.49571990966797,10,10,1,16.875000363092113,8.250000429863576,1
Qwen/Qwen2.5-7B-Instruct,adjective_agreement_0030,adjective_agreement,"femn noun, neut adj",-32.729705810546875,-36.8922233581543,7,7,1,-9.375000249026925,8.375000277650543,0
Qwen/Qwen2.5-7B-Instruct,adjective_agreement_0031,adjective_agreement,"femn noun, masc adj",-40.460365295410156,-46.52128219604492,14,14,1,10.249999529019988,2.999999985098839,1
Qwen/Qwen2.5-7B-Instruct,adjective_agreement_0032,adjective_agreement,"masc noun, neut adj",-36.75949478149414,-43.031463623046875,7,7,1,6.499999767867848,12.999999881230906,1
Qwen/Qwen2.5-7B-Instruct,adjective_agreement_0033,adjective_agreement,"femn noun, neut adj",-31.41570281982422,-36.72490692138672,7,7,1,7.249999904481228,11.125000002044544,1
Qwen/Qwen2.5-7B-Instruct,adjective_agreement_0034,adjective_agreement,"femn noun, masc adj",-33.13230514526367,-43.35636901855469,7,7,1,2.2499999180436134,10.749999769293936,1
Qwen/Qwen2.5-7B-Instruct,adjective_agreement_0035,adjective_agreement,"femn noun, neut adj",-48.661537170410156,-50.142425537109375,13,13,1,-9.374999896885129,4.875000149011612,0
Qwen/Qwen2.5-7B-Instruct,adjective_agreement_0036,adjective_agreement,"femn noun, neut adj",-30.442106246948242,-36.91733932495117,7,7,1,13.625000360028935,4.125000158324838,1
Qwen/Qwen2.5-7B-Instruct,adjective_agreement_0037,adjective_agreement,"masc noun, femn adj",-45.914791107177734,-44.448219299316406,6,6,0,9.000000025320332,10.000000248342985,1
Qwen/Qwen2.5-7B-Instruct,adjective_agreement_0038,adjective_agreement,"femn noun, masc adj",-42.27320861816406,-49.62335205078125,13,13,1,13.374999763953383,13.375000358533725,1
Qwen/Qwen2.5-7B-Instruct,adjective_agreement_0039,adjective_agreement,"femn noun, masc adj",-32.282440185546875,-41.440521240234375,7,7,1,14.875000241096132,15.124999881203621,1
Qwen/Qwen2.5-7B-Instruct,adjective_agreement_0040,adjective_agreement,"neut noun, femn adj",-47.99886703491211,-50.806182861328125,14,14,1,0.0,13.87499988107811,1
Qwen/Qwen2.5-7B-Instruct,adjective_agreement_0041,adjective_agreement,"femn noun, masc adj",-33.928810119628906,-34.0294189453125,7,8,1,10.87500013083627,12.749999762731022,1
Qwen/Qwen2.5-7B-Instruct,adjective_agreement_0042,adjective_agreement,"femn noun, masc adj",-38.62641525268555,-43.603416442871094,8,8,1,15.000000360509148,13.874999762552761,1
Qwen/Qwen2.5-7B-Instruct,adjective_agreement_0043,adjective_agreement,"masc noun, femn adj",-29.8270263671875,-34.863521575927734,9,8,1,-7.250000131956767,11.124999883424607,1
Qwen/Qwen2.5-7B-Instruct,adjective_agreement_0044,adjective_agreement,"neut noun, masc adj",-47.475852966308594,-43.27639389038086,16,16,0,-4.874999932013452,9.25000036964775,1
Qwen/Qwen2.5-7B-Instruct,adjective_agreement_0045,adjective_agreement,"masc noun, neut adj",-37.10746765136719,-38.59962844848633,6,6,1,11.624999763764208,10.375000005406037,1
Qwen/Qwen2.5-7B-Instruct,adjective_agreement_0046,adjective_agreement,"neut noun, femn adj",-52.341339111328125,-47.9256591796875,8,8,0,-1.3749999701976776,11.874999643267074,1
Qwen/Qwen2.5-7B-Instruct,adjective_agreement_0047,adjective_agreement,"neut noun, masc adj",-51.130760192871094,-46.40009307861328,8,8,0,1.6249999701976776,9.125000137559255,1
Qwen/Qwen2.5-7B-Instruct,adjective_agreement_0048,adjective_agreement,"neut noun, femn adj",-45.49480056762695,-45.29566192626953,7,7,0,6.499999865540303,12.499999524323357,1
Qwen/Qwen2.5-7B-Instruct,adjective_agreement_0049,adjective_agreement,"femn noun, neut adj",-42.20429229736328,-41.964874267578125,10,10,0,-9.75000036223355,-2.750000074505806,0
Qwen/Qwen2.5-7B-Instruct,adjective_agreement_0050,adjective_agreement,"masc noun, neut adj",-37.52900695800781,-42.65007781982422,12,12,1,14.124999762640073,12.625000238545908,1
Qwen/Qwen2.5-7B-Instruct,adjective_agreement_0051,adjective_agreement,"masc noun, neut adj",-40.66061019897461,-48.076786041259766,14,14,1,12.500000120006007,12.500000119896868,1
Qwen/Qwen2.5-7B-Instruct,adjective_agreement_0052,adjective_agreement,"femn noun, neut adj",-37.93377685546875,-41.87664031982422,7,7,1,-11.375000001375156,12.750000119827746,1
Qwen/Qwen2.5-7B-Instruct,adjective_agreement_0053,adjective_agreement,"femn noun, masc adj",-42.63799285888672,-47.64030075073242,14,14,1,12.37499952633516,6.999999870895408,1
Qwen/Qwen2.5-7B-Instruct,adjective_agreement_0054,adjective_agreement,"neut noun, masc adj",-39.129295349121094,-41.36799240112305,9,10,1,4.1250000689178705,12.499999763123924,1
Qwen/Qwen2.5-7B-Instruct,adjective_agreement_0055,adjective_agreement,"femn noun, masc adj",-35.08464813232422,-43.0972900390625,7,7,1,8.249999728956027,6.250000093365088,1
Qwen/Qwen2.5-7B-Instruct,adjective_agreement_0056,adjective_agreement,"masc noun, femn adj",-37.82231903076172,-41.43689727783203,7,7,1,13.749999883089913,11.25000024241308,1
Qwen/Qwen2.5-7B-Instruct,adjective_agreement_0057,adjective_agreement,"masc noun, femn adj",-44.24599838256836,-46.59893798828125,14,14,1,4.74999980814755,11.999999525753083,1
Qwen/Qwen2.5-7B-Instruct,adjective_agreement_0058,adjective_agreement,"masc noun, neut adj",-35.613304138183594,-40.192596435546875,9,9,1,13.00000000197906,13.875000119538527,1
Qwen/Qwen2.5-7B-Instruct,adjective_agreement_0059,adjective_agreement,"femn noun, neut adj",-36.25458526611328,-42.33551788330078,9,9,1,10.999999885352736,10.37500024959445,1
Qwen/Qwen2.5-7B-Instruct,adjective_agreement_0060,adjective_agreement,"femn noun, neut adj",-37.7972297668457,-45.41040802001953,14,14,1,11.37500000235741,11.500000241918315,1
Qwen/Qwen2.5-7B-Instruct,adjective_agreement_0061,adjective_agreement,"masc noun, neut adj",-45.13849639892578,-47.07876968383789,7,7,1,4.7500000996515155,7.249999861291144,1
Qwen/Qwen2.5-7B-Instruct,adjective_agreement_0062,adjective_agreement,"femn noun, neut adj",-38.46827697753906,-44.82354736328125,7,7,1,4.250000226311386,9.500000030267984,1
Qwen/Qwen2.5-7B-Instruct,adjective_agreement_0063,adjective_agreement,"femn noun, neut adj",-36.483489990234375,-43.62016296386719,9,9,1,8.125000454921974,6.249999810708687,1
Qwen/Qwen2.5-7B-Instruct,adjective_agreement_0064,adjective_agreement,"femn noun, masc adj",-36.602718353271484,-39.72901153564453,9,9,1,9.874999541265424,-0.25,1
Qwen/Qwen2.5-7B-Instruct,adjective_agreement_0065,adjective_agreement,"femn noun, masc adj",-41.5838623046875,-46.945526123046875,9,9,1,11.875000362320861,9.499999655105057,1
Qwen/Qwen2.5-7B-Instruct,adjective_agreement_0066,adjective_agreement,"masc noun, neut adj",-42.03988265991211,-44.287109375,7,7,1,6.124999889405444,6.375000179745257,1
Qwen/Qwen2.5-7B-Instruct,adjective_agreement_0067,adjective_agreement,"neut noun, masc adj",-34.022544860839844,-37.744110107421875,7,8,1,14.124999646686774,14.625000238820576,1
Qwen/Qwen2.5-7B-Instruct,adjective_agreement_0068,adjective_agreement,"femn noun, neut adj",-30.268707275390625,-32.572269439697266,7,7,1,13.62499952437065,12.874999643667252,1
Qwen/Qwen2.5-7B-Instruct,adjective_agreement_0069,adjective_agreement,"femn noun, masc adj",-39.756587982177734,-44.59581756591797,13,13,1,7.500000103609636,9.624999654959538,1
Qwen/Qwen2.5-7B-Instruct,adjective_agreement_0070,adjective_agreement,"femn noun, neut adj",-30.969741821289062,-37.89519500732422,7,7,1,6.999999958905391,12.874999881176336,1
Qwen/Qwen2.5-7B-Instruct,adjective_agreement_0071,adjective_agreement,"masc noun, neut adj",-34.209041595458984,-45.60499954223633,8,8,1,10.125000363092113,12.249999524025043,1
Qwen/Qwen2.5-7B-Instruct,adjective_agreement_0072,adjective_agreement,"femn noun, masc adj",-38.35777282714844,-44.16257095336914,6,6,1,-2.3750001043081284,13.999999524145096,1
Qwen/Qwen2.5-7B-Instruct,adjective_agreement_0073,adjective_agreement,"masc noun, femn adj",-45.39244079589844,-49.399017333984375,15,15,1,8.875000021813321,8.999999780920916,1
Qwen/Qwen2.5-7B-Instruct,adjective_agreement_0074,adjective_agreement,"masc noun, femn adj",-36.665130615234375,-42.167945861816406,9,9,1,12.125000240266672,8.499999574647518,1
Qwen/Qwen2.5-7B-Instruct,adjective_agreement_0075,adjective_agreement,"neut noun, femn adj",-39.38982391357422,-42.88140106201172,7,7,1,-10.874999644955096,9.500000263695256,0
Qwen/Qwen2.5-7B-Instruct,adjective_agreement_0076,adjective_agreement,"femn noun, masc adj",-36.81859588623047,-43.19462203979492,14,14,1,12.62500024183828,13.750000358377292,1
Qwen/Qwen2.5-7B-Instruct,adjective_agreement_0077,adjective_agreement,"masc noun, neut adj",-30.430213928222656,-41.40205383300781,10,10,1,17.1250004786707,12.249999881485564,1
Qwen/Qwen2.5-7B-Instruct,adjective_agreement_0078,adjective_agreement,"masc noun, femn adj",-32.476924896240234,-38.47210693359375,8,8,1,5.124999781139195,12.124999881842086,1
Qwen/Qwen2.5-7B-Instruct,adjective_agreement_0079,adjective_agreement,"neut noun, femn adj",-40.507320404052734,-39.229461669921875,7,7,0,-7.125000178464688,9.374999775391188,1
Qwen/Qwen2.5-7B-Instruct,adjective_agreement_0080,adjective_agreement,"masc noun, femn adj",-40.15874099731445,-47.110782623291016,7,7,1,12.124999763698725,8.500000171421561,1
Qwen/Qwen2.5-7B-Instruct,adjective_agreement_0081,adjective_agreement,"masc noun, neut adj",-33.8162841796875,-41.32719421386719,10,9,1,7.624999967287295,12.499999524417944,1
Qwen/Qwen2.5-7B-Instruct,adjective_agreement_0082,adjective_agreement,"femn noun, neut adj",-35.1171875,-42.655799865722656,7,7,1,-6.500000004423782,12.500000119795004,1
Qwen/Qwen2.5-7B-Instruct,adjective_agreement_0083,adjective_agreement,"femn noun, masc adj",-40.61063766479492,-38.74944305419922,8,9,0,-0.875,6.874999918043613,1
Qwen/Qwen2.5-7B-Instruct,adjective_agreement_0084,adjective_agreement,"masc noun, neut adj",-37.67149353027344,-43.86113357543945,10,10,1,10.750000003055902,13.125000120086042,1
Qwen/Qwen2.5-7B-Instruct,adjective_agreement_0085,adjective_agreement,"femn noun, neut adj",-43.4052734375,-47.101966857910156,14,14,1,-10.999999524232408,9.625000124899088,0
Qwen/Qwen2.5-7B-Instruct,adjective_agreement_0086,adjective_agreement,"neut noun, masc adj",-46.32245635986328,-49.21397399902344,8,8,1,1.1250000298023224,7.7499999004649,1
Qwen/Qwen2.5-7B-Instruct,adjective_agreement_0087,adjective_agreement,"masc noun, femn adj",-39.00794219970703,-40.71986770629883,8,8,1,5.125000003259629,13.375000358533725,1
Qwen/Qwen2.5-7B-Instruct,adjective_agreement_0088,adjective_agreement,"neut noun, masc adj",-42.64219665527344,-43.50471115112305,8,8,1,-9.624999767940608,13.375000238720531,1
Qwen/Qwen2.5-7B-Instruct,adjective_agreement_0089,adjective_agreement,"neut noun, femn adj",-29.23385238647461,-34.346435546875,8,8,1,-7.000000158208422,12.249999523737642,1
Qwen/Qwen2.5-7B-Instruct,adjective_agreement_0090,adjective_agreement,"neut noun, femn adj",-39.747642517089844,-45.99656677246094,9,9,1,-3.500000063329935,11.500000120297045,1
Qwen/Qwen2.5-7B-Instruct,adjective_agreement_0091,adjective_agreement,"neut noun, femn adj",-34.05202102661133,-35.19736862182617,6,6,1,8.625000043131877,11.499999883155397,1
Qwen/Qwen2.5-7B-Instruct,adjective_agreement_0092,adjective_agreement,"femn noun, neut adj",-35.7194709777832,-42.12521743774414,7,7,1,-11.999999762210791,10.875000242944225,0
Qwen/Qwen2.5-7B-Instruct,adjective_agreement_0093,adjective_agreement,"femn noun, masc adj",-38.45532989501953,-41.153846740722656,7,7,1,11.124999650579412,12.500000358792022,1
Qwen/Qwen2.5-7B-Instruct,adjective_agreement_0094,adjective_agreement,"neut noun, masc adj",-27.831710815429688,-29.191322326660156,7,7,1,2.499999947845936,11.124999882435077,1
Qwen/Qwen2.5-7B-Instruct,adjective_agreement_0095,adjective_agreement,"femn noun, neut adj",-35.66839599609375,-43.53702163696289,8,8,1,0.9999999403953552,7.87500011944212,1
Qwen/Qwen2.5-7B-Instruct,adjective_agreement_0096,adjective_agreement,"femn noun, neut adj",-32.90031051635742,-38.61901092529297,7,7,1,6.375000060303137,12.750000000523869,1
Qwen/Qwen2.5-7B-Instruct,adjective_agreement_0097,adjective_agreement,"femn noun, neut adj",-36.47535705566406,-45.32011413574219,6,6,1,-5.374999940395355,13.37500023906614,1
Qwen/Qwen2.5-7B-Instruct,adjective_agreement_0098,adjective_agreement,"neut noun, femn adj",-55.347923278808594,-48.66143035888672,8,8,0,2.5000001192092896,10.374999527943146,1
Qwen/Qwen2.5-7B-Instruct,adjective_agreement_0099,adjective_agreement,"masc noun, neut adj",-39.997100830078125,-45.41669845581055,12,12,1,14.500000120478944,12.125000358026227,1
Qwen/Qwen2.5-7B-Instruct,adjective_agreement_0100,adjective_agreement,"femn noun, neut adj",-34.509315490722656,-38.60508728027344,8,9,1,-9.874999528125045,12.500000359086698,1
Qwen/Qwen2.5-7B-Instruct,adjective_agreement_0101,adjective_agreement,"neut noun, femn adj",-43.955055236816406,-50.18415069580078,9,9,1,0.875,12.750000119762262,1
Qwen/Qwen2.5-7B-Instruct,adjective_agreement_0102,adjective_agreement,"femn noun, masc adj",-34.984500885009766,-38.847740173339844,7,7,1,15.124999764222594,13.874999761970685,1
Qwen/Qwen2.5-7B-Instruct,adjective_agreement_0103,adjective_agreement,"masc noun, neut adj",-37.9877815246582,-41.34817123413086,13,13,1,12.624999882380507,12.875000000523869,1
Qwen/Qwen2.5-7B-Instruct,adjective_agreement_0104,adjective_agreement,"femn noun, neut adj",-41.42638397216797,-45.892051696777344,14,15,1,10.624999765968823,11.125000240041118,1
Qwen/Qwen2.5-7B-Instruct,adjective_agreement_0105,adjective_agreement,"masc noun, femn adj",-41.94053649902344,-41.055580139160156,8,8,0,8.499999921186827,8.249999854975613,1
Qwen/Qwen2.5-7B-Instruct,adjective_agreement_0106,adjective_agreement,"neut noun, femn adj",-31.576091766357422,-38.24842071533203,8,8,1,4.000000206753612,2.4999999701976776,1
Qwen/Qwen2.5-7B-Instruct,adjective_agreement_0107,adjective_agreement,"femn noun, masc adj",-41.73649597167969,-42.052955627441406,7,8,1,9.375000037194695,10.875000122963684,1
Qwen/Qwen2.5-7B-Instruct,adjective_agreement_0108,adjective_agreement,"femn noun, masc adj",-35.14873123168945,-38.9423828125,7,7,1,11.625000360436388,13.249999643350748,1
Qwen/Qwen2.5-7B-Instruct,adjective_agreement_0109,adjective_agreement,"neut noun, femn adj",-40.72657775878906,-41.177101135253906,7,7,1,2.3750000298023224,9.000000400381396,1
Qwen/Qwen2.5-7B-Instruct,adjective_agreement_0110,adjective_agreement,"femn noun, neut adj",-40.749794006347656,-47.984718322753906,9,9,1,-5.7499997860286385,-8.6249997933337,0
Qwen/Qwen2.5-7B-Instruct,adjective_agreement_0111,adjective_agreement,"masc noun, neut adj",-28.518489837646484,-34.2110710144043,6,6,1,10.374999886204023,11.375000001229637,1
Qwen/Qwen2.5-7B-Instruct,adjective_agreement_0112,adjective_agreement,"masc noun, neut adj",-39.7166862487793,-47.57353210449219,15,15,1,14.12499964343806,12.750000000220098,1
Qwen/Qwen2.5-7B-Instruct,adjective_agreement_0113,adjective_agreement,"masc noun, femn adj",-41.19166564941406,-48.01363754272461,14,14,1,9.000000136293238,14.12499976231993,1
Qwen/Qwen2.5-7B-Instruct,adjective_agreement_0114,adjective_agreement,"masc noun, neut adj",-36.764976501464844,-42.3935546875,10,10,1,12.125000002102752,8.750000298896339,1
Qwen/Qwen2.5-7B-Instruct,adjective_agreement_0115,adjective_agreement,"femn noun, masc adj",-34.427162170410156,-42.87025451660156,6,6,1,12.625000359963451,13.500000119969627,1
Qwen/Qwen2.5-7B-Instruct,adjective_agreement_0116,adjective_agreement,"masc noun, femn adj",-32.79328155517578,-38.07130813598633,8,8,1,7.499999997031409,14.124999762054358,1
Qwen/Qwen2.5-7B-Instruct,adjective_agreement_0117,adjective_agreement,"femn noun, masc adj",-41.70400619506836,-44.403053283691406,8,8,1,12.000000122883648,1.3749999552965164,1
Qwen/Qwen2.5-7B-Instruct,adjective_agreement_0118,adjective_agreement,"femn noun, masc adj",-30.669708251953125,-33.51818084716797,7,7,1,15.062500359526894,13.49999976217805,1
Qwen/Qwen2.5-7B-Instruct,adjective_agreement_0119,adjective_agreement,"femn noun, masc adj",-39.83566665649414,-49.984169006347656,12,12,1,13.624999527135515,13.749999642621333,1
Qwen/Qwen2.5-7B-Instruct,adjective_agreement_0120,adjective_agreement,"neut noun, femn adj",-46.538238525390625,-42.980621337890625,8,8,0,9.375000031199306,3.1249999813735485,1
Qwen/Qwen2.5-7B-Instruct,adjective_agreement_0121,adjective_agreement,"neut noun, masc adj",-41.07764434814453,-39.52361297607422,8,8,0,4.2499999878928065,7.250000001862645,1
Qwen/Qwen2.5-7B-Instruct,adjective_agreement_0122,adjective_agreement,"neut noun, femn adj",-47.8935546875,-48.64635467529297,14,14,1,-12.375000358000761,12.749999761826984,1
Qwen/Qwen2.5-7B-Instruct,adjective_agreement_0123,adjective_agreement,"masc noun, femn adj",-39.978057861328125,-41.869239807128906,8,7,1,0.25,10.249999884646968,1
Qwen/Qwen2.5-7B-Instruct,adjective_agreement_0124,adjective_agreement,"neut noun, femn adj",-42.385196685791016,-45.630218505859375,15,14,1,9.875000365034794,1.7499999701976776,1
Qwen/Qwen2.5-7B-Instruct,adjective_agreement_0125,adjective_agreement,"femn noun, neut adj",-38.71613311767578,-47.640869140625,7,7,1,8.999999674619175,9.624999893640052,1
Qwen/Qwen2.5-7B-Instruct,adjective_agreement_0126,adjective_agreement,"femn noun, neut adj",-39.828983306884766,-47.46953582763672,13,13,1,13.87500000197906,6.8749997693812475,1
Qwen/Qwen2.5-7B-Instruct,adjective_agreement_0127,adjective_agreement,"femn noun, masc adj",-45.04033660888672,-47.394371032714844,8,8,1,4.625000181607902,7.999999916239176,1
Qwen/Qwen2.5-7B-Instruct,adjective_agreement_0128,adjective_agreement,"femn noun, neut adj",-40.405860900878906,-38.51329803466797,8,8,0,-13.124999642765033,6.499999937717803,0
Qwen/Qwen2.5-7B-Instruct,adjective_agreement_0129,adjective_agreement,"neut noun, femn adj",-41.13655471801758,-40.670352935791016,8,8,0,1.5,13.125000119762262,1
Qwen/Qwen2.5-7B-Instruct,adjective_agreement_0130,adjective_agreement,"masc noun, femn adj",-40.447540283203125,-43.324119567871094,9,8,1,7.124999957391992,10.625000121624907,1
Qwen/Qwen2.5-7B-Instruct,adjective_agreement_0131,adjective_agreement,"neut noun, masc adj",-43.424407958984375,-40.9553337097168,15,16,0,9.750000015555997,12.999999643187039,1
Qwen/Qwen2.5-7B-Instruct,adjective_agreement_0132,adjective_agreement,"neut noun, masc adj",-46.93629455566406,-46.79242706298828,9,9,0,-3.500000026077032,12.000000000920409,1
Qwen/Qwen2.5-7B-Instruct,adjective_agreement_0133,adjective_agreement,"neut noun, masc adj",-49.556617736816406,-49.20994567871094,14,14,0,0.5,13.00000035794983,1
Qwen/Qwen2.5-7B-Instruct,adjective_agreement_0134,adjective_agreement,"femn noun, masc adj",-40.99848175048828,-45.83285903930664,14,14,1,5.125000089406967,1.2499999403953552,1
Qwen/Qwen2.5-7B-Instruct,adjective_agreement_0135,adjective_agreement,"masc noun, femn adj",-37.543094635009766,-41.27799987792969,9,9,1,3.1250001080334187,14.374999523643055,1
Qwen/Qwen2.5-7B-Instruct,adjective_agreement_0136,adjective_agreement,"neut noun, femn adj",-51.43501281738281,-56.05390930175781,14,14,1,-11.999999642737748,12.875000119469405,1
Qwen/Qwen2.5-7B-Instruct,adjective_agreement_0137,adjective_agreement,"femn noun, neut adj",-36.92149353027344,-43.90753173828125,7,7,1,7.249999932886567,5.875000127591193,1
Qwen/Qwen2.5-7B-Instruct,adjective_agreement_0138,adjective_agreement,"masc noun, neut adj",-38.70478820800781,-55.893577575683594,16,16,1,11.749999524563464,11.375000121181074,1
Qwen/Qwen2.5-7B-Instruct,adjective_agreement_0139,adjective_agreement,"femn noun, masc adj",-43.58970642089844,-42.837242126464844,14,14,0,13.50000035888661,10.499999766616384,1
Qwen/Qwen2.5-7B-Instruct,adjective_agreement_0140,adjective_agreement,"neut noun, masc adj",-37.0842170715332,-34.037620544433594,8,8,0,11.2500001236549,8.125000073836418,1
Qwen/Qwen2.5-7B-Instruct,adjective_agreement_0141,adjective_agreement,"femn noun, masc adj",-34.72154998779297,-39.59089279174805,7,7,1,12.499999882325938,13.374999524323357,1
Qwen/Qwen2.5-7B-Instruct,adjective_agreement_0142,adjective_agreement,"neut noun, femn adj",-41.19282913208008,-45.206764221191406,7,7,1,-8.999999540363206,12.37499952406506,1
Qwen/Qwen2.5-7B-Instruct,adjective_agreement_0143,adjective_agreement,"femn noun, masc adj",-41.982765197753906,-45.112892150878906,15,16,1,6.374999853083864,9.749999888488674,1
Qwen/Qwen2.5-7B-Instruct,adjective_agreement_0144,adjective_agreement,"femn noun, masc adj",-38.13246154785156,-48.864158630371094,8,8,1,-0.9999999403953552,10.624999533189111,1
Qwen/Qwen2.5-7B-Instruct,adjective_agreement_0145,adjective_agreement,"masc noun, femn adj",-41.325191497802734,-44.154056549072266,7,7,1,11.500000002168235,12.62499952350663,1
Qwen/Qwen2.5-7B-Instruct,adjective_agreement_0146,adjective_agreement,"femn noun, neut adj",-30.837369918823242,-36.567317962646484,8,8,1,3.000000111758709,9.99999966546602,1
Qwen/Qwen2.5-7B-Instruct,adjective_agreement_0147,adjective_agreement,"femn noun, masc adj",-32.57141876220703,-39.4059944152832,6,6,1,13.249999765044777,12.875000239248038,1
Qwen/Qwen2.5-7B-Instruct,adjective_agreement_0148,adjective_agreement,"femn noun, masc adj",-44.921424865722656,-50.51433563232422,7,7,1,10.750000128624379,11.375000124899088,1
Qwen/Qwen2.5-7B-Instruct,adjective_agreement_0149,adjective_agreement,"neut noun, femn adj",-31.328712463378906,-34.28797149658203,8,8,1,-1.1250000298023224,4.9999999911524355,1
Qwen/Qwen2.5-7B-Instruct,adjective_agreement_0150,adjective_agreement,"masc noun, neut adj",-40.12959289550781,-53.79682540893555,7,7,1,-4.00000000372529,12.375000119795004,1
Qwen/Qwen2.5-7B-Instruct,adjective_agreement_0151,adjective_agreement,"femn noun, masc adj",-30.998788833618164,-35.62196731567383,7,7,1,7.249999962979928,14.500000238653229,1
Qwen/Qwen2.5-7B-Instruct,adjective_agreement_0152,adjective_agreement,"neut noun, masc adj",-43.72907257080078,-44.25362014770508,13,14,1,9.999999888852471,12.875000120733603,1
Qwen/Qwen2.5-7B-Instruct,adjective_agreement_0153,adjective_agreement,"femn noun, masc adj",-40.24687576293945,-43.756961822509766,8,9,1,-10.125000006439222,11.374999525622115,1
Qwen/Qwen2.5-7B-Instruct,adjective_agreement_0154,adjective_agreement,"neut noun, femn adj",-39.87706756591797,-41.27799987792969,12,12,1,13.000000002168235,14.000000119296601,1
Qwen/Qwen2.5-7B-Instruct,adjective_agreement_0155,adjective_agreement,"masc noun, femn adj",-30.460445404052734,-34.887168884277344,7,7,1,14.62499988188938,12.750000358839316,1
Qwen/Qwen2.5-7B-Instruct,adjective_agreement_0156,adjective_agreement,"neut noun, femn adj",-45.65848159790039,-47.499088287353516,15,15,1,0.375,9.625000363092113,1
Qwen/Qwen2.5-7B-Instruct,adjective_agreement_0157,adjective_agreement,"neut noun, femn adj",-40.81852722167969,-49.68418884277344,9,9,1,-6.499999795109034,12.125000120209734,1
Qwen/Qwen2.5-7B-Instruct,adjective_agreement_0158,adjective_agreement,"neut noun, femn adj",-50.13379669189453,-46.783409118652344,9,9,0,-1.4999999552965164,11.000000122039637,1
Qwen/Qwen2.5-7B-Instruct,adjective_agreement_0159,adjective_agreement,"femn noun, neut adj",-37.15740203857422,-45.86433792114258,7,7,1,11.249999527572072,0.625,1
Qwen/Qwen2.5-7B-Instruct,adjective_agreement_0160,adjective_agreement,"masc noun, neut adj",-32.91277313232422,-32.584022521972656,7,7,0,11.624999525753083,13.00000023906614,1
Qwen/Qwen2.5-7B-Instruct,adjective_agreement_0161,adjective_agreement,"neut noun, femn adj",-40.88557052612305,-42.84928894042969,14,14,1,0.5,12.000000358000761,1
Qwen/Qwen2.5-7B-Instruct,adjective_agreement_0162,adjective_agreement,"femn noun, masc adj",-35.26373291015625,-41.34087371826172,8,8,1,12.375000360159902,10.249999532519723,1
Qwen/Qwen2.5-7B-Instruct,adjective_agreement_0163,adjective_agreement,"masc noun, neut adj",-29.833736419677734,-40.6327018737793,8,8,1,15.125000002226443,10.499999526808097,1
Qwen/Qwen2.5-7B-Instruct,adjective_agreement_0164,adjective_agreement,"masc noun, neut adj",-32.626548767089844,-40.5570068359375,9,9,1,15.375000241532689,13.499999643150659,1
Qwen/Qwen2.5-7B-Instruct,adjective_agreement_0165,adjective_agreement,"femn noun, neut adj",-39.72603225708008,-44.2763557434082,8,8,1,-12.874999523945007,7.874999869061867,0
Qwen/Qwen2.5-7B-Instruct,adjective_agreement_0166,adjective_agreement,"femn noun, masc adj",-42.23114776611328,-46.112300872802734,9,9,1,13.375000002910383,10.374999658684828,1
Qwen/Qwen2.5-7B-Instruct,adjective_agreement_0167,adjective_agreement,"femn noun, masc adj",-40.31243133544922,-47.01421356201172,13,13,1,13.750000359410478,14.500000000465661,1
Qwen/Qwen2.5-7B-Instruct,adjective_agreement_0168,adjective_agreement,"femn noun, neut adj",-33.99213409423828,-44.60590744018555,15,15,1,2.6249999329447746,14.125000238653229,1
Qwen/Qwen2.5-7B-Instruct,adjective_agreement_0169,adjective_agreement,"neut noun, masc adj",-40.6116943359375,-42.411781311035156,12,12,1,12.749999525171006,14.624999881125404,1
Qwen/Qwen2.5-7B-Instruct,adjective_agreement_0170,adjective_agreement,"femn noun, neut adj",-39.229454040527344,-41.4365348815918,8,8,1,-13.625000358026227,7.875000032479875,0
Qwen/Qwen2.5-7B-Instruct,adjective_agreement_0171,adjective_agreement,"femn noun, masc adj",-46.439144134521484,-49.870811462402344,8,8,1,12.12500024199835,13.000000239684596,1
Qwen/Qwen2.5-7B-Instruct,adjective_agreement_0172,adjective_agreement,"neut noun, femn adj",-44.484588623046875,-48.97966003417969,7,7,1,-4.625000067986548,7.874999793886673,1
Qwen/Qwen2.5-7B-Instruct,adjective_agreement_0173,adjective_agreement,"neut noun, femn adj",-48.42304229736328,-46.26434326171875,9,9,0,0.8749999701976776,1.3750000298023224,1
Qwen/Qwen2.5-7B-Instruct,adjective_agreement_0174,adjective_agreement,"masc noun, neut adj",-38.796714782714844,-46.82340621948242,8,7,1,-4.625000145286322,12.999999523835868,1
Qwen/Qwen2.5-7B-Instruct,adjective_agreement_0175,adjective_agreement,"masc noun, neut adj",-34.3686637878418,-39.831024169921875,9,9,1,12.624999524996383,11.87499988198033,1
Qwen/Qwen2.5-7B-Instruct,adjective_agreement_0176,adjective_agreement,"femn noun, masc adj",-41.064456939697266,-45.22634506225586,7,8,1,-1.2500000298023224,12.374999763458618,1
Qwen/Qwen2.5-7B-Instruct,adjective_agreement_0177,adjective_agreement,"neut noun, femn adj",-34.08074951171875,-34.71858596801758,7,7,1,6.500000015133992,11.37499964386734,1
Qwen/Qwen2.5-7B-Instruct,adjective_agreement_0178,adjective_agreement,"masc noun, femn adj",-35.82600402832031,-40.470943450927734,8,8,1,10.500000128624379,14.249999524188752,1
Qwen/Qwen2.5-7B-Instruct,adjective_agreement_0179,adjective_agreement,"masc noun, femn adj",-43.1920051574707,-48.31024932861328,9,9,1,12.374999644256604,4.000000135973096,1
Qwen/Qwen2.5-7B-Instruct,adjective_agreement_0180,adjective_agreement,"masc noun, neut adj",-29.00165557861328,-50.40618896484375,8,8,1,14.624999763018423,12.249999643227056,1
Qwen/Qwen2.5-7B-Instruct,adjective_agreement_0181,adjective_agreement,"neut noun, femn adj",-28.649559020996094,-36.41415786743164,6,6,1,-2.624999888241291,5.749999958323315,1
Qwen/Qwen2.5-7B-Instruct,adjective_agreement_0182,adjective_agreement,"masc noun, neut adj",-44.37352752685547,-44.431541442871094,13,13,1,6.87500004703179,10.875000360094418,1
Qwen/Qwen2.5-7B-Instruct,adjective_agreement_0183,adjective_agreement,"femn noun, masc adj",-36.59897994995117,-41.0040283203125,7,7,1,13.624999644562195,12.249999888488674,1
Qwen/Qwen2.5-7B-Instruct,adjective_agreement_0184,adjective_agreement,"masc noun, femn adj",-37.679229736328125,-40.982444763183594,6,6,1,8.250000302941771,10.624999525964085,1
Qwen/Qwen2.5-7B-Instruct,adjective_agreement_0185,adjective_agreement,"femn noun, masc adj",-51.793365478515625,-54.31754684448242,13,13,1,4.749999885447323,10.24999988302443,1
Qwen/Qwen2.5-7B-Instruct,adjective_agreement_0186,adjective_agreement,"neut noun, masc adj",-37.176239013671875,-38.37959289550781,8,8,1,8.500000065308996,-4.250000138767064,1
Qwen/Qwen2.5-7B-Instruct,adjective_agreement_0187,adjective_agreement,"femn noun, masc adj",-51.20785903930664,-52.78068161010742,14,14,1,13.0000003591922,3.624999951571226,1
Qwen/Qwen2.5-7B-Instruct,adjective_agreement_0188,adjective_agreement,"femn noun, masc adj",-38.540260314941406,-41.053741455078125,9,9,1,11.125000122723577,10.999999763640517,1
Qwen/Qwen2.5-7B-Instruct,adjective_agreement_0189,adjective_agreement,"femn noun, neut adj",-43.49448776245117,-42.71548080444336,10,10,0,-11.874999881203621,-1.4999999552965164,0
Qwen/Qwen2.5-7B-Instruct,adjective_agreement_0190,adjective_agreement,"femn noun, neut adj",-42.218597412109375,-48.26955032348633,6,6,1,4.874999972060323,12.000000120679033,1
Qwen/Qwen2.5-7B-Instruct,adjective_agreement_0191,adjective_agreement,"masc noun, neut adj",-41.08512496948242,-48.02276611328125,13,13,1,12.499999881933036,10.875000001324224,1
Qwen/Qwen2.5-7B-Instruct,adjective_agreement_0192,adjective_agreement,"femn noun, neut adj",-36.39794921875,-42.86505889892578,8,8,1,3.2500000335276127,11.124999764964741,1
Qwen/Qwen2.5-7B-Instruct,adjective_agreement_0193,adjective_agreement,"masc noun, femn adj",-39.632450103759766,-45.60601043701172,15,14,1,3.9999999199062586,11.249999524938175,1
Qwen/Qwen2.5-7B-Instruct,adjective_agreement_0194,adjective_agreement,"neut noun, femn adj",-49.05901336669922,-42.25508499145508,8,8,0,9.125000377040124,9.000000381391146,1
Qwen/Qwen2.5-7B-Instruct,adjective_agreement_0195,adjective_agreement,"neut noun, femn adj",-43.176719665527344,-40.70396423339844,8,8,0,5.5000002309679985,7.000000041094609,1
Qwen/Qwen2.5-7B-Instruct,adjective_agreement_0196,adjective_agreement,"masc noun, neut adj",-38.3520622253418,-43.242591857910156,11,11,1,12.500000241096132,12.374999524417944,1
Qwen/Qwen2.5-7B-Instruct,adjective_agreement_0197,adjective_agreement,"femn noun, masc adj",-36.20171356201172,-40.38621520996094,7,7,1,1.7499999403953552,12.749999524465238,1
Qwen/Qwen2.5-7B-Instruct,adjective_agreement_0198,adjective_agreement,"neut noun, femn adj",-47.45313262939453,-44.56474304199219,8,8,0,3.3750000968575478,7.500000211119186,1
Qwen/Qwen2.5-7B-Instruct,adjective_agreement_0199,adjective_agreement,"femn noun, masc adj",-37.72132873535156,-40.45842742919922,7,7,1,11.125000362801075,11.999999764586391,1
Qwen/Qwen2.5-7B-Instruct,adjective_agreement_0200,adjective_agreement,"neut noun, femn adj",-46.188411712646484,-42.9792366027832,7,7,0,3.750000109896064,7.249999770428985,1
Qwen/Qwen2.5-7B-Instruct,adjective_agreement_0201,adjective_agreement,"neut noun, femn adj",-47.1779670715332,-48.20166778564453,8,8,1,-5.625000154832378,11.000000122112397,1
Qwen/Qwen2.5-7B-Instruct,adjective_agreement_0202,adjective_agreement,"masc noun, neut adj",-38.71607971191406,-41.714752197265625,7,7,1,11.12499952923099,-2.125000022351742,1
Qwen/Qwen2.5-7B-Instruct,adjective_agreement_0203,adjective_agreement,"masc noun, neut adj",-37.253448486328125,-41.15355682373047,6,6,1,5.250000144354999,9.124999787818524,1
Qwen/Qwen2.5-7B-Instruct,adjective_agreement_0204,adjective_agreement,"neut noun, femn adj",-38.30677032470703,-37.66393280029297,9,9,0,6.375000211410224,-10.374999660998583,0
Qwen/Qwen2.5-7B-Instruct,adjective_agreement_0205,adjective_agreement,"femn noun, neut adj",-41.80592346191406,-42.18830871582031,7,7,1,5.999999795109034,1.6249999552965164,1
Qwen/Qwen2.5-7B-Instruct,adjective_agreement_0206,adjective_agreement,"neut noun, femn adj",-42.780086517333984,-44.42917251586914,14,14,1,0.6249999403953552,12.999999761826984,1
Qwen/Qwen2.5-7B-Instruct,adjective_agreement_0207,adjective_agreement,"femn noun, neut adj",-45.07321548461914,-50.385223388671875,15,15,1,-3.374999973922968,0.375,0
Qwen/Qwen2.5-7B-Instruct,adjective_agreement_0208,adjective_agreement,"neut noun, masc adj",-50.30339431762695,-50.716529846191406,8,8,1,-1.7499999701976776,8.124999834399205,1
Qwen/Qwen2.5-7B-Instruct,adjective_agreement_0209,adjective_agreement,"femn noun, masc adj",-38.48372268676758,-40.763893127441406,8,9,1,-2.749999977648258,9.49999977571133,1
Qwen/Qwen2.5-7B-Instruct,adjective_agreement_0210,adjective_agreement,"masc noun, femn adj",-42.683467864990234,-46.000267028808594,14,14,1,14.124999882380507,13.250000357904355,1
Qwen/Qwen2.5-7B-Instruct,adjective_agreement_0211,adjective_agreement,"masc noun, neut adj",-37.80632019042969,-47.916595458984375,9,9,1,13.500000002044544,13.250000120006007,1
Qwen/Qwen2.5-7B-Instruct,adjective_agreement_0212,adjective_agreement,"femn noun, masc adj",-33.000205993652344,-46.154747009277344,7,7,1,12.375000359086698,12.625000239935616,1
Qwen/Qwen2.5-7B-Instruct,adjective_agreement_0213,adjective_agreement,"neut noun, femn adj",-36.41504669189453,-43.46257400512695,8,8,1,13.875000240266672,13.499999642579496,1
Qwen/Qwen2.5-7B-Instruct,adjective_agreement_0214,adjective_agreement,"neut noun, masc adj",-44.34959411621094,-49.066734313964844,10,10,1,-7.8749998737475835,10.874999763178494,1
Qwen/Qwen2.5-7B-Instruct,adjective_agreement_0215,adjective_agreement,"masc noun, femn adj",-40.18513870239258,-48.788047790527344,9,8,1,-1.6249999701976776,13.375000119969627,1
Qwen/Qwen2.5-7B-Instruct,adjective_agreement_0216,adjective_agreement,"neut noun, masc adj",-37.17899703979492,-39.32543182373047,6,6,1,11.875000240892405,14.125000119671313,1
Qwen/Qwen2.5-7B-Instruct,adjective_agreement_0217,adjective_agreement,"neut noun, femn adj",-43.21819305419922,-44.510616302490234,8,8,1,4.499999926425517,13.625000119469405,1
Qwen/Qwen2.5-7B-Instruct,adjective_agreement_0218,adjective_agreement,"femn noun, neut adj",-40.955047607421875,-45.716827392578125,9,9,1,-1.2500000298023224,-4.124999813735485,0
Qwen/Qwen2.5-7B-Instruct,adjective_agreement_0219,adjective_agreement,"masc noun, neut adj",-39.62318801879883,-48.360008239746094,14,14,1,9.374999654653948,12.750000000331056,1
Qwen/Qwen2.5-7B-Instruct,adjective_agreement_0220,adjective_agreement,"masc noun, femn adj",-46.608909606933594,-47.79920196533203,12,12,1,10.500000364576408,12.500000000356522,1
Qwen/Qwen2.5-7B-Instruct,adjective_agreement_0221,adjective_agreement,"neut noun, masc adj",-46.15770721435547,-46.77191162109375,15,15,1,6.75000019534491,-11.000000004642061,0
Qwen/Qwen2.5-7B-Instruct,adjective_agreement_0222,adjective_agreement,"femn noun, masc adj",-39.368133544921875,-44.37517547607422,9,10,1,-2.0000000298023224,11.749999645529897,1
Qwen/Qwen2.5-7B-Instruct,adjective_agreement_0223,adjective_agreement,"neut noun, masc adj",-26.931499481201172,-28.946155548095703,10,10,1,-7.375000138592441,11.500000239328074,1
Qwen/Qwen2.5-7B-Instruct,adjective_agreement_0224,adjective_agreement,"masc noun, neut adj",-41.686927795410156,-48.609375,8,8,1,6.249999791616574,8.874999935273081,1
Qwen/Qwen2.5-7B-Instruct,adjective_agreement_0225,adjective_agreement,"masc noun, neut adj",-30.703889846801758,-32.353614807128906,6,6,1,12.000000002291927,11.625000119827746,1
Qwen/Qwen2.5-7B-Instruct,adjective_agreement_0226,adjective_agreement,"neut noun, femn adj",-50.42943572998047,-54.7955436706543,8,8,1,-0.7500000298023224,3.625000098720193,1
Qwen/Qwen2.5-7B-Instruct,adjective_agreement_0227,adjective_agreement,"femn noun, masc adj",-40.4486083984375,-43.483306884765625,13,14,1,12.624999765284883,12.249999523835868,1
Qwen/Qwen2.5-7B-Instruct,adjective_agreement_0228,adjective_agreement,"femn noun, masc adj",-37.43955993652344,-43.11468505859375,7,7,1,13.000000242849637,12.8750003591922,1
Qwen/Qwen2.5-7B-Instruct,adjective_agreement_0229,adjective_agreement,"masc noun, neut adj",-44.39243698120117,-45.24456024169922,7,7,1,7.7500001998269,10.87499952987855,1
Qwen/Qwen2.5-7B-Instruct,adjective_agreement_0230,adjective_agreement,"masc noun, femn adj",-43.564334869384766,-46.10223388671875,14,14,1,14.625000002291927,8.875000030267984,1
Qwen/Qwen2.5-7B-Instruct,adjective_agreement_0231,adjective_agreement,"masc noun, femn adj",-39.2413330078125,-42.72011947631836,9,8,1,-5.7499997827690095,11.625000359086698,1
Qwen/Qwen2.5-7B-Instruct,adjective_agreement_0232,adjective_agreement,"masc noun, femn adj",-32.14397048950195,-40.930503845214844,7,7,1,11.624999763640517,8.124999891791958,1
Qwen/Qwen2.5-7B-Instruct,adjective_agreement_0233,adjective_agreement,"neut noun, masc adj",-39.071250915527344,-39.2161979675293,10,10,1,-9.124999894731445,10.12500000410364,1
Qwen/Qwen2.5-7B-Instruct,adjective_agreement_0234,adjective_agreement,"masc noun, femn adj",-36.227294921875,-41.12562561035156,9,8,1,5.499999818392098,9.000000379557605,1
Qwen/Qwen2.5-7B-Instruct,adjective_agreement_0235,adjective_agreement,"masc noun, femn adj",-39.677703857421875,-43.485626220703125,13,13,1,13.500000001426088,11.99999988126001,1
Qwen/Qwen2.5-7B-Instruct,adjective_agreement_0236,adjective_agreement,"masc noun, neut adj",-35.41204071044922,-39.795166015625,7,7,1,1.0000000298023224,12.124999881452823,1
Qwen/Qwen2.5-7B-Instruct,adjective_agreement_0237,adjective_agreement,"masc noun, femn adj",-33.36469268798828,-32.17531967163086,8,8,0,11.250000361615093,14.500000238820576,1
Qwen/Qwen2.5-7B-Instruct,adjective_agreement_0238,adjective_agreement,"masc noun, femn adj",-31.422046661376953,-44.26097106933594,8,7,1,-1.8750000149011612,8.749999561259756,1
Qwen/Qwen2.5-7B-Instruct,adjective_agreement_0239,adjective_agreement,"femn noun, masc adj",-27.572595596313477,-37.47431945800781,9,9,1,15.125000121246558,12.750000239411747,1
Qwen/Qwen2.5-7B-Instruct,adjective_agreement_0240,adjective_agreement,"femn noun, masc adj",-54.1416130065918,-48.95011901855469,12,12,0,7.375000047206413,13.00000023884786,1
Qwen/Qwen2.5-7B-Instruct,adjective_agreement_0241,adjective_agreement,"masc noun, femn adj",-40.049983978271484,-42.91975402832031,6,6,1,13.499999881634722,12.87500023879511,1
Qwen/Qwen2.5-7B-Instruct,adjective_agreement_0242,adjective_agreement,"masc noun, femn adj",-42.65634536743164,-46.23835372924805,8,8,1,11.000000005107722,-0.5,1
Qwen/Qwen2.5-7B-Instruct,adjective_agreement_0243,adjective_agreement,"masc noun, neut adj",-38.059425354003906,-43.64971923828125,9,9,1,4.375000050291419,12.500000358304533,1
Qwen/Qwen2.5-7B-Instruct,adjective_agreement_0244,adjective_agreement,"neut noun, masc adj",-29.471853256225586,-37.38654327392578,6,6,1,13.500000121559424,13.74999964287781,1
Qwen/Qwen2.5-7B-Instruct,adjective_agreement_0245,adjective_agreement,"neut noun, femn adj",-46.800941467285156,-41.226654052734375,6,6,0,-3.6249999925494194,13.124999642688636,1
Qwen/Qwen2.5-7B-Instruct,adjective_agreement_0246,adjective_agreement,"neut noun, masc adj",-27.17824935913086,-34.38754653930664,6,6,1,4.625000121071935,6.75000016100239,1
Qwen/Qwen2.5-7B-Instruct,adjective_agreement_0247,adjective_agreement,"masc noun, neut adj",-43.31006622314453,-52.60872268676758,17,17,1,14.24999988198033,12.124999643150659,1
Qwen/Qwen2.5-7B-Instruct,adjective_agreement_0248,adjective_agreement,"masc noun, neut adj",-31.1651668548584,-31.080781936645508,7,7,0,7.749999785621185,7.874999804305844,1
Qwen/Qwen2.5-7B-Instruct,adjective_agreement_0249,adjective_agreement,"neut noun, femn adj",-44.2929801940918,-47.72520065307617,9,9,1,0.625,13.875000119427568,1
Qwen/Qwen2.5-7B-Instruct,adjective_agreement_0250,adjective_agreement,"neut noun, masc adj",-43.52190399169922,-46.43556213378906,14,14,1,0.125,10.875000359832484,1
Qwen/Qwen2.5-7B-Instruct,adjective_agreement_0251,adjective_agreement,"femn noun, neut adj",-35.83321762084961,-39.63566589355469,7,7,1,0.0,0.125,1
Qwen/Qwen2.5-7B-Instruct,adjective_agreement_0252,adjective_agreement,"femn noun, neut adj",-49.58709716796875,-52.07950973510742,13,13,1,-8.749999543317244,12.625000238769644,1
Qwen/Qwen2.5-7B-Instruct,adjective_agreement_0253,adjective_agreement,"femn noun, neut adj",-41.43144989013672,-38.431304931640625,8,8,0,-11.125000001804437,5.12499985517934,0
Qwen/Qwen2.5-7B-Instruct,adjective_agreement_0254,adjective_agreement,"masc noun, femn adj",-44.78328323364258,-46.37647247314453,15,15,1,13.875000120839104,14.00000035794983,1
Qwen/Qwen2.5-7B-Instruct,adjective_agreement_0255,adjective_agreement,"femn noun, neut adj",-28.890823364257812,-33.952247619628906,9,9,1,-6.250000020721927,11.750000120478944,1
Qwen/Qwen2.5-7B-Instruct,adjective_agreement_0256,adjective_agreement,"neut noun, femn adj",-37.18608856201172,-40.01926040649414,8,8,1,5.499999982770532,10.249999527572072,1
Qwen/Qwen2.5-7B-Instruct,adjective_agreement_0257,adjective_agreement,"neut noun, masc adj",-38.402767181396484,-38.501033782958984,10,10,1,-8.000000222149538,8.500000277126674,1
Qwen/Qwen2.5-7B-Instruct,adjective_agreement_0258,adjective_agreement,"masc noun, neut adj",-46.544742584228516,-50.113319396972656,14,13,1,-1.6250000447034836,12.750000358573743,1
Qwen/Qwen2.5-7B-Instruct,adjective_agreement_0259,adjective_agreement,"neut noun, femn adj",-51.382728576660156,-48.50642395019531,9,9,0,3.3750000447034836,11.999999643350748,1
Qwen/Qwen2.5-7B-Instruct,adjective_agreement_0260,adjective_agreement,"neut noun, masc adj",-45.24787139892578,-47.035552978515625,14,14,1,11.374999884399585,12.250000358239049,1
Qwen/Qwen2.5-7B-Instruct,adjective_agreement_0261,adjective_agreement,"masc noun, femn adj",-36.53591537475586,-41.49226760864258,8,8,1,12.000000360094418,11.12500012043165,1
Qwen/Qwen2.5-7B-Instruct,adjective_agreement_0262,adjective_agreement,"masc noun, femn adj",-43.646995544433594,-43.05439376831055,15,14,0,3.3749999590218067,11.000000002044544,1
Qwen/Qwen2.5-7B-Instruct,adjective_agreement_0263,adjective_agreement,"femn noun, masc adj",-29.961334228515625,-37.255699157714844,7,7,1,13.999999765364919,13.24999988167474,1
Qwen/Qwen2.5-7B-Instruct,adjective_agreement_0264,adjective_agreement,"femn noun, masc adj",-36.84983825683594,-39.7637825012207,13,13,1,9.874999533742084,12.75000023884786,1
Qwen/Qwen2.5-7B-Instruct,adjective_agreement_0265,adjective_agreement,"masc noun, femn adj",-30.37714195251465,-33.30366516113281,7,7,1,3.7499999199062586,8.62500040672603,1
Qwen/Qwen2.5-7B-Instruct,adjective_agreement_0266,adjective_agreement,"masc noun, neut adj",-35.23347473144531,-36.245574951171875,7,7,1,13.374999763516826,11.499999523908627,1
Qwen/Qwen2.5-7B-Instruct,adjective_agreement_0267,adjective_agreement,"femn noun, masc adj",-37.848594665527344,-44.865234375,12,12,1,12.124999768049747,13.249999523737642,1
Qwen/Qwen2.5-7B-Instruct,adjective_agreement_0268,adjective_agreement,"masc noun, femn adj",-37.37111282348633,-38.53162384033203,9,8,1,8.874999926512828,11.249999763072992,1
Qwen/Qwen2.5-7B-Instruct,adjective_agreement_0269,adjective_agreement,"femn noun, masc adj",-31.74173927307129,-36.53800964355469,7,7,1,15.437499526036845,12.625000001862645,1
Qwen/Qwen2.5-7B-Instruct,adjective_agreement_0270,adjective_agreement,"masc noun, neut adj",-33.3267707824707,-39.66412353515625,9,9,1,13.125000239637302,10.875000240208465,1
Qwen/Qwen2.5-7B-Instruct,adjective_agreement_0271,adjective_agreement,"femn noun, neut adj",-44.56235885620117,-46.69476318359375,13,13,1,-4.625000192783773,3.374999914318323,0
Qwen/Qwen2.5-7B-Instruct,adjective_agreement_0272,adjective_agreement,"masc noun, neut adj",-48.64215087890625,-47.92594528198242,13,13,0,-0.375,9.000000021609594,1
Qwen/Qwen2.5-7B-Instruct,adjective_agreement_0273,adjective_agreement,"neut noun, masc adj",-43.06492233276367,-43.11427688598633,13,13,1,6.62500005424954,8.000000355619704,1
Qwen/Qwen2.5-7B-Instruct,adjective_agreement_0274,adjective_agreement,"neut noun, femn adj",-41.92449188232422,-44.69736862182617,15,15,1,6.250000219326466,12.249999761970685,1
Qwen/Qwen2.5-7B-Instruct,adjective_agreement_0275,adjective_agreement,"femn noun, neut adj",-38.6522216796875,-40.93366241455078,9,9,1,-11.999999644140189,9.874999770530849,0
Qwen/Qwen2.5-7B-Instruct,adjective_agreement_0276,adjective_agreement,"neut noun, masc adj",-39.113101959228516,-43.07636260986328,12,12,1,14.625000240957888,8.374999698193278,1
Qwen/Qwen2.5-7B-Instruct,adjective_agreement_0277,adjective_agreement,"femn noun, neut adj",-28.47458267211914,-34.62555694580078,8,8,1,7.625000091036782,10.375000124899088,1
Qwen/Qwen2.5-7B-Instruct,adjective_agreement_0278,adjective_agreement,"masc noun, neut adj",-30.6060791015625,-39.47868347167969,7,7,1,14.875000240506779,9.999999886305886,1
Qwen/Qwen2.5-7B-Instruct,adjective_agreement_0279,adjective_agreement,"masc noun, neut adj",-35.763614654541016,-40.62849426269531,6,6,1,14.49999988198033,11.749999881521944,1
Qwen/Qwen2.5-7B-Instruct,adjective_agreement_0280,adjective_agreement,"masc noun, femn adj",-47.09251403808594,-49.2776985168457,12,12,1,7.375000129803084,13.249999523258339,1
Qwen/Qwen2.5-7B-Instruct,adjective_agreement_0281,adjective_agreement,"femn noun, neut adj",-48.86958312988281,-48.509803771972656,16,16,0,-9.250000127241947,1.7500000596046448,0
Qwen/Qwen2.5-7B-Instruct,adjective_agreement_0282,adjective_agreement,"masc noun, femn adj",-41.055789947509766,-46.96055221557617,9,8,1,1.25,13.499999523672159,1
Qwen/Qwen2.5-7B-Instruct,adjective_agreement_0283,adjective_agreement,"masc noun, neut adj",-42.432308197021484,-43.96051025390625,12,12,1,9.249999658335582,13.375000000465661,1
Qwen/Qwen2.5-7B-Instruct,adjective_agreement_0284,adjective_agreement,"neut noun, femn adj",-38.123924255371094,-38.28052520751953,8,8,1,1.0000000298023224,-2.624999962747097,0
Qwen/Qwen2.5-7B-Instruct,adjective_agreement_0285,adjective_agreement,"femn noun, masc adj",-35.892337799072266,-41.86859130859375,6,6,1,15.312499528321496,14.374999642621333,1
Qwen/Qwen2.5-7B-Instruct,adjective_agreement_0286,adjective_agreement,"neut noun, femn adj",-49.23944091796875,-44.76459503173828,8,8,0,6.625000189640559,6.749999814899638,1
Qwen/Qwen2.5-7B-Instruct,adjective_agreement_0287,adjective_agreement,"neut noun, femn adj",-43.87059783935547,-42.213409423828125,14,14,0,4.999999787658453,10.625000240266672,1
Qwen/Qwen2.5-7B-Instruct,adjective_agreement_0288,adjective_agreement,"masc noun, neut adj",-39.15026092529297,-43.733543395996094,7,7,1,12.87500024176552,5.124999796971679,1
Qwen/Qwen2.5-7B-Instruct,adjective_agreement_0289,adjective_agreement,"neut noun, masc adj",-49.917598724365234,-46.7010498046875,15,15,0,-4.749999956227839,11.24999976239269,1
Qwen/Qwen2.5-7B-Instruct,adjective_agreement_0290,adjective_agreement,"neut noun, femn adj",-39.78215026855469,-45.86406707763672,8,8,1,-5.249999835155904,2.250000014901161,0
Qwen/Qwen2.5-7B-Instruct,adjective_agreement_0291,adjective_agreement,"femn noun, neut adj",-38.46127700805664,-47.291622161865234,14,15,1,-3.0,11.375000001375156,1
Qwen/Qwen2.5-7B-Instruct,adjective_agreement_0292,adjective_agreement,"femn noun, masc adj",-33.62834548950195,-38.451263427734375,7,7,1,14.687500363193976,13.37499964352537,1
Qwen/Qwen2.5-7B-Instruct,adjective_agreement_0293,adjective_agreement,"masc noun, femn adj",-46.71534729003906,-50.198402404785156,12,12,1,8.374999691703124,12.37499976187064,1
Qwen/Qwen2.5-7B-Instruct,adjective_agreement_0294,adjective_agreement,"femn noun, masc adj",-39.507728576660156,-43.75117492675781,6,6,1,14.125000362699211,13.875000000381988,1
Qwen/Qwen2.5-7B-Instruct,adjective_agreement_0295,adjective_agreement,"femn noun, neut adj",-34.55809020996094,-41.73412322998047,6,6,1,-1.5000000298023224,13.375000239455403,1
Qwen/Qwen2.5-7B-Instruct,adjective_agreement_0296,adjective_agreement,"neut noun, femn adj",-35.81475067138672,-35.72904586791992,7,7,0,7.624999823863618,12.749999523985025,1
Qwen/Qwen2.5-7B-Instruct,adjective_agreement_0297,adjective_agreement,"femn noun, masc adj",-43.94606018066406,-46.57466125488281,8,8,1,14.24999988363561,7.000000209663995,1
Qwen/Qwen2.5-7B-Instruct,adjective_agreement_0298,adjective_agreement,"femn noun, neut adj",-41.86722946166992,-44.31462097167969,7,7,1,-1.5000000447034836,-2.125000037252903,0
Qwen/Qwen2.5-7B-Instruct,adjective_agreement_0299,adjective_agreement,"neut noun, masc adj",-39.9959602355957,-37.41429901123047,6,6,0,9.500000177766196,2.4999999403953552,1
Qwen/Qwen2.5-7B-Instruct,calques_0000,calques,subtle: брати участь,-36.701995849609375,-35.50230026245117,11,13,0,-0.875,1.5,1
Qwen/Qwen2.5-7B-Instruct,calques_0001,calques,subtle: брати участь,-45.711021423339844,-43.97487258911133,14,15,0,-4.250000177882612,5.49999990966171,1
Qwen/Qwen2.5-7B-Instruct,calques_0002,calques,subtle: брати участь,-36.25774383544922,-46.072628021240234,17,15,1,-1.6249999701976776,5.749999857973307,1
Qwen/Qwen2.5-7B-Instruct,calques_0003,calques,subtle: брати участь,-38.174842834472656,-39.34379577636719,15,18,1,-3.5000000335276127,4.0000000316649675,1
Qwen/Qwen2.5-7B-Instruct,calques_0004,calques,subtle: вживати заходів,-55.33197021484375,-54.47272872924805,15,14,0,-11.624999645689968,-1.8749999850988388,0
Qwen/Qwen2.5-7B-Instruct,calques_0005,calques,subtle: вживати заходів,-55.76853942871094,-46.73247528076172,15,13,0,-3.6249998807907104,-10.249999646592187,0
Qwen/Qwen2.5-7B-Instruct,calques_0006,calques,subtle: вживати заходів,-53.11785888671875,-42.598968505859375,14,14,0,-13.12500000055661,-13.624999883497367,0
Qwen/Qwen2.5-7B-Instruct,calques_0007,calques,subtle: вживати заходів,-50.66050338745117,-41.55833053588867,14,13,0,-10.499999646002834,-6.374999957391992,0
Qwen/Qwen2.5-7B-Instruct,calques_0008,calques,subtle: протягом,-43.455535888671875,-47.57689666748047,18,17,1,-10.624999525360181,4.8750000754371285,0
Qwen/Qwen2.5-7B-Instruct,calques_0009,calques,subtle: протягом,-43.10143280029297,-47.98945617675781,14,14,1,3.250000026077032,-3.374999910593033,0
Qwen/Qwen2.5-7B-Instruct,calques_0010,calques,subtle: протягом,-50.897579193115234,-52.693603515625,14,13,1,-5.249999914783984,2.000000014901161,0
Qwen/Qwen2.5-7B-Instruct,calques_0011,calques,subtle: протягом,-42.77849197387695,-43.194175720214844,16,16,1,-6.2499997827690095,2.874999888241291,0
Qwen/Qwen2.5-7B-Instruct,calques_0012,calques,subtle: збігатися,-33.320613861083984,-36.9886474609375,12,13,1,-1.1250000298023224,8.999999665669748,1
Qwen/Qwen2.5-7B-Instruct,calques_0013,calques,subtle: збігатися,-41.530174255371094,-49.48030471801758,12,11,1,10.750000002488378,9.500000006439222,1
Qwen/Qwen2.5-7B-Instruct,calques_0014,calques,subtle: збігатися,-28.843387603759766,-33.83015060424805,10,11,1,-4.4999999944120646,9.62499966174073,1
Qwen/Qwen2.5-7B-Instruct,calques_0015,calques,subtle: збігатися,-25.48678970336914,-26.354684829711914,11,12,1,-2.999999977648258,6.625000195577741,1
Qwen/Qwen2.5-7B-Instruct,calques_0016,calques,subtle: стосуватися,-45.712806701660156,-47.48333740234375,12,13,1,-8.249999606632628,6.000000058207661,0
Qwen/Qwen2.5-7B-Instruct,calques_0017,calques,subtle: стосуватися,-33.419864654541016,-37.0982780456543,11,12,1,-11.124999526182364,10.249999528918124,0
Qwen/Qwen2.5-7B-Instruct,calques_0018,calques,subtle: стосуватися,-39.098297119140625,-38.479583740234375,11,12,0,-5.750000065891072,11.750000122330675,1
Qwen/Qwen2.5-7B-Instruct,calques_0019,calques,subtle: завдяки,-42.11928176879883,-53.0604248046875,14,14,1,0.6250000298023224,12.374999763575033,1
Qwen/Qwen2.5-7B-Instruct,calques_0020,calques,subtle: завдяки,-70.82483673095703,-65.81919860839844,15,15,0,-0.125,2.624999977648258,1
Qwen/Qwen2.5-7B-Instruct,calques_0021,calques,subtle: завдяки,-50.08760070800781,-55.56114959716797,11,12,1,13.249999881802069,12.62500035870471,1
Qwen/Qwen2.5-7B-Instruct,calques_0022,calques,subtle: завдяки,-46.29650115966797,-52.977691650390625,12,12,1,7.624999931140337,11.749999882900738,1
Qwen/Qwen2.5-7B-Instruct,calques_0023,calques,subtle: доводиться,-61.78900909423828,-52.95510482788086,15,15,0,-9.125000290281605,7.1250000660074875,0
Qwen/Qwen2.5-7B-Instruct,calques_0024,calques,subtle: доводиться,-40.73994445800781,-40.864418029785156,9,10,1,-0.875,4.375000211410224,1
Qwen/Qwen2.5-7B-Instruct,calques_0025,calques,subtle: доводиться,-40.13258743286133,-38.68180847167969,11,11,0,-5.624999839346856,6.250000006984919,1
Qwen/Qwen2.5-7B-Instruct,calques_0026,calques,subtle: доводиться,-49.224464416503906,-48.333648681640625,11,12,0,-5.875000066589564,7.499999957624823,1
Qwen/Qwen2.5-7B-Instruct,calques_0027,calques,subtle: наступний,-53.19519805908203,-56.23694610595703,11,14,1,0.75,9.500000126186933,1
Qwen/Qwen2.5-7B-Instruct,calques_0028,calques,subtle: наступний,-42.11505126953125,-44.002662658691406,18,20,1,-2.500000037252903,0.9999999701976776,0
Qwen/Qwen2.5-7B-Instruct,calques_0029,calques,subtle: наступний,-70.43687438964844,-70.03729248046875,13,16,0,-9.000000386644388,12.874999881718395,1
Qwen/Qwen2.5-7B-Instruct,calques_0030,calques,subtle: наступний,-41.38520431518555,-44.030250549316406,12,15,1,-1.3750000596046448,11.374999523459337,1
Qwen/Qwen2.5-7B-Instruct,calques_0031,calques,subtle: будь-який,-46.18690490722656,-51.947025299072266,11,8,1,-2.125000022351742,6.624999909079634,1
Qwen/Qwen2.5-7B-Instruct,calques_0032,calques,subtle: будь-який,-40.20623016357422,-41.802371978759766,18,15,1,-9.875000361040293,12.124999642848707,1
Qwen/Qwen2.5-7B-Instruct,calques_0033,calques,subtle: будь-який,-42.518592834472656,-35.04774856567383,10,7,0,-4.249999862164259,6.375000088475645,1
Qwen/Qwen2.5-7B-Instruct,calques_0034,calques,subtle: виняток,-42.07599639892578,-45.25208282470703,16,18,1,-4.125000009313226,9.624999888605089,1
Qwen/Qwen2.5-7B-Instruct,calques_0035,calques,subtle: виняток,-34.5633430480957,-32.407623291015625,12,10,0,-12.000000000381988,10.250000122185156,0
Qwen/Qwen2.5-7B-Instruct,calques_0036,calques,subtle: виняток,-57.2269401550293,-56.01069641113281,11,12,0,-11.499999643394403,12.875000000381988,1
Qwen/Qwen2.5-7B-Instruct,calques_0037,calques,subtle: щодо,-35.150054931640625,-52.25205993652344,16,18,1,15.812500360028935,9.24999965292227,1
Qwen/Qwen2.5-7B-Instruct,calques_0038,calques,subtle: щодо,-42.58730697631836,-47.01243209838867,14,15,1,13.875000362138962,12.125000245956471,1
Qwen/Qwen2.5-7B-Instruct,calques_0039,calques,subtle: щодо,-38.36579895019531,-54.40150451660156,13,15,1,13.749999765204848,12.625000363921572,1
Qwen/Qwen2.5-7B-Instruct,calques_0040,calques,subtle: вважати,-34.76435852050781,-36.853919982910156,15,13,1,12.25000023937173,6.2500002237502486,1
Qwen/Qwen2.5-7B-Instruct,calques_0041,calques,subtle: вважати,-42.988433837890625,-51.470619201660156,14,13,1,14.750000241532689,10.125000131127308,1
Qwen/Qwen2.5-7B-Instruct,calques_0042,calques,subtle: вважати,-45.801231384277344,-47.36028289794922,15,14,1,11.625000121006451,10.500000366359018,1
Qwen/Qwen2.5-7B-Instruct,calques_0043,calques,subtle: вважати,-35.921016693115234,-42.36058807373047,12,10,1,9.875000372790964,12.250000001324224,1
Qwen/Qwen2.5-7B-Instruct,calques_0044,calques,subtle: наводити приклад,-41.876609802246094,-41.1730842590332,10,10,0,-13.499999642579496,13.37499976187064,0
Qwen/Qwen2.5-7B-Instruct,calques_0045,calques,subtle: наводити приклад,-35.02046585083008,-33.251869201660156,13,13,0,-11.249999524614395,10.62499976473191,0
Qwen/Qwen2.5-7B-Instruct,calques_0046,calques,subtle: наводити приклад,-53.37022018432617,-60.9371337890625,14,14,1,-7.375000228465069,3.6249999459832907,0
Qwen/Qwen2.5-7B-Instruct,calques_0047,calques,subtle: укладати договір,-39.75883102416992,-38.10608673095703,11,11,0,-8.750000260974048,-8.375000049505616,0
Qwen/Qwen2.5-7B-Instruct,calques_0048,calques,subtle: укладати договір,-60.80253601074219,-65.59236907958984,11,11,1,-2.4999999403953552,-6.499999876949005,0
Qwen/Qwen2.5-7B-Instruct,calques_0049,calques,subtle: укладати договір,-40.1992301940918,-39.88692092895508,11,11,0,-13.625000358026227,-9.12500037054997,0
Qwen/Qwen2.5-7B-Instruct,calques_0050,calques,subtle: складати іспит,-49.526214599609375,-35.28445816040039,11,10,0,-11.000000001426088,5.24999981187284,0
Qwen/Qwen2.5-7B-Instruct,calques_0051,calques,subtle: складати іспит,-40.16511917114258,-39.830841064453125,12,12,0,-10.750000001324224,8.74999954350642,0
Qwen/Qwen2.5-7B-Instruct,calques_0052,calques,subtle: навчальний,-33.81633758544922,-40.854976654052734,9,8,1,13.000000000960426,13.750000119469405,1
Qwen/Qwen2.5-7B-Instruct,calques_0053,calques,subtle: навчальний,-32.11766815185547,-43.81840515136719,14,13,1,3.125000100582838,12.874999881012627,1
Qwen/Qwen2.5-7B-Instruct,calques_0054,calques,subtle: навчальний,-31.132396697998047,-35.97770309448242,13,12,1,-12.374999881802069,13.499999523559381,1
Qwen/Qwen2.5-7B-Instruct,calques_0055,calques,subtle: зіставляти,-41.015655517578125,-47.238155364990234,12,13,1,2.8750000782310963,6.374999981606379,1
Qwen/Qwen2.5-7B-Instruct,calques_0056,calques,subtle: зіставляти,-47.61993408203125,-43.37853240966797,13,14,0,2.0000000447034836,-7.624999807041604,0
Qwen/Qwen2.5-7B-Instruct,calques_0057,calques,subtle: зіставляти,-31.836898803710938,-44.24240493774414,14,16,1,-5.37500001071021,8.750000389962224,1
Qwen/Qwen2.5-7B-Instruct,calques_0058,calques,subtle: співпрацювати,-33.02301788330078,-40.49747848510742,14,15,1,10.499999645238859,-8.500000392174115,1
Qwen/Qwen2.5-7B-Instruct,calques_0059,calques,subtle: співпрацювати,-41.72611618041992,-42.68843078613281,13,14,1,6.374999800813384,-6.250000226777047,1
Qwen/Qwen2.5-7B-Instruct,calques_0060,calques,subtle: перепрошую,-57.534889221191406,-43.77333450317383,12,14,0,4.625000091269612,11.249999643816409,1
Qwen/Qwen2.5-7B-Instruct,calques_0061,calques,subtle: перепрошую,-55.50501251220703,-40.15024948120117,10,12,0,9.24999966136238,10.874999882380507,1
Qwen/Qwen2.5-7B-Instruct,calques_0062,calques,subtle: перепрошую,-55.61964416503906,-46.792823791503906,11,13,0,3.8750000540167093,3.750000024214387,1
Qwen/Qwen2.5-7B-Instruct,calques_0063,calques,subtle: захід,-35.17744445800781,-50.92170715332031,15,19,1,-11.999999643307092,1.6249999701976776,0
Qwen/Qwen2.5-7B-Instruct,calques_0064,calques,subtle: захід,-44.63331604003906,-60.939701080322266,16,20,1,2.125,3.2500000409781933,1
Qwen/Qwen2.5-7B-Instruct,calques_0065,calques,subtle: висновок,-38.216434478759766,-40.157676696777344,13,13,1,-2.9999999441206455,2.1249999403953552,0
Qwen/Qwen2.5-7B-Instruct,calques_0066,calques,subtle: висновок,-26.774581909179688,-30.467538833618164,12,12,1,-8.250000065308996,4.125000057742,0
Qwen/Qwen2.5-7B-Instruct,calques_0067,calques,subtle: бути,-28.167259216308594,-33.48023986816406,7,8,1,9.749999527753971,-1.7499999552965164,1
Qwen/Qwen2.5-7B-Instruct,calques_0068,calques,subtle: бути,-24.975732803344727,-32.113250732421875,12,13,1,4.499999810941517,6.499999973690137,1
Qwen/Qwen2.5-7B-Instruct,calques_0069,calques,subtle: бути,-35.626441955566406,-38.3609504699707,9,10,1,-0.5,7.74999976385152,1
Qwen/Qwen2.5-7B-Instruct,calques_0070,calques,subtle: становити,-53.186302185058594,-47.13124084472656,13,15,0,-6.125000135274604,5.750000026077032,0
Qwen/Qwen2.5-7B-Instruct,calques_0071,calques,subtle: становити,-48.96818542480469,-40.12285614013672,16,18,0,-10.874999644889613,6.2500000218860805,0
Qwen/Qwen2.5-7B-Instruct,calques_0072,calques,subtle: становити,-32.89421844482422,-35.266876220703125,17,19,1,0.875,0.375,1
Qwen/Qwen2.5-7B-Instruct,calques_0073,calques,subtle: ймовірно,-53.32585906982422,-50.393043518066406,14,14,0,-5.250000046100467,10.25000012338569,1
Qwen/Qwen2.5-7B-Instruct,calques_0074,calques,subtle: ймовірно,-34.24645233154297,-34.64509582519531,14,13,1,-3.375000063329935,-3.9999998211860657,0
Qwen/Qwen2.5-7B-Instruct,calques_0075,calques,subtle: ймовірно,-56.027587890625,-61.47169876098633,16,16,1,-4.1249998062849045,6.6249999741557986,1
Qwen/Qwen2.5-7B-Instruct,calques_0076,calques,subtle: брати до уваги,-45.20347213745117,-38.82063293457031,11,12,0,7.3749998969142325,2.250000052154064,1
Qwen/Qwen2.5-7B-Instruct,calques_0077,calques,subtle: брати до уваги,-46.70079040527344,-45.448211669921875,16,19,0,-3.249999947845936,3.375,1
Qwen/Qwen2.5-7B-Instruct,calques_0078,calques,subtle: порушити питання,-51.194908142089844,-39.49213409423828,12,14,0,-11.249999655265128,-16.437500240761437,0
Qwen/Qwen2.5-7B-Instruct,calques_0079,calques,subtle: порушити питання,-50.14501190185547,-45.17560577392578,16,16,0,-13.499999761826984,-15.437499883155397,0
Qwen/Qwen2.5-7B-Instruct,calques_0080,calques,subtle: оцінка,-34.45463943481445,-41.81296157836914,14,16,1,11.999999525825842,4.875000067986548,1
Qwen/Qwen2.5-7B-Instruct,calques_0081,calques,subtle: оцінка,-45.73444747924805,-55.86798858642578,13,15,1,-2.8750000558793545,12.875000001229637,1
Qwen/Qwen2.5-7B-Instruct,calques_0082,calques,subtle: бо (так як),-33.452091217041016,-38.44647979736328,15,17,1,0.375,6.999999909894541,1
Qwen/Qwen2.5-7B-Instruct,calques_0083,calques,subtle: бо (так як),-60.63346862792969,-67.62593078613281,17,19,1,-8.374999813589966,11.624999762640073,1
Qwen/Qwen2.5-7B-Instruct,calques_0084,calques,subtle: досі,-27.137081146240234,-36.308441162109375,11,14,1,-4.499999797903001,10.750000360509148,1
Qwen/Qwen2.5-7B-Instruct,calques_0085,calques,subtle: досі,-37.407989501953125,-51.216331481933594,13,16,1,-7.62500004778849,10.249999889347237,1
Qwen/Qwen2.5-7B-Instruct,calques_0086,calques,subtle: незважаючи,-48.82804870605469,-63.539100646972656,20,19,1,8.374999805906555,7.875000227853889,1
Qwen/Qwen2.5-7B-Instruct,calques_0087,calques,subtle: незважаючи,-40.876277923583984,-44.242210388183594,20,19,1,12.624999764295353,8.375000052241376,1
Qwen/Qwen2.5-7B-Instruct,calques_0088,calques,subtle: зрештою,-46.483154296875,-47.56473922729492,10,18,1,3.000000052154064,3.1250001154839993,1
Qwen/Qwen2.5-7B-Instruct,calques_0089,calques,subtle: принаймні,-52.96824645996094,-49.90810012817383,12,15,0,2.8750000558793545,2.374999962747097,1
Qwen/Qwen2.5-7B-Instruct,calques_0090,calques,overt: отримувати,-29.41158676147461,-33.33738327026367,7,5,1,-3.2499999701976776,12.624999524719897,1
Qwen/Qwen2.5-7B-Instruct,calques_0091,calques,overt: отримувати,-32.645469665527344,-35.3256950378418,10,7,1,-5.374999905470759,4.124999940395355,0
Qwen/Qwen2.5-7B-Instruct,calques_0092,calques,overt: отримувати,-31.488311767578125,-29.97645378112793,13,11,0,-7.750000119616743,13.250000119469405,1
Qwen/Qwen2.5-7B-Instruct,calques_0093,calques,overt: визначити,-39.40220642089844,-40.3971061706543,10,10,1,-7.749999994965037,9.749999528321496,1
Qwen/Qwen2.5-7B-Instruct,calques_0094,calques,overt: визначити,-35.48263168334961,-39.714176177978516,12,12,1,1.9999999552965164,2.249999910593033,1
Qwen/Qwen2.5-7B-Instruct,calques_0095,calques,overt: подобатися,-30.57402801513672,-36.45912170410156,13,11,1,-0.9999999701976776,5.374999883119017,1
Qwen/Qwen2.5-7B-Instruct,calques_0096,calques,overt: подобатися,-27.869789123535156,-28.657039642333984,10,8,1,-12.25000000088039,12.124999643008778,0
Qwen/Qwen2.5-7B-Instruct,calques_0097,calques,overt: їсти,-30.890892028808594,-38.07257843017578,10,11,1,11.749999763698725,11.124999882435077,1
Qwen/Qwen2.5-7B-Instruct,calques_0098,calques,overt: їсти,-36.18058776855469,-43.17414093017578,9,10,1,8.874999796535121,2.375000022351742,1
Qwen/Qwen2.5-7B-Instruct,calques_0099,calques,overt: взагалі,-39.927391052246094,-19.839088439941406,7,4,0,-2.5,5.250000009778887,1
Qwen/Qwen2.5-7B-Instruct,calques_0100,calques,overt: взагалі,-29.908166885375977,-39.09168243408203,12,9,1,10.000000254440238,10.87499959001434,1
Qwen/Qwen2.5-7B-Instruct,calques_0101,calques,overt: звичайно,-31.497589111328125,-42.7059326171875,11,11,1,-0.25,0.7499999701976776,1
Qwen/Qwen2.5-7B-Instruct,calques_0102,calques,overt: дуже,-19.58163833618164,-26.107860565185547,10,8,1,14.250000244828698,14.124999524025043,1
Qwen/Qwen2.5-7B-Instruct,calques_0103,calques,overt: бувай,-33.77766799926758,-41.17424011230469,11,10,1,-4.000000210478902,4.749999796971679,1
Qwen/Qwen2.5-7B-Instruct,calques_0104,calques,overt: здаватися,-40.06432342529297,-46.426063537597656,14,13,1,-1.6250000149011612,8.874999780920916,1
Qwen/Qwen2.5-7B-Instruct,calques_0105,calques,overt: заважати,-42.32653045654297,-40.719635009765625,12,13,0,-3.4999999795109034,11.249999882966222,1
Qwen/Qwen2.5-7B-Instruct,calques_0106,calques,overt: заважати,-33.46350860595703,-36.709686279296875,9,9,1,5.500000004656613,11.37500000197906,1
Qwen/Qwen2.5-7B-Instruct,calques_0107,calques,overt: виходити,-28.82437515258789,-36.27546310424805,7,7,1,-0.7500000298023224,7.624999872408807,1
Qwen/Qwen2.5-7B-Instruct,calques_0108,calques,overt: виходити,-32.01422882080078,-47.853675842285156,8,8,1,4.874999890103936,8.625000034371624,1
Qwen/Qwen2.5-7B-Instruct,calques_0109,calques,overt: вистачати,-27.519577026367188,-33.87458801269531,11,10,1,-3.124999936670065,3.8749999068677425,1
Qwen/Qwen2.5-7B-Instruct,calques_0110,calques,overt: вистачати,-55.098838806152344,-50.95906448364258,11,10,0,-10.749999765204848,1.8750000447034836,0
Qwen/Qwen2.5-7B-Instruct,calques_0111,calques,overt: зараз,-37.342018127441406,-35.885337829589844,6,5,0,-7.999999864259735,7.50000011845259,0
Qwen/Qwen2.5-7B-Instruct,calques_0112,calques,overt: гаразд,-33.39662170410156,-35.256248474121094,9,8,1,-6.87499980290886,0.625,0
Qwen/Qwen2.5-7B-Instruct,calques_0113,calques,overt: колишній,-42.15424728393555,-47.84170913696289,14,12,1,-5.249999941326678,5.374999773688614,1
Qwen/Qwen2.5-7B-Instruct,calques_0114,calques,subtle: стосуватися,-40.621849060058594,-48.22118377685547,14,15,1,2.000000074505806,4.375000132247806,1
Qwen/Qwen2.5-7B-Instruct,calques_0115,calques,subtle: будь-який,-32.16645812988281,-33.49703598022461,16,13,1,2.5000000968575478,7.125000144354999,1
Qwen/Qwen2.5-7B-Instruct,calques_0116,calques,subtle: виняток,-50.680335998535156,-48.62257766723633,12,10,0,-11.750000000727596,9.499999651336111,0
Qwen/Qwen2.5-7B-Instruct,calques_0117,calques,subtle: щодо,-29.838199615478516,-39.507972717285156,20,21,1,12.874999763516826,-2.4999999552965164,1
Qwen/Qwen2.5-7B-Instruct,calques_0118,calques,subtle: наводити приклад,-35.285945892333984,-29.104652404785156,8,8,0,-10.874999881452823,4.874999797903001,0
Qwen/Qwen2.5-7B-Instruct,calques_0119,calques,subtle: укладати договір,-52.19618225097656,-58.62963104248047,15,15,1,-11.250000239637302,-13.49999976340041,0
Qwen/Qwen2.5-7B-Instruct,calques_0120,calques,subtle: складати іспит,-50.41132354736328,-41.56794738769531,18,17,0,-11.875000121828634,9.124999543695594,0
Qwen/Qwen2.5-7B-Instruct,calques_0121,calques,subtle: складати іспит,-50.69011688232422,-44.543296813964844,16,16,0,-10.999999763698725,-5.375000223517418,0
Qwen/Qwen2.5-7B-Instruct,calques_0122,calques,subtle: навчальний,-36.065635681152344,-41.02706527709961,10,10,1,5.250000054948032,8.749999803956598,1
Qwen/Qwen2.5-7B-Instruct,calques_0123,calques,subtle: зіставляти,-40.97542190551758,-57.96952819824219,12,14,1,6.749999932129867,-3.9999999403953552,1
Qwen/Qwen2.5-7B-Instruct,calques_0124,calques,subtle: співпрацювати,-38.612701416015625,-44.69878387451172,20,21,1,9.749999765968823,10.499999525294697,1
Qwen/Qwen2.5-7B-Instruct,calques_0125,calques,subtle: співпрацювати,-29.713207244873047,-39.70940399169922,16,16,1,3.375000111758709,-3.749999936670065,0
Qwen/Qwen2.5-7B-Instruct,calques_0126,calques,subtle: перепрошую,-62.668190002441406,-57.882591247558594,9,11,0,0.375,11.249999644889613,1
Qwen/Qwen2.5-7B-Instruct,calques_0127,calques,subtle: захід,-41.644744873046875,-55.98008728027344,12,16,1,3.750000111758709,1.125,1
Qwen/Qwen2.5-7B-Instruct,calques_0128,calques,subtle: захід,-42.49959945678711,-57.70616149902344,11,15,1,-13.250000239542715,-13.375000002910383,0
Qwen/Qwen2.5-7B-Instruct,calques_0129,calques,subtle: висновок,-41.83109664916992,-44.56314468383789,14,14,1,6.000000031897798,12.875000239138899,1
Qwen/Qwen2.5-7B-Instruct,calques_0130,calques,subtle: висновок,-56.76445770263672,-55.58498001098633,11,11,0,0.6249999403953552,8.625000346975867,1
Qwen/Qwen2.5-7B-Instruct,calques_0131,calques,subtle: бути,-33.31564712524414,-42.04318618774414,12,13,1,10.874999524774466,3.1249999813735485,1
Qwen/Qwen2.5-7B-Instruct,calques_0132,calques,subtle: становити,-39.29235076904297,-38.36333084106445,9,11,0,-6.375000051106326,2.624999985098839,0
Qwen/Qwen2.5-7B-Instruct,calques_0133,calques,subtle: ймовірно,-44.76005172729492,-49.504974365234375,13,13,1,4.625000232830644,-1.0,1
Qwen/Qwen2.5-7B-Instruct,calques_0134,calques,subtle: брати до уваги,-43.86308288574219,-43.763893127441406,13,14,0,3.999999836087227,6.249999844236299,1
Qwen/Qwen2.5-7B-Instruct,calques_0135,calques,subtle: брати до уваги,-47.43380355834961,-45.812286376953125,13,14,0,-8.75000001693843,6.74999991687946,0
Qwen/Qwen2.5-7B-Instruct,calques_0136,calques,subtle: порушити питання,-47.61613845825195,-40.3971061706543,15,16,0,-12.749999523908627,-16.812500717438525,0
Qwen/Qwen2.5-7B-Instruct,calques_0137,calques,subtle: порушити питання,-53.47279357910156,-46.626731872558594,11,12,0,-12.875000359708793,-14.874999883497367,0
Qwen/Qwen2.5-7B-Instruct,calques_0138,calques,subtle: оцінка,-44.82156753540039,-54.54521942138672,13,15,1,5.4999998696148396,10.375000121559424,1
Qwen/Qwen2.5-7B-Instruct,calques_0139,calques,subtle: оцінка,-37.47465515136719,-42.93526077270508,12,14,1,5.875000027008355,5.999999932711944,1
Qwen/Qwen2.5-7B-Instruct,calques_0140,calques,subtle: бо (так як),-42.11853790283203,-49.510955810546875,15,17,1,0.0,9.500000006220944,1
Qwen/Qwen2.5-7B-Instruct,calques_0141,calques,subtle: бо (так як),-64.09619903564453,-73.39761352539062,13,15,1,-10.1250003612804,12.625000119491233,1
Qwen/Qwen2.5-7B-Instruct,calques_0142,calques,subtle: досі,-40.840492248535156,-50.294944763183594,10,13,1,-2.874999985098839,7.374999828403816,1
Qwen/Qwen2.5-7B-Instruct,calques_0143,calques,subtle: досі,-33.31467056274414,-50.663795471191406,16,19,1,-4.375000164844096,10.999999645384378,1
Qwen/Qwen2.5-7B-Instruct,calques_0144,calques,subtle: незважаючи,-60.527286529541016,-64.50139617919922,21,20,1,4.000000204890966,6.375000086729415,1
Qwen/Qwen2.5-7B-Instruct,calques_0145,calques,subtle: незважаючи,-51.65686798095703,-53.45002746582031,16,15,1,7.500000231084414,11.375000239935616,1
Qwen/Qwen2.5-7B-Instruct,calques_0146,calques,subtle: зрештою,-46.668296813964844,-49.12969970703125,13,21,1,7.12499989499338,12.749999881485564,1
Qwen/Qwen2.5-7B-Instruct,calques_0147,calques,subtle: зрештою,-35.09122085571289,-45.02192306518555,12,20,1,7.000000232306775,11.875000238935172,1
Qwen/Qwen2.5-7B-Instruct,calques_0148,calques,subtle: зрештою,-42.50242614746094,-50.29521179199219,16,24,1,-1.8749999105930328,8.250000418745913,1
Qwen/Qwen2.5-7B-Instruct,calques_0149,calques,subtle: принаймні,-49.76576232910156,-57.72454833984375,10,14,1,-2.249999985098839,11.375000001324224,1
Qwen/Qwen2.5-7B-Instruct,calques_0150,calques,subtle: принаймні,-58.07557678222656,-53.096961975097656,11,14,0,-3.375000111758709,6.2499998062849045,1
Qwen/Qwen2.5-7B-Instruct,calques_0151,calques,subtle: принаймні,-45.63516616821289,-48.17824172973633,12,16,1,1.6249999403953552,8.124999979976565,1
Qwen/Qwen2.5-7B-Instruct,calques_0152,calques,overt: отримувати,-33.838871002197266,-41.86035919189453,12,8,1,13.500000003936293,14.375000359410478,1
Qwen/Qwen2.5-7B-Instruct,calques_0153,calques,overt: визначити,-34.54323196411133,-38.481204986572266,10,10,1,-4.375000198371708,6.875000140396878,1
Qwen/Qwen2.5-7B-Instruct,calques_0154,calques,overt: визначити,-37.60179901123047,-46.3292121887207,11,12,1,-9.999999645609932,7.625000046682544,0
Qwen/Qwen2.5-7B-Instruct,calques_0155,calques,overt: подобатися,-26.145477294921875,-33.16253662109375,14,12,1,-6.0000001199077815,6.37499981012661,1
Qwen/Qwen2.5-7B-Instruct,calques_0156,calques,overt: подобатися,-40.09303283691406,-41.096527099609375,15,13,1,-9.749999646592187,4.875000155996531,0
Qwen/Qwen2.5-7B-Instruct,calques_0157,calques,overt: їсти,-29.10204315185547,-38.46726989746094,6,7,1,13.2499995304388,-6.874999984866008,1
Qwen/Qwen2.5-7B-Instruct,calques_0158,calques,overt: їсти,-37.213653564453125,-35.58866500854492,9,10,0,-3.6250000409781933,12.874999642819603,1
Qwen/Qwen2.5-7B-Instruct,calques_0159,calques,overt: взагалі,-28.342817306518555,-34.0467414855957,10,7,1,5.375000189989805,11.000000383297447,1
Qwen/Qwen2.5-7B-Instruct,calques_0160,calques,overt: взагалі,-40.30839920043945,-37.24251937866211,13,10,0,4.375000152736902,11.37499977198604,1
Qwen/Qwen2.5-7B-Instruct,calques_0161,calques,overt: звичайно,-36.94154357910156,-48.64291000366211,9,9,1,-4.125000195577741,0.125,0
Qwen/Qwen2.5-7B-Instruct,calques_0162,calques,overt: звичайно,-31.83339500427246,-57.2298698425293,12,11,1,-10.24999988363561,7.500000073225237,0
Qwen/Qwen2.5-7B-Instruct,calques_0163,calques,overt: звичайно,-32.242435455322266,-44.27694320678711,13,13,1,-0.6249999701976776,-2.4999998956918716,0
Qwen/Qwen2.5-7B-Instruct,calques_0164,calques,overt: дуже,-32.8085823059082,-40.54493713378906,9,7,1,12.375000010506483,14.250000000181899,1
Qwen/Qwen2.5-7B-Instruct,calques_0165,calques,overt: дуже,-32.22514343261719,-42.19987487792969,9,7,1,6.000000169035047,11.999999882027623,1
Qwen/Qwen2.5-7B-Instruct,calques_0166,calques,overt: дуже,-22.28473663330078,-22.941930770874023,7,7,1,7.5000002275337465,11.249999765044777,1
Qwen/Qwen2.5-7B-Instruct,calques_0167,calques,overt: бувай,-29.59760856628418,-36.09670639038086,11,10,1,-3.500000076368451,4.875000041443855,1
Qwen/Qwen2.5-7B-Instruct,calques_0168,calques,overt: бувай,-25.561893463134766,-21.520198822021484,6,4,0,5.375000034458935,12.124999644438503,1
Qwen/Qwen2.5-7B-Instruct,calques_0169,calques,overt: бувай,-36.517967224121094,-41.598426818847656,7,6,1,0.7500000596046448,2.7499998956918716,1
Qwen/Qwen2.5-7B-Instruct,calques_0170,calques,overt: здаватися,-34.535736083984375,-42.08031463623047,11,10,1,-3.9999999925494194,10.87499952437065,1
Qwen/Qwen2.5-7B-Instruct,calques_0171,calques,overt: здаватися,-34.800167083740234,-43.26493835449219,11,11,1,8.749999561259756,1.9999999552965164,1
Qwen/Qwen2.5-7B-Instruct,calques_0172,calques,overt: здаватися,-47.03244400024414,-46.62425231933594,17,17,0,-11.000000003135938,7.500000199186616,0
Qwen/Qwen2.5-7B-Instruct,calques_0173,calques,overt: заважати,-43.502891540527344,-51.98149871826172,13,13,1,-0.7500000596046448,4.874999913387001,1
Qwen/Qwen2.5-7B-Instruct,calques_0174,calques,overt: заважати,-26.79796600341797,-35.27407455444336,9,9,1,-13.000000358304533,13.875000358533725,1
Qwen/Qwen2.5-7B-Instruct,calques_0175,calques,overt: виходити,-24.670448303222656,-28.892213821411133,8,8,1,-6.499999927938916,6.625000085798092,1
Qwen/Qwen2.5-7B-Instruct,calques_0176,calques,overt: виходити,-49.79682159423828,-53.74964141845703,9,8,1,-0.6250000596046448,0.8749999403953552,1
Qwen/Qwen2.5-7B-Instruct,calques_0177,calques,overt: вистачати,-36.04954528808594,-36.42372512817383,8,7,1,-6.000000005122274,9.375000012674718,1
Qwen/Qwen2.5-7B-Instruct,calques_0178,calques,overt: вистачати,-37.04266357421875,-26.737199783325195,7,6,0,-13.87499964264316,11.250000144296791,0
Qwen/Qwen2.5-7B-Instruct,calques_0179,calques,overt: зараз,-28.84941864013672,-33.15180206298828,10,9,1,-11.125000358839316,11.875000120209734,1
Qwen/Qwen2.5-7B-Instruct,calques_0180,calques,overt: зараз,-35.13556671142578,-32.07792663574219,6,6,0,-5.624999976716936,4.374999841675162,0
Qwen/Qwen2.5-7B-Instruct,calques_0181,calques,overt: зараз,-34.01374435424805,-34.993377685546875,9,8,1,-10.999999765881512,0.7500000298023224,0
Qwen/Qwen2.5-7B-Instruct,calques_0182,calques,overt: гаразд,-41.75937271118164,-37.77484130859375,8,7,0,-10.75000000174623,0.0,0
Qwen/Qwen2.5-7B-Instruct,calques_0183,calques,overt: гаразд,-45.53292465209961,-29.336427688598633,9,8,0,-13.499999881521944,1.3750000149011612,0
Qwen/Qwen2.5-7B-Instruct,calques_0184,calques,overt: гаразд,-31.774511337280273,-24.03524398803711,9,8,0,-12.000000000763976,3.874999949708581,0
Qwen/Qwen2.5-7B-Instruct,calques_0185,calques,overt: колишній,-39.62591552734375,-38.710304260253906,13,11,0,4.2500000689178705,13.24999976217805,1
Qwen/Qwen2.5-7B-Instruct,calques_0186,calques,overt: колишній,-41.072906494140625,-48.408790588378906,16,13,1,-1.875,-7.750000236701453,0
Qwen/Qwen2.5-7B-Instruct,calques_0187,calques,overt: колишній,-37.96725845336914,-46.803077697753906,13,13,1,-4.374999810941517,12.375000238720531,1
Qwen/Qwen2.5-7B-Instruct,control_subject_verb_0000,control_subject_verb,past-tense gender,-49.416629791259766,-53.262603759765625,18,18,1,15.31249952505459,10.125000246189302,1
Qwen/Qwen2.5-7B-Instruct,control_subject_verb_0001,control_subject_verb,past-tense gender,-40.78467559814453,-44.38283157348633,13,13,1,16.187499050261977,10.500000131723937,1
Qwen/Qwen2.5-7B-Instruct,control_subject_verb_0002,control_subject_verb,past-tense gender,-46.69545364379883,-53.04718017578125,10,10,1,14.625000005500624,12.87499988198033,1
Qwen/Qwen2.5-7B-Instruct,control_subject_verb_0003,control_subject_verb,past-tense gender,-39.158905029296875,-45.524147033691406,9,10,1,16.875000838073902,14.624999523413862,1
Qwen/Qwen2.5-7B-Instruct,control_subject_verb_0004,control_subject_verb,past-tense gender,-43.438262939453125,-44.769351959228516,12,13,1,5.249999966472387,5.99999987334013,1
Qwen/Qwen2.5-7B-Instruct,control_subject_verb_0005,control_subject_verb,past-tense gender,-53.805450439453125,-55.369407653808594,15,16,1,13.62499952881626,5.874999995809048,1
Qwen/Qwen2.5-7B-Instruct,control_subject_verb_0006,control_subject_verb,past-tense gender,-38.353694915771484,-49.087486267089844,11,11,1,15.875000123836799,11.499999763458618,1
Qwen/Qwen2.5-7B-Instruct,control_subject_verb_0007,control_subject_verb,past-tense gender,-49.29538345336914,-54.98431396484375,14,13,1,15.99999952705548,13.625000358493708,1
Qwen/Qwen2.5-7B-Instruct,control_subject_verb_0008,control_subject_verb,past-tense gender,-42.64313888549805,-48.24092483520508,14,13,1,13.37499976624531,10.37500000169166,1
Qwen/Qwen2.5-7B-Instruct,control_subject_verb_0009,control_subject_verb,past-tense gender,-46.416664123535156,-58.215965270996094,17,17,1,13.87499964352537,7.5000001168227755,1
Qwen/Qwen2.5-7B-Instruct,control_subject_verb_0010,control_subject_verb,past-tense gender,-47.489654541015625,-54.400936126708984,17,17,1,15.437500240695954,7.624999962223228,1
Qwen/Qwen2.5-7B-Instruct,control_subject_verb_0011,control_subject_verb,past-tense gender,-36.9630012512207,-43.628116607666016,12,13,1,14.374999525425665,3.874999912455678,1
Qwen/Qwen2.5-7B-Instruct,control_subject_verb_0012,control_subject_verb,past-tense gender,-36.311744689941406,-45.13033676147461,11,11,1,15.249999525891326,2.625000014901161,1
Qwen/Qwen2.5-7B-Instruct,control_subject_verb_0013,control_subject_verb,past-tense gender,-44.00942611694336,-50.39466094970703,11,11,1,10.374999526720785,-1.8750000447034836,1
Qwen/Qwen2.5-7B-Instruct,control_subject_verb_0014,control_subject_verb,past-tense gender,-45.06195068359375,-51.822994232177734,13,12,1,15.87500012313103,13.75000023910252,1
Qwen/Qwen2.5-7B-Instruct,control_subject_verb_0015,control_subject_verb,past-tense gender,-43.85386657714844,-49.127220153808594,18,17,1,16.75000059823651,10.374999887906597,1
Qwen/Qwen2.5-7B-Instruct,control_subject_verb_0016,control_subject_verb,past-tense gender,-45.035823822021484,-45.10263442993164,14,14,1,15.562500002102752,6.8749998301500455,1
Qwen/Qwen2.5-7B-Instruct,control_subject_verb_0017,control_subject_verb,past-tense gender,-48.815189361572266,-54.91226577758789,11,11,1,-4.250000094994903,-2.0000000298023224,0
Qwen/Qwen2.5-7B-Instruct,control_subject_verb_0018,control_subject_verb,past-tense gender,-42.54148864746094,-46.33563232421875,13,13,1,15.312499886509613,8.375000402360456,1
Qwen/Qwen2.5-7B-Instruct,control_subject_verb_0019,control_subject_verb,past-tense gender,-50.9176025390625,-55.55888366699219,14,13,1,11.999999887571903,12.000000240208465,1
Qwen/Qwen2.5-7B-Instruct,control_subject_verb_0020,control_subject_verb,past-tense gender,-39.60500717163086,-44.35063171386719,14,13,1,13.874999765204848,10.250000360094418,1
Qwen/Qwen2.5-7B-Instruct,control_subject_verb_0021,control_subject_verb,past-tense gender,-38.179161071777344,-42.114009857177734,17,18,1,15.062499643718184,-1.4999999850988388,1
Qwen/Qwen2.5-7B-Instruct,control_subject_verb_0022,control_subject_verb,past-tense gender,-48.905799865722656,-62.498085021972656,16,16,1,13.374999643667252,-7.625000053085387,1
Qwen/Qwen2.5-7B-Instruct,control_subject_verb_0023,control_subject_verb,past-tense gender,-40.643653869628906,-49.677513122558594,11,11,1,15.437500359297701,10.875000002168235,1
Qwen/Qwen2.5-7B-Instruct,control_subject_verb_0024,control_subject_verb,past-tense gender,-44.399932861328125,-47.727657318115234,11,11,1,14.749999762920197,6.2500001166481525,1
Qwen/Qwen2.5-7B-Instruct,control_subject_verb_0025,control_subject_verb,past-tense gender,-45.72801971435547,-50.519203186035156,18,19,1,15.187499643718184,9.375000256564817,1
Qwen/Qwen2.5-7B-Instruct,control_subject_verb_0026,control_subject_verb,past-tense gender,-52.050621032714844,-56.8211784362793,17,17,1,13.12500000163709,11.374999881598342,1
Qwen/Qwen2.5-7B-Instruct,control_subject_verb_0027,control_subject_verb,past-tense gender,-34.47071838378906,-48.25071334838867,12,12,1,14.500000121966877,13.124999881012627,1
Qwen/Qwen2.5-7B-Instruct,control_subject_verb_0028,control_subject_verb,past-tense gender,-50.39402770996094,-55.429100036621094,12,11,1,15.562500239986548,13.500000239211658,1
Qwen/Qwen2.5-7B-Instruct,control_subject_verb_0029,control_subject_verb,past-tense gender,-44.443050384521484,-49.81978225708008,15,15,1,15.500000002488378,5.250000152736902,1
Qwen/Qwen2.5-7B-Instruct,control_subject_verb_0030,control_subject_verb,past-tense gender,-41.244964599609375,-45.95138168334961,21,20,1,16.93749940635462,9.250000131723937,1
Qwen/Qwen2.5-7B-Instruct,control_subject_verb_0031,control_subject_verb,past-tense gender,-36.775291442871094,-42.47038269042969,10,9,1,6.000000231200829,11.750000359035766,1
Qwen/Qwen2.5-7B-Instruct,control_subject_verb_0032,control_subject_verb,past-tense gender,-58.83837890625,-65.07980346679688,18,18,1,12.62499964408562,6.624999835854396,1
Qwen/Qwen2.5-7B-Instruct,control_subject_verb_0033,control_subject_verb,past-tense gender,-42.15286636352539,-45.459434509277344,11,11,1,16.374999287858373,12.874999644198397,1
Qwen/Qwen2.5-7B-Instruct,control_subject_verb_0034,control_subject_verb,past-tense gender,-40.23447799682617,-46.9139404296875,13,13,1,14.500000360734703,11.124999649749952,1
Qwen/Qwen2.5-7B-Instruct,control_subject_verb_0035,control_subject_verb,past-tense gender,-40.489681243896484,-44.62239456176758,19,18,1,16.062500121428457,9.500000372136128,1
Qwen/Qwen2.5-7B-Instruct,control_subject_verb_0036,control_subject_verb,past-tense gender,-42.668739318847656,-45.15788650512695,16,17,1,15.499999764295353,10.249999885912985,1
Qwen/Qwen2.5-7B-Instruct,control_subject_verb_0037,control_subject_verb,past-tense gender,-33.38176727294922,-42.14059066772461,12,11,1,14.812500122563506,11.62499976239269,1
Qwen/Qwen2.5-7B-Instruct,control_subject_verb_0038,control_subject_verb,past-tense gender,-36.55302429199219,-42.27352523803711,16,17,1,14.687499881634722,6.874999789521098,1
Qwen/Qwen2.5-7B-Instruct,control_subject_verb_0039,control_subject_verb,past-tense gender,-42.13694763183594,-46.30104446411133,18,17,1,16.187499763953383,10.750000244406692,1
Qwen/Qwen2.5-7B-Instruct,control_subject_verb_0040,control_subject_verb,past-tense gender,-43.095298767089844,-53.7140007019043,11,12,1,14.624999763018423,9.625000056345016,1
Qwen/Qwen2.5-7B-Instruct,control_subject_verb_0041,control_subject_verb,past-tense gender,-42.366737365722656,-50.53667449951172,10,9,1,13.374999524719897,13.500000119700417,1
Qwen/Qwen2.5-7B-Instruct,control_subject_verb_0042,control_subject_verb,past-tense gender,-40.8658447265625,-46.553497314453125,12,13,1,11.000000361527782,1.2500000298023224,1
Qwen/Qwen2.5-7B-Instruct,control_subject_verb_0043,control_subject_verb,past-tense gender,-44.60422134399414,-50.48426818847656,17,17,1,9.250000135085429,5.624999896157533,1
Qwen/Qwen2.5-7B-Instruct,control_subject_verb_0044,control_subject_verb,past-tense gender,-38.930702209472656,-47.153263092041016,10,9,1,13.125000120784534,11.375000240826921,1
Qwen/Qwen2.5-7B-Instruct,control_subject_verb_0045,control_subject_verb,past-tense gender,-49.217247009277344,-51.330780029296875,11,11,1,15.437500121304765,-4.750000091269612,1
Qwen/Qwen2.5-7B-Instruct,control_subject_verb_0046,control_subject_verb,past-tense gender,-42.291969299316406,-52.8181037902832,16,15,1,13.000000240095687,3.0000000409781933,1
Qwen/Qwen2.5-7B-Instruct,control_subject_verb_0047,control_subject_verb,past-tense gender,-52.434417724609375,-59.84436798095703,16,16,1,12.874999524719897,-4.624999979510903,1
Qwen/Qwen2.5-7B-Instruct,control_subject_verb_0048,control_subject_verb,past-tense gender,-41.32438659667969,-48.99918746948242,11,11,1,13.624999644816853,6.62500015180558,1
Qwen/Qwen2.5-7B-Instruct,control_subject_verb_0049,control_subject_verb,past-tense gender,-39.729034423828125,-44.475162506103516,10,11,1,16.812500121559424,13.37500035811172,1
Qwen/Qwen2.5-7B-Instruct,control_subject_verb_0050,control_subject_verb,past-tense gender,-47.597923278808594,-52.01837158203125,12,12,1,13.499999525556632,12.500000358000761,1
Qwen/Qwen2.5-7B-Instruct,control_subject_verb_0051,control_subject_verb,past-tense gender,-45.60761260986328,-49.7913932800293,15,14,1,13.250000240441295,4.250000113621354,1
Qwen/Qwen2.5-7B-Instruct,control_subject_verb_0052,control_subject_verb,past-tense gender,-38.97168731689453,-50.2064208984375,11,11,1,15.31250024032488,12.750000358792022,1
Qwen/Qwen2.5-7B-Instruct,control_subject_verb_0053,control_subject_verb,past-tense gender,-48.903846740722656,-56.2228889465332,18,18,1,15.000000360094418,10.374999525294697,1
Qwen/Qwen2.5-7B-Instruct,control_subject_verb_0054,control_subject_verb,past-tense gender,-50.966880798339844,-53.65141296386719,17,17,1,15.750000001920853,8.249999728956027,1
Qwen/Qwen2.5-7B-Instruct,control_subject_verb_0055,control_subject_verb,past-tense gender,-59.735145568847656,-63.69141387939453,18,18,1,7.374999923456926,3.375,1
Qwen/Qwen2.5-7B-Instruct,control_subject_verb_0056,control_subject_verb,past-tense gender,-39.743446350097656,-45.58928680419922,12,12,1,13.750000003361492,9.625000263054972,1
Qwen/Qwen2.5-7B-Instruct,control_subject_verb_0057,control_subject_verb,past-tense gender,-42.201602935791016,-48.01679611206055,11,11,1,10.625000362138962,0.6249999701976776,1
Qwen/Qwen2.5-7B-Instruct,control_subject_verb_0058,control_subject_verb,past-tense gender,-48.83653259277344,-55.3210563659668,17,17,1,12.249999882435077,-3.7500000335276127,1
Qwen/Qwen2.5-7B-Instruct,control_subject_verb_0059,control_subject_verb,past-tense gender,-44.69624328613281,-58.57652282714844,11,11,1,13.24999964392191,4.750000011175871,1
Qwen/Qwen2.5-7B-Instruct,control_subject_verb_0060,control_subject_verb,past-tense gender,-45.411712646484375,-55.91517639160156,13,13,1,14.24999952748476,12.50000000127693,1
Qwen/Qwen2.5-7B-Instruct,control_subject_verb_0061,control_subject_verb,past-tense gender,-53.12975311279297,-59.065982818603516,18,18,1,9.000000382016879,1.125,1
Qwen/Qwen2.5-7B-Instruct,control_subject_verb_0062,control_subject_verb,past-tense gender,-50.39199447631836,-56.1241455078125,19,19,1,11.625000002044544,1.625,1
Qwen/Qwen2.5-7B-Instruct,control_subject_verb_0063,control_subject_verb,past-tense gender,-41.109222412109375,-47.4189338684082,13,13,1,14.124999645027856,6.500000151339918,1
Qwen/Qwen2.5-7B-Instruct,control_subject_verb_0064,control_subject_verb,past-tense gender,-44.472312927246094,-51.51630401611328,15,14,1,13.000000358792022,1.2499999701976776,1
Qwen/Qwen2.5-7B-Instruct,control_subject_verb_0065,control_subject_verb,past-tense gender,-38.98912811279297,-47.161537170410156,11,10,1,12.125000121755875,12.750000120209734,1
Qwen/Qwen2.5-7B-Instruct,control_subject_verb_0066,control_subject_verb,past-tense gender,-46.548824310302734,-51.819400787353516,17,16,1,13.749999524417944,4.625000158324838,1
Qwen/Qwen2.5-7B-Instruct,control_subject_verb_0067,control_subject_verb,past-tense gender,-40.92791748046875,-51.98567199707031,11,11,1,14.749999645529897,11.374999643350748,1
Qwen/Qwen2.5-7B-Instruct,control_subject_verb_0068,control_subject_verb,past-tense gender,-41.591651916503906,-48.73731994628906,10,10,1,11.375000122963684,-2.3750000819563866,1
Qwen/Qwen2.5-7B-Instruct,control_subject_verb_0069,control_subject_verb,past-tense gender,-36.25609588623047,-48.13282012939453,11,11,1,14.624999526888132,13.250000000283762,1
Qwen/Qwen2.5-7B-Instruct,control_subject_verb_0070,control_subject_verb,past-tense gender,-48.24829864501953,-60.35236740112305,17,17,1,11.624999525425665,-7.625000004947651,1
Qwen/Qwen2.5-7B-Instruct,control_subject_verb_0071,control_subject_verb,past-tense gender,-47.591487884521484,-60.368961334228516,16,16,1,13.749999643150659,-1.3750000149011612,1
Qwen/Qwen2.5-7B-Instruct,control_subject_verb_0072,control_subject_verb,past-tense gender,-47.05992126464844,-56.413902282714844,11,11,1,14.874999885912985,12.999999523803126,1
Qwen/Qwen2.5-7B-Instruct,control_subject_verb_0073,control_subject_verb,past-tense gender,-37.0612907409668,-46.7186279296875,12,12,1,14.687500360094418,3.2500000819563866,1
Qwen/Qwen2.5-7B-Instruct,control_subject_verb_0074,control_subject_verb,past-tense gender,-41.245548248291016,-44.96456527709961,12,12,1,14.749999644685886,11.250000007334165,1
Qwen/Qwen2.5-7B-Instruct,control_subject_verb_0075,control_subject_verb,past-tense gender,-36.21656799316406,-44.10539627075195,10,9,1,12.874999763072992,13.749999642848707,1
Qwen/Qwen2.5-7B-Instruct,control_subject_verb_0076,control_subject_verb,past-tense gender,-43.432918548583984,-52.20912551879883,13,13,1,15.812499525425665,13.000000119700417,1
Qwen/Qwen2.5-7B-Instruct,control_subject_verb_0077,control_subject_verb,past-tense gender,-40.321144104003906,-43.38134002685547,12,12,1,16.562499049927283,12.499999643816409,1
Qwen/Qwen2.5-7B-Instruct,control_subject_verb_0078,control_subject_verb,past-tense gender,-40.49178695678711,-47.75605773925781,12,12,1,14.375000001862645,6.875000226893462,1
Qwen/Qwen2.5-7B-Instruct,control_subject_verb_0079,control_subject_verb,past-tense gender,-38.023231506347656,-48.26520538330078,9,8,1,11.999999525425665,14.250000000283762,1
Qwen/Qwen2.5-7B-Instruct,control_subject_verb_0080,control_subject_verb,past-tense gender,-38.31441879272461,-44.13842010498047,14,13,1,16.750000718879164,12.500000358984835,1
Qwen/Qwen2.5-7B-Instruct,control_subject_verb_0081,control_subject_verb,past-tense gender,-52.75619888305664,-53.3935432434082,17,17,1,13.625000240695954,4.124999837949872,1
Qwen/Qwen2.5-7B-Instruct,control_subject_verb_0082,control_subject_verb,past-tense gender,-52.788658142089844,-59.5015754699707,17,17,1,10.87500024241308,1.2499999701976776,1
Qwen/Qwen2.5-7B-Instruct,control_subject_verb_0083,control_subject_verb,past-tense gender,-50.692527770996094,-52.77455520629883,18,18,1,13.875000121181074,6.125000020954758,1
Qwen/Qwen2.5-7B-Instruct,control_subject_verb_0084,control_subject_verb,past-tense gender,-39.61396026611328,-53.65210723876953,12,12,1,15.499999643667252,4.000000033527613,1
Qwen/Qwen2.5-7B-Instruct,control_subject_verb_0085,control_subject_verb,past-tense gender,-44.994930267333984,-50.71641540527344,11,10,1,15.125000121006451,12.3750003612804,1
Qwen/Qwen2.5-7B-Instruct,control_subject_verb_0086,control_subject_verb,past-tense gender,-42.08628845214844,-48.79499816894531,15,15,1,15.125000121181074,6.375000138301402,1
Qwen/Qwen2.5-7B-Instruct,control_subject_verb_0087,control_subject_verb,past-tense gender,-42.8604850769043,-45.004329681396484,9,10,1,16.687500836895197,14.624999881383701,1
Qwen/Qwen2.5-7B-Instruct,control_subject_verb_0088,control_subject_verb,past-tense gender,-39.119781494140625,-54.05094909667969,13,13,1,13.625000121966877,12.874999761945219,1
Qwen/Qwen2.5-7B-Instruct,control_subject_verb_0089,control_subject_verb,past-tense gender,-50.634559631347656,-52.58064651489258,18,18,1,14.250000121122866,4.499999917112291,1
Qwen/Qwen2.5-7B-Instruct,control_subject_verb_0090,control_subject_verb,past-tense gender,-38.863616943359375,-44.886722564697266,10,9,1,13.250000002044544,13.000000001004082,1
Qwen/Qwen2.5-7B-Instruct,control_subject_verb_0091,control_subject_verb,past-tense gender,-40.272857666015625,-47.437767028808594,10,10,1,16.750000837309926,11.625000239455403,1
Qwen/Qwen2.5-7B-Instruct,control_subject_verb_0092,control_subject_verb,past-tense gender,-37.72172164916992,-46.18644714355469,11,10,1,14.68750000174623,11.999999644140189,1
Qwen/Qwen2.5-7B-Instruct,control_subject_verb_0093,control_subject_verb,past-tense gender,-70.59567260742188,-66.91165161132812,16,16,0,-0.5,-6.624999977648258,0
Qwen/Qwen2.5-7B-Instruct,control_subject_verb_0094,control_subject_verb,past-tense gender,-49.9462890625,-51.6329460144043,13,14,1,14.87500024063047,10.249999783045496,1
Qwen/Qwen2.5-7B-Instruct,control_subject_verb_0095,control_subject_verb,past-tense gender,-48.03700637817383,-55.45552062988281,14,13,1,16.562499407526047,13.999999881289114,1
Qwen/Qwen2.5-7B-Instruct,control_subject_verb_0096,control_subject_verb,past-tense gender,-48.14485168457031,-49.20742416381836,13,13,1,15.249999644496711,10.500000015905243,1
Qwen/Qwen2.5-7B-Instruct,control_subject_verb_0097,control_subject_verb,past-tense gender,-35.94297790527344,-43.327850341796875,10,9,1,14.56249988271884,11.625000239986548,1
Qwen/Qwen2.5-7B-Instruct,control_subject_verb_0098,control_subject_verb,past-tense gender,-38.22271728515625,-49.02089309692383,13,13,1,10.99999976606341,4.499999947845936,1
Qwen/Qwen2.5-7B-Instruct,control_subject_verb_0099,control_subject_verb,past-tense gender,-40.94236373901367,-43.4697265625,13,13,1,13.875000003055902,3.1249999329447746,1
Qwen/Qwen2.5-7B-Instruct,control_subject_verb_0100,control_subject_verb,past-tense gender,-40.86574172973633,-45.829708099365234,10,11,1,15.875000240957888,12.99999976239269,1
Qwen/Qwen2.5-7B-Instruct,control_subject_verb_0101,control_subject_verb,past-tense gender,-38.85236740112305,-54.423404693603516,13,13,1,14.99999964408562,2.8750000819563866,1
Qwen/Qwen2.5-7B-Instruct,control_subject_verb_0102,control_subject_verb,past-tense gender,-49.48786163330078,-64.59321594238281,16,16,1,11.500000003601599,11.624999882602424,1
Qwen/Qwen2.5-7B-Instruct,control_subject_verb_0103,control_subject_verb,past-tense gender,-41.149757385253906,-47.926361083984375,10,9,1,7.499999859952368,12.875000358271791,1
Qwen/Qwen2.5-7B-Instruct,control_subject_verb_0104,control_subject_verb,past-tense gender,-41.72114944458008,-50.462730407714844,13,13,1,14.562500121006451,10.875000361200364,1
Qwen/Qwen2.5-7B-Instruct,control_subject_verb_0105,control_subject_verb,past-tense gender,-53.36717224121094,-53.49482345581055,20,20,1,13.125000239830115,5.125000193249434,1
Qwen/Qwen2.5-7B-Instruct,control_subject_verb_0106,control_subject_verb,past-tense gender,-37.57820510864258,-43.78284454345703,9,10,1,16.812499883861165,13.874999523643055,1
Qwen/Qwen2.5-7B-Instruct,control_subject_verb_0107,control_subject_verb,past-tense gender,-51.640846252441406,-55.61360549926758,20,19,1,9.750000007101335,7.500000021187589,1
Qwen/Qwen2.5-7B-Instruct,control_subject_verb_0108,control_subject_verb,past-tense gender,-47.400489807128906,-62.68811798095703,16,16,1,12.75000024124165,12.375000358661055,1
Qwen/Qwen2.5-7B-Instruct,control_subject_verb_0109,control_subject_verb,past-tense gender,-43.88263702392578,-52.223602294921875,12,12,1,13.25000012149394,4.4999998193234205,1
Qwen/Qwen2.5-7B-Instruct,control_subject_verb_0110,control_subject_verb,past-tense gender,-43.788963317871094,-51.04169464111328,10,11,1,15.312500359410478,12.125000245840056,1
Qwen/Qwen2.5-7B-Instruct,control_subject_verb_0111,control_subject_verb,past-tense gender,-41.4300537109375,-46.8881721496582,13,13,1,14.62499988671334,9.37499953607039,1
Qwen/Qwen2.5-7B-Instruct,control_subject_verb_0112,control_subject_verb,past-tense gender,-43.670074462890625,-55.961395263671875,10,10,1,15.75000000174623,11.49999976871186,1
Qwen/Qwen2.5-7B-Instruct,control_subject_verb_0113,control_subject_verb,past-tense gender,-41.579933166503906,-54.651493072509766,11,11,1,14.000000239884685,5.499999954365194,1
Qwen/Qwen2.5-7B-Instruct,control_subject_verb_0114,control_subject_verb,past-tense gender,-36.93693161010742,-45.06782531738281,12,11,1,14.499999647232471,0.0,1
Qwen/Qwen2.5-7B-Instruct,control_subject_verb_0115,control_subject_verb,past-tense gender,-44.12738800048828,-44.57251739501953,11,12,1,6.874999794294126,10.499999764295353,1
Qwen/Qwen2.5-7B-Instruct,control_subject_verb_0116,control_subject_verb,past-tense gender,-47.99189376831055,-50.43589782714844,13,12,1,16.937499287567334,12.750000120478944,1
Qwen/Qwen2.5-7B-Instruct,control_subject_verb_0117,control_subject_verb,past-tense gender,-60.401790618896484,-60.86897277832031,17,17,1,12.624999645166099,9.000000267231371,1
Qwen/Qwen2.5-7B-Instruct,control_subject_verb_0118,control_subject_verb,past-tense gender,-42.2088737487793,-47.197837829589844,18,19,1,15.125000001527951,3.249999985098839,1
Qwen/Qwen2.5-7B-Instruct,control_subject_verb_0119,control_subject_verb,past-tense gender,-41.13172149658203,-54.878936767578125,12,12,1,14.812500359410478,11.87499976415711,1
Qwen/Qwen2.5-7B-Instruct,control_subject_verb_0120,control_subject_verb,past-tense gender,-39.692691802978516,-42.77545928955078,12,13,1,12.374999647618097,5.12499998928979,1
Qwen/Qwen2.5-7B-Instruct,control_subject_verb_0121,control_subject_verb,past-tense gender,-42.655250549316406,-46.89335632324219,14,15,1,14.249999645238859,10.999999524323357,1
Qwen/Qwen2.5-7B-Instruct,control_subject_verb_0122,control_subject_verb,past-tense gender,-49.095279693603516,-54.701873779296875,12,12,1,16.62500036009442,13.749999524276063,1
Qwen/Qwen2.5-7B-Instruct,control_subject_verb_0123,control_subject_verb,past-tense gender,-44.71428680419922,-49.53318786621094,13,14,1,13.374999644889613,10.12500024183828,1
Qwen/Qwen2.5-7B-Instruct,control_subject_verb_0124,control_subject_verb,past-tense gender,-43.53325653076172,-46.881935119628906,11,12,1,14.12499976545223,12.374999524145096,1
Qwen/Qwen2.5-7B-Instruct,control_subject_verb_0125,control_subject_verb,past-tense gender,-51.716835021972656,-53.27585220336914,18,18,1,15.000000121690391,3.0000000335276127,1
Qwen/Qwen2.5-7B-Instruct,control_subject_verb_0126,control_subject_verb,past-tense gender,-45.43616485595703,-54.29484558105469,11,11,1,10.750000007334165,-3.7499998938292265,1
Qwen/Qwen2.5-7B-Instruct,control_subject_verb_0127,control_subject_verb,past-tense gender,-51.97886276245117,-49.56264114379883,13,13,0,15.000000241030648,8.875000024476321,1
Qwen/Qwen2.5-7B-Instruct,control_subject_verb_0128,control_subject_verb,past-tense gender,-36.33006286621094,-40.366119384765625,14,14,1,14.24999988284253,2.875000089406967,1
Qwen/Qwen2.5-7B-Instruct,control_subject_verb_0129,control_subject_verb,past-tense gender,-45.0548095703125,-51.093772888183594,11,10,1,10.625000003768946,10.374999527135515,1
Qwen/Qwen2.5-7B-Instruct,control_subject_verb_0130,control_subject_verb,past-tense gender,-49.551177978515625,-56.48773193359375,17,17,1,15.000000359035766,8.25000040140003,1
Qwen/Qwen2.5-7B-Instruct,control_subject_verb_0131,control_subject_verb,past-tense gender,-38.5477409362793,-47.50426483154297,10,10,1,13.124999524938175,8.37499984970782,1
Qwen/Qwen2.5-7B-Instruct,control_subject_verb_0132,control_subject_verb,past-tense gender,-49.24342727661133,-57.56298065185547,16,16,1,15.125000001804437,8.87500019336585,1
Qwen/Qwen2.5-7B-Instruct,control_subject_verb_0133,control_subject_verb,past-tense gender,-34.098594665527344,-37.975852966308594,11,10,1,13.999999762971129,11.374999881758413,1
Qwen/Qwen2.5-7B-Instruct,control_subject_verb_0134,control_subject_verb,past-tense gender,-37.15635299682617,-45.7369270324707,13,13,1,15.125000240564987,11.62500023937173,1
Qwen/Qwen2.5-7B-Instruct,control_subject_verb_0135,control_subject_verb,past-tense gender,-56.321678161621094,-60.61913299560547,19,18,1,8.375000048603397,8.25000045960769,1
Qwen/Qwen2.5-7B-Instruct,control_subject_verb_0136,control_subject_verb,past-tense gender,-50.029727935791016,-51.01178741455078,9,10,1,16.874999524938175,14.749999523872248,1
Qwen/Qwen2.5-7B-Instruct,control_subject_verb_0137,control_subject_verb,past-tense gender,-48.509742736816406,-51.857688903808594,20,20,1,14.874999762971129,2.7499999329447746,1
Qwen/Qwen2.5-7B-Instruct,control_subject_verb_0138,control_subject_verb,past-tense gender,-57.39775848388672,-59.52104568481445,17,17,1,12.875000359526894,3.125000063329935,1
Qwen/Qwen2.5-7B-Instruct,control_subject_verb_0139,control_subject_verb,past-tense gender,-52.248130798339844,-61.140960693359375,12,12,1,15.62499988284253,12.12499988167474,1
Qwen/Qwen2.5-7B-Instruct,control_subject_verb_0140,control_subject_verb,past-tense gender,-39.14027786254883,-47.41994857788086,10,9,1,12.000000001375156,13.124999762116204,1
Qwen/Qwen2.5-7B-Instruct,control_subject_verb_0141,control_subject_verb,past-tense gender,-35.18898010253906,-41.2797966003418,13,12,1,16.12499940635462,12.75000023906614,1
Qwen/Qwen2.5-7B-Instruct,control_subject_verb_0142,control_subject_verb,past-tense gender,-46.83445358276367,-48.708377838134766,12,12,1,15.999999167004717,10.250000133441063,1
Qwen/Qwen2.5-7B-Instruct,control_subject_verb_0143,control_subject_verb,past-tense gender,-46.437381744384766,-53.02314758300781,13,14,1,14.812499643572664,10.624999533189111,1
Qwen/Qwen2.5-7B-Instruct,control_subject_verb_0144,control_subject_verb,past-tense gender,-50.948856353759766,-55.1287841796875,19,19,1,15.499999882544216,8.875000149215339,1
Qwen/Qwen2.5-7B-Instruct,control_subject_verb_0145,control_subject_verb,past-tense gender,-42.70859146118164,-45.9323844909668,18,19,1,14.874999524512532,2.500000014901161,1
Qwen/Qwen2.5-7B-Instruct,control_subject_verb_0146,control_subject_verb,past-tense gender,-43.55455780029297,-49.87494659423828,10,10,1,14.875000124404323,12.50000000127693,1
Qwen/Qwen2.5-7B-Instruct,control_subject_verb_0147,control_subject_verb,past-tense gender,-49.871177673339844,-54.39350128173828,17,16,1,9.999999770152499,-4.00000018812716,1
Qwen/Qwen2.5-7B-Instruct,control_subject_verb_0148,control_subject_verb,past-tense gender,-57.354827880859375,-63.978729248046875,19,19,1,9.374999897394446,3.5000001173466444,1
Qwen/Qwen2.5-7B-Instruct,control_subject_verb_0149,control_subject_verb,past-tense gender,-37.132530212402344,-41.421409606933594,15,14,1,14.999999526109605,8.87499966629548,1
Qwen/Qwen2.5-7B-Instruct,control_subject_verb_0150,control_subject_verb,past-tense gender,-42.69049835205078,-53.01245880126953,12,12,1,16.375000717831426,10.250000243700924,1
Qwen/Qwen2.5-7B-Instruct,control_subject_verb_0151,control_subject_verb,past-tense gender,-36.8728141784668,-53.43440628051758,12,12,1,14.937499525753083,5.750000140396878,1
Qwen/Qwen2.5-7B-Instruct,control_subject_verb_0152,control_subject_verb,past-tense gender,-41.70427703857422,-49.563575744628906,15,15,1,14.312499762971129,-0.25,1
Qwen/Qwen2.5-7B-Instruct,control_subject_verb_0153,control_subject_verb,past-tense gender,-41.028663635253906,-43.84160232543945,10,11,1,12.875000120893674,10.749999765284883,1
Qwen/Qwen2.5-7B-Instruct,control_subject_verb_0154,control_subject_verb,past-tense gender,-41.00944137573242,-43.532867431640625,13,14,1,13.625000121828634,6.874999805120751,1
Qwen/Qwen2.5-7B-Instruct,control_subject_verb_0155,control_subject_verb,past-tense gender,-45.40643310546875,-57.21805191040039,11,11,1,13.624999883089913,9.875000364350853,1
Qwen/Qwen2.5-7B-Instruct,control_subject_verb_0156,control_subject_verb,past-tense gender,-41.85546112060547,-49.07842254638672,15,14,1,14.500000001004082,8.49999984970782,1
Qwen/Qwen2.5-7B-Instruct,control_subject_verb_0157,control_subject_verb,past-tense gender,-37.59538650512695,-43.263824462890625,11,10,1,14.749999526109605,13.375000239455403,1
Qwen/Qwen2.5-7B-Instruct,control_subject_verb_0158,control_subject_verb,past-tense gender,-49.997867584228516,-53.37586212158203,14,15,1,14.68749964509334,12.124999764222594,1
Qwen/Qwen2.5-7B-Instruct,control_subject_verb_0159,control_subject_verb,past-tense gender,-57.26708984375,-60.71192932128906,19,20,1,10.25000036196434,3.125000052154064,1
Qwen/Qwen2.5-7B-Instruct,control_subject_verb_0160,control_subject_verb,past-tense gender,-58.91180419921875,-63.79853820800781,18,19,1,9.000000378771801,6.499999882187694,1
Qwen/Qwen2.5-7B-Instruct,control_subject_verb_0161,control_subject_verb,past-tense gender,-42.91981506347656,-49.273460388183594,9,10,1,17.124999287421815,14.249999643150659,1
Qwen/Qwen2.5-7B-Instruct,control_subject_verb_0162,control_subject_verb,past-tense gender,-45.96225357055664,-53.71989822387695,10,10,1,16.937500717693183,13.875000239830115,1
Qwen/Qwen2.5-7B-Instruct,control_subject_verb_0163,control_subject_verb,past-tense gender,-38.64445495605469,-44.33388900756836,10,9,1,15.250000239986548,12.999999882027623,1
Qwen/Qwen2.5-7B-Instruct,control_subject_verb_0164,control_subject_verb,past-tense gender,-34.89580535888672,-42.35749435424805,11,10,1,14.625000359832484,9.874999527135515,1
Qwen/Qwen2.5-7B-Instruct,control_subject_verb_0165,control_subject_verb,past-tense gender,-50.4881591796875,-54.313819885253906,18,18,1,15.87499964403105,8.624999691703124,1
Qwen/Qwen2.5-7B-Instruct,control_subject_verb_0166,control_subject_verb,past-tense gender,-46.257667541503906,-52.696006774902344,11,11,1,8.250000442320015,12.874999881230906,1
Qwen/Qwen2.5-7B-Instruct,control_subject_verb_0167,control_subject_verb,past-tense gender,-44.92280960083008,-53.68804168701172,10,10,1,16.562499287858373,14.125000119896868,1
Qwen/Qwen2.5-7B-Instruct,control_subject_verb_0168,control_subject_verb,past-tense gender,-34.800262451171875,-44.60493087768555,13,13,1,15.499999882966222,3.6250000800937414,1
Qwen/Qwen2.5-7B-Instruct,control_subject_verb_0169,control_subject_verb,past-tense gender,-46.68719482421875,-55.156558990478516,12,11,1,15.062500359708793,13.499999761848812,1
Qwen/Qwen2.5-7B-Instruct,control_subject_verb_0170,control_subject_verb,past-tense gender,-34.52714157104492,-42.11433029174805,12,11,1,13.999999764884706,10.624999882489647,1
Qwen/Qwen2.5-7B-Instruct,control_subject_verb_0171,control_subject_verb,past-tense gender,-51.611328125,-54.239681243896484,12,13,1,14.500000240383088,11.874999884908902,1
Qwen/Qwen2.5-7B-Instruct,control_subject_verb_0172,control_subject_verb,past-tense gender,-46.0555419921875,-44.869686126708984,13,12,0,15.437500002291927,11.875000239248038,1
Qwen/Qwen2.5-7B-Instruct,control_subject_verb_0173,control_subject_verb,past-tense gender,-37.0667610168457,-49.02405548095703,11,11,1,14.812499882325938,12.625000120387995,1
Qwen/Qwen2.5-7B-Instruct,control_subject_verb_0174,control_subject_verb,past-tense gender,-59.38241195678711,-61.94499588012695,16,16,1,2.374999947845936,-3.2500000596046448,0
Qwen/Qwen2.5-7B-Instruct,control_subject_verb_0175,control_subject_verb,past-tense gender,-46.98225402832031,-52.056640625,16,16,1,10.374999647043296,4.999999776482582,1
Qwen/Qwen2.5-7B-Instruct,control_subject_verb_0176,control_subject_verb,past-tense gender,-46.477577209472656,-53.973976135253906,19,19,1,14.625000240383088,2.2500000596046448,1
Qwen/Qwen2.5-7B-Instruct,control_subject_verb_0177,control_subject_verb,past-tense gender,-36.443641662597656,-41.17637634277344,13,12,1,17.562499885352736,12.750000000589353,1
Qwen/Qwen2.5-7B-Instruct,control_subject_verb_0178,control_subject_verb,past-tense gender,-36.89218521118164,-47.666221618652344,13,12,1,13.499999524996383,9.8749997657942,1
Qwen/Qwen2.5-7B-Instruct,control_subject_verb_0179,control_subject_verb,past-tense gender,-46.413169860839844,-55.16056823730469,11,11,1,15.750000002837623,-1.2500000298023224,1
Qwen/Qwen2.5-7B-Instruct,control_subject_verb_0180,control_subject_verb,past-tense gender,-38.9443244934082,-45.561500549316406,11,10,1,13.249999526720785,8.625000067375368,1
Qwen/Qwen2.5-7B-Instruct,control_subject_verb_0181,control_subject_verb,past-tense gender,-51.751792907714844,-58.08320999145508,19,19,1,12.87499964352537,3.874999975785613,1
Qwen/Qwen2.5-7B-Instruct,control_subject_verb_0182,control_subject_verb,past-tense gender,-45.62334442138672,-58.818031311035156,11,11,1,14.874999643765477,3.6250000167638063,1
Qwen/Qwen2.5-7B-Instruct,control_subject_verb_0183,control_subject_verb,past-tense gender,-46.674400329589844,-61.10758972167969,19,19,1,12.625000359832484,10.37499952705548,1
Qwen/Qwen2.5-7B-Instruct,control_subject_verb_0184,control_subject_verb,past-tense gender,-38.161712646484375,-46.399078369140625,11,11,1,15.312499645166099,11.24999976473191,1
Qwen/Qwen2.5-7B-Instruct,control_subject_verb_0185,control_subject_verb,past-tense gender,-40.700801849365234,-54.82720947265625,13,13,1,14.000000001324224,8.00000024685869,1
Qwen/Qwen2.5-7B-Instruct,control_subject_verb_0186,control_subject_verb,past-tense gender,-46.59539794921875,-56.10276412963867,11,11,1,16.812500359832484,13.749999881842086,1
Qwen/Qwen2.5-7B-Instruct,control_subject_verb_0187,control_subject_verb,past-tense gender,-41.87512969970703,-48.08793258666992,10,10,1,5.500000070780516,-4.375000074505806,1
Qwen/Qwen2.5-7B-Instruct,control_subject_verb_0188,control_subject_verb,past-tense gender,-51.84849166870117,-56.55664825439453,17,17,1,15.375000120733603,7.5000000281143,1
Qwen/Qwen2.5-7B-Instruct,control_subject_verb_0189,control_subject_verb,past-tense gender,-45.47560119628906,-56.665771484375,11,11,1,17.31250024050678,14.124999642939656,1
Qwen/Qwen2.5-7B-Instruct,control_subject_verb_0190,control_subject_verb,past-tense gender,-51.90534973144531,-52.02683639526367,18,18,1,13.999999763287633,9.49999953279621,1
Qwen/Qwen2.5-7B-Instruct,control_subject_verb_0191,control_subject_verb,past-tense gender,-39.960792541503906,-48.37986755371094,11,10,1,13.24999976340041,12.624999762247171,1
Qwen/Qwen2.5-7B-Instruct,control_subject_verb_0192,control_subject_verb,past-tense gender,-55.84168243408203,-60.03304672241211,19,20,1,7.8749998771818355,3.3750000335276127,1
Qwen/Qwen2.5-7B-Instruct,control_subject_verb_0193,control_subject_verb,past-tense gender,-54.497825622558594,-58.53419494628906,18,19,1,10.1249997673076,5.999999964144081,1
Qwen/Qwen2.5-7B-Instruct,control_subject_verb_0194,control_subject_verb,past-tense gender,-34.19169616699219,-43.11408996582031,14,15,1,15.562499644685886,0.375,1
Qwen/Qwen2.5-7B-Instruct,control_subject_verb_0195,control_subject_verb,past-tense gender,-43.87507247924805,-51.25716781616211,10,10,1,16.874999407060386,14.250000120086042,1
Qwen/Qwen2.5-7B-Instruct,control_subject_verb_0196,control_subject_verb,past-tense gender,-40.37782287597656,-51.89680480957031,10,10,1,15.625000240826921,5.624999917112291,1
Qwen/Qwen2.5-7B-Instruct,control_subject_verb_0197,control_subject_verb,past-tense gender,-38.817657470703125,-42.63587188720703,10,11,1,16.375000002488378,13.374999881383701,1
Qwen/Qwen2.5-7B-Instruct,control_subject_verb_0198,control_subject_verb,past-tense gender,-52.235877990722656,-57.676513671875,18,18,1,10.624999526407919,1.0,1
Qwen/Qwen2.5-7B-Instruct,control_subject_verb_0199,control_subject_verb,past-tense gender,-47.482025146484375,-60.880985260009766,15,15,1,14.250000001047738,-8.499999612977263,1
Qwen/Qwen2.5-7B-Instruct,control_subject_verb_0200,control_subject_verb,past-tense gender,-47.07469940185547,-60.38928985595703,18,18,1,14.499999524938175,2.249999888241291,1
Qwen/Qwen2.5-7B-Instruct,control_subject_verb_0201,control_subject_verb,past-tense gender,-40.30479431152344,-45.52798843383789,17,18,1,15.250000120249751,4.750000123865902,1
Qwen/Qwen2.5-7B-Instruct,control_subject_verb_0202,control_subject_verb,past-tense gender,-41.9237060546875,-42.68523406982422,11,12,1,15.124999525491148,10.12499955619569,1
Qwen/Qwen2.5-7B-Instruct,control_subject_verb_0203,control_subject_verb,past-tense gender,-32.37059783935547,-43.11981201171875,10,10,1,15.437500002168235,7.249999976833351,1
Qwen/Qwen2.5-7B-Instruct,control_subject_verb_0204,control_subject_verb,past-tense gender,-46.65290069580078,-54.63629913330078,14,14,1,16.874999408195436,12.625000120046025,1
Qwen/Qwen2.5-7B-Instruct,control_subject_verb_0205,control_subject_verb,past-tense gender,-49.44671630859375,-61.11880874633789,12,12,1,13.87499976340041,-3.3750000670552254,1
Qwen/Qwen2.5-7B-Instruct,control_subject_verb_0206,control_subject_verb,past-tense gender,-45.632530212402344,-53.22852325439453,17,17,1,14.37500000269938,10.62500000174623,1
Qwen/Qwen2.5-7B-Instruct,control_subject_verb_0207,control_subject_verb,past-tense gender,-65.27022552490234,-61.64385986328125,16,16,0,-0.6250000596046448,-7.250000224506948,0
Qwen/Qwen2.5-7B-Instruct,control_subject_verb_0208,control_subject_verb,past-tense gender,-55.07573699951172,-58.25780487060547,17,17,1,9.750000250161975,-7.250000136496965,1
Qwen/Qwen2.5-7B-Instruct,control_subject_verb_0209,control_subject_verb,past-tense gender,-40.199989318847656,-47.736412048339844,12,12,1,15.312499525112798,7.999999984720489,1
Qwen/Qwen2.5-7B-Instruct,control_subject_verb_0210,control_subject_verb,past-tense gender,-41.590545654296875,-50.13848114013672,11,12,1,9.749999770778231,2.7500001192092896,1
Qwen/Qwen2.5-7B-Instruct,control_subject_verb_0211,control_subject_verb,past-tense gender,-48.454994201660156,-52.41595458984375,19,18,1,15.374999524614395,8.874999792373274,1
Qwen/Qwen2.5-7B-Instruct,control_subject_verb_0212,control_subject_verb,past-tense gender,-43.295989990234375,-55.83142852783203,12,12,1,14.999999644562195,12.249999881634722,1
Qwen/Qwen2.5-7B-Instruct,control_subject_verb_0213,control_subject_verb,past-tense gender,-33.771018981933594,-41.094764709472656,13,14,1,15.250000121690391,0.0,1
Qwen/Qwen2.5-7B-Instruct,control_subject_verb_0214,control_subject_verb,past-tense gender,-36.88063430786133,-50.17086410522461,14,14,1,12.99999988284253,11.874999762054358,1
Qwen/Qwen2.5-7B-Instruct,control_subject_verb_0215,control_subject_verb,past-tense gender,-46.359378814697266,-63.87080383300781,16,16,1,11.749999645922799,12.624999881598342,1
Qwen/Qwen2.5-7B-Instruct,control_subject_verb_0216,control_subject_verb,past-tense gender,-33.96564865112305,-44.60087585449219,10,10,1,15.062499525622115,1.5000000149011612,1
Qwen/Qwen2.5-7B-Instruct,control_subject_verb_0217,control_subject_verb,past-tense gender,-38.544471740722656,-44.04056930541992,13,13,1,8.125000190804712,4.624999842606485,1
Qwen/Qwen2.5-7B-Instruct,control_subject_verb_0218,control_subject_verb,past-tense gender,-42.3502082824707,-45.20988464355469,11,10,1,13.250000002983143,12.125000359243131,1
Qwen/Qwen2.5-7B-Instruct,control_subject_verb_0219,control_subject_verb,past-tense gender,-46.51959228515625,-51.35095977783203,15,14,1,12.875000121246558,2.625000014901161,1
Qwen/Qwen2.5-7B-Instruct,control_subject_verb_0220,control_subject_verb,past-tense gender,-37.47596740722656,-44.10012435913086,11,11,1,13.874999645529897,6.4999997958075255,1
Qwen/Qwen2.5-7B-Instruct,control_subject_verb_0221,control_subject_verb,past-tense gender,-42.04075622558594,-50.828399658203125,11,11,1,14.937500362138962,12.875000358271791,1
Qwen/Qwen2.5-7B-Instruct,control_subject_verb_0222,control_subject_verb,past-tense gender,-45.64750289916992,-46.158966064453125,11,12,1,14.874999764964741,11.875000358748366,1
Qwen/Qwen2.5-7B-Instruct,control_subject_verb_0223,control_subject_verb,past-tense gender,-50.00836944580078,-53.687557220458984,17,17,1,15.562500359767,5.125000151339918,1
Qwen/Qwen2.5-7B-Instruct,control_subject_verb_0224,control_subject_verb,past-tense gender,-40.59325408935547,-45.087833404541016,17,18,1,14.499999762971129,6.375000105355866,1
Qwen/Qwen2.5-7B-Instruct,control_subject_verb_0225,control_subject_verb,past-tense gender,-60.12737274169922,-61.53635787963867,18,19,1,8.500000286381692,2.4999999403953552,1
Qwen/Qwen2.5-7B-Instruct,control_subject_verb_0226,control_subject_verb,past-tense gender,-47.964500427246094,-53.105674743652344,16,15,1,13.49999988198033,5.750000153435394,1
Qwen/Qwen2.5-7B-Instruct,control_subject_verb_0227,control_subject_verb,past-tense gender,-38.04228210449219,-51.382633209228516,12,12,1,14.937499525425665,4.375000238418579,1
Qwen/Qwen2.5-7B-Instruct,control_subject_verb_0228,control_subject_verb,past-tense gender,-48.34685516357422,-60.79097366333008,16,16,1,12.50000012057717,-1.8749999850988388,1
Qwen/Qwen2.5-7B-Instruct,control_subject_verb_0229,control_subject_verb,past-tense gender,-35.77076721191406,-41.45002746582031,9,8,1,14.68750000163709,13.500000359767,1
Qwen/Qwen2.5-7B-Instruct,control_subject_verb_0230,control_subject_verb,past-tense gender,-54.62384796142578,-55.075096130371094,18,18,1,14.000000359468686,4.374999816529453,1
Qwen/Qwen2.5-7B-Instruct,control_subject_verb_0231,control_subject_verb,past-tense gender,-42.10551834106445,-56.17652130126953,12,12,1,14.812500359410478,-0.7500000298023224,1
Qwen/Qwen2.5-7B-Instruct,control_subject_verb_0232,control_subject_verb,past-tense gender,-41.448455810546875,-46.31791687011719,11,10,1,14.625000002168235,13.75000012043165,1
Qwen/Qwen2.5-7B-Instruct,control_subject_verb_0233,control_subject_verb,past-tense gender,-59.855262756347656,-54.58418273925781,16,16,0,2.2500000447034836,-1.0,1
Qwen/Qwen2.5-7B-Instruct,control_subject_verb_0234,control_subject_verb,past-tense gender,-55.4050407409668,-63.22856903076172,16,16,1,12.87500000174623,4.499999810941517,1
Qwen/Qwen2.5-7B-Instruct,control_subject_verb_0235,control_subject_verb,past-tense gender,-46.55473327636719,-51.05229187011719,13,13,1,5.249999828636646,-5.500000020023435,0
Qwen/Qwen2.5-7B-Instruct,control_subject_verb_0236,control_subject_verb,past-tense gender,-46.142967224121094,-48.73241424560547,14,15,1,11.625000123742211,9.749999647909135,1
Qwen/Qwen2.5-7B-Instruct,control_subject_verb_0237,control_subject_verb,past-tense gender,-40.06218719482422,-48.770103454589844,12,11,1,12.749999525294697,13.499999881289114,1
Qwen/Qwen2.5-7B-Instruct,control_subject_verb_0238,control_subject_verb,past-tense gender,-38.92399597167969,-49.85810089111328,11,12,1,15.125000120951881,12.12500036223355,1
Qwen/Qwen2.5-7B-Instruct,control_subject_verb_0239,control_subject_verb,past-tense gender,-39.26300811767578,-55.17637634277344,11,11,1,15.81249952505459,-5.124999823980033,1
Qwen/Qwen2.5-7B-Instruct,control_subject_verb_0240,control_subject_verb,past-tense gender,-39.74867248535156,-50.32609558105469,11,11,1,16.37500083791383,5.500000081956387,1
Qwen/Qwen2.5-7B-Instruct,control_subject_verb_0241,control_subject_verb,past-tense gender,-47.00830841064453,-50.00407791137695,12,12,1,16.374999169129296,12.374999524417944,1
Qwen/Qwen2.5-7B-Instruct,control_subject_verb_0242,control_subject_verb,past-tense gender,-43.84489440917969,-47.68776321411133,14,14,1,15.812500007334165,7.750000025203917,1
Qwen/Qwen2.5-7B-Instruct,control_subject_verb_0243,control_subject_verb,past-tense gender,-47.90471649169922,-49.2363166809082,11,11,1,13.750000002910383,8.12500008524512,1
Qwen/Qwen2.5-7B-Instruct,control_subject_verb_0244,control_subject_verb,past-tense gender,-38.32768249511719,-43.90559005737305,14,14,1,14.375000126077794,8.74999979097629,1
Qwen/Qwen2.5-7B-Instruct,control_subject_verb_0245,control_subject_verb,past-tense gender,-44.27141189575195,-48.05555725097656,12,12,1,16.499999288658728,9.750000263898983,1
Qwen/Qwen2.5-7B-Instruct,control_subject_verb_0246,control_subject_verb,past-tense gender,-42.26116943359375,-47.49505615234375,11,11,1,11.500000122803613,-6.375000076252036,1
Qwen/Qwen2.5-7B-Instruct,control_subject_verb_0247,control_subject_verb,past-tense gender,-50.42102813720703,-57.78238296508789,19,19,1,9.999999652252882,5.499999999534339,1
Qwen/Qwen2.5-7B-Instruct,control_subject_verb_0248,control_subject_verb,past-tense gender,-48.89586639404297,-60.9395637512207,17,16,1,12.874999882602424,-2.6249999552965164,1
Qwen/Qwen2.5-7B-Instruct,control_subject_verb_0249,control_subject_verb,past-tense gender,-44.43718719482422,-59.85511779785156,13,13,1,15.125000239637302,2.750000052154064,1
Qwen/Qwen2.5-7B-Instruct,control_subject_verb_0250,control_subject_verb,past-tense gender,-51.372802734375,-50.34185791015625,11,11,0,13.999999526407919,7.9999998785497155,1
Qwen/Qwen2.5-7B-Instruct,control_subject_verb_0251,control_subject_verb,past-tense gender,-46.096092224121094,-61.225494384765625,16,16,1,12.74999976545223,11.874999524563464,1
Qwen/Qwen2.5-7B-Instruct,control_subject_verb_0252,control_subject_verb,past-tense gender,-36.92231750488281,-47.21187973022461,12,12,1,15.187500360094418,3.1250001080334187,1
Qwen/Qwen2.5-7B-Instruct,control_subject_verb_0253,control_subject_verb,past-tense gender,-46.62116622924805,-62.497718811035156,17,17,1,12.999999645529897,11.62499964386734,1
Qwen/Qwen2.5-7B-Instruct,control_subject_verb_0254,control_subject_verb,past-tense gender,-47.179931640625,-60.41413116455078,18,18,1,14.06249964403105,1.2500000596046448,1
Qwen/Qwen2.5-7B-Instruct,control_subject_verb_0255,control_subject_verb,past-tense gender,-38.425270080566406,-45.9168815612793,11,11,1,5.874999767867848,-6.7499998196726665,0
Qwen/Qwen2.5-7B-Instruct,control_subject_verb_0256,control_subject_verb,past-tense gender,-37.2288703918457,-45.78257751464844,11,11,1,16.18749940622365,12.749999881321855,1
Qwen/Qwen2.5-7B-Instruct,control_subject_verb_0257,control_subject_verb,past-tense gender,-50.53530502319336,-53.91396713256836,21,21,1,9.87499989036587,3.500000100582838,1
Qwen/Qwen2.5-7B-Instruct,control_subject_verb_0258,control_subject_verb,past-tense gender,-44.07013702392578,-49.88984680175781,18,17,1,15.750000002044544,5.625000066123903,1
Qwen/Qwen2.5-7B-Instruct,control_subject_verb_0259,control_subject_verb,past-tense gender,-47.70345687866211,-50.15276336669922,16,17,1,12.749999885818397,2.2499998956918716,1
Qwen/Qwen2.5-7B-Instruct,control_subject_verb_0260,control_subject_verb,past-tense gender,-49.60662841796875,-56.248477935791016,16,15,1,15.24999952748476,12.874999524188752,1
Qwen/Qwen2.5-7B-Instruct,control_subject_verb_0261,control_subject_verb,past-tense gender,-49.743247985839844,-52.24026870727539,13,13,1,16.312499408559233,3.3749998956918716,1
Qwen/Qwen2.5-7B-Instruct,control_subject_verb_0262,control_subject_verb,past-tense gender,-33.0571174621582,-42.90442657470703,12,12,1,15.562500122257916,3.2500001154839993,1
Qwen/Qwen2.5-7B-Instruct,control_subject_verb_0263,control_subject_verb,past-tense gender,-48.49357604980469,-49.50025177001953,14,13,1,16.87499916757224,12.7500003591922,1
Qwen/Qwen2.5-7B-Instruct,control_subject_verb_0264,control_subject_verb,past-tense gender,-45.01108169555664,-54.28990173339844,18,17,1,13.124999881933036,4.124999778345227,1
Qwen/Qwen2.5-7B-Instruct,control_subject_verb_0265,control_subject_verb,past-tense gender,-44.272315979003906,-60.29918670654297,16,16,1,13.124999645457137,12.000000358984835,1
Qwen/Qwen2.5-7B-Instruct,control_subject_verb_0266,control_subject_verb,past-tense gender,-49.87122344970703,-58.55805206298828,16,16,1,13.37499952505459,7.2500000629224814,1
Qwen/Qwen2.5-7B-Instruct,control_subject_verb_0267,control_subject_verb,past-tense gender,-38.97734069824219,-40.490028381347656,12,12,1,13.374999644889613,2.875000026077032,1
Qwen/Qwen2.5-7B-Instruct,control_subject_verb_0268,control_subject_verb,past-tense gender,-35.42548370361328,-43.200958251953125,12,12,1,13.624999645384378,8.750000257859938,1
Qwen/Qwen2.5-7B-Instruct,control_subject_verb_0269,control_subject_verb,past-tense gender,-44.381404876708984,-47.526214599609375,12,12,1,16.374999646250217,7.500000040396117,1
Qwen/Qwen2.5-7B-Instruct,control_subject_verb_0270,control_subject_verb,past-tense gender,-48.15802764892578,-61.503997802734375,16,16,1,14.812500359585101,7.875000044761691,1
Qwen/Qwen2.5-7B-Instruct,control_subject_verb_0271,control_subject_verb,past-tense gender,-44.97785949707031,-49.1358757019043,11,11,1,5.375000113621354,-7.000000228639692,0
Qwen/Qwen2.5-7B-Instruct,control_subject_verb_0272,control_subject_verb,past-tense gender,-36.49159240722656,-51.3515625,11,11,1,15.312500240266672,3.874999899417162,1
Qwen/Qwen2.5-7B-Instruct,control_subject_verb_0273,control_subject_verb,past-tense gender,-54.68443298339844,-59.19633483886719,16,16,1,12.749999764091626,3.2500001080334187,1
Qwen/Qwen2.5-7B-Instruct,control_subject_verb_0274,control_subject_verb,past-tense gender,-46.05571746826172,-47.861820220947266,13,13,1,8.625000277650543,-0.375,1
Qwen/Qwen2.5-7B-Instruct,control_subject_verb_0275,control_subject_verb,past-tense gender,-47.91352844238281,-50.96074295043945,10,10,1,-2.2500000074505806,2.374999962747097,1
Qwen/Qwen2.5-7B-Instruct,control_subject_verb_0276,control_subject_verb,past-tense gender,-44.06578063964844,-56.63767623901367,11,11,1,13.125000121122866,-2.124999962747097,1
Qwen/Qwen2.5-7B-Instruct,control_subject_verb_0277,control_subject_verb,past-tense gender,-45.966278076171875,-50.86860656738281,13,12,1,16.937499406762072,13.000000120679033,1
Qwen/Qwen2.5-7B-Instruct,control_subject_verb_0278,control_subject_verb,past-tense gender,-32.12276077270508,-42.76700210571289,11,11,1,15.000000359832484,1.625,1
Qwen/Qwen2.5-7B-Instruct,control_subject_verb_0279,control_subject_verb,past-tense gender,-53.5366096496582,-57.74583435058594,19,19,1,11.374999525425665,3.2499999552965164,1
Qwen/Qwen2.5-7B-Instruct,control_subject_verb_0280,control_subject_verb,past-tense gender,-40.08711242675781,-45.35502624511719,14,14,1,14.750000128231477,9.999999647814548,1
Qwen/Qwen2.5-7B-Instruct,control_subject_verb_0281,control_subject_verb,past-tense gender,-53.09547424316406,-58.98265075683594,12,12,1,1.6249999850988388,-3.6250000465661287,0
Qwen/Qwen2.5-7B-Instruct,control_subject_verb_0282,control_subject_verb,past-tense gender,-45.329437255859375,-52.284725189208984,13,12,1,16.7500001257431,13.874999762210791,1
Qwen/Qwen2.5-7B-Instruct,control_subject_verb_0283,control_subject_verb,past-tense gender,-58.89238357543945,-61.75465774536133,19,20,1,9.875000007799827,3.1249999701976776,1
Qwen/Qwen2.5-7B-Instruct,control_subject_verb_0284,control_subject_verb,past-tense gender,-32.67607879638672,-49.06167221069336,12,12,1,15.187499525964085,7.500000162050128,1
Qwen/Qwen2.5-7B-Instruct,control_subject_verb_0285,control_subject_verb,past-tense gender,-49.72870635986328,-56.27281188964844,18,18,1,12.99999952406506,3.999999850988388,1
Qwen/Qwen2.5-7B-Instruct,control_subject_verb_0286,control_subject_verb,past-tense gender,-44.55704116821289,-56.9456672668457,11,12,1,12.874999644314812,10.37499966629548,1
Qwen/Qwen2.5-7B-Instruct,control_subject_verb_0287,control_subject_verb,past-tense gender,-39.77273178100586,-45.3437614440918,10,11,1,17.2499991682198,13.874999881289114,1
Qwen/Qwen2.5-7B-Instruct,control_subject_verb_0288,control_subject_verb,past-tense gender,-60.70707702636719,-64.05279541015625,18,19,1,9.999999770152499,6.499999993713573,1
Qwen/Qwen2.5-7B-Instruct,control_subject_verb_0289,control_subject_verb,past-tense gender,-49.63593292236328,-58.59468460083008,16,16,1,12.374999763516826,6.500000185915269,1
Qwen/Qwen2.5-7B-Instruct,control_subject_verb_0290,control_subject_verb,past-tense gender,-49.46661376953125,-60.00227355957031,16,16,1,12.499999525112798,5.250000023283064,1
Qwen/Qwen2.5-7B-Instruct,control_subject_verb_0291,control_subject_verb,past-tense gender,-42.23020553588867,-47.92161560058594,17,18,1,15.187500001182343,8.875000268395524,1
Qwen/Qwen2.5-7B-Instruct,control_subject_verb_0292,control_subject_verb,past-tense gender,-43.08289337158203,-45.54485321044922,13,13,1,13.875000121064659,2.5000000819563866,1
Qwen/Qwen2.5-7B-Instruct,control_subject_verb_0293,control_subject_verb,past-tense gender,-46.230262756347656,-46.555328369140625,11,11,1,12.750000360436388,8.000000221305527,1
Qwen/Qwen2.5-7B-Instruct,control_subject_verb_0294,control_subject_verb,past-tense gender,-47.73054504394531,-57.27766418457031,17,17,1,15.312500240208465,9.375000152329449,1
Qwen/Qwen2.5-7B-Instruct,control_subject_verb_0295,control_subject_verb,past-tense gender,-42.516563415527344,-50.36493682861328,12,12,1,12.50000000158252,10.12500012338569,1
Qwen/Qwen2.5-7B-Instruct,control_subject_verb_0296,control_subject_verb,past-tense gender,-35.704166412353516,-43.93273162841797,14,15,1,14.12500000158252,3.0000000558793545,1
Qwen/Qwen2.5-7B-Instruct,control_subject_verb_0297,control_subject_verb,past-tense gender,-41.3914680480957,-46.06861877441406,11,11,1,16.000000718559022,10.250000003288733,1
Qwen/Qwen2.5-7B-Instruct,control_subject_verb_0298,control_subject_verb,past-tense gender,-32.23259735107422,-38.13414764404297,11,12,1,16.249999526255124,13.375000358140824,1
Qwen/Qwen2.5-7B-Instruct,control_subject_verb_0299,control_subject_verb,past-tense gender,-46.497283935546875,-50.34748840332031,12,12,1,7.499999845749699,-6.999999954481609,1
Qwen/Qwen2.5-7B-Instruct,numeral_noun_0000,numeral_noun,2-4 + nom.pl,-48.37165832519531,-51.979164123535156,10,10,1,-8.499999924504664,2.874999947845936,0
Qwen/Qwen2.5-7B-Instruct,numeral_noun_0001,numeral_noun,2-4 + nom.pl,-51.34846496582031,-53.83757019042969,10,10,1,-9.375000130254193,11.99999952406506,1
Qwen/Qwen2.5-7B-Instruct,numeral_noun_0002,numeral_noun,2-4 + nom.pl,-40.255836486816406,-37.399635314941406,7,7,0,-14.125000000800355,12.250000360159902,0
Qwen/Qwen2.5-7B-Instruct,numeral_noun_0003,numeral_noun,2-4 + nom.pl,-41.1182861328125,-39.87483596801758,6,6,0,-6.499999769497663,11.624999525112798,1
Qwen/Qwen2.5-7B-Instruct,numeral_noun_0004,numeral_noun,2-4 + nom.pl,-28.949665069580078,-34.27241516113281,11,11,1,14.999999525622115,13.375000239830115,1
Qwen/Qwen2.5-7B-Instruct,numeral_noun_0005,numeral_noun,2-4 + nom.pl,-39.58210754394531,-41.45573043823242,6,6,1,8.875000388274202,14.499999763342203,1
Qwen/Qwen2.5-7B-Instruct,numeral_noun_0006,numeral_noun,2-4 + nom.pl,-38.83092498779297,-35.094482421875,8,8,0,-9.749999783438398,-10.749999889463652,0
Qwen/Qwen2.5-7B-Instruct,numeral_noun_0007,numeral_noun,2-4 + nom.pl,-40.202972412109375,-25.820919036865234,6,6,0,-12.12500023910252,3.8750000037252903,0
Qwen/Qwen2.5-7B-Instruct,numeral_noun_0008,numeral_noun,2-4 + nom.pl,-49.94874572753906,-51.01145935058594,15,15,1,-12.625000361200364,13.99999952523649,1
Qwen/Qwen2.5-7B-Instruct,numeral_noun_0009,numeral_noun,2-4 + nom.pl,-41.940067291259766,-43.765811920166016,12,12,1,-11.875000120893674,14.499999642765033,1
Qwen/Qwen2.5-7B-Instruct,numeral_noun_0010,numeral_noun,2-4 + nom.pl,-48.71664810180664,-49.20417785644531,9,9,1,-12.750000119969627,9.875000245272531,0
Qwen/Qwen2.5-7B-Instruct,numeral_noun_0011,numeral_noun,2-4 + nom.pl,-41.203758239746094,-37.28175735473633,5,5,0,-1.4999999701976776,11.999999767620466,1
Qwen/Qwen2.5-7B-Instruct,numeral_noun_0012,numeral_noun,2-4 + nom.pl,-43.55411911010742,-52.51640319824219,16,16,1,14.000000360887498,13.749999881034455,1
Qwen/Qwen2.5-7B-Instruct,numeral_noun_0013,numeral_noun,2-4 + nom.pl,-48.992431640625,-46.125770568847656,12,12,0,2.624999985098839,4.625000073574483,1
Qwen/Qwen2.5-7B-Instruct,numeral_noun_0014,numeral_noun,2-4 + nom.pl,-36.817935943603516,-27.076705932617188,6,6,0,-13.62499964287781,9.49999977555126,0
Qwen/Qwen2.5-7B-Instruct,numeral_noun_0015,numeral_noun,2-4 + nom.pl,-47.87383270263672,-54.203514099121094,12,12,1,-8.24999959464185,7.6250000558793545,0
Qwen/Qwen2.5-7B-Instruct,numeral_noun_0016,numeral_noun,2-4 + nom.pl,-41.06874084472656,-41.38685989379883,7,7,1,0.9999999403953552,11.249999649407982,1
Qwen/Qwen2.5-7B-Instruct,numeral_noun_0017,numeral_noun,2-4 + nom.pl,-47.35663986206055,-51.73230743408203,12,11,1,-11.499999681225745,13.500000360225386,1
Qwen/Qwen2.5-7B-Instruct,numeral_noun_0018,numeral_noun,2-4 + nom.pl,-49.45599365234375,-45.70111846923828,7,7,0,-8.124999959894922,10.375000241685484,1
Qwen/Qwen2.5-7B-Instruct,numeral_noun_0019,numeral_noun,2-4 + nom.pl,-44.78190612792969,-43.135032653808594,13,13,0,-9.874999888605089,8.124999979569111,0
Qwen/Qwen2.5-7B-Instruct,numeral_noun_0020,numeral_noun,2-4 + nom.pl,-44.57783508300781,-43.77588653564453,7,7,0,-11.750000000654836,11.50000024063047,0
Qwen/Qwen2.5-7B-Instruct,numeral_noun_0021,numeral_noun,2-4 + nom.pl,-51.496009826660156,-49.792755126953125,9,9,0,-12.500000119642209,-2.500000014901161,0
Qwen/Qwen2.5-7B-Instruct,numeral_noun_0022,numeral_noun,2-4 + nom.pl,-42.214412689208984,-38.811153411865234,5,5,0,3.5000000316649675,11.375000012529199,1
Qwen/Qwen2.5-7B-Instruct,numeral_noun_0023,numeral_noun,2-4 + nom.pl,-34.91981506347656,-38.53314208984375,10,10,1,13.50000000570435,12.750000000494765,1
Qwen/Qwen2.5-7B-Instruct,numeral_noun_0024,numeral_noun,2-4 + nom.pl,-41.873878479003906,-41.427513122558594,9,9,0,-11.875000239637302,11.750000361615093,0
Qwen/Qwen2.5-7B-Instruct,numeral_noun_0025,numeral_noun,2-4 + nom.pl,-49.61674118041992,-52.49913024902344,11,11,1,13.74999964403105,11.249999886109435,1
Qwen/Qwen2.5-7B-Instruct,numeral_noun_0026,numeral_noun,2-4 + nom.pl,-45.19111251831055,-44.74635696411133,12,12,0,-12.999999882966222,14.125000121894118,1
Qwen/Qwen2.5-7B-Instruct,numeral_noun_0027,numeral_noun,2-4 + nom.pl,-46.61798095703125,-44.234336853027344,10,10,0,-13.374999762025254,8.87500025978079,0
Qwen/Qwen2.5-7B-Instruct,numeral_noun_0028,numeral_noun,2-4 + nom.pl,-47.15301513671875,-51.35944366455078,10,9,1,-8.374999713443685,11.62499976415711,1
Qwen/Qwen2.5-7B-Instruct,numeral_noun_0029,numeral_noun,2-4 + nom.pl,-44.75248336791992,-43.73552703857422,7,7,0,-9.249999772262527,-10.249999767831468,0
Qwen/Qwen2.5-7B-Instruct,numeral_noun_0030,numeral_noun,2-4 + nom.pl,-50.67308044433594,-55.627803802490234,16,16,1,14.37500024063047,12.875000239288056,1
Qwen/Qwen2.5-7B-Instruct,numeral_noun_0031,numeral_noun,2-4 + nom.pl,-26.604297637939453,-29.552989959716797,11,9,1,0.125,6.999999781721272,1
Qwen/Qwen2.5-7B-Instruct,numeral_noun_0032,numeral_noun,2-4 + nom.pl,-52.148799896240234,-51.79436492919922,10,10,0,6.7500001199077815,9.37500036766869,1
Qwen/Qwen2.5-7B-Instruct,numeral_noun_0033,numeral_noun,2-4 + nom.pl,-46.638671875,-49.587249755859375,10,10,1,-12.874999642939656,13.249999523737642,1
Qwen/Qwen2.5-7B-Instruct,numeral_noun_0034,numeral_noun,2-4 + nom.pl,-58.915802001953125,-57.23691177368164,13,13,0,-9.500000365500455,8.750000386644388,0
Qwen/Qwen2.5-7B-Instruct,numeral_noun_0035,numeral_noun,2-4 + nom.pl,-38.71516418457031,-39.807945251464844,13,13,1,5.874999895924702,7.999999827065039,1
Qwen/Qwen2.5-7B-Instruct,numeral_noun_0036,numeral_noun,2-4 + nom.pl,-48.03098678588867,-48.4716911315918,10,10,1,-8.74999990282231,4.000000169500709,0
Qwen/Qwen2.5-7B-Instruct,numeral_noun_0037,numeral_noun,2-4 + nom.pl,-44.33976745605469,-49.40655517578125,13,13,1,-0.375,9.00000038118742,1
Qwen/Qwen2.5-7B-Instruct,numeral_noun_0038,numeral_noun,2-4 + nom.pl,-50.64055633544922,-54.05877685546875,16,16,1,-9.75000024538167,8.999999546489562,0
Qwen/Qwen2.5-7B-Instruct,numeral_noun_0039,numeral_noun,2-4 + nom.pl,-37.21889877319336,-39.54453659057617,8,7,1,-13.624999762145308,11.375000122112397,0
Qwen/Qwen2.5-7B-Instruct,numeral_noun_0040,numeral_noun,2-4 + nom.pl,-51.066139221191406,-50.52690505981445,12,12,0,-13.250000000465661,12.624999524614395,0
Qwen/Qwen2.5-7B-Instruct,numeral_noun_0041,numeral_noun,2-4 + nom.pl,-49.65052795410156,-51.30928039550781,10,10,1,-11.249999763018423,10.875000121624907,0
Qwen/Qwen2.5-7B-Instruct,numeral_noun_0042,numeral_noun,2-4 + nom.pl,-49.45454025268555,-50.574676513671875,12,12,1,-13.374999642737748,11.499999887244485,0
Qwen/Qwen2.5-7B-Instruct,numeral_noun_0043,numeral_noun,2-4 + nom.pl,-55.974422454833984,-57.321044921875,13,13,1,0.5,0.9999999701976776,1
Qwen/Qwen2.5-7B-Instruct,numeral_noun_0044,numeral_noun,2-4 + nom.pl,-42.43329620361328,-42.87163543701172,9,9,1,-13.250000358173565,14.624999762025254,1
Qwen/Qwen2.5-7B-Instruct,numeral_noun_0045,numeral_noun,2-4 + nom.pl,-50.15470886230469,-53.25456237792969,13,13,1,-1.7499999403953552,11.000000121894118,1
Qwen/Qwen2.5-7B-Instruct,numeral_noun_0046,numeral_noun,2-4 + nom.pl,-50.943321228027344,-46.575904846191406,9,9,0,-10.00000024176552,8.375000171421561,0
Qwen/Qwen2.5-7B-Instruct,numeral_noun_0047,numeral_noun,2-4 + nom.pl,-39.98765563964844,-40.60615539550781,12,12,1,-13.500000358053512,8.750000029336661,0
Qwen/Qwen2.5-7B-Instruct,numeral_noun_0048,numeral_noun,2-4 + nom.pl,-42.701778411865234,-49.18574523925781,13,13,1,13.875000003361492,12.500000238696884,1
Qwen/Qwen2.5-7B-Instruct,numeral_noun_0049,numeral_noun,2-4 + nom.pl,-48.84734344482422,-48.7828254699707,9,9,0,8.374999708496034,11.875000244508556,1
Qwen/Qwen2.5-7B-Instruct,numeral_noun_0050,numeral_noun,2-4 + nom.pl,-45.923824310302734,-44.915000915527344,7,7,0,-9.499999889347237,-0.375,0
Qwen/Qwen2.5-7B-Instruct,numeral_noun_0051,numeral_noun,2-4 + nom.pl,-41.96754455566406,-41.3554573059082,10,10,0,-11.374999525491148,12.374999882660632,1
Qwen/Qwen2.5-7B-Instruct,numeral_noun_0052,numeral_noun,2-4 + nom.pl,-45.8834228515625,-49.75820541381836,14,14,1,-7.625000129104592,11.624999886109435,1
Qwen/Qwen2.5-7B-Instruct,numeral_noun_0053,numeral_noun,2-4 + nom.pl,-45.96872329711914,-47.32776641845703,15,15,1,-7.49999993032543,9.87499978186679,1
Qwen/Qwen2.5-7B-Instruct,numeral_noun_0054,numeral_noun,2-4 + nom.pl,-47.47114562988281,-48.02941131591797,7,7,1,-13.250000119671313,12.125000001047738,0
Qwen/Qwen2.5-7B-Instruct,numeral_noun_0055,numeral_noun,2-4 + nom.pl,-37.88539123535156,-41.001258850097656,12,12,1,-7.625000215484761,-5.874999891966581,0
Qwen/Qwen2.5-7B-Instruct,numeral_noun_0056,numeral_noun,2-4 + nom.pl,-53.81243896484375,-55.407806396484375,10,10,1,6.24999998928979,9.749999647618097,1
Qwen/Qwen2.5-7B-Instruct,numeral_noun_0057,numeral_noun,2-4 + nom.pl,-50.647918701171875,-52.752197265625,10,10,1,5.624999894062057,10.374999763764208,1
Qwen/Qwen2.5-7B-Instruct,numeral_noun_0058,numeral_noun,2-4 + nom.pl,-38.26997375488281,-37.155784606933594,9,7,0,-10.374999764659151,-4.500000096857548,0
Qwen/Qwen2.5-7B-Instruct,numeral_noun_0059,numeral_noun,2-4 + nom.pl,-47.50041198730469,-48.35701370239258,8,8,1,11.750000003521563,12.250000124899088,1
Qwen/Qwen2.5-7B-Instruct,numeral_noun_0060,numeral_noun,2-4 + nom.pl,-43.454689025878906,-38.29669189453125,11,11,0,-12.249999762116204,7.625000042899046,0
Qwen/Qwen2.5-7B-Instruct,numeral_noun_0061,numeral_noun,2-4 + nom.pl,-25.938634872436523,-20.704757690429688,8,6,0,-11.624999762116204,7.499999945284799,0
Qwen/Qwen2.5-7B-Instruct,numeral_noun_0062,numeral_noun,2-4 + nom.pl,-43.78437042236328,-52.181270599365234,12,11,1,-12.750000357975296,9.37499953864608,0
Qwen/Qwen2.5-7B-Instruct,numeral_noun_0063,numeral_noun,2-4 + nom.pl,-48.030181884765625,-50.16961669921875,13,13,1,-6.124999989988282,8.250000310712494,1
Qwen/Qwen2.5-7B-Instruct,numeral_noun_0064,numeral_noun,2-4 + nom.pl,-47.82954406738281,-48.705833435058594,9,9,1,-10.62500000174623,2.875000022351742,0
Qwen/Qwen2.5-7B-Instruct,numeral_noun_0065,numeral_noun,2-4 + nom.pl,-46.057315826416016,-45.864906311035156,10,10,0,-11.625000239884685,9.999999646686774,0
Qwen/Qwen2.5-7B-Instruct,numeral_noun_0066,numeral_noun,2-4 + nom.pl,-45.38496398925781,-44.9304313659668,10,10,0,-10.500000360734703,4.875000103376806,0
Qwen/Qwen2.5-7B-Instruct,numeral_noun_0067,numeral_noun,2-4 + nom.pl,-42.24950408935547,-43.37783432006836,12,12,1,-14.124999762247171,14.74999988167474,1
Qwen/Qwen2.5-7B-Instruct,numeral_noun_0068,numeral_noun,2-4 + nom.pl,-26.33681869506836,-20.846155166625977,8,6,0,-9.2499997713021,6.749999847030267,0
Qwen/Qwen2.5-7B-Instruct,numeral_noun_0069,numeral_noun,2-4 + nom.pl,-52.14222717285156,-56.91008758544922,13,12,1,-12.624999642765033,12.124999882027623,0
Qwen/Qwen2.5-7B-Instruct,numeral_noun_0070,numeral_noun,2-4 + nom.pl,-38.75830841064453,-46.83540344238281,13,13,1,11.375000006992195,13.375000238720531,1
Qwen/Qwen2.5-7B-Instruct,numeral_noun_0071,numeral_noun,2-4 + nom.pl,-48.34706497192383,-50.00585174560547,15,15,1,-10.749999882660632,8.374999602034222,0
Qwen/Qwen2.5-7B-Instruct,numeral_noun_0072,numeral_noun,2-4 + nom.pl,-45.816749572753906,-48.06877899169922,13,13,1,-6.000000193016604,8.875000285770511,1
Qwen/Qwen2.5-7B-Instruct,numeral_noun_0073,numeral_noun,2-4 + nom.pl,-50.2462158203125,-49.919654846191406,12,12,0,-7.625000182422809,7.624999819032382,0
Qwen/Qwen2.5-7B-Instruct,numeral_noun_0074,numeral_noun,2-4 + nom.pl,-49.812679290771484,-50.28282928466797,12,12,1,-8.749999904248398,12.00000023973189,1
Qwen/Qwen2.5-7B-Instruct,numeral_noun_0075,numeral_noun,2-4 + nom.pl,-49.652034759521484,-46.98016357421875,7,7,0,3.499999973922968,12.000000239455403,1
Qwen/Qwen2.5-7B-Instruct,numeral_noun_0076,numeral_noun,2-4 + nom.pl,-51.62775421142578,-51.333106994628906,10,10,0,7.3750000625732355,12.625000242762326,1
Qwen/Qwen2.5-7B-Instruct,numeral_noun_0077,numeral_noun,2-4 + nom.pl,-51.36979675292969,-46.8732795715332,9,9,0,-11.374999524105078,6.7499997994164005,0
Qwen/Qwen2.5-7B-Instruct,numeral_noun_0078,numeral_noun,2-4 + nom.pl,-54.486507415771484,-53.768558502197266,10,10,0,-0.5,-0.125,0
Qwen/Qwen2.5-7B-Instruct,numeral_noun_0079,numeral_noun,2-4 + nom.pl,-46.567684173583984,-47.812416076660156,11,11,1,-3.6249998938292265,13.749999524323357,1
Qwen/Qwen2.5-7B-Instruct,numeral_noun_0080,numeral_noun,2-4 + nom.pl,-38.83725357055664,-25.946807861328125,8,8,0,-14.250000238967914,9.500000248619472,0
Qwen/Qwen2.5-7B-Instruct,numeral_noun_0081,numeral_noun,2-4 + nom.pl,-48.56498718261719,-45.81449890136719,8,8,0,0.375,11.375000121181074,1
Qwen/Qwen2.5-7B-Instruct,numeral_noun_0082,numeral_noun,2-4 + nom.pl,-59.7544059753418,-60.57542419433594,11,11,1,-0.8749999701976776,10.249999647043296,1
Qwen/Qwen2.5-7B-Instruct,numeral_noun_0083,numeral_noun,2-4 + nom.pl,-43.97203063964844,-43.80699920654297,12,12,0,-13.000000358239049,-0.75,0
Qwen/Qwen2.5-7B-Instruct,numeral_noun_0084,numeral_noun,2-4 + nom.pl,-48.03731155395508,-51.646785736083984,12,11,1,-1.1250000298023224,5.374999923165888,1
Qwen/Qwen2.5-7B-Instruct,numeral_noun_0085,numeral_noun,2-4 + nom.pl,-52.39063262939453,-49.938446044921875,11,11,0,-11.000000240266672,7.374999941617716,0
Qwen/Qwen2.5-7B-Instruct,numeral_noun_0086,numeral_noun,2-4 + nom.pl,-51.74890899658203,-45.798458099365234,7,7,0,-13.37500023879511,-0.375,0
Qwen/Qwen2.5-7B-Instruct,numeral_noun_0087,numeral_noun,2-4 + nom.pl,-39.8814582824707,-39.733787536621094,9,9,0,-12.125000360094418,10.749999663850758,0
Qwen/Qwen2.5-7B-Instruct,numeral_noun_0088,numeral_noun,2-4 + nom.pl,-52.56322479248047,-48.087791442871094,9,9,0,-3.375000085681677,6.499999966938049,1
Qwen/Qwen2.5-7B-Instruct,numeral_noun_0089,numeral_noun,2-4 + nom.pl,-47.80072784423828,-45.590118408203125,8,8,0,-12.125000358661055,11.87500012012606,0
Qwen/Qwen2.5-7B-Instruct,numeral_noun_0090,numeral_noun,2-4 + nom.pl,-47.78931427001953,-53.47419738769531,15,14,1,-8.75000000570435,12.500000369065674,1
Qwen/Qwen2.5-7B-Instruct,numeral_noun_0091,numeral_noun,2-4 + nom.pl,-46.857059478759766,-45.29770278930664,10,10,0,4.7499998630955815,8.125000092870323,1
Qwen/Qwen2.5-7B-Instruct,numeral_noun_0092,numeral_noun,2-4 + nom.pl,-53.27661895751953,-54.6325569152832,16,16,1,-10.37499952656799,9.250000377607648,0
Qwen/Qwen2.5-7B-Instruct,numeral_noun_0093,numeral_noun,2-4 + nom.pl,-49.59406661987305,-48.857574462890625,10,10,0,-12.124999642939656,12.000000358933903,0
Qwen/Qwen2.5-7B-Instruct,numeral_noun_0094,numeral_noun,2-4 + nom.pl,-50.46359634399414,-51.08629608154297,10,10,1,13.250000359086698,11.625000123050995,1
Qwen/Qwen2.5-7B-Instruct,numeral_noun_0095,numeral_noun,2-4 + nom.pl,-36.41948699951172,-27.657255172729492,5,5,0,-14.124999642688636,12.625000238967914,0
Qwen/Qwen2.5-7B-Instruct,numeral_noun_0096,numeral_noun,2-4 + nom.pl,-42.1644287109375,-48.147308349609375,13,13,1,14.87499952664075,10.749999762971129,1
Qwen/Qwen2.5-7B-Instruct,numeral_noun_0097,numeral_noun,2-4 + nom.pl,-49.9927978515625,-55.30211639404297,13,12,1,-10.250000009298674,12.125000002422894,1
Qwen/Qwen2.5-7B-Instruct,numeral_noun_0098,numeral_noun,2-4 + nom.pl,-52.865814208984375,-53.42457580566406,12,12,1,8.000000091240508,6.375000084284693,1
Qwen/Qwen2.5-7B-Instruct,numeral_noun_0099,numeral_noun,2-4 + nom.pl,-50.894493103027344,-52.75728988647461,12,11,1,0.6249999403953552,11.249999644314812,1
Qwen/Qwen2.5-7B-Instruct,numeral_noun_0100,numeral_noun,2-4 + nom.pl,-51.87552261352539,-53.7142333984375,13,13,1,-10.624999645609932,11.250000122723577,1
Qwen/Qwen2.5-7B-Instruct,numeral_noun_0101,numeral_noun,2-4 + nom.pl,-46.585933685302734,-50.53894805908203,12,12,1,4.2499998807907104,11.499999884821591,1
Qwen/Qwen2.5-7B-Instruct,numeral_noun_0102,numeral_noun,2-4 + nom.pl,-44.594993591308594,-43.41477584838867,9,9,0,-11.249999763640517,12.374999763822416,1
Qwen/Qwen2.5-7B-Instruct,numeral_noun_0103,numeral_noun,2-4 + nom.pl,-49.053443908691406,-49.684906005859375,11,11,1,-11.750000240957888,11.999999883781129,1
Qwen/Qwen2.5-7B-Instruct,numeral_noun_0104,numeral_noun,2-4 + nom.pl,-54.07352828979492,-55.6778564453125,8,8,1,-1.2500000298023224,3.375000111758709,1
Qwen/Qwen2.5-7B-Instruct,numeral_noun_0105,numeral_noun,2-4 + nom.pl,-36.60456085205078,-32.83320617675781,5,5,0,-4.500000039115548,12.625000001047738,1
Qwen/Qwen2.5-7B-Instruct,numeral_noun_0106,numeral_noun,2-4 + nom.pl,-47.16839599609375,-45.615211486816406,8,8,0,-12.87499964287781,13.25000011951306,1
Qwen/Qwen2.5-7B-Instruct,numeral_noun_0107,numeral_noun,2-4 + nom.pl,-38.117496490478516,-39.205135345458984,6,6,1,11.000000131127308,14.249999881101758,1
Qwen/Qwen2.5-7B-Instruct,numeral_noun_0108,numeral_noun,2-4 + nom.pl,-50.42020797729492,-46.318389892578125,9,9,0,7.875000138243195,7.749999774852768,1
Qwen/Qwen2.5-7B-Instruct,numeral_noun_0109,numeral_noun,2-4 + nom.pl,-57.59808349609375,-51.529754638671875,10,10,0,-11.375000001375156,7.374999790918082,0
Qwen/Qwen2.5-7B-Instruct,numeral_noun_0110,numeral_noun,2-4 + nom.pl,-45.13983917236328,-42.059730529785156,8,8,0,-2.124999910593033,5.124999874271452,1
Qwen/Qwen2.5-7B-Instruct,numeral_noun_0111,numeral_noun,2-4 + nom.pl,-36.99446105957031,-45.54917526245117,12,12,1,13.999999765124812,12.249999761919753,1
Qwen/Qwen2.5-7B-Instruct,numeral_noun_0112,numeral_noun,2-4 + nom.pl,-41.334938049316406,-36.2251091003418,8,7,0,-11.999999523908627,12.87500000113505,1
Qwen/Qwen2.5-7B-Instruct,numeral_noun_0113,numeral_noun,2-4 + nom.pl,-54.269065856933594,-53.1692008972168,13,13,0,-11.50000012012606,-2.8749999701976776,0
Qwen/Qwen2.5-7B-Instruct,numeral_noun_0114,numeral_noun,2-4 + nom.pl,-51.41206359863281,-53.6865348815918,10,10,1,-10.00000000687578,11.375000239986548,1
Qwen/Qwen2.5-7B-Instruct,numeral_noun_0115,numeral_noun,2-4 + nom.pl,-49.204315185546875,-51.85646438598633,12,11,1,-6.375000121071935,10.875000359410478,1
Qwen/Qwen2.5-7B-Instruct,numeral_noun_0116,numeral_noun,2-4 + nom.pl,-29.21782684326172,-27.881759643554688,8,8,0,14.000000122883648,13.250000000409273,1
Qwen/Qwen2.5-7B-Instruct,numeral_noun_0117,numeral_noun,2-4 + nom.pl,-48.68684768676758,-49.842376708984375,12,12,1,12.8749997638879,9.37499967913027,1
Qwen/Qwen2.5-7B-Instruct,numeral_noun_0118,numeral_noun,2-4 + nom.pl,-45.33074188232422,-44.69342803955078,7,7,0,-12.750000239328074,9.624999533058144,0
Qwen/Qwen2.5-7B-Instruct,numeral_noun_0119,numeral_noun,2-4 + nom.pl,-49.03101348876953,-55.749107360839844,15,14,1,-11.37500000113505,8.750000267697033,0
Qwen/Qwen2.5-7B-Instruct,numeral_noun_0120,numeral_noun,2-4 + nom.pl,-41.63506317138672,-38.18168640136719,7,7,0,-13.749999523770384,10.374999887462764,0
Qwen/Qwen2.5-7B-Instruct,numeral_noun_0121,numeral_noun,2-4 + nom.pl,-27.902137756347656,-29.426868438720703,8,8,1,13.875000242762326,14.499999642561306,1
Qwen/Qwen2.5-7B-Instruct,numeral_noun_0122,numeral_noun,2-4 + nom.pl,-39.9769401550293,-41.31554412841797,6,6,1,14.249999764586391,14.124999882435077,1
Qwen/Qwen2.5-7B-Instruct,numeral_noun_0123,numeral_noun,2-4 + nom.pl,-44.241455078125,-44.494850158691406,8,8,1,-11.750000003288733,11.249999645457137,0
Qwen/Qwen2.5-7B-Instruct,numeral_noun_0124,numeral_noun,2-4 + nom.pl,-49.128013610839844,-47.21303176879883,11,11,0,-11.62499976239269,-1.4999999552965164,0
Qwen/Qwen2.5-7B-Instruct,numeral_noun_0125,numeral_noun,2-4 + nom.pl,-49.7448616027832,-53.455230712890625,10,10,1,-6.749999782536179,11.49999964475137,1
Qwen/Qwen2.5-7B-Instruct,numeral_noun_0126,numeral_noun,2-4 + nom.pl,-46.9689826965332,-46.74716567993164,10,10,0,-10.750000240208465,6.125000074505806,0
Qwen/Qwen2.5-7B-Instruct,numeral_noun_0127,numeral_noun,2-4 + nom.pl,-49.1982307434082,-46.120506286621094,9,9,0,3.0000000596046448,8.625000048312359,1
Qwen/Qwen2.5-7B-Instruct,numeral_noun_0128,numeral_noun,2-4 + nom.pl,-54.753761291503906,-54.08363342285156,8,8,0,11.37500036223355,12.750000358206307,1
Qwen/Qwen2.5-7B-Instruct,numeral_noun_0129,numeral_noun,2-4 + nom.pl,-48.899925231933594,-49.630882263183594,11,11,1,-11.124999525294697,12.500000239590008,1
Qwen/Qwen2.5-7B-Instruct,numeral_noun_0130,numeral_noun,2-4 + nom.pl,-51.163665771484375,-50.100341796875,11,11,0,5.87500009755604,9.875000004729372,1
Qwen/Qwen2.5-7B-Instruct,numeral_noun_0131,numeral_noun,2-4 + nom.pl,-54.83496856689453,-53.25341796875,14,14,0,-9.874999887353624,9.625000247819116,0
Qwen/Qwen2.5-7B-Instruct,numeral_noun_0132,numeral_noun,2-4 + nom.pl,-43.0368537902832,-47.202857971191406,12,11,1,-14.250000238769644,13.9999996430779,0
Qwen/Qwen2.5-7B-Instruct,numeral_noun_0133,numeral_noun,2-4 + nom.pl,-59.89115905761719,-59.17193603515625,8,8,0,-8.374999574647518,11.250000001920853,1
Qwen/Qwen2.5-7B-Instruct,numeral_noun_0134,numeral_noun,2-4 + nom.pl,-46.31710433959961,-48.5408935546875,12,12,1,-8.499999676598236,9.999999765881512,1
Qwen/Qwen2.5-7B-Instruct,numeral_noun_0135,numeral_noun,2-4 + nom.pl,-50.216209411621094,-49.657257080078125,10,10,0,-12.625000000381988,1.2499999701976776,0
Qwen/Qwen2.5-7B-Instruct,numeral_noun_0136,numeral_noun,2-4 + nom.pl,-46.687965393066406,-46.52999496459961,10,10,0,-9.624999530322384,-12.24999988431955,0
Qwen/Qwen2.5-7B-Instruct,numeral_noun_0137,numeral_noun,2-4 + nom.pl,-61.089046478271484,-59.61958312988281,8,8,0,-5.000000046100467,10.125000361615093,1
Qwen/Qwen2.5-7B-Instruct,numeral_noun_0138,numeral_noun,2-4 + nom.pl,-49.164222717285156,-46.27153015136719,7,7,0,-12.874999643150659,2.000000014901161,0
Qwen/Qwen2.5-7B-Instruct,numeral_noun_0139,numeral_noun,2-4 + nom.pl,-32.879310607910156,-35.551536560058594,8,8,1,15.312499644314812,13.750000358792022,1
Qwen/Qwen2.5-7B-Instruct,numeral_noun_0140,numeral_noun,2-4 + nom.pl,-42.749244689941406,-47.447654724121094,11,10,1,-13.374999882435077,14.000000121304765,1
Qwen/Qwen2.5-7B-Instruct,numeral_noun_0141,numeral_noun,2-4 + nom.pl,-39.3347053527832,-40.97403335571289,12,10,1,2.2500001192092896,1.7499999552965164,1
Qwen/Qwen2.5-7B-Instruct,numeral_noun_0142,numeral_noun,2-4 + nom.pl,-42.40140151977539,-44.123878479003906,10,9,1,-12.750000001426088,11.875000359643309,0
Qwen/Qwen2.5-7B-Instruct,numeral_noun_0143,numeral_noun,2-4 + nom.pl,-38.34406661987305,-36.78696060180664,8,8,0,-13.750000357975296,12.874999643572664,0
Qwen/Qwen2.5-7B-Instruct,numeral_noun_0144,numeral_noun,2-4 + nom.pl,-51.61773681640625,-54.837669372558594,9,9,1,-10.375000122330675,11.750000239248038,1
Qwen/Qwen2.5-7B-Instruct,numeral_noun_0145,numeral_noun,2-4 + nom.pl,-35.83688735961914,-24.838958740234375,5,5,0,-13.875000001091394,-14.25000024176552,0
Qwen/Qwen2.5-7B-Instruct,numeral_noun_0146,numeral_noun,2-4 + nom.pl,-58.357643127441406,-52.87178421020508,11,11,0,-10.499999763822416,4.374999995343387,0
Qwen/Qwen2.5-7B-Instruct,numeral_noun_0147,numeral_noun,2-4 + nom.pl,-44.430885314941406,-43.77881622314453,7,7,0,-11.000000120784534,12.125000001527951,1
Qwen/Qwen2.5-7B-Instruct,numeral_noun_0148,numeral_noun,2-4 + nom.pl,-50.99201965332031,-49.493167877197266,14,14,0,-10.625000121006451,6.625000136322342,0
Qwen/Qwen2.5-7B-Instruct,numeral_noun_0149,numeral_noun,2-4 + nom.pl,-45.32279586791992,-46.66111755371094,10,10,1,7.874999801628292,10.49999952766666,1
Qwen/Qwen2.5-7B-Instruct,numeral_noun_0150,numeral_noun,5+ + gen.pl,-52.138633728027344,-57.489280700683594,14,12,1,7.374999797204509,8.74999978870619,1
Qwen/Qwen2.5-7B-Instruct,numeral_noun_0151,numeral_noun,5+ + gen.pl,-48.82795715332031,-56.81768035888672,14,12,1,-2.124999977648258,11.375000359086698,1
Qwen/Qwen2.5-7B-Instruct,numeral_noun_0152,numeral_noun,5+ + gen.pl,-51.910030364990234,-57.435569763183594,14,12,1,-4.500000092200935,10.249999645027856,1
Qwen/Qwen2.5-7B-Instruct,numeral_noun_0153,numeral_noun,5+ + gen.pl,-48.14567565917969,-54.410919189453125,12,11,1,-1.6249999850988388,11.000000003288733,1
Qwen/Qwen2.5-7B-Instruct,numeral_noun_0154,numeral_noun,5+ + gen.pl,-51.59528350830078,-59.715633392333984,16,15,1,-5.99999999627471,10.500000124113285,1
Qwen/Qwen2.5-7B-Instruct,numeral_noun_0155,numeral_noun,5+ + gen.pl,-51.98856735229492,-57.52311706542969,16,15,1,-0.6250000596046448,13.625000358239049,1
Qwen/Qwen2.5-7B-Instruct,numeral_noun_0156,numeral_noun,5+ + gen.pl,-41.0472412109375,-54.52233123779297,10,9,1,-7.624999966996256,14.750000119469405,1
Qwen/Qwen2.5-7B-Instruct,numeral_noun_0157,numeral_noun,5+ + gen.pl,-56.5665283203125,-58.50939178466797,15,14,1,8.374999711668352,4.12500018440187,1
Qwen/Qwen2.5-7B-Instruct,numeral_noun_0158,numeral_noun,5+ + gen.pl,-52.91706848144531,-57.491336822509766,14,12,1,6.7500000088475645,12.50000012043165,1
Qwen/Qwen2.5-7B-Instruct,numeral_noun_0159,numeral_noun,5+ + gen.pl,-46.33662414550781,-51.51264190673828,11,10,1,11.625000008527422,13.749999763698725,1
Qwen/Qwen2.5-7B-Instruct,numeral_noun_0160,numeral_noun,5+ + gen.pl,-44.465152740478516,-49.081180572509766,15,14,1,-10.25000012449891,12.875000120679033,1
Qwen/Qwen2.5-7B-Instruct,numeral_noun_0161,numeral_noun,5+ + gen.pl,-56.63307571411133,-60.56916046142578,15,14,1,-11.499999767009285,10.124999535619281,0
Qwen/Qwen2.5-7B-Instruct,numeral_noun_0162,numeral_noun,5+ + gen.pl,-51.45063018798828,-59.065452575683594,15,14,1,8.625000046566129,13.12499976228355,1
Qwen/Qwen2.5-7B-Instruct,numeral_noun_0163,numeral_noun,5+ + gen.pl,-42.45133972167969,-50.38417053222656,12,11,1,9.250000149681,12.874999881452823,1
Qwen/Qwen2.5-7B-Instruct,numeral_noun_0164,numeral_noun,5+ + gen.pl,-50.37195587158203,-55.499549865722656,14,12,1,6.249999794876203,2.875000048428774,1
Qwen/Qwen2.5-7B-Instruct,numeral_noun_0165,numeral_noun,5+ + gen.pl,-52.29664611816406,-57.493167877197266,14,13,1,-10.000000367144821,12.99999976199797,1
Qwen/Qwen2.5-7B-Instruct,numeral_noun_0166,numeral_noun,5+ + gen.pl,-40.0748291015625,-43.04571533203125,8,7,1,15.125000122112397,10.125000015221303,1
Qwen/Qwen2.5-7B-Instruct,numeral_noun_0167,numeral_noun,5+ + gen.pl,-54.615089416503906,-61.49503707885742,13,11,1,-5.750000124797225,12.12500023884786,1
Qwen/Qwen2.5-7B-Instruct,numeral_noun_0168,numeral_noun,5+ + gen.pl,-38.63816452026367,-41.600154876708984,11,10,1,10.12500001078297,14.750000000763976,1
Qwen/Qwen2.5-7B-Instruct,numeral_noun_0169,numeral_noun,5+ + gen.pl,-52.723594665527344,-59.24885559082031,16,14,1,-1.5000000149011612,1.3749999552965164,0
Qwen/Qwen2.5-7B-Instruct,numeral_noun_0170,numeral_noun,5+ + gen.pl,-42.61247253417969,-47.85984802246094,11,10,1,-7.5000000793952495,11.124999645689968,1
Qwen/Qwen2.5-7B-Instruct,numeral_noun_0171,numeral_noun,5+ + gen.pl,-52.44287872314453,-63.453060150146484,18,17,1,-8.000000316620572,12.12500023910252,1
Qwen/Qwen2.5-7B-Instruct,numeral_noun_0172,numeral_noun,5+ + gen.pl,-51.096866607666016,-54.222049713134766,10,9,1,12.500000121828634,13.249999881634722,1
Qwen/Qwen2.5-7B-Instruct,numeral_noun_0173,numeral_noun,5+ + gen.pl,-51.3602409362793,-55.21759033203125,10,9,1,11.12499952748476,12.875000000800355,1
Qwen/Qwen2.5-7B-Instruct,numeral_noun_0174,numeral_noun,5+ + gen.pl,-44.82493591308594,-52.40721893310547,12,11,1,10.000000009167707,12.500000000654836,1
Qwen/Qwen2.5-7B-Instruct,numeral_noun_0175,numeral_noun,5+ + gen.pl,-58.07526779174805,-61.98434066772461,17,16,1,-11.12500026433554,12.249999649866368,1
Qwen/Qwen2.5-7B-Instruct,numeral_noun_0176,numeral_noun,5+ + gen.pl,-41.648292541503906,-49.87799072265625,12,10,1,-12.249999763178494,13.375000239000656,1
Qwen/Qwen2.5-7B-Instruct,numeral_noun_0177,numeral_noun,5+ + gen.pl,-41.508941650390625,-44.54485321044922,8,7,1,9.00000004802132,14.000000358340912,1
Qwen/Qwen2.5-7B-Instruct,numeral_noun_0178,numeral_noun,5+ + gen.pl,-52.39020538330078,-57.95259475708008,13,12,1,-11.125000121304765,7.62499981088331,0
Qwen/Qwen2.5-7B-Instruct,numeral_noun_0179,numeral_noun,5+ + gen.pl,-43.219886779785156,-53.30329895019531,15,14,1,-7.124999907100573,13.499999524276063,1
Qwen/Qwen2.5-7B-Instruct,numeral_noun_0180,numeral_noun,5+ + gen.pl,-45.145912170410156,-53.6215705871582,12,11,1,12.24999988473428,9.874999767518602,1
Qwen/Qwen2.5-7B-Instruct,numeral_noun_0181,numeral_noun,5+ + gen.pl,-46.58292007446289,-53.26829528808594,11,10,1,10.124999893800123,-1.125,1
Qwen/Qwen2.5-7B-Instruct,numeral_noun_0182,numeral_noun,5+ + gen.pl,-52.00241470336914,-57.53112030029297,13,12,1,-10.99999988212221,2.0000000447034836,0
Qwen/Qwen2.5-7B-Instruct,numeral_noun_0183,numeral_noun,5+ + gen.pl,-45.41282653808594,-49.823055267333984,12,11,1,12.125000121304765,12.375000000840373,1
Qwen/Qwen2.5-7B-Instruct,numeral_noun_0184,numeral_noun,5+ + gen.pl,-50.912940979003906,-50.89302444458008,14,12,0,1.2500000596046448,12.499999881598342,1
Qwen/Qwen2.5-7B-Instruct,numeral_noun_0185,numeral_noun,5+ + gen.pl,-50.241546630859375,-48.798500061035156,9,8,0,3.2499998919665813,-0.8749999403953552,1
Qwen/Qwen2.5-7B-Instruct,numeral_noun_0186,numeral_noun,5+ + gen.pl,-59.65740966796875,-63.55915832519531,12,10,1,7.874999779800419,9.374999657826265,1
Qwen/Qwen2.5-7B-Instruct,numeral_noun_0187,numeral_noun,5+ + gen.pl,-54.397979736328125,-58.040069580078125,14,12,1,1.5000000298023224,7.249999908264726,1
Qwen/Qwen2.5-7B-Instruct,numeral_noun_0188,numeral_noun,5+ + gen.pl,-46.801185607910156,-55.25343704223633,15,14,1,-8.249999823892722,12.749999881558324,1
Qwen/Qwen2.5-7B-Instruct,numeral_noun_0189,numeral_noun,5+ + gen.pl,-36.625465393066406,-42.254791259765625,8,7,1,-1.0000000298023224,12.999999881558324,1
Qwen/Qwen2.5-7B-Instruct,numeral_noun_0190,numeral_noun,5+ + gen.pl,-45.1872444152832,-56.53961181640625,14,13,1,0.125,-3.8750000912696123,0
Qwen/Qwen2.5-7B-Instruct,numeral_noun_0191,numeral_noun,5+ + gen.pl,-52.710540771484375,-51.987144470214844,11,10,0,10.500000365500455,14.375000119827746,1
Qwen/Qwen2.5-7B-Instruct,numeral_noun_0192,numeral_noun,5+ + gen.pl,-47.58934783935547,-53.51911163330078,12,11,1,12.000000360225386,12.875000000331056,1
Qwen/Qwen2.5-7B-Instruct,numeral_noun_0193,numeral_noun,5+ + gen.pl,-52.28247833251953,-54.26429748535156,12,11,1,-5.875000103609636,10.500000122803613,1
Qwen/Qwen2.5-7B-Instruct,numeral_noun_0194,numeral_noun,5+ + gen.pl,-45.316307067871094,-52.824981689453125,12,11,1,-8.250000436906703,12.62500012043165,1
Qwen/Qwen2.5-7B-Instruct,numeral_noun_0195,numeral_noun,5+ + gen.pl,-43.06289291381836,-49.767696380615234,11,10,1,-13.500000358617399,12.12500000163709,0
Qwen/Qwen2.5-7B-Instruct,numeral_noun_0196,numeral_noun,5+ + gen.pl,-50.180015563964844,-55.091129302978516,15,14,1,-5.875000152271241,13.125000004460162,1
Qwen/Qwen2.5-7B-Instruct,numeral_noun_0197,numeral_noun,5+ + gen.pl,-44.7452278137207,-55.67323303222656,16,15,1,-0.875,6.749999839230441,1
Qwen/Qwen2.5-7B-Instruct,numeral_noun_0198,numeral_noun,5+ + gen.pl,-52.3328857421875,-59.52687454223633,14,13,1,-0.625,11.249999763342203,1
Qwen/Qwen2.5-7B-Instruct,numeral_noun_0199,numeral_noun,5+ + gen.pl,-43.196380615234375,-50.15998077392578,12,11,1,-1.2499999403953552,0.7500000596046448,0
Qwen/Qwen2.5-7B-Instruct,numeral_noun_0200,numeral_noun,5+ + gen.pl,-44.223453521728516,-52.53865051269531,12,11,1,9.625000030966476,14.374999881383701,1
Qwen/Qwen2.5-7B-Instruct,numeral_noun_0201,numeral_noun,5+ + gen.pl,-35.49178695678711,-36.19876480102539,14,13,1,-3.499999988824129,12.25000000163709,1
Qwen/Qwen2.5-7B-Instruct,numeral_noun_0202,numeral_noun,5+ + gen.pl,-53.814720153808594,-60.635986328125,12,11,1,2.8750000409781933,9.749999529441993,1
Qwen/Qwen2.5-7B-Instruct,numeral_noun_0203,numeral_noun,5+ + gen.pl,-49.96844482421875,-59.20831298828125,12,11,1,-1.1250000298023224,12.625000119538527,1
Qwen/Qwen2.5-7B-Instruct,numeral_noun_0204,numeral_noun,5+ + gen.pl,-49.0385627746582,-55.47098922729492,13,11,1,5.750000131083652,13.125000357975296,1
Qwen/Qwen2.5-7B-Instruct,numeral_noun_0205,numeral_noun,5+ + gen.pl,-53.206695556640625,-61.854148864746094,16,14,1,-8.499999850901077,8.374999808787834,0
Qwen/Qwen2.5-7B-Instruct,numeral_noun_0206,numeral_noun,5+ + gen.pl,-48.908416748046875,-57.991127014160156,15,14,1,-10.125000383734005,13.999999762432708,1
Qwen/Qwen2.5-7B-Instruct,numeral_noun_0207,numeral_noun,5+ + gen.pl,-47.091514587402344,-55.523345947265625,12,11,1,11.249999886204023,8.74999978717824,1
Qwen/Qwen2.5-7B-Instruct,numeral_noun_0208,numeral_noun,5+ + gen.pl,-47.83651351928711,-50.70765686035156,10,9,1,3.499999890103936,9.499999652252882,1
Qwen/Qwen2.5-7B-Instruct,numeral_noun_0209,numeral_noun,5+ + gen.pl,-46.44453048706055,-57.695831298828125,10,9,1,12.500000121894118,12.49999952437065,1
Qwen/Qwen2.5-7B-Instruct,numeral_noun_0210,numeral_noun,5+ + gen.pl,-39.05722427368164,-47.08063507080078,13,12,1,-6.624999990104698,8.37500004368485,1
Qwen/Qwen2.5-7B-Instruct,numeral_noun_0211,numeral_noun,5+ + gen.pl,-50.43289566040039,-57.201133728027344,14,13,1,-2.5000001043081284,10.749999645166099,1
Qwen/Qwen2.5-7B-Instruct,numeral_noun_0212,numeral_noun,5+ + gen.pl,-51.56562042236328,-60.937068939208984,15,14,1,-7.999999730527634,3.6249999795109034,0
Qwen/Qwen2.5-7B-Instruct,numeral_noun_0213,numeral_noun,5+ + gen.pl,-50.614051818847656,-57.2144660949707,15,14,1,4.750000232830644,11.749999883155397,1
Qwen/Qwen2.5-7B-Instruct,numeral_noun_0214,numeral_noun,5+ + gen.pl,-46.64992904663086,-56.64244079589844,13,12,1,11.125000361360435,8.749999791441951,1
Qwen/Qwen2.5-7B-Instruct,numeral_noun_0215,numeral_noun,5+ + gen.pl,-48.86716842651367,-53.87321472167969,14,12,1,3.499999960884452,6.125000153668225,1
Qwen/Qwen2.5-7B-Instruct,numeral_noun_0216,numeral_noun,5+ + gen.pl,-49.69450759887695,-58.758445739746094,14,13,1,3.1250000298023224,9.874999647909135,1
Qwen/Qwen2.5-7B-Instruct,numeral_noun_0217,numeral_noun,5+ + gen.pl,-42.8863525390625,-48.038536071777344,14,12,1,1.3750000149011612,12.999999763342203,1
Qwen/Qwen2.5-7B-Instruct,numeral_noun_0218,numeral_noun,5+ + gen.pl,-50.38702392578125,-60.140377044677734,14,13,1,-1.5000000298023224,11.874999763233063,1
Qwen/Qwen2.5-7B-Instruct,numeral_noun_0219,numeral_noun,5+ + gen.pl,-51.578529357910156,-60.32976150512695,15,14,1,-8.62499955331441,10.125000245840056,1
Qwen/Qwen2.5-7B-Instruct,numeral_noun_0220,numeral_noun,5+ + gen.pl,-53.359031677246094,-60.723876953125,14,13,1,4.3750001806765795,11.625000001324224,1
Qwen/Qwen2.5-7B-Instruct,numeral_noun_0221,numeral_noun,5+ + gen.pl,-44.74908447265625,-53.78052520751953,12,11,1,2.375000052154064,13.749999762971129,1
Qwen/Qwen2.5-7B-Instruct,numeral_noun_0222,numeral_noun,5+ + gen.pl,-51.21875762939453,-55.86362838745117,12,11,1,3.5000000447034836,9.999999528918124,1
Qwen/Qwen2.5-7B-Instruct,numeral_noun_0223,numeral_noun,5+ + gen.pl,-47.61247253417969,-51.73675537109375,16,14,1,-1.2500000298023224,11.875000001229637,1
Qwen/Qwen2.5-7B-Instruct,numeral_noun_0224,numeral_noun,5+ + gen.pl,-51.6225700378418,-60.2998046875,13,12,1,4.499999798834324,8.625000394706149,1
Qwen/Qwen2.5-7B-Instruct,numeral_noun_0225,numeral_noun,5+ + gen.pl,-44.90456771850586,-55.80562973022461,15,14,1,-6.124999791150913,8.875000149681,1
Qwen/Qwen2.5-7B-Instruct,numeral_noun_0226,numeral_noun,5+ + gen.pl,-47.98503112792969,-51.28643035888672,10,9,1,5.750000009080395,13.499999762432708,1
Qwen/Qwen2.5-7B-Instruct,numeral_noun_0227,numeral_noun,5+ + gen.pl,-47.40813446044922,-53.957122802734375,15,14,1,5.749999904539436,11.49999964386734,1
Qwen/Qwen2.5-7B-Instruct,numeral_noun_0228,numeral_noun,5+ + gen.pl,-36.20566940307617,-46.04784393310547,13,12,1,4.4999998565763235,11.374999881598342,1
Qwen/Qwen2.5-7B-Instruct,numeral_noun_0229,numeral_noun,5+ + gen.pl,-52.08834457397461,-57.460025787353516,16,14,1,3.624999914318323,13.75000012012606,1
Qwen/Qwen2.5-7B-Instruct,numeral_noun_0230,numeral_noun,5+ + gen.pl,-53.878318786621094,-58.676124572753906,12,11,1,6.3750002139713615,9.749999529551133,1
Qwen/Qwen2.5-7B-Instruct,numeral_noun_0231,numeral_noun,5+ + gen.pl,-49.94847106933594,-56.759124755859375,13,11,1,-7.875000238098437,14.124999881034455,1
Qwen/Qwen2.5-7B-Instruct,numeral_noun_0232,numeral_noun,5+ + gen.pl,-52.970943450927734,-58.84907913208008,14,13,1,4.750000050291419,13.875000120951881,1
Qwen/Qwen2.5-7B-Instruct,numeral_noun_0233,numeral_noun,5+ + gen.pl,-49.88477325439453,-61.085304260253906,12,11,1,-9.499999768268026,13.624999880974428,1
Qwen/Qwen2.5-7B-Instruct,numeral_noun_0234,numeral_noun,5+ + gen.pl,-40.391197204589844,-48.02913284301758,13,12,1,-1.625,12.625000358271791,1
Qwen/Qwen2.5-7B-Instruct,numeral_noun_0235,numeral_noun,5+ + gen.pl,-49.6156005859375,-59.69495391845703,16,15,1,2.8749999068677425,14.374999881383701,1
Qwen/Qwen2.5-7B-Instruct,numeral_noun_0236,numeral_noun,5+ + gen.pl,-52.7770881652832,-63.57835388183594,16,15,1,-7.624999800813384,12.125000239411747,1
Qwen/Qwen2.5-7B-Instruct,numeral_noun_0237,numeral_noun,5+ + gen.pl,-53.388912200927734,-64.10554504394531,14,13,1,-2.250000089406967,12.500000358026227,1
Qwen/Qwen2.5-7B-Instruct,numeral_noun_0238,numeral_noun,5+ + gen.pl,-48.569732666015625,-57.96369934082031,10,9,1,-6.874999963562004,13.124999642972398,1
Qwen/Qwen2.5-7B-Instruct,numeral_noun_0239,numeral_noun,5+ + gen.pl,-45.650238037109375,-52.11383056640625,10,9,1,-5.625000163912773,13.625000358839316,1
Qwen/Qwen2.5-7B-Instruct,numeral_noun_0240,numeral_noun,5+ + gen.pl,-45.627159118652344,-52.65149688720703,13,12,1,-10.374999569001375,13.999999643765477,1
Qwen/Qwen2.5-7B-Instruct,numeral_noun_0241,numeral_noun,5+ + gen.pl,-45.336936950683594,-50.303863525390625,13,11,1,-11.375000240826921,6.125000074505806,0
Qwen/Qwen2.5-7B-Instruct,numeral_noun_0242,numeral_noun,5+ + gen.pl,-50.0609245300293,-54.870582580566406,14,12,1,4.624999830499291,12.999999762210791,1
Qwen/Qwen2.5-7B-Instruct,numeral_noun_0243,numeral_noun,5+ + gen.pl,-40.66222381591797,-43.136539459228516,9,7,1,-5.249999832827598,13.24999976235631,1
Qwen/Qwen2.5-7B-Instruct,numeral_noun_0244,numeral_noun,5+ + gen.pl,-42.156463623046875,-45.70487976074219,12,10,1,-6.999999909312464,13.875000000261934,1
Qwen/Qwen2.5-7B-Instruct,numeral_noun_0245,numeral_noun,5+ + gen.pl,-55.711116790771484,-60.297645568847656,12,10,1,8.000000333267963,10.50000036178244,1
Qwen/Qwen2.5-7B-Instruct,numeral_noun_0246,numeral_noun,5+ + gen.pl,-51.32158279418945,-54.220375061035156,13,12,1,-2.375000089406967,13.000000358239049,1
Qwen/Qwen2.5-7B-Instruct,numeral_noun_0247,numeral_noun,5+ + gen.pl,-43.20862579345703,-51.877105712890625,11,10,1,-12.125000002044544,14.124999762971129,1
Qwen/Qwen2.5-7B-Instruct,numeral_noun_0248,numeral_noun,5+ + gen.pl,-46.021942138671875,-51.74843978881836,11,9,1,-1.0000000596046448,12.999999643765477,1
Qwen/Qwen2.5-7B-Instruct,numeral_noun_0249,numeral_noun,5+ + gen.pl,-43.473995208740234,-47.09589767456055,14,12,1,-8.749999576190021,13.999999881289114,1
Qwen/Qwen2.5-7B-Instruct,numeral_noun_0250,numeral_noun,5+ + gen.pl,-26.716506958007812,-32.70563507080078,11,10,1,5.7500001799780875,10.750000241532689,1
Qwen/Qwen2.5-7B-Instruct,numeral_noun_0251,numeral_noun,5+ + gen.pl,-56.366737365722656,-60.341773986816406,16,14,1,-5.500000056810677,4.624999795109034,0
Qwen/Qwen2.5-7B-Instruct,numeral_noun_0252,numeral_noun,5+ + gen.pl,-51.37775421142578,-54.66836166381836,10,9,1,13.87499988302443,13.87499964343806,1
Qwen/Qwen2.5-7B-Instruct,numeral_noun_0253,numeral_noun,5+ + gen.pl,-42.108436584472656,-48.61424255371094,12,11,1,8.374999692605343,12.125000000763976,1
Qwen/Qwen2.5-7B-Instruct,numeral_noun_0254,numeral_noun,5+ + gen.pl,-39.47611999511719,-45.66348648071289,11,10,1,12.87499952748476,4.124999929219484,1
Qwen/Qwen2.5-7B-Instruct,numeral_noun_0255,numeral_noun,5+ + gen.pl,-44.06736373901367,-42.893157958984375,12,11,0,8.87499968422344,9.999999647814548,1
Qwen/Qwen2.5-7B-Instruct,numeral_noun_0256,numeral_noun,5+ + gen.pl,-54.25682830810547,-63.07807922363281,15,14,1,-10.875000005107722,9.750000370870112,0
Qwen/Qwen2.5-7B-Instruct,numeral_noun_0257,numeral_noun,5+ + gen.pl,-50.97292709350586,-57.372840881347656,15,14,1,4.625000091269612,11.124999525491148,1
Qwen/Qwen2.5-7B-Instruct,numeral_noun_0258,numeral_noun,5+ + gen.pl,-50.103759765625,-56.422237396240234,10,9,1,13.000000361200364,13.249999644140189,1
Qwen/Qwen2.5-7B-Instruct,numeral_noun_0259,numeral_noun,5+ + gen.pl,-47.69721984863281,-50.452003479003906,13,12,1,6.499999948777258,2.750000074505806,1
Qwen/Qwen2.5-7B-Instruct,numeral_noun_0260,numeral_noun,5+ + gen.pl,-43.153656005859375,-51.16000747680664,10,9,1,-6.749999855877832,14.125000119700417,1
Qwen/Qwen2.5-7B-Instruct,numeral_noun_0261,numeral_noun,5+ + gen.pl,-44.08948516845703,-51.874290466308594,12,11,1,11.874999764811946,12.250000001047738,1
Qwen/Qwen2.5-7B-Instruct,numeral_noun_0262,numeral_noun,5+ + gen.pl,-53.45603561401367,-59.932186126708984,12,11,1,-0.375,11.874999644889613,1
Qwen/Qwen2.5-7B-Instruct,numeral_noun_0263,numeral_noun,5+ + gen.pl,-42.949527740478516,-46.391578674316406,10,8,1,5.874999837484211,9.874999887571903,1
Qwen/Qwen2.5-7B-Instruct,numeral_noun_0264,numeral_noun,5+ + gen.pl,-40.764122009277344,-40.37833786010742,8,7,0,-9.999999546489562,10.750000004547474,1
Qwen/Qwen2.5-7B-Instruct,numeral_noun_0265,numeral_noun,5+ + gen.pl,-46.06385803222656,-48.55298614501953,14,12,1,-5.124999836552888,11.000000361615093,1
Qwen/Qwen2.5-7B-Instruct,numeral_noun_0266,numeral_noun,5+ + gen.pl,-54.120216369628906,-58.127113342285156,13,11,1,1.4999999403953552,9.749999647327058,1
Qwen/Qwen2.5-7B-Instruct,numeral_noun_0267,numeral_noun,5+ + gen.pl,-47.77947235107422,-53.26250457763672,13,11,1,8.25000019595609,13.000000000409273,1
Qwen/Qwen2.5-7B-Instruct,numeral_noun_0268,numeral_noun,5+ + gen.pl,-53.29084014892578,-64.10871887207031,16,15,1,1.3749999403953552,10.749999763575033,1
Qwen/Qwen2.5-7B-Instruct,numeral_noun_0269,numeral_noun,5+ + gen.pl,-48.14676284790039,-56.40199661254883,12,11,1,9.749999656836735,11.999999523737642,1
Qwen/Qwen2.5-7B-Instruct,numeral_noun_0270,numeral_noun,5+ + gen.pl,-52.839332580566406,-59.024131774902344,15,13,1,-0.75,11.74999976235631,1
Qwen/Qwen2.5-7B-Instruct,numeral_noun_0271,numeral_noun,5+ + gen.pl,-40.13771057128906,-48.86947250366211,11,10,1,-5.374999928753823,13.249999882489647,1
Qwen/Qwen2.5-7B-Instruct,numeral_noun_0272,numeral_noun,5+ + gen.pl,-41.72074508666992,-45.60037612915039,11,10,1,-6.0000002074521035,13.874999523872248,1
Qwen/Qwen2.5-7B-Instruct,numeral_noun_0273,numeral_noun,5+ + gen.pl,-50.035099029541016,-59.265052795410156,8,7,1,-9.00000015355181,14.874999762472726,1
Qwen/Qwen2.5-7B-Instruct,numeral_noun_0274,numeral_noun,5+ + gen.pl,-56.72161102294922,-63.15154266357422,18,16,1,-10.250000252461177,14.124999881176336,1
Qwen/Qwen2.5-7B-Instruct,numeral_noun_0275,numeral_noun,5+ + gen.pl,-50.03284454345703,-55.38514709472656,14,12,1,-6.499999985797331,5.500000231899321,0
Qwen/Qwen2.5-7B-Instruct,numeral_noun_0276,numeral_noun,5+ + gen.pl,-44.71949768066406,-55.52691650390625,15,14,1,-3.124999899417162,13.999999762971129,1
Qwen/Qwen2.5-7B-Instruct,numeral_noun_0277,numeral_noun,5+ + gen.pl,-52.05864715576172,-51.6573371887207,13,12,0,-4.375000041909516,-0.75,0
Qwen/Qwen2.5-7B-Instruct,numeral_noun_0278,numeral_noun,5+ + gen.pl,-50.7171745300293,-58.8945426940918,18,17,1,-10.500000243599061,6.499999859253876,0
Qwen/Qwen2.5-7B-Instruct,numeral_noun_0279,numeral_noun,5+ + gen.pl,-39.73357009887695,-42.31707763671875,12,10,1,9.125000050727976,13.62499952343569,1
Qwen/Qwen2.5-7B-Instruct,numeral_noun_0280,numeral_noun,5+ + gen.pl,-51.984928131103516,-54.99445343017578,12,11,1,11.499999527135515,10.24999988370837,1
Qwen/Qwen2.5-7B-Instruct,numeral_noun_0281,numeral_noun,5+ + gen.pl,-50.22166442871094,-60.31596374511719,10,9,1,-2.249999985098839,13.749999642819603,1
Qwen/Qwen2.5-7B-Instruct,numeral_noun_0282,numeral_noun,5+ + gen.pl,-49.86005401611328,-61.32685852050781,13,12,1,-8.625000162865035,9.874999891035259,1
Qwen/Qwen2.5-7B-Instruct,numeral_noun_0283,numeral_noun,5+ + gen.pl,-42.171871185302734,-44.97727966308594,14,12,1,0.125,11.624999526487954,1
Qwen/Qwen2.5-7B-Instruct,numeral_noun_0284,numeral_noun,5+ + gen.pl,-55.66211700439453,-62.147544860839844,16,15,1,-3.6250000465661287,10.62500000262662,1
Qwen/Qwen2.5-7B-Instruct,numeral_noun_0285,numeral_noun,5+ + gen.pl,-46.81100845336914,-54.554779052734375,14,12,1,-6.499999860068783,11.74999976231993,1
Qwen/Qwen2.5-7B-Instruct,numeral_noun_0286,numeral_noun,5+ + gen.pl,-53.145729064941406,-59.93685531616211,15,14,1,-10.250000140003976,14.4999995237049,1
Qwen/Qwen2.5-7B-Instruct,numeral_noun_0287,numeral_noun,5+ + gen.pl,-37.84473419189453,-47.15910339355469,12,11,1,11.375000122963684,4.0000000055879354,1
Qwen/Qwen2.5-7B-Instruct,numeral_noun_0288,numeral_noun,5+ + gen.pl,-55.752532958984375,-60.05059814453125,12,10,1,6.499999820254743,10.250000122883648,1
Qwen/Qwen2.5-7B-Instruct,numeral_noun_0289,numeral_noun,5+ + gen.pl,-48.41459655761719,-54.26512145996094,10,9,1,12.874999764659151,13.375000358533725,1
Qwen/Qwen2.5-7B-Instruct,numeral_noun_0290,numeral_noun,5+ + gen.pl,-37.886863708496094,-48.43278503417969,8,7,1,-3.9999998323619366,14.625000119860488,1
Qwen/Qwen2.5-7B-Instruct,numeral_noun_0291,numeral_noun,5+ + gen.pl,-43.93854522705078,-54.21746826171875,15,14,1,-7.625000077066943,13.124999881598342,1
Qwen/Qwen2.5-7B-Instruct,numeral_noun_0292,numeral_noun,5+ + gen.pl,-43.56306457519531,-53.245140075683594,10,9,1,-7.7499999482533894,14.500000358493708,1
Qwen/Qwen2.5-7B-Instruct,numeral_noun_0293,numeral_noun,5+ + gen.pl,-55.89452362060547,-63.13407897949219,17,16,1,-0.6249999701976776,11.750000120784534,1
Qwen/Qwen2.5-7B-Instruct,numeral_noun_0294,numeral_noun,5+ + gen.pl,-49.29630661010742,-58.37396240234375,12,11,1,-6.124999933643267,12.99999988107811,1
Qwen/Qwen2.5-7B-Instruct,numeral_noun_0295,numeral_noun,5+ + gen.pl,-52.84996795654297,-59.78335189819336,14,13,1,-7.999999841878889,9.874999651074177,1
Qwen/Qwen2.5-7B-Instruct,numeral_noun_0296,numeral_noun,5+ + gen.pl,-52.635414123535156,-59.30224609375,13,12,1,14.249999764506356,12.999999762731022,1
Qwen/Qwen2.5-7B-Instruct,numeral_noun_0297,numeral_noun,5+ + gen.pl,-43.94110107421875,-45.63261413574219,14,13,1,-4.375000145286322,12.249999762971129,1
Qwen/Qwen2.5-7B-Instruct,numeral_noun_0298,numeral_noun,5+ + gen.pl,-45.699790954589844,-49.900753021240234,15,13,1,-3.1249999180436134,12.125000120951881,1
Qwen/Qwen2.5-7B-Instruct,numeral_noun_0299,numeral_noun,5+ + gen.pl,-54.006107330322266,-61.96562194824219,17,16,1,1.2500000298023224,11.875000000654836,1
Qwen/Qwen2.5-7B-Instruct,verb_government_0000,verb_government,дякувати кому,-20.990455627441406,-24.367128372192383,10,10,1,14.124999525294697,12.874999643267074,1
Qwen/Qwen2.5-7B-Instruct,verb_government_0001,verb_government,дякувати кому,-30.611658096313477,-32.213661193847656,10,8,1,15.187500360028935,11.375000358984835,1
Qwen/Qwen2.5-7B-Instruct,verb_government_0002,verb_government,дякувати кому,-35.927223205566406,-37.880584716796875,17,17,1,10.625000122112397,7.249999829160515,1
Qwen/Qwen2.5-7B-Instruct,verb_government_0003,verb_government,дякувати кому,-37.567420959472656,-39.808349609375,10,10,1,14.375000003208697,12.999999523737642,1
Qwen/Qwen2.5-7B-Instruct,verb_government_0004,verb_government,дякувати кому,-42.45170211791992,-48.762489318847656,13,13,1,12.750000003681635,13.000000358140824,1
Qwen/Qwen2.5-7B-Instruct,verb_government_0005,verb_government,дякувати кому,-24.50212860107422,-25.51889991760254,11,9,1,15.249999525112798,13.375000238935172,1
Qwen/Qwen2.5-7B-Instruct,verb_government_0006,verb_government,вибачати кому,-42.838134765625,-40.563720703125,13,13,0,-0.25,-15.12500036299025,0
Qwen/Qwen2.5-7B-Instruct,verb_government_0007,verb_government,вибачати кому,-39.970603942871094,-45.686767578125,11,11,1,-13.624999880994437,-2.3749999552965164,0
Qwen/Qwen2.5-7B-Instruct,verb_government_0008,verb_government,вибачати кому,-37.08601760864258,-32.00074768066406,10,10,0,-13.124999762145308,-12.749999646774086,0
Qwen/Qwen2.5-7B-Instruct,verb_government_0009,verb_government,вибачати кому,-42.359336853027344,-37.67123031616211,12,12,0,-11.000000119827746,8.624999905296136,0
Qwen/Qwen2.5-7B-Instruct,verb_government_0010,verb_government,вибачати кому,-31.314071655273438,-31.010990142822266,10,8,0,-2.499999925494194,-12.624999646170181,0
Qwen/Qwen2.5-7B-Instruct,verb_government_0011,verb_government,навчати чого,-40.13573455810547,-34.2048454284668,15,17,0,4.374999864958227,8.00000030818046,1
Qwen/Qwen2.5-7B-Instruct,verb_government_0012,verb_government,навчати чого,-49.008182525634766,-48.218692779541016,13,13,0,-10.000000361120328,3.7500000800937414,0
Qwen/Qwen2.5-7B-Instruct,verb_government_0013,verb_government,навчати чого,-51.85966491699219,-49.36575698852539,13,14,0,-7.375000048137736,-14.000000122257916,0
Qwen/Qwen2.5-7B-Instruct,verb_government_0014,verb_government,навчати чого,-47.15697479248047,-43.418609619140625,14,14,0,-13.124999762083462,6.3750000215368345,0
Qwen/Qwen2.5-7B-Instruct,verb_government_0015,verb_government,вчитися чого,-50.615692138671875,-51.55494689941406,10,10,1,-11.125000121755875,-5.875000127125531,0
Qwen/Qwen2.5-7B-Instruct,verb_government_0016,verb_government,вчитися чого,-38.56770706176758,-35.80005645751953,7,8,0,-12.124999534877134,-9.87499988921627,0
Qwen/Qwen2.5-7B-Instruct,verb_government_0017,verb_government,вчитися чого,-37.87196350097656,-36.826751708984375,10,10,0,-10.99999964437302,2.8749999292194843,0
Qwen/Qwen2.5-7B-Instruct,verb_government_0018,verb_government,вчитися чого,-42.251014709472656,-44.1190185546875,9,9,1,-11.24999988188938,-4.250000041909516,0
Qwen/Qwen2.5-7B-Instruct,verb_government_0019,verb_government,опанувати що,-37.53989028930664,-40.89207458496094,9,9,1,13.625000239637302,9.874999528030457,1
Qwen/Qwen2.5-7B-Instruct,verb_government_0020,verb_government,опанувати що,-36.310726165771484,-44.517425537109375,12,13,1,14.249999883155397,14.749999880868927,1
Qwen/Qwen2.5-7B-Instruct,verb_government_0021,verb_government,опанувати що,-36.63550567626953,-46.744834899902344,15,16,1,15.000000240153895,6.874999912339263,1
Qwen/Qwen2.5-7B-Instruct,verb_government_0022,verb_government,опанувати що,-40.830894470214844,-48.91429138183594,10,11,1,15.750000001004082,13.625000000436557,1
Qwen/Qwen2.5-7B-Instruct,verb_government_0023,verb_government,оволодіти чим,-32.8089485168457,-39.04283142089844,11,11,1,8.374999693216523,12.625000119896868,1
Qwen/Qwen2.5-7B-Instruct,verb_government_0024,verb_government,оволодіти чим,-44.548194885253906,-45.59065246582031,13,12,1,13.749999882325938,12.875000238967914,1
Qwen/Qwen2.5-7B-Instruct,verb_government_0025,verb_government,оволодіти чим,-35.8880615234375,-43.21457290649414,13,12,1,-6.374999888590537,13.874999642561306,1
Qwen/Qwen2.5-7B-Instruct,verb_government_0026,verb_government,хворіти на що,-46.37092590332031,-39.9071044921875,11,11,0,-1.375,-7.374999911058694,0
Qwen/Qwen2.5-7B-Instruct,verb_government_0027,verb_government,хворіти на що,-47.8669319152832,-45.37262725830078,13,13,0,7.249999885621946,-5.750000218395144,1
Qwen/Qwen2.5-7B-Instruct,verb_government_0028,verb_government,хворіти на що,-63.06450653076172,-57.19391632080078,12,12,0,1.5000000298023224,1.6250000447034836,1
Qwen/Qwen2.5-7B-Instruct,verb_government_0029,verb_government,одружитися з ким,-37.179664611816406,-45.287200927734375,13,12,1,15.437500002226443,10.874999881933036,1
Qwen/Qwen2.5-7B-Instruct,verb_government_0030,verb_government,одружитися з ким,-43.219200134277344,-53.841949462890625,16,15,1,15.37500035845369,9.124999659557943,1
Qwen/Qwen2.5-7B-Instruct,verb_government_0031,verb_government,одружитися з ким,-41.45370864868164,-41.46546936035156,17,16,1,7.875000148720574,9.750000244617695,1
Qwen/Qwen2.5-7B-Instruct,verb_government_0032,verb_government,сумувати за ким,-31.96062469482422,-36.85087966918945,8,7,1,9.000000262632966,3.6249999459832907,1
Qwen/Qwen2.5-7B-Instruct,verb_government_0033,verb_government,сумувати за ким,-46.70409393310547,-50.98221206665039,10,10,1,3.1249999962747097,6.999999966472387,1
Qwen/Qwen2.5-7B-Instruct,verb_government_0034,verb_government,сумувати за ким,-37.678672790527344,-43.00357437133789,9,9,1,4.499999794177711,7.24999995296821,1
Qwen/Qwen2.5-7B-Instruct,verb_government_0035,verb_government,розмовляти мовою,-30.717056274414062,-35.94719314575195,15,17,1,5.000000152271241,2.124999925494194,1
Qwen/Qwen2.5-7B-Instruct,verb_government_0036,verb_government,розмовляти мовою,-36.115928649902344,-39.22797775268555,13,15,1,7.124999793362804,7.6249999140854925,1
Qwen/Qwen2.5-7B-Instruct,verb_government_0037,verb_government,розмовляти мовою,-33.33056640625,-33.10463333129883,15,17,0,5.000000053085387,-4.124999826774001,1
Qwen/Qwen2.5-7B-Instruct,verb_government_0038,verb_government,розмовляти мовою,-40.03246307373047,-38.80680847167969,15,17,0,-5.250000099185854,9.500000136831659,1
Qwen/Qwen2.5-7B-Instruct,verb_government_0039,verb_government,розмовляти мовою,-41.362403869628906,-44.44932174682617,14,16,1,-1.8749999403953552,12.874999763287633,1
Qwen/Qwen2.5-7B-Instruct,verb_government_0040,verb_government,розмовляти мовою,-27.704233169555664,-32.371124267578125,11,13,1,5.624999905237928,5.374999858438969,1
Qwen/Qwen2.5-7B-Instruct,verb_government_0041,verb_government,вибачати кому,-38.95387649536133,-33.42264938354492,8,8,0,-12.000000358206307,7.000000229978468,0
Qwen/Qwen2.5-7B-Instruct,verb_government_0042,verb_government,навчати чого,-65.36211395263672,-64.91993713378906,13,13,0,-11.500000120297045,-1.25,0
Qwen/Qwen2.5-7B-Instruct,verb_government_0043,verb_government,навчати чого,-52.51972961425781,-48.38142013549805,15,15,0,-12.125000358140824,-2.0000000298023224,0
Qwen/Qwen2.5-7B-Instruct,verb_government_0044,verb_government,вчитися чого,-48.07927703857422,-46.516029357910156,8,8,0,-11.249999882900738,0.625,0
Qwen/Qwen2.5-7B-Instruct,verb_government_0045,verb_government,вчитися чого,-47.92019271850586,-52.358726501464844,12,11,1,-12.125000120086042,-4.74999990221113,0
Qwen/Qwen2.5-7B-Instruct,verb_government_0046,verb_government,опанувати що,-40.72069549560547,-47.23371124267578,11,12,1,15.437499647909135,12.875000238876964,1
Qwen/Qwen2.5-7B-Instruct,verb_government_0047,verb_government,опанувати що,-38.36686706542969,-44.60173034667969,12,13,1,15.312500120249751,5.249999835621566,1
Qwen/Qwen2.5-7B-Instruct,verb_government_0048,verb_government,оволодіти чим,-40.527565002441406,-49.36896514892578,12,11,1,13.74999988271884,7.749999894527718,1
Qwen/Qwen2.5-7B-Instruct,verb_government_0049,verb_government,оволодіти чим,-60.44507598876953,-63.36229705810547,12,11,1,4.250000082887709,11.749999881634722,1
Qwen/Qwen2.5-7B-Instruct,verb_government_0050,verb_government,оволодіти чим,-39.042694091796875,-46.818119049072266,13,12,1,13.25000000163709,12.750000000381988,1
Qwen/Qwen2.5-7B-Instruct,verb_government_0051,verb_government,хворіти на що,-41.44019317626953,-43.782997131347656,12,12,1,-2.624999977648258,-9.37500037054997,0
Qwen/Qwen2.5-7B-Instruct,verb_government_0052,verb_government,хворіти на що,-40.385780334472656,-40.25492477416992,14,14,0,-6.625000044121407,1.5000000149011612,0
Qwen/Qwen2.5-7B-Instruct,verb_government_0053,verb_government,хворіти на що,-51.15291976928711,-51.29779052734375,14,14,1,-1.0000000298023224,1.4999999701976776,1
Qwen/Qwen2.5-7B-Instruct,verb_government_0054,verb_government,одружитися з ким,-44.28144836425781,-51.91352081298828,11,11,1,14.499999881933036,7.875000236235792,1
Qwen/Qwen2.5-7B-Instruct,verb_government_0055,verb_government,одружитися з ким,-36.86244201660156,-53.901878356933594,13,14,1,15.937499767416739,12.500000239248038,1
Qwen/Qwen2.5-7B-Instruct,verb_government_0056,verb_government,одружитися з ким,-40.176090240478516,-43.20518112182617,15,15,1,14.874999647618097,5.499999787192792,1
Qwen/Qwen2.5-7B-Instruct,verb_government_0057,verb_government,сумувати за ким,-42.73537826538086,-42.2678108215332,10,10,0,2.5000000074505806,4.000000104308128,1
Qwen/Qwen2.5-7B-Instruct,verb_government_0058,verb_government,сумувати за ким,-41.09354019165039,-44.40650177001953,7,7,1,6.7499998898711056,5.874999982304871,1
Qwen/Qwen2.5-7B-Instruct,verb_government_0059,verb_government,сумувати за ким,-52.28137969970703,-59.36762237548828,10,9,1,7.374999864434358,0.8750000596046448,1
Qwen/Qwen2.5-7B-Instruct,vocative_0000,vocative,vocative f,-33.80664825439453,-28.700580596923828,12,12,0,0.375,-3.8749999329447746,0
Qwen/Qwen2.5-7B-Instruct,vocative_0001,vocative,vocative m,-49.15605926513672,-43.10425567626953,13,12,0,-12.374999523643055,-2.000000089406967,0
Qwen/Qwen2.5-7B-Instruct,vocative_0002,vocative,vocative m,-32.99602508544922,-31.05905532836914,14,14,0,-9.374999782070518,-3.6249999534338713,0
Qwen/Qwen2.5-7B-Instruct,vocative_0003,vocative,vocative m,-37.817691802978516,-32.65932083129883,15,14,0,-10.750000242762326,-5.3750001159496605,0
Qwen/Qwen2.5-7B-Instruct,vocative_0004,vocative,vocative m,-69.08931732177734,-64.81550598144531,18,18,0,-7.125000046391506,6.74999998183921,0
Qwen/Qwen2.5-7B-Instruct,vocative_0005,vocative,vocative m,-61.30894470214844,-59.38910675048828,18,17,0,-10.374999525825842,-5.3749997722916305,0
Qwen/Qwen2.5-7B-Instruct,vocative_0006,vocative,vocative m,-41.948341369628906,-31.43636703491211,17,16,0,-9.000000374857336,-9.499999534586095,0
Qwen/Qwen2.5-7B-Instruct,vocative_0007,vocative,vocative f,-36.619651794433594,-33.658416748046875,10,10,0,-9.00000026221096,-8.124999848892912,0
Qwen/Qwen2.5-7B-Instruct,vocative_0008,vocative,vocative f,-54.764198303222656,-50.090431213378906,13,13,0,-10.999999525891326,5.875000223983079,0
Qwen/Qwen2.5-7B-Instruct,vocative_0009,vocative,vocative f,-68.14110565185547,-58.399078369140625,11,11,0,-11.74999964408562,-3.250000037252903,0
Qwen/Qwen2.5-7B-Instruct,vocative_0010,vocative,vocative m,-41.429527282714844,-32.713645935058594,12,12,0,-12.250000000465661,1.1250000298023224,0
Qwen/Qwen2.5-7B-Instruct,vocative_0011,vocative,vocative f,-61.335784912109375,-56.78568649291992,17,17,0,-9.874999767729605,-3.124999973922968,0
Qwen/Qwen2.5-7B-Instruct,vocative_0012,vocative,vocative f,-33.178714752197266,-29.048755645751953,14,14,0,-3.625000111758709,-12.25000000269938,0
Qwen/Qwen2.5-7B-Instruct,vocative_0013,vocative,vocative m,-33.2783317565918,-26.90372085571289,10,10,0,-8.124999609775841,-10.749999529019988,0
Qwen/Qwen2.5-7B-Instruct,vocative_0014,vocative,vocative f,-44.45656967163086,-41.39261245727539,17,17,0,-8.499999922554707,-8.000000096624717,0
Qwen/Qwen2.5-7B-Instruct,vocative_0015,vocative,vocative m,-57.96580505371094,-56.519920349121094,18,17,0,-10.49999976473191,2.8749999813735485,0
Qwen/Qwen2.5-7B-Instruct,vocative_0016,vocative,vocative m,-34.42991256713867,-26.7814884185791,13,12,0,-10.624999882966222,-7.500000233994797,0
Qwen/Qwen2.5-7B-Instruct,vocative_0017,vocative,vocative f,-37.858673095703125,-32.66164779663086,14,14,0,-11.87500000169166,-4.500000189058483,0
Qwen/Qwen2.5-7B-Instruct,vocative_0018,vocative,vocative m,-33.897743225097656,-32.73958206176758,11,11,0,4.125000201165676,6.374999997089617,1
Qwen/Qwen2.5-7B-Instruct,vocative_0019,vocative,vocative m,-29.823753356933594,-27.541229248046875,13,12,0,3.4999999683350325,-6.750000034458935,0
Qwen/Qwen2.5-7B-Instruct,vocative_0020,vocative,vocative f,-29.877126693725586,-26.37368392944336,10,10,0,-2.6249999552965164,-11.99999988572381,0
Qwen/Qwen2.5-7B-Instruct,vocative_0021,vocative,vocative m,-69.67338562011719,-56.38627624511719,12,12,0,-13.624999643267074,4.499999787658453,0
Qwen/Qwen2.5-7B-Instruct,vocative_0022,vocative,vocative f,-32.40570068359375,-26.81064224243164,11,11,0,-5.625000024214387,-6.250000236090273,0
Qwen/Qwen2.5-7B-Instruct,vocative_0023,vocative,vocative m,-36.53108215332031,-35.026309967041016,13,13,0,-8.999999666091753,-3.6250000800937414,0
Qwen/Qwen2.5-7B-Instruct,vocative_0024,vocative,vocative m,-45.78730010986328,-36.749778747558594,18,17,0,-8.500000271509634,-7.125000207219273,0
Qwen/Qwen2.5-7B-Instruct,vocative_0025,vocative,vocative m,-33.109527587890625,-30.521663665771484,12,11,0,-6.124999874271452,3.1249999403953552,0
Qwen/Qwen2.5-7B-Instruct,vocative_0026,vocative,vocative m,-42.28894805908203,-35.384456634521484,12,11,0,-13.124999881289114,-1.0,0
Qwen/Qwen2.5-7B-Instruct,vocative_0027,vocative,vocative m,-34.19264602661133,-27.138687133789062,12,11,0,-4.124999891966581,-2.875000111758709,0
Qwen/Qwen2.5-7B-Instruct,vocative_0028,vocative,vocative f,-57.30573272705078,-54.1159782409668,19,19,0,-9.999999527572072,1.7499999701976776,0
Qwen/Qwen2.5-7B-Instruct,vocative_0029,vocative,vocative f,-28.97509002685547,-27.735393524169922,12,12,0,0.7499999403953552,-3.6249999962747097,0
Qwen/Qwen2.5-7B-Instruct,vocative_0030,vocative,vocative f,-61.748294830322266,-51.881103515625,17,17,0,-9.624999650215614,-10.874999885258148,0
Qwen/Qwen2.5-7B-Instruct,vocative_0031,vocative,vocative m,-54.91068649291992,-48.84907150268555,16,16,0,-9.374999772830051,-0.375,0
Qwen/Qwen2.5-7B-Instruct,vocative_0032,vocative,vocative f,-46.475013732910156,-34.92736053466797,14,14,0,-5.874999864958227,-11.12500012248347,0
Qwen/Qwen2.5-7B-Instruct,vocative_0033,vocative,vocative m,-56.95922088623047,-51.750022888183594,17,17,0,-11.125000001426088,-1.7500000149011612,0
Qwen/Qwen2.5-7B-Instruct,vocative_0034,vocative,vocative f,-42.050655364990234,-32.73014831542969,12,12,0,-10.000000362320861,0.375,0
Qwen/Qwen2.5-7B-Instruct,vocative_0035,vocative,vocative m,-35.88935852050781,-32.747413635253906,11,11,0,2.7499999701976776,0.7499999403953552,1
Qwen/Qwen2.5-7B-Instruct,vocative_0036,vocative,vocative m,-33.05379104614258,-27.086956024169922,10,9,0,-11.875000239411747,3.250000100582838,0
Qwen/Qwen2.5-7B-Instruct,vocative_0037,vocative,vocative m,-45.179542541503906,-40.543914794921875,17,16,0,4.625000118277967,-6.3749998294515535,0
Qwen/Qwen2.5-7B-Instruct,vocative_0038,vocative,vocative m,-66.41393280029297,-53.580963134765625,11,11,0,-14.00000011958764,5.749999932711944,0
Qwen/Qwen2.5-7B-Instruct,vocative_0039,vocative,vocative m,-39.99137878417969,-30.546646118164062,12,12,0,-11.749999882027623,-6.625000100117177,0
Qwen/Qwen2.5-7B-Instruct,vocative_0040,vocative,vocative m,-42.82233428955078,-35.68635177612305,13,13,0,-10.625000359297701,-1.6249999552965164,0
Qwen/Qwen2.5-7B-Instruct,vocative_0041,vocative,vocative f,-45.53300094604492,-36.934288024902344,13,13,0,-12.374999763953383,-11.124999526487954,0
Qwen/Qwen2.5-7B-Instruct,vocative_0042,vocative,vocative f,-30.02918815612793,-27.62039566040039,13,13,0,-5.749999772990122,-0.375,0
Qwen/Qwen2.5-7B-Instruct,vocative_0043,vocative,vocative f,-49.61955261230469,-41.95379638671875,17,17,0,-12.000000358573743,-3.8749999310821295,0
Qwen/Qwen2.5-7B-Instruct,vocative_0044,vocative,vocative m,-55.32872772216797,-40.454139709472656,12,12,0,-13.875000238744178,10.125000126878149,0
Qwen/Qwen2.5-7B-Instruct,vocative_0045,vocative,vocative f,-64.03213500976562,-59.399681091308594,18,18,0,-8.625000157946488,1.375,0
Qwen/Qwen2.5-7B-Instruct,vocative_0046,vocative,vocative m,-53.04705047607422,-45.03510284423828,17,16,0,-11.624999643667252,-4.250000063329935,0
Qwen/Qwen2.5-7B-Instruct,vocative_0047,vocative,vocative m,-70.06790161132812,-61.4852409362793,12,11,0,-9.250000144937076,1.3750000298023224,0
Qwen/Qwen2.5-7B-Instruct,vocative_0048,vocative,vocative f,-54.18229675292969,-45.73347091674805,12,12,0,-7.9999998582934495,10.37500036675192,1
Qwen/Qwen2.5-7B-Instruct,vocative_0049,vocative,vocative f,-42.202369689941406,-36.934104919433594,12,12,0,-5.250000017229468,7.499999960011337,1
Qwen/Qwen2.5-7B-Instruct,vocative_0050,vocative,vocative f,-33.55366134643555,-32.21932601928711,14,13,0,-11.625000240266672,-11.125000123567588,0
Qwen/Qwen2.5-7B-Instruct,vocative_0051,vocative,vocative m,-42.307857513427734,-35.44503402709961,12,12,0,-12.499999881383701,1.4999999552965164,0
Qwen/Qwen2.5-7B-Instruct,vocative_0052,vocative,vocative f,-61.522396087646484,-56.50768280029297,18,18,0,-12.624999523835868,6.375000229920261,0
Qwen/Qwen2.5-7B-Instruct,vocative_0053,vocative,vocative f,-33.64839172363281,-24.50377082824707,8,8,0,-11.87500000088039,-10.000000128493411,0
Qwen/Qwen2.5-7B-Instruct,vocative_0054,vocative,vocative f,-37.160396575927734,-30.4926700592041,16,16,0,-9.62499965421739,-3.1249999031424522,0
Qwen/Qwen2.5-7B-Instruct,vocative_0055,vocative,vocative m,-48.21281433105469,-40.83097839355469,17,16,0,-6.1250001571606845,-12.625000009167707,0
Qwen/Qwen2.5-7B-Instruct,vocative_0056,vocative,vocative m,-60.12763977050781,-57.89978790283203,11,10,0,-5.9999999643769115,4.625000052154064,0
Qwen/Qwen2.5-7B-Instruct,vocative_0057,vocative,vocative f,-62.65341567993164,-57.20460510253906,17,17,0,-9.624999768158887,-4.62499981187284,0
Qwen/Qwen2.5-7B-Instruct,vocative_0058,vocative,vocative f,-49.92261505126953,-42.559226989746094,18,18,0,-5.250000046100467,-10.50000036223355,0
Qwen/Qwen2.5-7B-Instruct,vocative_0059,vocative,vocative f,-75.52588653564453,-62.210716247558594,11,11,0,-10.624999765532266,-2.874999910593033,0
Qwen/Qwen2.5-7B-Instruct,vocative_0060,vocative,vocative f,-42.33666229248047,-44.68012619018555,11,11,1,-12.49999976217805,-0.5,0
Qwen/Qwen2.5-7B-Instruct,vocative_0061,vocative,vocative m,-31.392545700073242,-26.015335083007812,10,10,0,-4.125000197440386,3.375000100582838,0
Qwen/Qwen2.5-7B-Instruct,vocative_0062,vocative,vocative m,-54.990509033203125,-45.775943756103516,17,16,0,-10.749999763698725,-4.874999957159162,0
Qwen/Qwen2.5-7B-Instruct,vocative_0063,vocative,vocative m,-42.72208786010742,-37.33570861816406,12,11,0,-11.124999524323357,-1.125,0
Qwen/Qwen2.5-7B-Instruct,vocative_0064,vocative,vocative m,-46.19304656982422,-41.13706588745117,17,16,0,-8.999999896201189,-12.749999648112862,0
Qwen/Qwen2.5-7B-Instruct,vocative_0065,vocative,vocative m,-31.511503219604492,-24.32544708251953,11,10,0,-11.625000000727596,-11.625000364801963,0
Qwen/Qwen2.5-7B-Instruct,vocative_0066,vocative,vocative m,-54.896209716796875,-47.75857162475586,18,18,0,-3.500000085681677,8.62500014944817,1
Qwen/Qwen2.5-7B-Instruct,vocative_0067,vocative,vocative m,-62.30157470703125,-60.665191650390625,17,17,0,-10.999999525171006,-4.374999764375389,0
Qwen/Qwen2.5-7B-Instruct,vocative_0068,vocative,vocative f,-60.54539489746094,-62.19758605957031,17,17,1,-11.375000359410478,2.499999888241291,0
Qwen/Qwen2.5-7B-Instruct,vocative_0069,vocative,vocative f,-58.649513244628906,-58.82563781738281,18,18,1,-3.000000052154064,-8.625000390427886,0
Qwen/Qwen2.5-7B-Instruct,vocative_0070,vocative,vocative m,-40.22785949707031,-34.00233459472656,18,18,0,-1.7499999552965164,-0.8750000298023224,0
Qwen/Qwen2.5-7B-Instruct,vocative_0071,vocative,vocative m,-51.811824798583984,-45.58978271484375,19,19,0,-6.875000174739398,3.499999914318323,0
Qwen/Qwen2.5-7B-Instruct,vocative_0072,vocative,vocative f,-42.98814392089844,-37.73175048828125,18,18,0,-4.499999824911356,-9.875000246800482,0
Qwen/Qwen2.5-7B-Instruct,vocative_0073,vocative,vocative m,-32.23418426513672,-26.855422973632812,11,10,0,-6.249999777879566,-10.249999771171133,0
Qwen/Qwen2.5-7B-Instruct,vocative_0074,vocative,vocative m,-33.95301818847656,-26.165035247802734,11,10,0,-0.8749999701976776,1.0000000596046448,1
Qwen/Qwen2.5-7B-Instruct,vocative_0075,vocative,vocative m,-47.82373809814453,-39.265159606933594,11,10,0,-14.000000119671313,2.2500000819563866,0
Qwen/Qwen2.5-7B-Instruct,vocative_0076,vocative,vocative m,-40.926109313964844,-32.58629608154297,11,10,0,-12.624999642819603,-7.750000052212272,0
Qwen/Qwen2.5-7B-Instruct,vocative_0077,vocative,vocative m,-70.21367645263672,-65.73837280273438,18,17,0,-3.8750000558793545,-2.249999910593033,0
Qwen/Qwen2.5-7B-Instruct,vocative_0078,vocative,vocative f,-55.34286880493164,-50.92953872680664,16,16,0,-9.625000007101335,-5.750000196276233,0
Qwen/Qwen2.5-7B-Instruct,vocative_0079,vocative,vocative m,-38.56208419799805,-27.408889770507812,11,10,0,-9.874999651467078,-12.500000361702405,0
Qwen/Qwen2.5-7B-Instruct,vocative_0080,vocative,vocative f,-57.10681915283203,-50.420143127441406,18,18,0,-1.6250000298023224,-8.750000393687515,0
Qwen/Qwen2.5-7B-Instruct,vocative_0081,vocative,vocative f,-38.22267150878906,-32.83488082885742,14,14,0,-12.124999644955096,-10.37499952987855,0
Qwen/Qwen2.5-7B-Instruct,vocative_0082,vocative,vocative m,-60.0102653503418,-53.5461311340332,12,11,0,-10.125000244617695,-0.375,0
Qwen/Qwen2.5-7B-Instruct,vocative_0083,vocative,vocative m,-41.64177703857422,-33.94599151611328,14,13,0,-12.000000120249751,-9.874999889725586,0
Qwen/Qwen2.5-7B-Instruct,vocative_0084,vocative,vocative m,-62.22771453857422,-55.75551223754883,18,17,0,-5.999999767635018,-1.0000000298023224,0
Qwen/Qwen2.5-7B-Instruct,vocative_0085,vocative,vocative f,-56.122596740722656,-46.36858367919922,20,20,0,-6.624999992200173,6.37499981361907,0
Qwen/Qwen2.5-7B-Instruct,vocative_0086,vocative,vocative m,-55.743865966796875,-55.4991455078125,12,11,0,-13.125000000727596,5.374999955296516,0
Qwen/Qwen2.5-7B-Instruct,vocative_0087,vocative,vocative m,-42.33631896972656,-38.53653335571289,11,11,0,-12.874999642819603,-7.875000133528374,0
Qwen/Qwen2.5-7B-Instruct,vocative_0088,vocative,vocative m,-44.44565200805664,-35.587257385253906,12,11,0,-12.999999881230906,-3.999999862164259,0
Qwen/Qwen2.5-7B-Instruct,vocative_0089,vocative,vocative f,-44.916404724121094,-41.224876403808594,11,11,0,-8.499999800667865,6.625000091153197,0
Qwen/Qwen2.5-7B-Instruct,vocative_0090,vocative,vocative m,-42.955467224121094,-36.508277893066406,17,16,0,-10.624999763764208,-4.624999796971679,0
Qwen/Qwen2.5-7B-Instruct,vocative_0091,vocative,vocative f,-47.13252639770508,-39.381072998046875,16,16,0,-5.374999933876097,-13.124999525964085,0
Qwen/Qwen2.5-7B-Instruct,vocative_0092,vocative,vocative f,-62.82843017578125,-59.478477478027344,18,18,0,-11.624999523945007,3.8749998919665813,0
Qwen/Qwen2.5-7B-Instruct,vocative_0093,vocative,vocative m,-46.42863845825195,-38.355926513671875,12,11,0,-12.624999642765033,0.125,0
Qwen/Qwen2.5-7B-Instruct,vocative_0094,vocative,vocative m,-62.032249450683594,-55.001258850097656,17,16,0,-10.874999524563464,-0.6250000596046448,0
Qwen/Qwen2.5-7B-Instruct,vocative_0095,vocative,vocative f,-40.048065185546875,-32.804988861083984,13,13,0,-11.374999647043296,-11.624999526968168,0
Qwen/Qwen2.5-7B-Instruct,vocative_0096,vocative,vocative f,-30.77128791809082,-25.765342712402344,11,11,0,-2.999999914318323,-2.624999962747097,0
Qwen/Qwen2.5-7B-Instruct,vocative_0097,vocative,vocative f,-35.361328125,-29.242637634277344,11,11,0,-8.49999992508674,-10.875000123050995,0
Qwen/Qwen2.5-7B-Instruct,vocative_0098,vocative,vocative f,-37.38855743408203,-31.807910919189453,14,14,0,-10.87500036196434,3.500000014901161,0
Qwen/Qwen2.5-7B-Instruct,vocative_0099,vocative,vocative f,-30.02838134765625,-26.669475555419922,10,9,0,-11.87499988356285,-10.750000245156116,0
Qwen/Qwen2.5-7B-Instruct,vocative_0100,vocative,vocative m,-54.44675827026367,-47.79156494140625,18,17,0,-8.749999546897016,0.0,0
Qwen/Qwen2.5-7B-Instruct,vocative_0101,vocative,vocative m,-59.718360900878906,-52.878517150878906,19,18,0,-10.25000024183828,-1.1250000596046448,0
Qwen/Qwen2.5-7B-Instruct,vocative_0102,vocative,vocative m,-63.230934143066406,-60.073020935058594,19,18,0,-11.25000000147702,-3.375000074505806,0
Qwen/Qwen2.5-7B-Instruct,vocative_0103,vocative,vocative m,-47.554931640625,-41.297210693359375,12,12,0,-10.249999644955096,-7.000000114785507,0
Qwen/Qwen2.5-7B-Instruct,vocative_0104,vocative,vocative m,-43.0045166015625,-35.90221405029297,14,14,0,-8.87499969691271,-7.624999949650373,0
Qwen/Qwen2.5-7B-Instruct,vocative_0105,vocative,vocative m,-51.35983657836914,-43.16183853149414,17,17,0,-3.3750001154839993,-0.9999999403953552,0
Qwen/Qwen2.5-7B-Instruct,vocative_0106,vocative,vocative f,-65.61550903320312,-58.208953857421875,17,17,0,-11.624999882224074,-6.0000001101288944,0
Qwen/Qwen2.5-7B-Instruct,vocative_0107,vocative,vocative f,-45.532875061035156,-39.25354766845703,16,16,0,-6.875000053551048,-14.9999997638879,0
Qwen/Qwen2.5-7B-Instruct,vocative_0108,vocative,vocative m,-36.34170913696289,-29.35209846496582,11,10,0,-11.124999882489647,-5.874999783933163,0
Qwen/Qwen2.5-7B-Instruct,vocative_0109,vocative,vocative m,-39.57056427001953,-33.757164001464844,14,13,0,-8.375000310712494,0.9999999701976776,0
Qwen/Qwen2.5-7B-Instruct,vocative_0110,vocative,vocative m,-29.001920700073242,-27.141033172607422,11,11,0,-8.7499997933337,-7.125000001047738,0
Qwen/Qwen2.5-7B-Instruct,vocative_0111,vocative,vocative m,-45.435569763183594,-41.04967498779297,17,16,0,-5.750000140629709,-4.374999881722033,0
Qwen/Qwen2.5-7B-Instruct,vocative_0112,vocative,vocative m,-37.366207122802734,-34.20330810546875,14,14,0,-3.3750001043081284,1.4999999552965164,0
Qwen/Qwen2.5-7B-Instruct,vocative_0113,vocative,vocative m,-66.65569305419922,-61.030128479003906,18,17,0,-9.500000250758603,-6.999999945517629,0
Qwen/Qwen2.5-7B-Instruct,vocative_0114,vocative,vocative m,-58.60486602783203,-51.16888427734375,18,17,0,-8.75000002240995,-10.249999768377165,0
Qwen/Qwen2.5-7B-Instruct,vocative_0115,vocative,vocative m,-42.560707092285156,-37.04804992675781,11,10,0,-13.625000001091394,0.8749999403953552,0
Qwen/Qwen2.5-7B-Instruct,vocative_0116,vocative,vocative m,-59.766929626464844,-53.01445388793945,17,17,0,-11.24999964392191,-0.7499999701976776,0
Qwen/Qwen2.5-7B-Instruct,vocative_0117,vocative,vocative m,-34.860435485839844,-26.143901824951172,13,12,0,-9.374999650710379,-8.624999920924893,0
Qwen/Qwen2.5-7B-Instruct,vocative_0118,vocative,vocative m,-37.31202697753906,-32.54853439331055,16,15,0,-9.249999652791303,-11.374999886611477,0
Qwen/Qwen2.5-7B-Instruct,vocative_0119,vocative,vocative m,-54.690128326416016,-48.05785369873047,18,17,0,-10.624999763516826,5.250000228639692,0
Qwen/Qwen2.5-7B-Instruct,vocative_0120,vocative,vocative m,-42.072200775146484,-33.402931213378906,14,13,0,-11.74999988198033,-10.250000124695362,0
Qwen/Qwen2.5-7B-Instruct,vocative_0121,vocative,vocative m,-38.20668029785156,-35.278564453125,14,13,0,-11.624999881718395,-0.375,0
Qwen/Qwen2.5-7B-Instruct,vocative_0122,vocative,vocative m,-27.293140411376953,-23.602317810058594,9,9,0,-10.999999645529897,-3.499999986961484,0
Qwen/Qwen2.5-7B-Instruct,vocative_0123,vocative,vocative f,-32.47490310668945,-31.24711799621582,12,12,0,-5.499999911990017,-7.99999986126204,0
Qwen/Qwen2.5-7B-Instruct,vocative_0124,vocative,vocative f,-67.95575714111328,-61.53864288330078,11,11,0,-5.3749999911524355,7.624999813677277,1
Qwen/Qwen2.5-7B-Instruct,vocative_0125,vocative,vocative m,-39.375938415527344,-35.75579071044922,13,13,0,-11.124999882966222,-2.5000000968575478,0
Qwen/Qwen2.5-7B-Instruct,vocative_0126,vocative,vocative f,-53.27422332763672,-51.903175354003906,17,17,0,-10.125000123567588,-8.874999671330443,0
Qwen/Qwen2.5-7B-Instruct,vocative_0127,vocative,vocative f,-60.58054733276367,-57.984275817871094,18,17,0,-10.999999882900738,-11.249999887353624,0
Qwen/Qwen2.5-7B-Instruct,vocative_0128,vocative,vocative m,-42.298397064208984,-30.925914764404297,13,12,0,-11.500000120340701,-4.124999834224582,0
Qwen/Qwen2.5-7B-Instruct,vocative_0129,vocative,vocative f,-32.94939422607422,-27.0294189453125,9,9,0,-11.500000121304765,-11.875000361447746,0
Qwen/Qwen2.5-7B-Instruct,vocative_0130,vocative,vocative m,-29.258785247802734,-26.29431915283203,10,9,0,-11.625000358661055,-11.125000367537723,0
Qwen/Qwen2.5-7B-Instruct,vocative_0131,vocative,vocative f,-60.93918991088867,-59.63593673706055,18,18,0,-9.625000245498086,-8.250000316620572,0
Qwen/Qwen2.5-7B-Instruct,vocative_0132,vocative,vocative m,-30.095502853393555,-24.69823455810547,9,8,0,-3.7500000316649675,-4.125000145286322,0
Qwen/Qwen2.5-7B-Instruct,vocative_0133,vocative,vocative m,-50.274208068847656,-42.41476058959961,17,17,0,-4.749999972060323,0.8749999403953552,0
Qwen/Qwen2.5-7B-Instruct,vocative_0134,vocative,vocative f,-34.954437255859375,-32.65290069580078,16,16,0,-10.499999891311745,-10.25000036178244,0
Qwen/Qwen2.5-7B-Instruct,vocative_0135,vocative,vocative f,-33.71217346191406,-29.606834411621094,10,10,0,-12.874999881383701,-15.499999885083525,0
Qwen/Qwen2.5-7B-Instruct,vocative_0136,vocative,vocative m,-37.549896240234375,-31.572113037109375,14,13,0,-9.999999766907422,-6.500000005122274,0
Qwen/Qwen2.5-7B-Instruct,vocative_0137,vocative,vocative m,-56.90140151977539,-54.012901306152344,17,16,0,-11.124999882027623,-7.2499999683350325,0
Qwen/Qwen2.5-7B-Instruct,vocative_0138,vocative,vocative f,-33.300453186035156,-27.02816390991211,12,12,0,-7.99999962124275,-12.62500036360143,0
Qwen/Qwen2.5-7B-Instruct,vocative_0139,vocative,vocative f,-57.868003845214844,-60.272090911865234,12,11,1,-11.374999645238859,-3.125000074505806,0
Qwen/Qwen2.5-7B-Instruct,vocative_0140,vocative,vocative f,-39.352413177490234,-32.4909782409668,12,12,0,-11.374999643114279,10.499999644256604,0
Qwen/Qwen2.5-7B-Instruct,vocative_0141,vocative,vocative m,-42.07459259033203,-39.71059799194336,12,11,0,-12.74999964287781,4.624999803490937,0
Qwen/Qwen2.5-7B-Instruct,vocative_0142,vocative,vocative f,-62.74519348144531,-60.147193908691406,17,17,0,-0.9999999701976776,8.750000146697857,1
Qwen/Qwen2.5-7B-Instruct,vocative_0143,vocative,vocative m,-34.599609375,-27.30052947998047,12,11,0,-1.4999999701976776,-1.375,0
Qwen/Qwen2.5-7B-Instruct,vocative_0144,vocative,vocative m,-66.23651885986328,-62.64167404174805,18,18,0,-9.62499988959462,-2.8750000074505806,0
Qwen/Qwen2.5-7B-Instruct,vocative_0145,vocative,vocative f,-35.40620040893555,-30.764995574951172,15,15,0,-1.5,-2.750000048428774,0
Qwen/Qwen2.5-7B-Instruct,vocative_0146,vocative,vocative m,-58.00087356567383,-52.669639587402344,18,17,0,-7.749999767343979,4.124999821186066,0
Qwen/Qwen2.5-7B-Instruct,vocative_0147,vocative,vocative m,-52.10270690917969,-40.24593734741211,12,11,0,-13.624999643394403,10.874999892010237,0
Qwen/Qwen2.5-7B-Instruct,vocative_0148,vocative,vocative m,-59.31018829345703,-51.254005432128906,12,11,0,-13.000000000763976,10.125000145155354,0
Qwen/Qwen2.5-7B-Instruct,vocative_0149,vocative,vocative f,-39.773590087890625,-31.82590103149414,11,11,0,-6.374999935738742,-13.375000241307134,0
Qwen/Qwen2.5-7B-Instruct,vocative_0150,vocative,vocative m,-51.885902404785156,-45.25815200805664,13,12,0,-13.624999642848707,7.875000044237822,0
Qwen/Qwen2.5-7B-Instruct,vocative_0151,vocative,vocative f,-30.62982177734375,-27.97911262512207,12,12,0,-5.6250001362059265,-10.37499952998769,0
Qwen/Qwen2.5-7B-Instruct,vocative_0152,vocative,vocative f,-42.63077163696289,-41.293636322021484,12,12,0,-9.250000254964107,-1.0000000298023224,0
Qwen/Qwen2.5-7B-Instruct,vocative_0153,vocative,vocative m,-57.791847229003906,-45.004737854003906,18,17,0,-9.87499953227234,1.2500000298023224,0
Qwen/Qwen2.5-7B-Instruct,vocative_0154,vocative,vocative m,-30.7607421875,-26.425174713134766,11,10,0,1.7500000447034836,-3.3749998845160007,0
Qwen/Qwen2.5-7B-Instruct,vocative_0155,vocative,vocative f,-34.384910583496094,-28.309099197387695,12,12,0,-3.999999787658453,7.875000233267201,1
Qwen/Qwen2.5-7B-Instruct,vocative_0156,vocative,vocative m,-71.74019622802734,-65.79238891601562,18,18,0,-7.624999807332642,3.125000100582838,0
Qwen/Qwen2.5-7B-Instruct,vocative_0157,vocative,vocative f,-39.85693359375,-32.813087463378906,14,14,0,-5.62499988777563,-7.499999993480742,0
Qwen/Qwen2.5-7B-Instruct,vocative_0158,vocative,vocative f,-52.57575225830078,-43.44411849975586,18,18,0,-8.749999909923645,1.5,0
Qwen/Qwen2.5-7B-Instruct,vocative_0159,vocative,vocative m,-49.12276840209961,-39.122589111328125,16,16,0,-4.499999969266355,-7.500000222411472,0
Qwen/Qwen2.5-7B-Instruct,vocative_0160,vocative,vocative f,-46.85361099243164,-38.94404602050781,11,11,0,-13.000000357975296,-9.37500013904355,0
Qwen/Qwen2.5-7B-Instruct,vocative_0161,vocative,vocative f,-56.76267623901367,-47.623695373535156,12,12,0,-7.750000009662472,8.875000398984412,1
Qwen/Qwen2.5-7B-Instruct,vocative_0162,vocative,vocative m,-30.56195831298828,-28.471147537231445,12,11,0,-6.875000159605406,-11.999999645762728,0
Qwen/Qwen2.5-7B-Instruct,vocative_0163,vocative,vocative m,-33.13092041015625,-28.760887145996094,12,11,0,-5.125000068452209,-8.499999691703124,0
Qwen/Qwen2.5-7B-Instruct,vocative_0164,vocative,vocative f,-29.79721450805664,-25.265335083007812,12,12,0,-3.874999888241291,-9.874999532927177,0
Qwen/Qwen2.5-7B-Instruct,vocative_0165,vocative,vocative m,-34.59314727783203,-27.30881118774414,13,12,0,2.3750000447034836,-2.3750001043081284,0
Qwen/Qwen2.5-7B-Instruct,vocative_0166,vocative,vocative f,-62.379638671875,-59.37285232543945,13,13,0,-10.74999976473191,0.4999999701976776,0
Qwen/Qwen2.5-7B-Instruct,vocative_0167,vocative,vocative m,-37.621639251708984,-29.050275802612305,13,13,0,-9.875000007799827,-8.249999820574885,0
Qwen/Qwen2.5-7B-Instruct,vocative_0168,vocative,vocative m,-62.682132720947266,-59.17060852050781,18,17,0,-11.750000001229637,5.249999951571226,0
Qwen/Qwen2.5-7B-Instruct,vocative_0169,vocative,vocative f,-43.55474090576172,-34.615482330322266,14,14,0,-10.374999647137884,1.1250000596046448,0
Qwen/Qwen2.5-7B-Instruct,vocative_0170,vocative,vocative m,-49.509605407714844,-51.58868408203125,10,10,1,-10.625000008163624,6.000000237021595,0
Qwen/Qwen2.5-7B-Instruct,vocative_0171,vocative,vocative f,-28.11362648010254,-24.06732749938965,10,10,0,-9.25000025620102,-9.12500002005254,0
Qwen/Qwen2.5-7B-Instruct,vocative_0172,vocative,vocative m,-51.62321472167969,-41.61125183105469,17,17,0,-0.8750000298023224,-11.875000242762326,0
Qwen/Qwen2.5-7B-Instruct,vocative_0173,vocative,vocative m,-43.708824157714844,-39.88414764404297,16,16,0,-6.2500000218860805,-9.749999535022653,0
Qwen/Qwen2.5-7B-Instruct,vocative_0174,vocative,vocative f,-64.5149917602539,-56.638832092285156,18,18,0,-5.999999843770638,-9.124999659368768,0
Qwen/Qwen2.5-7B-Instruct,vocative_0175,vocative,vocative m,-43.698394775390625,-36.82471466064453,17,16,0,-8.250000053812983,-5.999999917577952,0
Qwen/Qwen2.5-7B-Instruct,vocative_0176,vocative,vocative m,-37.517242431640625,-29.746471405029297,13,12,0,-10.125000002983143,-4.874999875668436,0
Qwen/Qwen2.5-7B-Instruct,vocative_0177,vocative,vocative m,-40.818138122558594,-33.47110366821289,14,13,0,-12.00000035888661,-9.874999769293936,0
Qwen/Qwen2.5-7B-Instruct,vocative_0178,vocative,vocative f,-38.765281677246094,-33.780059814453125,14,14,0,-12.24999964437302,-5.6250001767184585,0
Qwen/Qwen2.5-7B-Instruct,vocative_0179,vocative,vocative m,-37.38035583496094,-30.88223648071289,15,15,0,-11.749999524719897,-8.249999827326974,0
Qwen/Qwen2.5-7B-Instruct,vocative_0180,vocative,vocative m,-63.228599548339844,-55.70811462402344,12,12,0,-4.125000171363354,3.3750000558793545,0
Qwen/Qwen2.5-7B-Instruct,vocative_0181,vocative,vocative f,-37.442909240722656,-29.788532257080078,16,16,0,-10.87500000269938,-12.75000012248347,0
Qwen/Qwen2.5-7B-Instruct,vocative_0182,vocative,vocative f,-69.3455810546875,-61.307838439941406,19,19,0,-11.625000001375156,-0.125,0
Qwen/Qwen2.5-7B-Instruct,vocative_0183,vocative,vocative f,-54.752113342285156,-51.748558044433594,18,18,0,-11.749999763178494,-6.00000019534491,0
Qwen/Qwen2.5-7B-Instruct,vocative_0184,vocative,vocative f,-40.0960807800293,-37.04679870605469,19,19,0,-6.375000067753717,-13.749999525825842,0
Qwen/Qwen2.5-7B-Instruct,vocative_0185,vocative,vocative f,-38.28759765625,-31.329811096191406,14,14,0,-12.250000358493708,5.250000209547579,0
Qwen/Qwen2.5-7B-Instruct,vocative_0186,vocative,vocative m,-43.46882247924805,-35.89433288574219,13,13,0,-12.625000239000656,-5.625000209081918,0
Qwen/Qwen2.5-7B-Instruct,vocative_0187,vocative,vocative m,-36.31654357910156,-27.754772186279297,11,10,0,0.5,-1.2500000596046448,0
Qwen/Qwen2.5-7B-Instruct,vocative_0188,vocative,vocative m,-45.584266662597656,-41.10327911376953,11,11,0,-11.624999881718395,-2.25,0
Qwen/Qwen2.5-7B-Instruct,vocative_0189,vocative,vocative m,-31.659805297851562,-26.40774917602539,8,8,0,-11.49999988198033,-9.749999775871402,0
Qwen/Qwen2.5-7B-Instruct,vocative_0190,vocative,vocative f,-40.71656036376953,-33.446163177490234,19,19,0,-5.12500006519258,-4.999999993946403,0
Qwen/Qwen2.5-7B-Instruct,vocative_0191,vocative,vocative m,-44.0019645690918,-34.67136764526367,18,18,0,-8.87499977927655,-10.125000126303348,0
Qwen/Qwen2.5-7B-Instruct,vocative_0192,vocative,vocative m,-32.68513488769531,-27.279584884643555,12,12,0,-0.25,-8.124999601655873,0
Qwen/Qwen2.5-7B-Instruct,vocative_0193,vocative,vocative m,-56.757469177246094,-53.55600357055664,12,11,0,-13.37499976231993,9.875000372136128,0
Qwen/Qwen2.5-7B-Instruct,vocative_0194,vocative,vocative f,-34.59117126464844,-26.426942825317383,9,9,0,-12.875000120839104,-11.375000005013135,0
Qwen/Qwen2.5-7B-Instruct,vocative_0195,vocative,vocative m,-53.74488830566406,-46.24878692626953,19,19,0,-9.999999646774086,-0.8749999701976776,0
Qwen/Qwen2.5-7B-Instruct,vocative_0196,vocative,vocative f,-42.623931884765625,-33.46623992919922,17,17,0,-3.9999997708946466,-4.250000103376806,0
Qwen/Qwen2.5-7B-Instruct,vocative_0197,vocative,vocative m,-29.56432342529297,-29.368141174316406,9,9,0,-10.500000123050995,0.0,0
Qwen/Qwen2.5-7B-Instruct,vocative_0198,vocative,vocative f,-56.318450927734375,-53.620628356933594,17,17,0,-11.125000240826921,-1.8750001043081284,0
Qwen/Qwen2.5-7B-Instruct,vocative_0199,vocative,vocative m,-49.61534118652344,-41.78907775878906,17,16,0,-5.249999769963324,-5.875000139232725,0
Qwen/Qwen2.5-7B-Instruct,vocative_0200,vocative,vocative m,-61.56087875366211,-56.20686721801758,18,17,0,-12.124999881718395,1.5,0
Qwen/Qwen2.5-7B-Instruct,vocative_0201,vocative,vocative m,-59.51789855957031,-52.508827209472656,19,18,0,-9.374999649982783,-6.500000118045136,0
Qwen/Qwen2.5-7B-Instruct,vocative_0202,vocative,vocative m,-33.22315979003906,-28.86797332763672,10,9,0,-10.124999656996806,-13.750000004547474,0
Qwen/Qwen2.5-7B-Instruct,vocative_0203,vocative,vocative m,-35.967567443847656,-31.707067489624023,14,13,0,-12.625000119860488,-7.750000020372681,0
Qwen/Qwen2.5-7B-Instruct,vocative_0204,vocative,vocative m,-31.76618194580078,-27.064945220947266,9,9,0,-12.250000119896868,-11.625000004918547,0
Qwen/Qwen2.5-7B-Instruct,vocative_0205,vocative,vocative m,-32.24856185913086,-25.747591018676758,10,9,0,-5.00000021327287,-5.500000134576112,0
Qwen/Qwen2.5-7B-Instruct,vocative_0206,vocative,vocative m,-34.97944641113281,-29.311382293701172,9,9,0,-4.9999999911524355,-5.749999768100679,0
Qwen/Qwen2.5-7B-Instruct,vocative_0207,vocative,vocative m,-40.535247802734375,-30.14021873474121,12,12,0,-9.87499976977415,-10.74999952998769,0
Qwen/Qwen2.5-7B-Instruct,vocative_0208,vocative,vocative f,-42.8688850402832,-39.220035552978516,12,11,0,-11.000000359355909,-12.749999765284883,0
Qwen/Qwen2.5-7B-Instruct,vocative_0209,vocative,vocative f,-35.942134857177734,-32.27838134765625,11,11,0,-6.749999890453182,-7.999999738734914,0
Qwen/Qwen2.5-7B-Instruct,vocative_0210,vocative,vocative m,-39.987525939941406,-32.173484802246094,18,17,0,-8.999999780004146,-11.624999528030457,0
Qwen/Qwen2.5-7B-Instruct,vocative_0211,vocative,vocative m,-45.30620193481445,-40.191429138183594,16,15,0,-4.000000016763806,-12.749999650099198,0
Qwen/Qwen2.5-7B-Instruct,vocative_0212,vocative,vocative m,-64.89030456542969,-53.28727722167969,12,12,0,-14.124999762083462,12.249999524417944,0
Qwen/Qwen2.5-7B-Instruct,vocative_0213,vocative,vocative m,-40.43962097167969,-31.919294357299805,13,13,0,-7.125000204076059,-1.125,0
Qwen/Qwen2.5-7B-Instruct,vocative_0214,vocative,vocative f,-52.73798370361328,-47.32924270629883,20,20,0,-11.125000001182343,-7.624999828170985,0
Qwen/Qwen2.5-7B-Instruct,vocative_0215,vocative,vocative f,-35.327327728271484,-32.48632049560547,13,13,0,-12.249999882074917,-6.874999939929694,0
Qwen/Qwen2.5-7B-Instruct,vocative_0216,vocative,vocative f,-59.929664611816406,-53.508766174316406,11,11,0,-10.24999952998769,-1.6250000149011612,0
Qwen/Qwen2.5-7B-Instruct,vocative_0217,vocative,vocative m,-43.28401565551758,-32.33406066894531,17,17,0,-8.000000442320015,-4.87500009033829,0
Qwen/Qwen2.5-7B-Instruct,vocative_0218,vocative,vocative m,-42.43151092529297,-36.305633544921875,13,13,0,-9.625000126303348,8.125000299565727,0
Qwen/Qwen2.5-7B-Instruct,vocative_0219,vocative,vocative m,-46.46173095703125,-38.28706359863281,15,14,0,-5.749999830499291,-4.99999978672713,0
Qwen/Qwen2.5-7B-Instruct,vocative_0220,vocative,vocative m,-48.84090042114258,-41.41859817504883,12,12,0,-11.624999642848707,8.62500014944817,0
Qwen/Qwen2.5-7B-Instruct,vocative_0221,vocative,vocative m,-33.73932647705078,-25.993728637695312,11,10,0,-12.375000119671313,-7.625000203726813,0
Qwen/Qwen2.5-7B-Instruct,vocative_0222,vocative,vocative m,-58.33022689819336,-50.63050842285156,18,17,0,-2.3749998807907104,-3.4999999590218067,0
Qwen/Qwen2.5-7B-Instruct,vocative_0223,vocative,vocative f,-30.981046676635742,-28.564237594604492,12,12,0,-6.000000236555934,-4.375000198371708,0
Qwen/Qwen2.5-7B-Instruct,vocative_0224,vocative,vocative f,-48.58687973022461,-41.87640380859375,13,13,0,-12.749999762054358,-6.999999828869477,0
Qwen/Qwen2.5-7B-Instruct,vocative_0225,vocative,vocative f,-48.53145217895508,-44.22002029418945,11,11,0,-12.24999952523649,1.1249999701976776,0
Qwen/Qwen2.5-7B-Instruct,vocative_0226,vocative,vocative f,-35.46461486816406,-26.08348846435547,9,9,0,-12.750000239499059,-14.874999766521796,0
Qwen/Qwen2.5-7B-Instruct,vocative_0227,vocative,vocative f,-57.72630310058594,-51.59715270996094,18,18,0,-11.124999524774466,-5.124999954365194,0
Qwen/Qwen2.5-7B-Instruct,vocative_0228,vocative,vocative f,-60.1952018737793,-64.3873519897461,11,11,1,-9.874999535313691,2.749999947845936,0
Qwen/Qwen2.5-7B-Instruct,vocative_0229,vocative,vocative f,-33.00756072998047,-28.075448989868164,9,9,0,-11.875000240266672,-14.49999976917752,0
Qwen/Qwen2.5-7B-Instruct,vocative_0230,vocative,vocative m,-27.98292350769043,-25.30242919921875,11,11,0,-10.374999765619577,-9.62499953864608,0
Qwen/Qwen2.5-7B-Instruct,vocative_0231,vocative,vocative f,-61.50226593017578,-58.21054458618164,18,18,0,-11.500000240041118,-0.9999999701976776,0
Qwen/Qwen2.5-7B-Instruct,vocative_0232,vocative,vocative m,-70.24810791015625,-64.08584594726562,18,18,0,-6.999999784631655,-6.999999994644895,0
Qwen/Qwen2.5-7B-Instruct,vocative_0233,vocative,vocative m,-33.019569396972656,-26.217069625854492,10,9,0,-12.499999881598342,-12.374999886109435,0
Qwen/Qwen2.5-7B-Instruct,vocative_0234,vocative,vocative m,-55.48241424560547,-47.29598617553711,19,19,0,-11.374999762596417,0.125,0
Qwen/Qwen2.5-7B-Instruct,vocative_0235,vocative,vocative f,-42.592140197753906,-36.25543975830078,16,16,0,-7.87500011298107,-13.999999766150722,0
Qwen/Qwen2.5-7B-Instruct,vocative_0236,vocative,vocative m,-66.27114868164062,-55.83922576904297,12,11,0,-12.750000120387995,11.37499988356285,0
Qwen/Qwen2.5-7B-Instruct,vocative_0237,vocative,vocative f,-41.76946258544922,-32.73273849487305,12,12,0,-11.249999644140189,-8.749999907668098,0
Qwen/Qwen2.5-7B-Instruct,vocative_0238,vocative,vocative m,-57.381080627441406,-50.34970474243164,18,17,0,-9.999999645922799,-9.999999889099854,0
Qwen/Qwen2.5-7B-Instruct,vocative_0239,vocative,vocative m,-39.99048614501953,-32.767330169677734,13,12,0,-10.250000122643542,-4.12499987334013,0
Qwen/Qwen2.5-7B-Instruct,vocative_0240,vocative,vocative f,-50.882476806640625,-39.495235443115234,17,17,0,8.750000270287273,-14.250000121894118,0
Qwen/Qwen2.5-7B-Instruct,vocative_0241,vocative,vocative m,-53.174598693847656,-47.32083511352539,19,18,0,-7.750000237865606,-1.6249999850988388,0
Qwen/Qwen2.5-7B-Instruct,vocative_0242,vocative,vocative m,-39.86515808105469,-34.290714263916016,12,11,0,-12.124999881383701,-0.7499999403953552,0
Qwen/Qwen2.5-7B-Instruct,vocative_0243,vocative,vocative f,-44.60175704956055,-40.387969970703125,14,14,0,-1.2500000596046448,-8.000000340456609,0
Qwen/Qwen2.5-7B-Instruct,vocative_0244,vocative,vocative m,-33.449317932128906,-30.39559555053711,12,12,0,-0.375,-2.4999999180436134,0
Qwen/Qwen2.5-7B-Instruct,vocative_0245,vocative,vocative m,-30.326480865478516,-27.598255157470703,12,12,0,-6.749999878113158,-3.125000052154064,0
Qwen/Qwen2.5-7B-Instruct,vocative_0246,vocative,vocative f,-40.335533142089844,-35.8603630065918,14,14,0,-11.87500012012606,-11.875000005304173,0
Qwen/Qwen2.5-7B-Instruct,vocative_0247,vocative,vocative f,-44.89668273925781,-41.019752502441406,13,13,0,-9.249999534586095,-4.124999983236194,0
Qwen/Qwen2.5-7B-Instruct,vocative_0248,vocative,vocative m,-37.60102844238281,-28.111356735229492,15,14,0,-11.249999882325938,-7.249999870720785,0
Qwen/Qwen2.5-7B-Instruct,vocative_0249,vocative,vocative f,-44.46134948730469,-39.91924285888672,17,16,0,-7.750000146392267,-14.500000241605449,0
Qwen/Qwen2.5-7B-Instruct,vocative_0250,vocative,vocative m,-55.15238952636719,-52.40919494628906,18,17,0,-11.249999643667252,-5.3749999068677425,0
Qwen/Qwen2.5-7B-Instruct,vocative_0251,vocative,vocative m,-33.88428497314453,-30.879531860351562,11,11,0,-10.499999763698725,-3.6250000279396772,0
Qwen/Qwen2.5-7B-Instruct,vocative_0252,vocative,vocative f,-46.804908752441406,-42.01388168334961,16,16,0,5.749999839114025,-5.6249998232815415,1
Qwen/Qwen2.5-7B-Instruct,vocative_0253,vocative,vocative f,-54.10094451904297,-47.92384719848633,19,19,0,-7.875000217667548,3.749999886378646,0
Qwen/Qwen2.5-7B-Instruct,vocative_0254,vocative,vocative m,-47.04252243041992,-40.64990234375,13,13,0,-13.124999881321855,12.875000001182343,0
Qwen/Qwen2.5-7B-Instruct,vocative_0255,vocative,vocative f,-56.885379791259766,-48.08037567138672,17,17,0,-12.249999523945007,-7.750000018393621,0
Qwen/Qwen2.5-7B-Instruct,vocative_0256,vocative,vocative m,-33.51924133300781,-25.699459075927734,9,8,0,-10.999999525891326,-12.750000242165697,0
Qwen/Qwen2.5-7B-Instruct,vocative_0257,vocative,vocative f,-54.111328125,-49.37335205078125,18,18,0,-7.374999802559614,8.500000153813744,1
Qwen/Qwen2.5-7B-Instruct,vocative_0258,vocative,vocative m,-42.083404541015625,-32.81552505493164,16,15,0,-8.499999796535121,-9.375000374318915,0
Qwen/Qwen2.5-7B-Instruct,vocative_0259,vocative,vocative m,-62.4624137878418,-59.69865798950195,17,16,0,-1.7499999850988388,-1.6249999701976776,0
Qwen/Qwen2.5-7B-Instruct,vocative_0260,vocative,vocative f,-41.14529037475586,-39.779624938964844,12,12,0,-11.50000023973189,-7.4999997690320015,0
Qwen/Qwen2.5-7B-Instruct,vocative_0261,vocative,vocative f,-54.397525787353516,-51.90607452392578,18,17,0,-10.749999525491148,-7.7500000047148205,0
Qwen/Qwen2.5-7B-Instruct,vocative_0262,vocative,vocative f,-42.7276611328125,-37.39494323730469,17,17,0,-1.3749999552965164,-2.1249999925494194,0
Qwen/Qwen2.5-7B-Instruct,vocative_0263,vocative,vocative m,-31.540977478027344,-29.00408172607422,13,13,0,-10.749999883933924,-7.125000100815669,0
Qwen/Qwen2.5-7B-Instruct,vocative_0264,vocative,vocative f,-61.095008850097656,-56.55279541015625,18,18,0,-9.999999765881512,3.6250000838190317,0
Qwen/Qwen2.5-7B-Instruct,vocative_0265,vocative,vocative f,-40.64369201660156,-33.606903076171875,17,17,0,-8.750000267929863,5.25000022072345,0
Qwen/Qwen2.5-7B-Instruct,vocative_0266,vocative,vocative m,-66.90653991699219,-62.35528564453125,18,17,0,-10.49999964608287,6.874999802443199,0
Qwen/Qwen2.5-7B-Instruct,vocative_0267,vocative,vocative m,-29.510517120361328,-24.618072509765625,10,9,0,-9.500000250758603,-5.375000047497451,0
Qwen/Qwen2.5-7B-Instruct,vocative_0268,vocative,vocative m,-61.18035125732422,-61.47004699707031,18,17,1,-10.999999524938175,2.8750000037252903,0
Qwen/Qwen2.5-7B-Instruct,vocative_0269,vocative,vocative m,-45.984413146972656,-35.12993621826172,12,11,0,-11.999999643481715,-4.000000223517418,0
Qwen/Qwen2.5-7B-Instruct,vocative_0270,vocative,vocative m,-32.11078643798828,-23.708873748779297,8,8,0,-6.875000233761966,-14.250000124404323,0
Qwen/Qwen2.5-7B-Instruct,vocative_0271,vocative,vocative m,-31.770633697509766,-27.357906341552734,11,10,0,-6.8750002078013495,-4.625000001862645,0
Qwen/Qwen2.5-7B-Instruct,vocative_0272,vocative,vocative m,-58.34973907470703,-52.616973876953125,11,11,0,-12.87499976235631,4.749999789521098,0
Qwen/Qwen2.5-7B-Instruct,vocative_0273,vocative,vocative f,-63.62712097167969,-56.790645599365234,17,17,0,-11.875000120086042,-4.750000233761966,0
Qwen/Qwen2.5-7B-Instruct,vocative_0274,vocative,vocative m,-46.66835021972656,-30.383392333984375,13,12,0,-11.500000240383088,-10.875000123567588,0
Qwen/Qwen2.5-7B-Instruct,vocative_0275,vocative,vocative f,-55.67197036743164,-52.5131950378418,18,18,0,-11.125000359243131,1.7499999701976776,0
Qwen/Qwen2.5-7B-Instruct,vocative_0276,vocative,vocative f,-43.934967041015625,-38.375389099121094,11,11,0,-12.749999762210791,-7.6250000788713805,0
Qwen/Qwen2.5-7B-Instruct,vocative_0277,vocative,vocative m,-37.31026077270508,-30.241065979003906,11,10,0,-12.750000358053512,-7.874999903491698,0
Qwen/Qwen2.5-7B-Instruct,vocative_0278,vocative,vocative f,-64.92039489746094,-58.4279899597168,19,19,0,-8.499999814521288,-0.8749999701976776,0
Qwen/Qwen2.5-7B-Instruct,vocative_0279,vocative,vocative f,-45.86336135864258,-43.37261962890625,12,12,0,-11.750000000691216,-1.25,0
Qwen/Qwen2.5-7B-Instruct,vocative_0280,vocative,vocative m,-58.06938934326172,-40.6290397644043,13,13,0,-14.249999523459337,7.87500016472768,0
Qwen/Qwen2.5-7B-Instruct,vocative_0281,vocative,vocative m,-45.512939453125,-36.48512268066406,12,11,0,-12.999999881383701,-9.49999966136238,0
Qwen/Qwen2.5-7B-Instruct,vocative_0282,vocative,vocative f,-35.24088668823242,-31.916196823120117,12,12,0,-10.374999764884706,-14.249999763822416,0
Qwen/Qwen2.5-7B-Instruct,vocative_0283,vocative,vocative m,-43.564674377441406,-37.192543029785156,12,11,0,-12.374999523872248,-9.250000265208655,0
Qwen/Qwen2.5-7B-Instruct,vocative_0284,vocative,vocative m,-55.08036422729492,-39.10364532470703,12,12,0,-12.99999988126001,12.000000001324224,0
Qwen/Qwen2.5-7B-Instruct,vocative_0285,vocative,vocative m,-41.46332550048828,-35.99857711791992,14,13,0,-11.999999881598342,-7.625000059837475,0
Qwen/Qwen2.5-7B-Instruct,vocative_0286,vocative,vocative m,-37.02570343017578,-36.64323425292969,15,15,0,-4.3749997820705175,-6.875000161351636,0
Qwen/Qwen2.5-7B-Instruct,vocative_0287,vocative,vocative m,-30.916780471801758,-28.894895553588867,13,13,0,3.6250000465661287,1.9999999552965164,1
Qwen/Qwen2.5-7B-Instruct,vocative_0288,vocative,vocative f,-56.94293975830078,-48.18045425415039,14,14,0,-5.874999869382009,7.499999987077899,1
Qwen/Qwen2.5-7B-Instruct,vocative_0289,vocative,vocative m,-30.34235382080078,-26.463987350463867,9,9,0,-12.00000012043165,-8.374999709893018,0
Qwen/Qwen2.5-7B-Instruct,vocative_0290,vocative,vocative f,-34.19154357910156,-26.304527282714844,9,9,0,-12.375000001229637,-9.125000376661774,0
Qwen/Qwen2.5-7B-Instruct,vocative_0291,vocative,vocative f,-42.66891098022461,-41.170249938964844,17,17,0,-6.874999851221219,-13.625000004365575,0
Qwen/Qwen2.5-7B-Instruct,vocative_0292,vocative,vocative m,-53.62264633178711,-44.25348663330078,18,18,0,-10.12500000482396,-2.625000111758709,0
Qwen/Qwen2.5-7B-Instruct,vocative_0293,vocative,vocative m,-51.05598449707031,-50.750770568847656,17,17,0,-12.12499952406506,3.2500001192092896,0
Qwen/Qwen2.5-7B-Instruct,vocative_0294,vocative,vocative m,-36.32910919189453,-31.493148803710938,13,12,0,-11.75000000088039,-10.625000125000952,0
Qwen/Qwen2.5-7B-Instruct,vocative_0295,vocative,vocative m,-57.45332717895508,-52.72846603393555,19,18,0,-8.375000042287866,0.0,0
Qwen/Qwen2.5-7B-Instruct,vocative_0296,vocative,vocative m,-48.30099105834961,-39.557167053222656,13,13,0,-12.375000239175279,8.37500017581624,0
Qwen/Qwen2.5-7B-Instruct,vocative_0297,vocative,vocative m,-49.93811798095703,-37.76408386230469,13,12,0,-10.750000005500624,1.8750001043081284,0
Qwen/Qwen2.5-7B-Instruct,vocative_0298,vocative,vocative f,-56.63463592529297,-52.35783386230469,18,18,0,-12.499999762472726,-10.500000003441528,0
Qwen/Qwen2.5-7B-Instruct,vocative_0299,vocative,vocative m,-53.54121780395508,-50.1064567565918,12,11,0,-12.249999524025043,7.000000082189217,0
