model,uid,phenomenon,group,lp_good,lp_bad,ntok_good,ntok_bad,prob_correct,prompt_margin_ab,prompt_margin_ba,prompt_correct
Qwen/Qwen2.5-3B,adjective_agreement_0000,adjective_agreement,"masc noun, neut adj",-43.22833251953125,-42.601890563964844,7,7,0,-1.4765624403953552,2.3203126192092896,1
Qwen/Qwen2.5-3B,adjective_agreement_0001,adjective_agreement,"neut noun, femn adj",-37.74976348876953,-33.807682037353516,6,6,0,-0.6796875,2.7578125596046448,1
Qwen/Qwen2.5-3B,adjective_agreement_0002,adjective_agreement,"femn noun, masc adj",-35.97063064575195,-39.58760070800781,7,7,1,-0.5078125,2.6171876192092896,1
Qwen/Qwen2.5-3B,adjective_agreement_0003,adjective_agreement,"femn noun, neut adj",-45.039825439453125,-47.9080810546875,8,8,1,-2.0703125,2.3359375596046448,1
Qwen/Qwen2.5-3B,adjective_agreement_0004,adjective_agreement,"neut noun, masc adj",-41.381595611572266,-43.88334655761719,8,8,1,-2.3671876192092896,2.4843750596046448,1
Qwen/Qwen2.5-3B,adjective_agreement_0005,adjective_agreement,"neut noun, femn adj",-37.650001525878906,-33.44774627685547,8,8,0,-1.2187498807907104,0.953125,0
Qwen/Qwen2.5-3B,adjective_agreement_0006,adjective_agreement,"femn noun, neut adj",-33.09242248535156,-35.34235763549805,7,7,1,-0.625,1.546875,1
Qwen/Qwen2.5-3B,adjective_agreement_0007,adjective_agreement,"femn noun, masc adj",-38.4986686706543,-41.30022430419922,13,13,1,-0.4453125,2.4609375,1
Qwen/Qwen2.5-3B,adjective_agreement_0008,adjective_agreement,"femn noun, masc adj",-26.51340103149414,-33.52759552001953,7,7,1,-0.5234375,2.2968749403953552,1
Qwen/Qwen2.5-3B,adjective_agreement_0009,adjective_agreement,"neut noun, masc adj",-43.683204650878906,-43.3215217590332,10,10,0,-2.1093751192092896,2.2265624403953552,1
Qwen/Qwen2.5-3B,adjective_agreement_0010,adjective_agreement,"masc noun, neut adj",-38.80206298828125,-45.90463638305664,7,7,1,-2.0000000596046448,2.3984375,1
Qwen/Qwen2.5-3B,adjective_agreement_0011,adjective_agreement,"femn noun, masc adj",-38.54286193847656,-45.102447509765625,8,8,1,-1.0390623807907104,2.5859374403953552,1
Qwen/Qwen2.5-3B,adjective_agreement_0012,adjective_agreement,"masc noun, neut adj",-37.816566467285156,-39.75216293334961,13,13,1,-1.7187500596046448,2.2812500596046448,1
Qwen/Qwen2.5-3B,adjective_agreement_0013,adjective_agreement,"masc noun, neut adj",-26.053390502929688,-29.412612915039062,7,7,1,-1.5703123807907104,2.5859375,1
Qwen/Qwen2.5-3B,adjective_agreement_0014,adjective_agreement,"neut noun, femn adj",-35.14543533325195,-31.7764892578125,6,6,0,-1.1953123807907104,1.6718749403953552,1
Qwen/Qwen2.5-3B,adjective_agreement_0015,adjective_agreement,"neut noun, masc adj",-35.46376037597656,-38.03480529785156,13,13,1,-1.890625,1.8828126192092896,0
Qwen/Qwen2.5-3B,adjective_agreement_0016,adjective_agreement,"neut noun, femn adj",-25.984695434570312,-30.459590911865234,9,8,1,-2.1796873807907104,2.3593749403953552,1
Qwen/Qwen2.5-3B,adjective_agreement_0017,adjective_agreement,"neut noun, femn adj",-38.43128967285156,-40.03197479248047,8,8,1,-1.71875,2.8437501192092896,1
Qwen/Qwen2.5-3B,adjective_agreement_0018,adjective_agreement,"neut noun, femn adj",-27.416698455810547,-30.762548446655273,7,7,1,-1.0546875,1.5078124403953552,1
Qwen/Qwen2.5-3B,adjective_agreement_0019,adjective_agreement,"neut noun, masc adj",-38.63806915283203,-40.470664978027344,14,14,1,-2.0,2.3203125596046448,1
Qwen/Qwen2.5-3B,adjective_agreement_0020,adjective_agreement,"neut noun, masc adj",-35.80629348754883,-37.02277755737305,6,6,1,-2.3828125,2.6015624403953552,1
Qwen/Qwen2.5-3B,adjective_agreement_0021,adjective_agreement,"masc noun, femn adj",-28.37935447692871,-33.662261962890625,9,8,1,-0.6874998807907104,2.3125,1
Qwen/Qwen2.5-3B,adjective_agreement_0022,adjective_agreement,"femn noun, masc adj",-35.05529022216797,-41.672698974609375,6,6,1,0.2734375,2.0859374403953552,1
Qwen/Qwen2.5-3B,adjective_agreement_0023,adjective_agreement,"femn noun, neut adj",-39.087486267089844,-48.057701110839844,8,8,1,-1.6328125596046448,2.8046876192092896,1
Qwen/Qwen2.5-3B,adjective_agreement_0024,adjective_agreement,"femn noun, masc adj",-37.030059814453125,-35.69564437866211,8,8,0,-0.7890623807907104,2.4999999403953552,1
Qwen/Qwen2.5-3B,adjective_agreement_0025,adjective_agreement,"femn noun, neut adj",-26.122169494628906,-31.23343276977539,8,8,1,-1.5234375,2.0078123807907104,1
Qwen/Qwen2.5-3B,adjective_agreement_0026,adjective_agreement,"femn noun, neut adj",-40.309967041015625,-43.976036071777344,14,14,1,-1.7499999403953552,2.4765625,1
Qwen/Qwen2.5-3B,adjective_agreement_0027,adjective_agreement,"femn noun, masc adj",-35.724281311035156,-40.507713317871094,7,7,1,-0.484375,2.3984374403953552,1
Qwen/Qwen2.5-3B,adjective_agreement_0028,adjective_agreement,"neut noun, masc adj",-31.931198120117188,-31.4356689453125,9,9,0,-1.8984376192092896,2.0703126192092896,1
Qwen/Qwen2.5-3B,adjective_agreement_0029,adjective_agreement,"masc noun, neut adj",-29.401378631591797,-33.37036895751953,10,10,1,-1.1328125,2.53125,1
Qwen/Qwen2.5-3B,adjective_agreement_0030,adjective_agreement,"femn noun, neut adj",-32.76862335205078,-35.248069763183594,7,7,1,-0.0390625,0.9921875,1
Qwen/Qwen2.5-3B,adjective_agreement_0031,adjective_agreement,"femn noun, masc adj",-33.78397750854492,-39.84954833984375,14,14,1,-0.4375,2.4921874403953552,1
Qwen/Qwen2.5-3B,adjective_agreement_0032,adjective_agreement,"masc noun, neut adj",-36.90066146850586,-50.10828399658203,7,7,1,-2.03125,2.6484373807907104,1
Qwen/Qwen2.5-3B,adjective_agreement_0033,adjective_agreement,"femn noun, neut adj",-35.11141586303711,-38.31480407714844,7,7,1,-0.8984376192092896,2.9453126192092896,1
Qwen/Qwen2.5-3B,adjective_agreement_0034,adjective_agreement,"femn noun, masc adj",-30.1427059173584,-37.28041458129883,7,7,1,-0.203125,2.7421875,1
Qwen/Qwen2.5-3B,adjective_agreement_0035,adjective_agreement,"femn noun, neut adj",-41.29898452758789,-45.25082015991211,13,13,1,-1.1640623807907104,1.4375000596046448,1
Qwen/Qwen2.5-3B,adjective_agreement_0036,adjective_agreement,"femn noun, neut adj",-27.078468322753906,-34.2801399230957,7,7,1,-0.1484375,2.390625,1
Qwen/Qwen2.5-3B,adjective_agreement_0037,adjective_agreement,"masc noun, femn adj",-38.55129623413086,-37.967979431152344,6,6,0,-0.9140626192092896,1.8125001192092896,1
Qwen/Qwen2.5-3B,adjective_agreement_0038,adjective_agreement,"femn noun, masc adj",-38.93022918701172,-47.0998420715332,13,13,1,-0.421875,2.7421874403953552,1
Qwen/Qwen2.5-3B,adjective_agreement_0039,adjective_agreement,"femn noun, masc adj",-26.493335723876953,-32.75501251220703,7,7,1,0.0390625,3.0312500596046448,1
Qwen/Qwen2.5-3B,adjective_agreement_0040,adjective_agreement,"neut noun, femn adj",-42.30986404418945,-44.4772834777832,14,14,1,-1.3125,2.4375001192092896,1
Qwen/Qwen2.5-3B,adjective_agreement_0041,adjective_agreement,"femn noun, masc adj",-26.18709945678711,-32.59498596191406,7,8,1,0.4296875,2.6640625596046448,1
Qwen/Qwen2.5-3B,adjective_agreement_0042,adjective_agreement,"femn noun, masc adj",-32.65467834472656,-34.34210205078125,8,8,1,-0.15625,2.8359375,1
Qwen/Qwen2.5-3B,adjective_agreement_0043,adjective_agreement,"masc noun, femn adj",-26.43568992614746,-27.524890899658203,9,8,1,-0.3515625,2.9609375596046448,1
Qwen/Qwen2.5-3B,adjective_agreement_0044,adjective_agreement,"neut noun, masc adj",-40.24060821533203,-38.96784591674805,16,16,0,-1.9375,2.1015626192092896,1
Qwen/Qwen2.5-3B,adjective_agreement_0045,adjective_agreement,"masc noun, neut adj",-31.51715660095215,-37.24773025512695,6,6,1,-2.1406250596046448,2.0234375596046448,0
Qwen/Qwen2.5-3B,adjective_agreement_0046,adjective_agreement,"neut noun, femn adj",-41.62436294555664,-39.326839447021484,8,8,0,-1.6015625,1.265625,0
Qwen/Qwen2.5-3B,adjective_agreement_0047,adjective_agreement,"neut noun, masc adj",-47.640281677246094,-42.54335021972656,8,8,0,-1.90625,2.0937500596046448,1
Qwen/Qwen2.5-3B,adjective_agreement_0048,adjective_agreement,"neut noun, femn adj",-41.868499755859375,-35.76811218261719,7,7,0,-1.21875,2.7109375,1
Qwen/Qwen2.5-3B,adjective_agreement_0049,adjective_agreement,"femn noun, neut adj",-44.66950988769531,-45.42308044433594,10,10,1,-1.2343751192092896,2.5703125596046448,1
Qwen/Qwen2.5-3B,adjective_agreement_0050,adjective_agreement,"masc noun, neut adj",-34.71009063720703,-40.182716369628906,12,12,1,-2.015625,2.4843749403953552,1
Qwen/Qwen2.5-3B,adjective_agreement_0051,adjective_agreement,"masc noun, neut adj",-38.24710464477539,-45.79881286621094,14,14,1,-1.9062499403953552,2.5624999403953552,1
Qwen/Qwen2.5-3B,adjective_agreement_0052,adjective_agreement,"femn noun, neut adj",-33.97172927856445,-38.82099914550781,7,7,1,-0.90625,2.859375,1
Qwen/Qwen2.5-3B,adjective_agreement_0053,adjective_agreement,"femn noun, masc adj",-36.692710876464844,-42.20914840698242,14,14,1,-0.6328125,2.2734373807907104,1
Qwen/Qwen2.5-3B,adjective_agreement_0054,adjective_agreement,"neut noun, masc adj",-32.835540771484375,-37.696556091308594,9,10,1,-1.1875,1.8906249403953552,1
Qwen/Qwen2.5-3B,adjective_agreement_0055,adjective_agreement,"femn noun, masc adj",-32.4105224609375,-43.511962890625,7,7,1,-0.546875,2.4218750596046448,1
Qwen/Qwen2.5-3B,adjective_agreement_0056,adjective_agreement,"masc noun, femn adj",-41.588104248046875,-43.544342041015625,7,7,1,-1.109375,2.8515625596046448,1
Qwen/Qwen2.5-3B,adjective_agreement_0057,adjective_agreement,"masc noun, femn adj",-43.95062255859375,-43.40374755859375,14,14,0,-1.4218748807907104,1.6484376192092896,1
Qwen/Qwen2.5-3B,adjective_agreement_0058,adjective_agreement,"masc noun, neut adj",-32.43926239013672,-34.904884338378906,9,9,1,-0.78125,2.7265623807907104,1
Qwen/Qwen2.5-3B,adjective_agreement_0059,adjective_agreement,"femn noun, neut adj",-32.531097412109375,-37.58465576171875,9,9,1,-0.1328125,2.8984375596046448,1
Qwen/Qwen2.5-3B,adjective_agreement_0060,adjective_agreement,"femn noun, neut adj",-35.3975830078125,-41.942718505859375,14,14,1,-0.90625,2.6718749403953552,1
Qwen/Qwen2.5-3B,adjective_agreement_0061,adjective_agreement,"masc noun, neut adj",-43.148162841796875,-44.328651428222656,7,7,1,-0.1640625,2.1015625,1
Qwen/Qwen2.5-3B,adjective_agreement_0062,adjective_agreement,"femn noun, neut adj",-31.7818660736084,-36.88860321044922,7,7,1,-1.9375000596046448,2.2890625,1
Qwen/Qwen2.5-3B,adjective_agreement_0063,adjective_agreement,"femn noun, neut adj",-39.73036575317383,-43.851043701171875,9,9,1,-0.9687498807907104,2.5234375,1
Qwen/Qwen2.5-3B,adjective_agreement_0064,adjective_agreement,"femn noun, masc adj",-43.79777526855469,-46.91449737548828,9,9,1,-0.328125,2.8281251192092896,1
Qwen/Qwen2.5-3B,adjective_agreement_0065,adjective_agreement,"femn noun, masc adj",-34.48023223876953,-41.95398712158203,9,9,1,-0.4375,3.1093748807907104,1
Qwen/Qwen2.5-3B,adjective_agreement_0066,adjective_agreement,"masc noun, neut adj",-36.201255798339844,-41.842018127441406,7,7,1,-1.109375,2.3906249403953552,1
Qwen/Qwen2.5-3B,adjective_agreement_0067,adjective_agreement,"neut noun, masc adj",-28.780479431152344,-28.826915740966797,7,8,1,-1.6171875,1.8671875,1
Qwen/Qwen2.5-3B,adjective_agreement_0068,adjective_agreement,"femn noun, neut adj",-23.72061538696289,-29.26620864868164,7,7,1,-1.390625,2.921875,1
Qwen/Qwen2.5-3B,adjective_agreement_0069,adjective_agreement,"femn noun, masc adj",-37.59821701049805,-43.52452087402344,13,13,1,-0.1328125,2.4375000596046448,1
Qwen/Qwen2.5-3B,adjective_agreement_0070,adjective_agreement,"femn noun, neut adj",-29.716045379638672,-35.112266540527344,7,7,1,-1.0546873807907104,3.0468750596046448,1
Qwen/Qwen2.5-3B,adjective_agreement_0071,adjective_agreement,"masc noun, neut adj",-32.411930084228516,-42.73051452636719,8,8,1,-2.1874999403953552,2.7265623807907104,1
Qwen/Qwen2.5-3B,adjective_agreement_0072,adjective_agreement,"femn noun, masc adj",-32.33194351196289,-37.13861846923828,6,6,1,-0.8984375,1.6484375596046448,1
Qwen/Qwen2.5-3B,adjective_agreement_0073,adjective_agreement,"masc noun, femn adj",-44.38023376464844,-45.811893463134766,15,15,1,-0.8515623807907104,2.6484375596046448,1
Qwen/Qwen2.5-3B,adjective_agreement_0074,adjective_agreement,"masc noun, femn adj",-32.76755142211914,-34.13695526123047,9,9,1,0.0625,3.0937501192092896,1
Qwen/Qwen2.5-3B,adjective_agreement_0075,adjective_agreement,"neut noun, femn adj",-36.20286560058594,-33.15461730957031,7,7,0,-0.7734376192092896,2.0859373807907104,1
Qwen/Qwen2.5-3B,adjective_agreement_0076,adjective_agreement,"femn noun, masc adj",-35.25502395629883,-37.501312255859375,14,14,1,0.1015625,2.8515626192092896,1
Qwen/Qwen2.5-3B,adjective_agreement_0077,adjective_agreement,"masc noun, neut adj",-25.756061553955078,-36.28099822998047,10,10,1,-0.578125,2.3906250596046448,1
Qwen/Qwen2.5-3B,adjective_agreement_0078,adjective_agreement,"masc noun, femn adj",-27.953609466552734,-31.343509674072266,8,8,1,-1.2421875,2.9296874403953552,1
Qwen/Qwen2.5-3B,adjective_agreement_0079,adjective_agreement,"neut noun, femn adj",-33.15484619140625,-34.705055236816406,7,7,1,-1.5546876192092896,2.4140624403953552,1
Qwen/Qwen2.5-3B,adjective_agreement_0080,adjective_agreement,"masc noun, femn adj",-31.353010177612305,-32.454383850097656,7,7,1,-0.1171875,2.6875001192092896,1
Qwen/Qwen2.5-3B,adjective_agreement_0081,adjective_agreement,"masc noun, neut adj",-40.557373046875,-45.354652404785156,10,9,1,-1.671875,2.359375,1
Qwen/Qwen2.5-3B,adjective_agreement_0082,adjective_agreement,"femn noun, neut adj",-29.865074157714844,-34.32700729370117,7,7,1,-1.3437499403953552,2.8281250596046448,1
Qwen/Qwen2.5-3B,adjective_agreement_0083,adjective_agreement,"femn noun, masc adj",-43.03978729248047,-41.82773971557617,8,9,0,-1.1953123807907104,2.3671875596046448,1
Qwen/Qwen2.5-3B,adjective_agreement_0084,adjective_agreement,"masc noun, neut adj",-40.969242095947266,-44.64405059814453,10,10,1,-0.7578125,2.6484374403953552,1
Qwen/Qwen2.5-3B,adjective_agreement_0085,adjective_agreement,"femn noun, neut adj",-36.64105224609375,-46.78504180908203,14,14,1,-0.515625,2.8671876192092896,1
Qwen/Qwen2.5-3B,adjective_agreement_0086,adjective_agreement,"neut noun, masc adj",-40.43824768066406,-42.895774841308594,8,8,1,-2.4140623807907104,2.5546875,1
Qwen/Qwen2.5-3B,adjective_agreement_0087,adjective_agreement,"masc noun, femn adj",-39.078617095947266,-40.69269561767578,8,8,1,-0.7578125,2.21875,1
Qwen/Qwen2.5-3B,adjective_agreement_0088,adjective_agreement,"neut noun, masc adj",-35.67504119873047,-35.416526794433594,8,8,0,-2.390625,2.8124999403953552,1
Qwen/Qwen2.5-3B,adjective_agreement_0089,adjective_agreement,"neut noun, femn adj",-23.033798217773438,-27.428346633911133,8,8,1,-1.1328123807907104,2.8437498807907104,1
Qwen/Qwen2.5-3B,adjective_agreement_0090,adjective_agreement,"neut noun, femn adj",-42.3663330078125,-46.21588897705078,9,9,1,-2.0703126192092896,2.1249998807907104,1
Qwen/Qwen2.5-3B,adjective_agreement_0091,adjective_agreement,"neut noun, femn adj",-32.9670295715332,-31.844188690185547,6,6,0,-1.0078125,1.28125,1
Qwen/Qwen2.5-3B,adjective_agreement_0092,adjective_agreement,"femn noun, neut adj",-37.110870361328125,-45.40604019165039,7,7,1,-0.4453125,2.1171874403953552,1
Qwen/Qwen2.5-3B,adjective_agreement_0093,adjective_agreement,"femn noun, masc adj",-39.657371520996094,-42.118621826171875,7,7,1,-0.453125,2.1953124403953552,1
Qwen/Qwen2.5-3B,adjective_agreement_0094,adjective_agreement,"neut noun, masc adj",-22.38243865966797,-26.96973991394043,7,7,1,-1.9375000596046448,2.0781251192092896,1
Qwen/Qwen2.5-3B,adjective_agreement_0095,adjective_agreement,"femn noun, neut adj",-29.854732513427734,-34.380958557128906,8,8,1,-1.71875,2.2734376192092896,1
Qwen/Qwen2.5-3B,adjective_agreement_0096,adjective_agreement,"femn noun, neut adj",-28.9345703125,-35.80400466918945,7,7,1,-1.2421873807907104,2.6093749403953552,1
Qwen/Qwen2.5-3B,adjective_agreement_0097,adjective_agreement,"femn noun, neut adj",-31.671167373657227,-39.509971618652344,6,6,1,-1.2109375,2.890625,1
Qwen/Qwen2.5-3B,adjective_agreement_0098,adjective_agreement,"neut noun, femn adj",-47.9520263671875,-40.688873291015625,8,8,0,-2.5390625,2.4921873807907104,0
Qwen/Qwen2.5-3B,adjective_agreement_0099,adjective_agreement,"masc noun, neut adj",-37.44634246826172,-41.911285400390625,12,12,1,-1.4375,1.921875,1
Qwen/Qwen2.5-3B,adjective_agreement_0100,adjective_agreement,"femn noun, neut adj",-38.068580627441406,-38.043827056884766,8,9,0,-0.5234375,2.7656251192092896,1
Qwen/Qwen2.5-3B,adjective_agreement_0101,adjective_agreement,"neut noun, femn adj",-46.34170150756836,-47.025047302246094,9,9,1,-2.1484376192092896,2.1015625,0
Qwen/Qwen2.5-3B,adjective_agreement_0102,adjective_agreement,"femn noun, masc adj",-26.87314796447754,-35.07075500488281,7,7,1,-0.6484375,2.6953125596046448,1
Qwen/Qwen2.5-3B,adjective_agreement_0103,adjective_agreement,"masc noun, neut adj",-33.00144958496094,-33.48875045776367,13,13,1,-0.953125,2.4062500596046448,1
Qwen/Qwen2.5-3B,adjective_agreement_0104,adjective_agreement,"femn noun, neut adj",-38.828468322753906,-41.86902618408203,14,15,1,-0.0390625,2.8593749403953552,1
Qwen/Qwen2.5-3B,adjective_agreement_0105,adjective_agreement,"masc noun, femn adj",-39.51417541503906,-40.746604919433594,8,8,1,-0.9765625,2.5468748807907104,1
Qwen/Qwen2.5-3B,adjective_agreement_0106,adjective_agreement,"neut noun, femn adj",-25.94822120666504,-27.29841423034668,8,8,1,-1.9687501192092896,2.3671874403953552,1
Qwen/Qwen2.5-3B,adjective_agreement_0107,adjective_agreement,"femn noun, masc adj",-44.3809814453125,-45.77315902709961,7,8,1,-1.5078125,1.8593749403953552,1
Qwen/Qwen2.5-3B,adjective_agreement_0108,adjective_agreement,"femn noun, masc adj",-31.226160049438477,-36.70304870605469,7,7,1,-0.546875,2.6796875596046448,1
Qwen/Qwen2.5-3B,adjective_agreement_0109,adjective_agreement,"neut noun, femn adj",-34.32170486450195,-32.90510559082031,7,7,0,-0.4375,2.625,1
Qwen/Qwen2.5-3B,adjective_agreement_0110,adjective_agreement,"femn noun, neut adj",-36.382972717285156,-42.10834503173828,9,9,1,-1.0546875,1.546875,1
Qwen/Qwen2.5-3B,adjective_agreement_0111,adjective_agreement,"masc noun, neut adj",-23.867515563964844,-28.81582260131836,6,6,1,-1.5078125,1.8671876192092896,1
Qwen/Qwen2.5-3B,adjective_agreement_0112,adjective_agreement,"masc noun, neut adj",-38.65468978881836,-40.15892791748047,15,15,1,-1.2734376192092896,2.5390624403953552,1
Qwen/Qwen2.5-3B,adjective_agreement_0113,adjective_agreement,"masc noun, femn adj",-46.434059143066406,-49.19147491455078,14,14,1,-0.796875,2.4140624403953552,1
Qwen/Qwen2.5-3B,adjective_agreement_0114,adjective_agreement,"masc noun, neut adj",-27.70396614074707,-28.96993064880371,10,10,1,-1.2343751192092896,2.2968749403953552,1
Qwen/Qwen2.5-3B,adjective_agreement_0115,adjective_agreement,"femn noun, masc adj",-26.92577362060547,-34.366180419921875,6,6,1,-1.046875,2.7265626192092896,1
Qwen/Qwen2.5-3B,adjective_agreement_0116,adjective_agreement,"masc noun, femn adj",-32.278114318847656,-33.24812698364258,8,8,1,-0.1328125,2.5078126192092896,1
Qwen/Qwen2.5-3B,adjective_agreement_0117,adjective_agreement,"femn noun, masc adj",-38.20653533935547,-41.720680236816406,8,8,1,-1.1796876192092896,2.5703125,1
Qwen/Qwen2.5-3B,adjective_agreement_0118,adjective_agreement,"femn noun, masc adj",-26.164920806884766,-35.074859619140625,7,7,1,-0.265625,2.7343749403953552,1
Qwen/Qwen2.5-3B,adjective_agreement_0119,adjective_agreement,"femn noun, masc adj",-36.817989349365234,-46.43006896972656,12,12,1,-0.53125,2.5000000596046448,1
Qwen/Qwen2.5-3B,adjective_agreement_0120,adjective_agreement,"neut noun, femn adj",-42.910552978515625,-38.94343948364258,8,8,0,-1.1171875,1.328125,1
Qwen/Qwen2.5-3B,adjective_agreement_0121,adjective_agreement,"neut noun, masc adj",-36.6986083984375,-38.34998321533203,8,8,1,-2.2109376192092896,2.1640625596046448,0
Qwen/Qwen2.5-3B,adjective_agreement_0122,adjective_agreement,"neut noun, femn adj",-42.98036193847656,-44.02467727661133,14,14,1,-0.5859375,2.4609373807907104,1
Qwen/Qwen2.5-3B,adjective_agreement_0123,adjective_agreement,"masc noun, femn adj",-39.37006759643555,-42.17484664916992,8,7,1,-0.9375,1.84375,1
Qwen/Qwen2.5-3B,adjective_agreement_0124,adjective_agreement,"neut noun, femn adj",-40.15406036376953,-44.78404235839844,15,14,1,-2.0000000596046448,2.3359376192092896,1
Qwen/Qwen2.5-3B,adjective_agreement_0125,adjective_agreement,"femn noun, neut adj",-31.671613693237305,-42.462852478027344,7,7,1,-1.703125,2.6484375,1
Qwen/Qwen2.5-3B,adjective_agreement_0126,adjective_agreement,"femn noun, neut adj",-35.61878967285156,-42.56515884399414,13,13,1,-0.3515625,2.2578125,1
Qwen/Qwen2.5-3B,adjective_agreement_0127,adjective_agreement,"femn noun, masc adj",-38.08909225463867,-37.962921142578125,8,8,0,-1.359375,2.140625,1
Qwen/Qwen2.5-3B,adjective_agreement_0128,adjective_agreement,"femn noun, neut adj",-27.10247802734375,-33.216094970703125,8,8,1,-1.546875,1.7734375,1
Qwen/Qwen2.5-3B,adjective_agreement_0129,adjective_agreement,"neut noun, femn adj",-37.385414123535156,-37.38090896606445,8,8,0,-1.109375,1.7421876192092896,1
Qwen/Qwen2.5-3B,adjective_agreement_0130,adjective_agreement,"masc noun, femn adj",-39.75602722167969,-43.38616180419922,9,8,1,0.0625,2.3984375,1
Qwen/Qwen2.5-3B,adjective_agreement_0131,adjective_agreement,"neut noun, masc adj",-38.78437042236328,-39.167789459228516,15,16,1,-1.6953126192092896,1.8125000596046448,1
Qwen/Qwen2.5-3B,adjective_agreement_0132,adjective_agreement,"neut noun, masc adj",-39.02640914916992,-39.09329605102539,9,9,1,-1.984375,2.2031249403953552,1
Qwen/Qwen2.5-3B,adjective_agreement_0133,adjective_agreement,"neut noun, masc adj",-44.11738586425781,-48.02450942993164,14,14,1,-2.2656248807907104,2.4375000596046448,1
Qwen/Qwen2.5-3B,adjective_agreement_0134,adjective_agreement,"femn noun, masc adj",-34.98773193359375,-38.62532424926758,14,14,1,-0.359375,2.3124998807907104,1
Qwen/Qwen2.5-3B,adjective_agreement_0135,adjective_agreement,"masc noun, femn adj",-26.926836013793945,-29.305774688720703,9,9,1,-0.6875001192092896,2.7343750596046448,1
Qwen/Qwen2.5-3B,adjective_agreement_0136,adjective_agreement,"neut noun, femn adj",-47.015525817871094,-47.317222595214844,14,14,1,-1.6015625,2.4765625,1
Qwen/Qwen2.5-3B,adjective_agreement_0137,adjective_agreement,"femn noun, neut adj",-30.098268508911133,-41.504615783691406,7,7,1,-2.4843749403953552,2.1093751192092896,0
Qwen/Qwen2.5-3B,adjective_agreement_0138,adjective_agreement,"masc noun, neut adj",-37.10478210449219,-45.69634246826172,16,16,1,-0.9921875,2.3749999403953552,1
Qwen/Qwen2.5-3B,adjective_agreement_0139,adjective_agreement,"femn noun, masc adj",-41.03451156616211,-46.16448974609375,14,14,1,-1.15625,2.2031250596046448,1
Qwen/Qwen2.5-3B,adjective_agreement_0140,adjective_agreement,"neut noun, masc adj",-29.515348434448242,-32.92422866821289,8,8,1,-2.5156249403953552,2.203125,0
Qwen/Qwen2.5-3B,adjective_agreement_0141,adjective_agreement,"femn noun, masc adj",-32.693084716796875,-34.807891845703125,7,7,1,-0.21875,2.9375,1
Qwen/Qwen2.5-3B,adjective_agreement_0142,adjective_agreement,"neut noun, femn adj",-39.955467224121094,-38.82999038696289,7,7,0,-0.6015625,2.9765623807907104,1
Qwen/Qwen2.5-3B,adjective_agreement_0143,adjective_agreement,"femn noun, masc adj",-37.57954406738281,-36.024112701416016,15,16,0,-0.7109375,2.3124999403953552,1
Qwen/Qwen2.5-3B,adjective_agreement_0144,adjective_agreement,"femn noun, masc adj",-33.96917724609375,-42.731082916259766,8,8,1,-0.9375,2.7812501192092896,1
Qwen/Qwen2.5-3B,adjective_agreement_0145,adjective_agreement,"masc noun, femn adj",-36.913726806640625,-38.317047119140625,7,7,1,-0.4140625,2.5234374403953552,1
Qwen/Qwen2.5-3B,adjective_agreement_0146,adjective_agreement,"femn noun, neut adj",-28.1217041015625,-31.324668884277344,8,8,1,-2.015625,2.8515625596046448,1
Qwen/Qwen2.5-3B,adjective_agreement_0147,adjective_agreement,"femn noun, masc adj",-28.351802825927734,-34.173095703125,6,6,1,-1.0703126192092896,2.5859373807907104,1
Qwen/Qwen2.5-3B,adjective_agreement_0148,adjective_agreement,"femn noun, masc adj",-36.53367614746094,-47.0125732421875,7,7,1,-0.796875,2.6093750596046448,1
Qwen/Qwen2.5-3B,adjective_agreement_0149,adjective_agreement,"neut noun, femn adj",-23.34092903137207,-25.98685073852539,8,8,1,-0.7421875,2.1953125,1
Qwen/Qwen2.5-3B,adjective_agreement_0150,adjective_agreement,"masc noun, neut adj",-45.86389923095703,-50.64606475830078,7,7,1,-0.3046875,2.0312501192092896,1
Qwen/Qwen2.5-3B,adjective_agreement_0151,adjective_agreement,"femn noun, masc adj",-31.112699508666992,-33.42853927612305,7,7,1,-0.53125,2.9687501192092896,1
Qwen/Qwen2.5-3B,adjective_agreement_0152,adjective_agreement,"neut noun, masc adj",-40.15203094482422,-37.941650390625,13,14,0,-1.9218751192092896,1.9609375596046448,1
Qwen/Qwen2.5-3B,adjective_agreement_0153,adjective_agreement,"femn noun, masc adj",-39.046165466308594,-38.249996185302734,8,9,0,-1.5000000596046448,1.2578124403953552,0
Qwen/Qwen2.5-3B,adjective_agreement_0154,adjective_agreement,"neut noun, femn adj",-38.00630187988281,-41.683815002441406,12,12,1,-0.4609375,2.7968751192092896,1
Qwen/Qwen2.5-3B,adjective_agreement_0155,adjective_agreement,"masc noun, femn adj",-25.980213165283203,-28.189067840576172,7,7,1,-0.6015625,2.9375,1
Qwen/Qwen2.5-3B,adjective_agreement_0156,adjective_agreement,"neut noun, femn adj",-44.07728576660156,-42.09559631347656,15,15,0,-2.1171876192092896,2.1718751192092896,1
Qwen/Qwen2.5-3B,adjective_agreement_0157,adjective_agreement,"neut noun, femn adj",-39.11072540283203,-45.944480895996094,9,9,1,-1.6015625596046448,1.9531248807907104,1
Qwen/Qwen2.5-3B,adjective_agreement_0158,adjective_agreement,"neut noun, femn adj",-39.74099349975586,-41.14662170410156,9,9,1,-1.6953125,2.4296875596046448,1
Qwen/Qwen2.5-3B,adjective_agreement_0159,adjective_agreement,"femn noun, neut adj",-38.70688247680664,-47.71698760986328,7,7,1,-1.671875,2.6250000596046448,1
Qwen/Qwen2.5-3B,adjective_agreement_0160,adjective_agreement,"masc noun, neut adj",-25.348758697509766,-25.54869842529297,7,7,1,-2.140625,2.40625,1
Qwen/Qwen2.5-3B,adjective_agreement_0161,adjective_agreement,"neut noun, femn adj",-43.60453796386719,-46.74565124511719,14,14,1,-0.453125,2.4296875596046448,1
Qwen/Qwen2.5-3B,adjective_agreement_0162,adjective_agreement,"femn noun, masc adj",-22.94878578186035,-29.91370391845703,8,8,1,-1.1171876192092896,2.3906248807907104,1
Qwen/Qwen2.5-3B,adjective_agreement_0163,adjective_agreement,"masc noun, neut adj",-26.537872314453125,-31.49856948852539,8,8,1,-1.65625,2.4296876192092896,1
Qwen/Qwen2.5-3B,adjective_agreement_0164,adjective_agreement,"masc noun, neut adj",-32.42738723754883,-43.12805938720703,9,9,1,-1.640625,2.46875,1
Qwen/Qwen2.5-3B,adjective_agreement_0165,adjective_agreement,"femn noun, neut adj",-25.845016479492188,-34.598670959472656,8,8,1,-1.2578123807907104,2.484375,1
Qwen/Qwen2.5-3B,adjective_agreement_0166,adjective_agreement,"femn noun, masc adj",-27.07128143310547,-30.490619659423828,9,9,1,-1.453125,2.328125,1
Qwen/Qwen2.5-3B,adjective_agreement_0167,adjective_agreement,"femn noun, masc adj",-36.536895751953125,-42.07593536376953,13,13,1,-0.03125,2.8984375596046448,1
Qwen/Qwen2.5-3B,adjective_agreement_0168,adjective_agreement,"femn noun, neut adj",-33.52558517456055,-43.71974182128906,15,15,1,0.015625,3.2343749403953552,1
Qwen/Qwen2.5-3B,adjective_agreement_0169,adjective_agreement,"neut noun, masc adj",-36.99641799926758,-38.087646484375,12,12,1,-1.8828124403953552,2.1484374403953552,1
Qwen/Qwen2.5-3B,adjective_agreement_0170,adjective_agreement,"femn noun, neut adj",-41.55195617675781,-41.34449005126953,8,8,0,-1.5937501192092896,2.7109375,1
Qwen/Qwen2.5-3B,adjective_agreement_0171,adjective_agreement,"femn noun, masc adj",-37.443824768066406,-45.09154510498047,8,8,1,-0.8125,2.9140623807907104,1
Qwen/Qwen2.5-3B,adjective_agreement_0172,adjective_agreement,"neut noun, femn adj",-39.41850280761719,-38.712242126464844,7,7,0,-1.6093751192092896,2.9218750596046448,1
Qwen/Qwen2.5-3B,adjective_agreement_0173,adjective_agreement,"neut noun, femn adj",-41.36559295654297,-41.20928955078125,9,9,0,-0.3203125,2.5624998807907104,1
Qwen/Qwen2.5-3B,adjective_agreement_0174,adjective_agreement,"masc noun, neut adj",-40.037994384765625,-44.32556915283203,8,7,1,-2.0078123807907104,1.9453125,0
Qwen/Qwen2.5-3B,adjective_agreement_0175,adjective_agreement,"masc noun, neut adj",-29.863750457763672,-28.823179244995117,9,9,0,-1.3046875,2.6328125,1
Qwen/Qwen2.5-3B,adjective_agreement_0176,adjective_agreement,"femn noun, masc adj",-38.17644500732422,-36.69226837158203,7,8,0,-1.5234375596046448,1.3906251192092896,0
Qwen/Qwen2.5-3B,adjective_agreement_0177,adjective_agreement,"neut noun, femn adj",-35.65214157104492,-36.10094451904297,7,7,1,-0.7499998807907104,2.7890624403953552,1
Qwen/Qwen2.5-3B,adjective_agreement_0178,adjective_agreement,"masc noun, femn adj",-39.410430908203125,-39.582401275634766,8,8,1,-0.9375001192092896,2.3359373807907104,1
Qwen/Qwen2.5-3B,adjective_agreement_0179,adjective_agreement,"masc noun, femn adj",-38.55524444580078,-37.74333190917969,9,9,0,-0.7109375,2.9140625,1
Qwen/Qwen2.5-3B,adjective_agreement_0180,adjective_agreement,"masc noun, neut adj",-32.366207122802734,-45.176910400390625,8,8,1,-0.9375,2.3828125,1
Qwen/Qwen2.5-3B,adjective_agreement_0181,adjective_agreement,"neut noun, femn adj",-26.131620407104492,-30.78048324584961,6,6,1,-1.1093748807907104,1.3359375596046448,1
Qwen/Qwen2.5-3B,adjective_agreement_0182,adjective_agreement,"masc noun, neut adj",-38.361637115478516,-39.476226806640625,13,13,1,-2.1640626192092896,2.3671874403953552,1
Qwen/Qwen2.5-3B,adjective_agreement_0183,adjective_agreement,"femn noun, masc adj",-35.09489440917969,-39.51512908935547,7,7,1,-0.7421875,2.6328125596046448,1
Qwen/Qwen2.5-3B,adjective_agreement_0184,adjective_agreement,"masc noun, femn adj",-43.394107818603516,-43.608646392822266,6,6,1,-0.6015625,1.7109375,1
Qwen/Qwen2.5-3B,adjective_agreement_0185,adjective_agreement,"femn noun, masc adj",-42.588714599609375,-45.31026077270508,13,13,1,-0.59375,2.3906250596046448,1
Qwen/Qwen2.5-3B,adjective_agreement_0186,adjective_agreement,"neut noun, masc adj",-38.78477478027344,-42.89002990722656,8,8,1,-2.0078125,2.2578124403953552,1
Qwen/Qwen2.5-3B,adjective_agreement_0187,adjective_agreement,"femn noun, masc adj",-43.42950439453125,-47.35265350341797,14,14,1,-0.9062501192092896,2.4843749403953552,1
Qwen/Qwen2.5-3B,adjective_agreement_0188,adjective_agreement,"femn noun, masc adj",-40.98472595214844,-44.365272521972656,9,9,1,0.3984375,3.0781250596046448,1
Qwen/Qwen2.5-3B,adjective_agreement_0189,adjective_agreement,"femn noun, neut adj",-27.87753677368164,-35.984275817871094,10,10,1,-1.3046873807907104,2.4531250596046448,1
Qwen/Qwen2.5-3B,adjective_agreement_0190,adjective_agreement,"femn noun, neut adj",-34.050437927246094,-42.347900390625,6,6,1,-1.4375,2.6015623807907104,1
Qwen/Qwen2.5-3B,adjective_agreement_0191,adjective_agreement,"masc noun, neut adj",-37.43243408203125,-40.928138732910156,13,13,1,-1.5781249403953552,1.6171875,1
Qwen/Qwen2.5-3B,adjective_agreement_0192,adjective_agreement,"femn noun, neut adj",-31.973920822143555,-34.70414733886719,8,8,1,-1.578125,2.3281250596046448,1
Qwen/Qwen2.5-3B,adjective_agreement_0193,adjective_agreement,"masc noun, femn adj",-36.26734161376953,-39.60395812988281,15,14,1,-0.53125,2.9375000596046448,1
Qwen/Qwen2.5-3B,adjective_agreement_0194,adjective_agreement,"neut noun, femn adj",-42.904510498046875,-39.11559295654297,8,8,0,-0.671875,2.7734374403953552,1
Qwen/Qwen2.5-3B,adjective_agreement_0195,adjective_agreement,"neut noun, femn adj",-38.96234893798828,-42.131065368652344,8,8,1,-1.1562501192092896,2.1328125,1
Qwen/Qwen2.5-3B,adjective_agreement_0196,adjective_agreement,"masc noun, neut adj",-39.68854522705078,-42.90741729736328,11,11,1,-1.015625,2.4609374403953552,1
Qwen/Qwen2.5-3B,adjective_agreement_0197,adjective_agreement,"femn noun, masc adj",-32.561031341552734,-38.329383850097656,7,7,1,-0.2734375,2.7421875,1
Qwen/Qwen2.5-3B,adjective_agreement_0198,adjective_agreement,"neut noun, femn adj",-52.762657165527344,-45.03594970703125,8,8,0,-1.234375,2.3671875,1
Qwen/Qwen2.5-3B,adjective_agreement_0199,adjective_agreement,"femn noun, masc adj",-36.743553161621094,-44.36759948730469,7,7,1,-0.4296875,2.4296875596046448,1
Qwen/Qwen2.5-3B,adjective_agreement_0200,adjective_agreement,"neut noun, femn adj",-43.352088928222656,-41.82763671875,7,7,0,-1.1328125596046448,1.7578125596046448,1
Qwen/Qwen2.5-3B,adjective_agreement_0201,adjective_agreement,"neut noun, femn adj",-42.581878662109375,-39.51548767089844,8,8,0,-2.1249999403953552,2.1484375,1
Qwen/Qwen2.5-3B,adjective_agreement_0202,adjective_agreement,"masc noun, neut adj",-36.85972595214844,-41.88600540161133,7,7,1,-1.3281248807907104,2.6093750596046448,1
Qwen/Qwen2.5-3B,adjective_agreement_0203,adjective_agreement,"masc noun, neut adj",-38.540462493896484,-42.747222900390625,6,6,1,-1.7109373807907104,1.6093748807907104,0
Qwen/Qwen2.5-3B,adjective_agreement_0204,adjective_agreement,"neut noun, femn adj",-44.73567199707031,-43.29534912109375,9,9,0,-1.1171873807907104,2.2109376192092896,1
Qwen/Qwen2.5-3B,adjective_agreement_0205,adjective_agreement,"femn noun, neut adj",-36.74591827392578,-41.009727478027344,7,7,1,-2.3359375596046448,2.2109376192092896,0
Qwen/Qwen2.5-3B,adjective_agreement_0206,adjective_agreement,"neut noun, femn adj",-41.817359924316406,-43.2132568359375,14,14,1,-1.2421875,1.9609376192092896,1
Qwen/Qwen2.5-3B,adjective_agreement_0207,adjective_agreement,"femn noun, neut adj",-42.29237365722656,-46.690975189208984,15,15,1,-1.578125,1.8203126192092896,1
Qwen/Qwen2.5-3B,adjective_agreement_0208,adjective_agreement,"neut noun, masc adj",-43.213661193847656,-43.273860931396484,8,8,1,-1.6328126192092896,0.34375,0
Qwen/Qwen2.5-3B,adjective_agreement_0209,adjective_agreement,"femn noun, masc adj",-39.41077423095703,-41.26723098754883,8,9,1,-0.09375,2.5703126192092896,1
Qwen/Qwen2.5-3B,adjective_agreement_0210,adjective_agreement,"masc noun, femn adj",-37.254390716552734,-42.43310546875,14,14,1,-1.234375,2.4296875,1
Qwen/Qwen2.5-3B,adjective_agreement_0211,adjective_agreement,"masc noun, neut adj",-37.77583694458008,-43.87110900878906,9,9,1,-1.5859375,2.7421875,1
Qwen/Qwen2.5-3B,adjective_agreement_0212,adjective_agreement,"femn noun, masc adj",-33.066917419433594,-42.46533966064453,7,7,1,-0.109375,2.4531249403953552,1
Qwen/Qwen2.5-3B,adjective_agreement_0213,adjective_agreement,"neut noun, femn adj",-31.325605392456055,-33.672706604003906,8,8,1,-1.5703125,2.6953124403953552,1
Qwen/Qwen2.5-3B,adjective_agreement_0214,adjective_agreement,"neut noun, masc adj",-44.52613830566406,-44.97863006591797,10,10,1,-2.0000001192092896,2.0781248807907104,1
Qwen/Qwen2.5-3B,adjective_agreement_0215,adjective_agreement,"masc noun, femn adj",-33.719482421875,-45.226497650146484,9,8,1,-0.6328125,2.4609374403953552,1
Qwen/Qwen2.5-3B,adjective_agreement_0216,adjective_agreement,"neut noun, masc adj",-31.235721588134766,-34.88580322265625,6,6,1,-1.9140623807907104,2.265625,1
Qwen/Qwen2.5-3B,adjective_agreement_0217,adjective_agreement,"neut noun, femn adj",-41.94307327270508,-39.866878509521484,8,8,0,-1.9531249403953552,2.4062499403953552,1
Qwen/Qwen2.5-3B,adjective_agreement_0218,adjective_agreement,"femn noun, neut adj",-40.41852951049805,-44.284751892089844,9,9,1,-0.9296873807907104,1.1328125,1
Qwen/Qwen2.5-3B,adjective_agreement_0219,adjective_agreement,"masc noun, neut adj",-39.13051223754883,-42.92014694213867,14,14,1,-1.6484375596046448,2.0312499403953552,1
Qwen/Qwen2.5-3B,adjective_agreement_0220,adjective_agreement,"masc noun, femn adj",-42.60468673706055,-41.079132080078125,12,12,0,-0.9453126192092896,2.3671875596046448,1
Qwen/Qwen2.5-3B,adjective_agreement_0221,adjective_agreement,"neut noun, masc adj",-39.73429870605469,-39.33930206298828,15,15,0,-1.59375,1.6796875,1
Qwen/Qwen2.5-3B,adjective_agreement_0222,adjective_agreement,"femn noun, masc adj",-39.45225524902344,-39.790809631347656,9,10,1,-0.6328125,2.2031249403953552,1
Qwen/Qwen2.5-3B,adjective_agreement_0223,adjective_agreement,"neut noun, masc adj",-24.10623550415039,-30.58534812927246,10,10,1,-1.7421873807907104,2.3046874403953552,1
Qwen/Qwen2.5-3B,adjective_agreement_0224,adjective_agreement,"masc noun, neut adj",-40.13431930541992,-42.267024993896484,8,8,1,-1.8046874403953552,2.8671875,1
Qwen/Qwen2.5-3B,adjective_agreement_0225,adjective_agreement,"masc noun, neut adj",-23.97480010986328,-28.04350471496582,6,6,1,-1.9531251192092896,2.2265625,1
Qwen/Qwen2.5-3B,adjective_agreement_0226,adjective_agreement,"neut noun, femn adj",-44.74998474121094,-36.45912170410156,8,8,0,-1.3828125596046448,2.6875,1
Qwen/Qwen2.5-3B,adjective_agreement_0227,adjective_agreement,"femn noun, masc adj",-37.878265380859375,-41.93205642700195,13,14,1,-0.265625,2.59375,1
Qwen/Qwen2.5-3B,adjective_agreement_0228,adjective_agreement,"femn noun, masc adj",-30.749460220336914,-35.11921691894531,7,7,1,-0.2890625,2.484375,1
Qwen/Qwen2.5-3B,adjective_agreement_0229,adjective_agreement,"masc noun, neut adj",-39.56666946411133,-41.44867706298828,7,7,1,-0.6171875,1.9531249403953552,1
Qwen/Qwen2.5-3B,adjective_agreement_0230,adjective_agreement,"masc noun, femn adj",-36.90628433227539,-40.212547302246094,14,14,1,-0.890625,2.2656249403953552,1
Qwen/Qwen2.5-3B,adjective_agreement_0231,adjective_agreement,"masc noun, femn adj",-38.63910675048828,-40.62018966674805,9,8,1,-0.125,2.9687498807907104,1
Qwen/Qwen2.5-3B,adjective_agreement_0232,adjective_agreement,"masc noun, femn adj",-27.554353713989258,-34.286598205566406,7,7,1,-0.6875,2.5156248807907104,1
Qwen/Qwen2.5-3B,adjective_agreement_0233,adjective_agreement,"neut noun, masc adj",-44.04205322265625,-43.10295867919922,10,10,0,-1.625,2.0703124403953552,1
Qwen/Qwen2.5-3B,adjective_agreement_0234,adjective_agreement,"masc noun, femn adj",-39.92776107788086,-44.4294548034668,9,8,1,-0.7343748807907104,2.2187500596046448,1
Qwen/Qwen2.5-3B,adjective_agreement_0235,adjective_agreement,"masc noun, femn adj",-34.65702819824219,-39.107608795166016,13,13,1,-0.5625,2.9765623807907104,1
Qwen/Qwen2.5-3B,adjective_agreement_0236,adjective_agreement,"masc noun, neut adj",-32.71793746948242,-35.35858917236328,7,7,1,0.03125,2.5624998807907104,1
Qwen/Qwen2.5-3B,adjective_agreement_0237,adjective_agreement,"masc noun, femn adj",-30.156139373779297,-31.157087326049805,8,8,1,-0.5546875,2.1953125,1
Qwen/Qwen2.5-3B,adjective_agreement_0238,adjective_agreement,"masc noun, femn adj",-26.45081329345703,-32.77765655517578,8,7,1,-1.3749998807907104,2.078125,1
Qwen/Qwen2.5-3B,adjective_agreement_0239,adjective_agreement,"femn noun, masc adj",-24.63341522216797,-30.972957611083984,9,9,1,0.140625,3.0937498807907104,1
Qwen/Qwen2.5-3B,adjective_agreement_0240,adjective_agreement,"femn noun, masc adj",-45.778907775878906,-46.17603302001953,12,12,1,-0.765625,1.96875,1
Qwen/Qwen2.5-3B,adjective_agreement_0241,adjective_agreement,"masc noun, femn adj",-34.52473449707031,-36.39222717285156,6,6,1,-0.203125,2.6406250596046448,1
Qwen/Qwen2.5-3B,adjective_agreement_0242,adjective_agreement,"masc noun, femn adj",-40.4049072265625,-43.177249908447266,8,8,1,-1.1328126192092896,2.5390624403953552,1
Qwen/Qwen2.5-3B,adjective_agreement_0243,adjective_agreement,"masc noun, neut adj",-36.58448028564453,-41.345123291015625,9,9,1,-1.6562499403953552,2.4687498807907104,1
Qwen/Qwen2.5-3B,adjective_agreement_0244,adjective_agreement,"neut noun, masc adj",-23.411666870117188,-26.76827621459961,6,6,1,-1.8515624403953552,2.4531248807907104,1
Qwen/Qwen2.5-3B,adjective_agreement_0245,adjective_agreement,"neut noun, femn adj",-43.05112838745117,-38.82859802246094,6,6,0,-0.390625,2.3281250596046448,1
Qwen/Qwen2.5-3B,adjective_agreement_0246,adjective_agreement,"neut noun, masc adj",-23.759723663330078,-27.88526153564453,6,6,1,-2.0078124403953552,1.9843748807907104,0
Qwen/Qwen2.5-3B,adjective_agreement_0247,adjective_agreement,"masc noun, neut adj",-38.37870788574219,-41.43682098388672,17,17,1,-1.296875,2.3281250596046448,1
Qwen/Qwen2.5-3B,adjective_agreement_0248,adjective_agreement,"masc noun, neut adj",-26.4007511138916,-26.694541931152344,7,7,1,-2.3281250596046448,2.359375,1
Qwen/Qwen2.5-3B,adjective_agreement_0249,adjective_agreement,"neut noun, femn adj",-36.06114959716797,-35.13410186767578,9,9,0,-1.8671876192092896,2.046875,1
Qwen/Qwen2.5-3B,adjective_agreement_0250,adjective_agreement,"neut noun, masc adj",-45.71858215332031,-43.77043914794922,14,14,0,-2.1796875,1.3906250596046448,0
Qwen/Qwen2.5-3B,adjective_agreement_0251,adjective_agreement,"femn noun, neut adj",-29.683292388916016,-35.5062141418457,7,7,1,-1.546875,1.671875,1
Qwen/Qwen2.5-3B,adjective_agreement_0252,adjective_agreement,"femn noun, neut adj",-42.470184326171875,-48.5228385925293,13,13,1,-0.28125,2.7812498807907104,1
Qwen/Qwen2.5-3B,adjective_agreement_0253,adjective_agreement,"femn noun, neut adj",-41.20222473144531,-40.96959686279297,8,8,0,-1.6640625,2.0625,1
Qwen/Qwen2.5-3B,adjective_agreement_0254,adjective_agreement,"masc noun, femn adj",-45.65838623046875,-49.0709228515625,15,15,1,-0.453125,2.6015625,1
Qwen/Qwen2.5-3B,adjective_agreement_0255,adjective_agreement,"femn noun, neut adj",-24.422752380371094,-30.775611877441406,9,9,1,-0.265625,3.2656251192092896,1
Qwen/Qwen2.5-3B,adjective_agreement_0256,adjective_agreement,"neut noun, femn adj",-30.939645767211914,-34.38819885253906,8,8,1,-1.59375,1.9296875,1
Qwen/Qwen2.5-3B,adjective_agreement_0257,adjective_agreement,"neut noun, masc adj",-43.254703521728516,-40.88408660888672,10,10,0,-1.8515626192092896,2.25,1
Qwen/Qwen2.5-3B,adjective_agreement_0258,adjective_agreement,"masc noun, neut adj",-37.80942153930664,-44.556671142578125,14,13,1,-1.8671874403953552,2.1171876192092896,1
Qwen/Qwen2.5-3B,adjective_agreement_0259,adjective_agreement,"neut noun, femn adj",-44.69512939453125,-45.55037307739258,9,9,1,-1.9296875,2.109375,1
Qwen/Qwen2.5-3B,adjective_agreement_0260,adjective_agreement,"neut noun, masc adj",-41.70362091064453,-42.46477508544922,14,14,1,-1.7890623807907104,2.1015623807907104,1
Qwen/Qwen2.5-3B,adjective_agreement_0261,adjective_agreement,"masc noun, femn adj",-26.02051544189453,-29.57413101196289,8,8,1,-1.0390625,2.7265624403953552,1
Qwen/Qwen2.5-3B,adjective_agreement_0262,adjective_agreement,"masc noun, femn adj",-36.014747619628906,-42.97636413574219,15,14,1,-0.5078125,2.7031251192092896,1
Qwen/Qwen2.5-3B,adjective_agreement_0263,adjective_agreement,"femn noun, masc adj",-34.53489685058594,-39.34136199951172,7,7,1,-1.0234375,2.9453124403953552,1
Qwen/Qwen2.5-3B,adjective_agreement_0264,adjective_agreement,"femn noun, masc adj",-37.70183563232422,-40.576683044433594,13,13,1,0.2109375,2.7109374403953552,1
Qwen/Qwen2.5-3B,adjective_agreement_0265,adjective_agreement,"masc noun, femn adj",-26.045597076416016,-25.656536102294922,7,7,0,0.0546875,2.5859376192092896,1
Qwen/Qwen2.5-3B,adjective_agreement_0266,adjective_agreement,"masc noun, neut adj",-30.364154815673828,-29.648832321166992,7,7,0,-1.75,2.3515625,1
Qwen/Qwen2.5-3B,adjective_agreement_0267,adjective_agreement,"femn noun, masc adj",-35.472259521484375,-42.02155303955078,12,12,1,0.0625,2.6328125596046448,1
Qwen/Qwen2.5-3B,adjective_agreement_0268,adjective_agreement,"masc noun, femn adj",-37.43459701538086,-44.839569091796875,9,8,1,-0.8046876192092896,2.3749999403953552,1
Qwen/Qwen2.5-3B,adjective_agreement_0269,adjective_agreement,"femn noun, masc adj",-27.312490463256836,-33.05360794067383,7,7,1,-0.5,2.7343751192092896,1
Qwen/Qwen2.5-3B,adjective_agreement_0270,adjective_agreement,"masc noun, neut adj",-31.071481704711914,-39.714900970458984,9,9,1,-2.2812498807907104,2.2734375,0
Qwen/Qwen2.5-3B,adjective_agreement_0271,adjective_agreement,"femn noun, neut adj",-38.98283386230469,-43.689292907714844,13,13,1,-1.7109374403953552,1.9062499403953552,1
Qwen/Qwen2.5-3B,adjective_agreement_0272,adjective_agreement,"masc noun, neut adj",-38.938568115234375,-39.38560104370117,13,13,1,-1.7109373807907104,2.2500000596046448,1
Qwen/Qwen2.5-3B,adjective_agreement_0273,adjective_agreement,"neut noun, masc adj",-42.49993896484375,-42.25810241699219,13,13,0,-1.6796875,1.6718751192092896,0
Qwen/Qwen2.5-3B,adjective_agreement_0274,adjective_agreement,"neut noun, femn adj",-40.660953521728516,-43.02812194824219,15,15,1,-1.9453125,2.2265625596046448,1
Qwen/Qwen2.5-3B,adjective_agreement_0275,adjective_agreement,"femn noun, neut adj",-37.501068115234375,-41.220802307128906,9,9,1,-2.1484373807907104,2.3671873807907104,1
Qwen/Qwen2.5-3B,adjective_agreement_0276,adjective_agreement,"neut noun, masc adj",-39.24690246582031,-40.22829055786133,12,12,1,-2.1406249403953552,1.8828123807907104,0
Qwen/Qwen2.5-3B,adjective_agreement_0277,adjective_agreement,"femn noun, neut adj",-25.098316192626953,-31.91904067993164,8,8,1,-0.9218748807907104,2.8750000596046448,1
Qwen/Qwen2.5-3B,adjective_agreement_0278,adjective_agreement,"masc noun, neut adj",-26.267574310302734,-30.746782302856445,7,7,1,-1.5156251192092896,1.90625,1
Qwen/Qwen2.5-3B,adjective_agreement_0279,adjective_agreement,"masc noun, neut adj",-30.83460235595703,-33.72573471069336,6,6,1,-1.5234374403953552,2.5859375,1
Qwen/Qwen2.5-3B,adjective_agreement_0280,adjective_agreement,"masc noun, femn adj",-38.93095397949219,-43.726566314697266,12,12,1,-0.5859375,2.8359374403953552,1
Qwen/Qwen2.5-3B,adjective_agreement_0281,adjective_agreement,"femn noun, neut adj",-38.08119201660156,-48.39494323730469,16,16,1,-0.453125,3.0390624403953552,1
Qwen/Qwen2.5-3B,adjective_agreement_0282,adjective_agreement,"masc noun, femn adj",-35.430625915527344,-42.84883499145508,9,8,1,-0.078125,2.203125,1
Qwen/Qwen2.5-3B,adjective_agreement_0283,adjective_agreement,"masc noun, neut adj",-38.684959411621094,-44.03227615356445,12,12,1,-2.0703125,2.1171876192092896,1
Qwen/Qwen2.5-3B,adjective_agreement_0284,adjective_agreement,"neut noun, femn adj",-41.73202896118164,-41.81114959716797,8,8,1,-0.71875,2.0078126192092896,1
Qwen/Qwen2.5-3B,adjective_agreement_0285,adjective_agreement,"femn noun, masc adj",-27.05072784423828,-37.205848693847656,6,6,1,0.109375,2.0937498807907104,1
Qwen/Qwen2.5-3B,adjective_agreement_0286,adjective_agreement,"neut noun, femn adj",-49.63908004760742,-43.31146240234375,8,8,0,-2.3593750596046448,2.4999999403953552,1
Qwen/Qwen2.5-3B,adjective_agreement_0287,adjective_agreement,"neut noun, femn adj",-36.97771453857422,-39.90777587890625,14,14,1,-1.0,2.4140625,1
Qwen/Qwen2.5-3B,adjective_agreement_0288,adjective_agreement,"masc noun, neut adj",-41.08826446533203,-47.668174743652344,7,7,1,-1.7578125,2.4843748807907104,1
Qwen/Qwen2.5-3B,adjective_agreement_0289,adjective_agreement,"neut noun, masc adj",-41.85982131958008,-41.97157669067383,15,15,1,-1.7812500596046448,1.7812500596046448,0
Qwen/Qwen2.5-3B,adjective_agreement_0290,adjective_agreement,"neut noun, femn adj",-40.458473205566406,-38.9907341003418,8,8,0,-0.640625,2.8046874403953552,1
Qwen/Qwen2.5-3B,adjective_agreement_0291,adjective_agreement,"femn noun, neut adj",-35.42445373535156,-43.584800720214844,14,15,1,-0.0703125,3.0078125,1
Qwen/Qwen2.5-3B,adjective_agreement_0292,adjective_agreement,"femn noun, masc adj",-27.415176391601562,-33.57892990112305,7,7,1,-0.1953125,2.2421875,1
Qwen/Qwen2.5-3B,adjective_agreement_0293,adjective_agreement,"masc noun, femn adj",-42.718963623046875,-44.371009826660156,12,12,1,-0.21875,2.2734375,1
Qwen/Qwen2.5-3B,adjective_agreement_0294,adjective_agreement,"femn noun, masc adj",-41.712677001953125,-45.92842102050781,6,6,1,-0.3046875,2.1093751192092896,1
Qwen/Qwen2.5-3B,adjective_agreement_0295,adjective_agreement,"femn noun, neut adj",-27.699695587158203,-34.4820671081543,6,6,1,-0.9687498807907104,2.4609375,1
Qwen/Qwen2.5-3B,adjective_agreement_0296,adjective_agreement,"neut noun, femn adj",-28.973421096801758,-34.209228515625,7,7,1,-0.1171875,2.9140624403953552,1
Qwen/Qwen2.5-3B,adjective_agreement_0297,adjective_agreement,"femn noun, masc adj",-39.57435607910156,-41.398380279541016,8,8,1,-1.1640623807907104,2.4687501192092896,1
Qwen/Qwen2.5-3B,adjective_agreement_0298,adjective_agreement,"femn noun, neut adj",-37.271453857421875,-40.526817321777344,7,7,1,-1.5,1.6562498807907104,1
Qwen/Qwen2.5-3B,adjective_agreement_0299,adjective_agreement,"neut noun, masc adj",-44.052181243896484,-42.051822662353516,6,6,0,-2.1718749403953552,2.3671876192092896,1
Qwen/Qwen2.5-3B,calques_0000,calques,subtle: брати участь,-33.63144302368164,-33.74723434448242,11,13,1,-2.3984374403953552,2.28125,0
Qwen/Qwen2.5-3B,calques_0001,calques,subtle: брати участь,-61.65336227416992,-56.175697326660156,14,15,0,-2.2265623807907104,1.9765625,0
Qwen/Qwen2.5-3B,calques_0002,calques,subtle: брати участь,-37.69981384277344,-44.276153564453125,17,15,1,-2.53125,2.3984374403953552,0
Qwen/Qwen2.5-3B,calques_0003,calques,subtle: брати участь,-40.48983383178711,-39.234249114990234,15,18,0,-2.015625,2.015625,0
Qwen/Qwen2.5-3B,calques_0004,calques,subtle: вживати заходів,-48.12847900390625,-40.92599105834961,15,14,0,-2.4140625,0.9765625,0
Qwen/Qwen2.5-3B,calques_0005,calques,subtle: вживати заходів,-49.530242919921875,-43.192726135253906,15,13,0,-2.3515626192092896,0.8671876192092896,0
Qwen/Qwen2.5-3B,calques_0006,calques,subtle: вживати заходів,-57.25129699707031,-44.00178527832031,14,14,0,-2.546875,1.4296876192092896,0
Qwen/Qwen2.5-3B,calques_0007,calques,subtle: вживати заходів,-43.059696197509766,-35.07957458496094,14,13,0,-2.6718749403953552,1.2109376192092896,0
Qwen/Qwen2.5-3B,calques_0008,calques,subtle: протягом,-54.24494934082031,-47.92216873168945,18,17,0,-2.46875,2.2812498807907104,0
Qwen/Qwen2.5-3B,calques_0009,calques,subtle: протягом,-34.428253173828125,-39.43952178955078,14,14,1,-1.6796875,1.6171875,0
Qwen/Qwen2.5-3B,calques_0010,calques,subtle: протягом,-61.85263442993164,-51.294212341308594,14,13,0,-2.2499998807907104,2.0624999403953552,0
Qwen/Qwen2.5-3B,calques_0011,calques,subtle: протягом,-40.72049331665039,-45.165428161621094,16,16,1,-1.8828125,1.6640625,0
Qwen/Qwen2.5-3B,calques_0012,calques,subtle: збігатися,-43.9791145324707,-42.3642463684082,12,13,0,-2.1718751192092896,1.7421876192092896,0
Qwen/Qwen2.5-3B,calques_0013,calques,subtle: збігатися,-40.93592071533203,-40.575199127197266,12,11,0,-1.9531251192092896,1.6093750596046448,0
Qwen/Qwen2.5-3B,calques_0014,calques,subtle: збігатися,-26.890522003173828,-28.425453186035156,10,11,1,-1.7109375,1.5390623807907104,0
Qwen/Qwen2.5-3B,calques_0015,calques,subtle: збігатися,-19.9770450592041,-18.646095275878906,11,12,0,-1.9609375,1.7500001192092896,0
Qwen/Qwen2.5-3B,calques_0016,calques,subtle: стосуватися,-43.45214080810547,-47.82624053955078,12,13,1,-1.5000001192092896,1.4296875,0
Qwen/Qwen2.5-3B,calques_0017,calques,subtle: стосуватися,-29.11744499206543,-31.473363876342773,11,12,1,-0.8671875,1.0390625,1
Qwen/Qwen2.5-3B,calques_0018,calques,subtle: стосуватися,-36.68701171875,-32.22607421875,11,12,0,-2.0,1.953125,0
Qwen/Qwen2.5-3B,calques_0019,calques,subtle: завдяки,-39.02655029296875,-47.38456726074219,14,14,1,-0.8203125,2.5078124403953552,1
Qwen/Qwen2.5-3B,calques_0020,calques,subtle: завдяки,-69.4968490600586,-83.47444152832031,15,15,1,-1.28125,2.1796874403953552,1
Qwen/Qwen2.5-3B,calques_0021,calques,subtle: завдяки,-49.11238098144531,-58.087913513183594,11,12,1,-1.28125,2.5078123807907104,1
Qwen/Qwen2.5-3B,calques_0022,calques,subtle: завдяки,-44.87945556640625,-54.14336395263672,12,12,1,-0.0390625,2.1171874403953552,1
Qwen/Qwen2.5-3B,calques_0023,calques,subtle: доводиться,-47.322044372558594,-48.039825439453125,15,15,1,-2.0859375596046448,1.8671874403953552,0
Qwen/Qwen2.5-3B,calques_0024,calques,subtle: доводиться,-47.94595718383789,-52.40321350097656,9,10,1,-2.2968750596046448,2.0234375,0
Qwen/Qwen2.5-3B,calques_0025,calques,subtle: доводиться,-53.77543640136719,-45.73897171020508,11,11,0,-1.9375,2.1796875,1
Qwen/Qwen2.5-3B,calques_0026,calques,subtle: доводиться,-48.34263610839844,-47.712188720703125,11,12,0,-2.1484374403953552,1.734375,0
Qwen/Qwen2.5-3B,calques_0027,calques,subtle: наступний,-43.442352294921875,-43.756202697753906,11,14,1,-1.1640625,1.6875,1
Qwen/Qwen2.5-3B,calques_0028,calques,subtle: наступний,-33.91657257080078,-30.932863235473633,18,20,0,-1.2890626192092896,1.2734373807907104,0
Qwen/Qwen2.5-3B,calques_0029,calques,subtle: наступний,-52.67665481567383,-59.207763671875,13,16,1,-1.90625,2.0390625,1
Qwen/Qwen2.5-3B,calques_0030,calques,subtle: наступний,-35.02882385253906,-41.80950927734375,12,15,1,-1.2578126192092896,1.2890625,1
Qwen/Qwen2.5-3B,calques_0031,calques,subtle: будь-який,-39.64482498168945,-45.610111236572266,11,8,1,-1.6796875,2.1328125596046448,1
Qwen/Qwen2.5-3B,calques_0032,calques,subtle: будь-який,-36.8089714050293,-40.143035888671875,18,15,1,-1.7578125,1.8906248807907104,1
Qwen/Qwen2.5-3B,calques_0033,calques,subtle: будь-який,-35.294979095458984,-27.990596771240234,10,7,0,-2.0546875,1.640625,0
Qwen/Qwen2.5-3B,calques_0034,calques,subtle: виняток,-43.96348190307617,-45.231529235839844,16,18,1,-0.6875,2.0781248807907104,1
Qwen/Qwen2.5-3B,calques_0035,calques,subtle: виняток,-33.07860565185547,-30.159170150756836,12,10,0,-1.7109375,2.2421876192092896,1
Qwen/Qwen2.5-3B,calques_0036,calques,subtle: виняток,-58.706565856933594,-49.55291748046875,11,12,0,-1.703125,1.4999998807907104,0
Qwen/Qwen2.5-3B,calques_0037,calques,subtle: щодо,-34.070770263671875,-46.630332946777344,16,18,1,-1.3984375,1.8124999403953552,1
Qwen/Qwen2.5-3B,calques_0038,calques,subtle: щодо,-32.52189636230469,-46.689273834228516,14,15,1,-1.9140624403953552,2.9843750596046448,1
Qwen/Qwen2.5-3B,calques_0039,calques,subtle: щодо,-39.01878356933594,-53.58009338378906,13,15,1,-2.0390625,2.15625,1
Qwen/Qwen2.5-3B,calques_0040,calques,subtle: вважати,-36.498836517333984,-38.979286193847656,15,13,1,-1.0859373807907104,2.3359375596046448,1
Qwen/Qwen2.5-3B,calques_0041,calques,subtle: вважати,-44.877445220947266,-54.00220489501953,14,13,1,-1.578125,2.8359373807907104,1
Qwen/Qwen2.5-3B,calques_0042,calques,subtle: вважати,-50.09920120239258,-51.80690002441406,15,14,1,-1.0390625,2.5234376192092896,1
Qwen/Qwen2.5-3B,calques_0043,calques,subtle: вважати,-41.42609786987305,-40.02296447753906,12,10,0,-1.234375,1.5078125,1
Qwen/Qwen2.5-3B,calques_0044,calques,subtle: наводити приклад,-39.08434295654297,-34.03086471557617,10,10,0,-2.3671876192092896,2.2578126192092896,0
Qwen/Qwen2.5-3B,calques_0045,calques,subtle: наводити приклад,-27.790876388549805,-26.95465660095215,13,13,0,-1.9453126192092896,1.8046873807907104,0
Qwen/Qwen2.5-3B,calques_0046,calques,subtle: наводити приклад,-43.92804718017578,-45.840309143066406,14,14,1,-2.1875000596046448,1.8984375596046448,0
Qwen/Qwen2.5-3B,calques_0047,calques,subtle: укладати договір,-49.303924560546875,-42.06564712524414,11,11,0,-3.2500000596046448,0.078125,0
Qwen/Qwen2.5-3B,calques_0048,calques,subtle: укладати договір,-54.913673400878906,-55.83147430419922,11,11,1,-2.765625,2.3359375,0
Qwen/Qwen2.5-3B,calques_0049,calques,subtle: укладати договір,-44.22235107421875,-31.59514617919922,11,11,0,-3.1015623807907104,0.29687488079071045,0
Qwen/Qwen2.5-3B,calques_0050,calques,subtle: складати іспит,-48.61846160888672,-42.852115631103516,11,10,0,-2.5078125,1.5703125,0
Qwen/Qwen2.5-3B,calques_0051,calques,subtle: складати іспит,-39.04903793334961,-36.478050231933594,12,12,0,-2.8515624403953552,2.6796874403953552,0
Qwen/Qwen2.5-3B,calques_0052,calques,subtle: навчальний,-28.51737403869629,-33.3830680847168,9,8,1,-1.296875,1.625,1
Qwen/Qwen2.5-3B,calques_0053,calques,subtle: навчальний,-39.25209426879883,-48.25688171386719,14,13,1,-2.0546875,2.3124999403953552,1
Qwen/Qwen2.5-3B,calques_0054,calques,subtle: навчальний,-34.381465911865234,-40.11294174194336,13,12,1,-1.9296875,1.5546875,0
Qwen/Qwen2.5-3B,calques_0055,calques,subtle: зіставляти,-37.1513557434082,-39.4405517578125,12,13,1,-1.9609375,1.3984375,0
Qwen/Qwen2.5-3B,calques_0056,calques,subtle: зіставляти,-47.304710388183594,-44.5882682800293,13,14,0,-1.8906248807907104,1.6796875,0
Qwen/Qwen2.5-3B,calques_0057,calques,subtle: зіставляти,-35.64698791503906,-42.62607955932617,14,16,1,-1.7421873807907104,2.2578124403953552,1
Qwen/Qwen2.5-3B,calques_0058,calques,subtle: співпрацювати,-37.289039611816406,-57.6492919921875,14,15,1,-0.4296875,2.640625,1
Qwen/Qwen2.5-3B,calques_0059,calques,subtle: співпрацювати,-49.94940948486328,-60.57659912109375,13,14,1,-1.6406249403953552,2.6250001192092896,1
Qwen/Qwen2.5-3B,calques_0060,calques,subtle: перепрошую,-49.77691650390625,-50.419395446777344,12,14,1,-1.7968751192092896,2.0859375596046448,1
Qwen/Qwen2.5-3B,calques_0061,calques,subtle: перепрошую,-58.393402099609375,-45.44464874267578,10,12,0,-1.78125,1.7656249403953552,0
Qwen/Qwen2.5-3B,calques_0062,calques,subtle: перепрошую,-45.867862701416016,-43.13822937011719,11,13,0,-1.8203124403953552,1.890625,1
Qwen/Qwen2.5-3B,calques_0063,calques,subtle: захід,-34.50918197631836,-46.47418212890625,15,19,1,-1.5859373807907104,1.1249998807907104,0
Qwen/Qwen2.5-3B,calques_0064,calques,subtle: захід,-41.6921501159668,-58.42754364013672,16,20,1,-1.9374998807907104,0.640625,0
Qwen/Qwen2.5-3B,calques_0065,calques,subtle: висновок,-33.754146575927734,-37.00749206542969,13,13,1,-1.8515625,2.1015626192092896,1
Qwen/Qwen2.5-3B,calques_0066,calques,subtle: висновок,-21.814634323120117,-26.541393280029297,12,12,1,-1.6093749403953552,1.5625001192092896,0
Qwen/Qwen2.5-3B,calques_0067,calques,subtle: бути,-25.22759437561035,-30.53135871887207,7,8,1,-2.2421873807907104,2.8125000596046448,1
Qwen/Qwen2.5-3B,calques_0068,calques,subtle: бути,-26.296703338623047,-28.824005126953125,12,13,1,-1.84375,2.2187498807907104,1
Qwen/Qwen2.5-3B,calques_0069,calques,subtle: бути,-32.217994689941406,-35.42498779296875,9,10,1,-2.6015625,2.8984375,1
Qwen/Qwen2.5-3B,calques_0070,calques,subtle: становити,-46.013694763183594,-45.27081298828125,13,15,0,-2.21875,2.7109374403953552,1
Qwen/Qwen2.5-3B,calques_0071,calques,subtle: становити,-45.850372314453125,-49.91692352294922,16,18,1,-2.3203124403953552,2.5625001192092896,1
Qwen/Qwen2.5-3B,calques_0072,calques,subtle: становити,-30.630645751953125,-32.85322189331055,17,19,1,-2.2421875,2.6718749403953552,1
Qwen/Qwen2.5-3B,calques_0073,calques,subtle: ймовірно,-40.10558319091797,-46.55609130859375,14,14,1,-1.8203125596046448,2.3828124403953552,1
Qwen/Qwen2.5-3B,calques_0074,calques,subtle: ймовірно,-25.756404876708984,-29.104148864746094,14,13,1,-1.34375,1.546875,1
Qwen/Qwen2.5-3B,calques_0075,calques,subtle: ймовірно,-63.11479187011719,-71.88531494140625,16,16,1,-0.9140623807907104,1.453125,1
Qwen/Qwen2.5-3B,calques_0076,calques,subtle: брати до уваги,-35.79493713378906,-32.017242431640625,11,12,0,-2.0078125,1.9062498807907104,0
Qwen/Qwen2.5-3B,calques_0077,calques,subtle: брати до уваги,-64.54225158691406,-45.79701232910156,16,19,0,-2.0859375,1.9765625596046448,0
Qwen/Qwen2.5-3B,calques_0078,calques,subtle: порушити питання,-51.451080322265625,-34.643028259277344,12,14,0,-2.7656250596046448,0.1953125,0
Qwen/Qwen2.5-3B,calques_0079,calques,subtle: порушити питання,-51.59273147583008,-37.93738555908203,16,16,0,-2.234375,0.6249998807907104,0
Qwen/Qwen2.5-3B,calques_0080,calques,subtle: оцінка,-30.813270568847656,-38.38774871826172,14,16,1,-1.375,2.8828126192092896,1
Qwen/Qwen2.5-3B,calques_0081,calques,subtle: оцінка,-40.262691497802734,-46.846954345703125,13,15,1,-1.3281249403953552,1.3906248807907104,1
Qwen/Qwen2.5-3B,calques_0082,calques,subtle: бо (так як),-34.37693786621094,-37.612770080566406,15,17,1,-1.6953125,2.5078124403953552,1
Qwen/Qwen2.5-3B,calques_0083,calques,subtle: бо (так як),-72.7002182006836,-76.6224365234375,17,19,1,-2.0078125596046448,2.2734375,1
Qwen/Qwen2.5-3B,calques_0084,calques,subtle: досі,-27.96514320373535,-36.79822540283203,11,14,1,-1.7031248807907104,2.1406249403953552,1
Qwen/Qwen2.5-3B,calques_0085,calques,subtle: досі,-38.16857147216797,-51.12188720703125,13,16,1,-1.5703123807907104,2.0000001192092896,1
Qwen/Qwen2.5-3B,calques_0086,calques,subtle: незважаючи,-56.72765350341797,-76.27555847167969,20,19,1,-1.7578126192092896,2.0000001192092896,1
Qwen/Qwen2.5-3B,calques_0087,calques,subtle: незважаючи,-35.11566162109375,-41.579368591308594,20,19,1,-2.0625000596046448,2.4609374403953552,1
Qwen/Qwen2.5-3B,calques_0088,calques,subtle: зрештою,-49.32709884643555,-51.12388610839844,10,18,1,-0.53125,1.7187499403953552,1
Qwen/Qwen2.5-3B,calques_0089,calques,subtle: принаймні,-53.89649963378906,-45.2880859375,12,15,0,-1.5703125,1.7421875,1
Qwen/Qwen2.5-3B,calques_0090,calques,overt: отримувати,-29.23030662536621,-30.08342933654785,7,5,1,-2.2890625,2.5703124403953552,1
Qwen/Qwen2.5-3B,calques_0091,calques,overt: отримувати,-31.046794891357422,-32.920677185058594,10,7,1,-2.9765624403953552,3.1562500596046448,1
Qwen/Qwen2.5-3B,calques_0092,calques,overt: отримувати,-32.83469009399414,-35.654197692871094,13,11,1,-1.9218748807907104,2.2265624403953552,1
Qwen/Qwen2.5-3B,calques_0093,calques,overt: визначити,-34.83433532714844,-38.44308853149414,10,10,1,-2.2109375,2.2265625,1
Qwen/Qwen2.5-3B,calques_0094,calques,overt: визначити,-36.36095428466797,-42.1210823059082,12,12,1,-1.7578125,2.3906250596046448,1
Qwen/Qwen2.5-3B,calques_0095,calques,overt: подобатися,-30.00977897644043,-30.756912231445312,13,11,1,-1.859375,1.9218749403953552,1
Qwen/Qwen2.5-3B,calques_0096,calques,overt: подобатися,-33.16545867919922,-32.55388259887695,10,8,0,-2.2734374403953552,2.6328126192092896,1
Qwen/Qwen2.5-3B,calques_0097,calques,overt: їсти,-31.561107635498047,-34.813201904296875,10,11,1,-1.28125,2.4218749403953552,1
Qwen/Qwen2.5-3B,calques_0098,calques,overt: їсти,-25.94952964782715,-29.578716278076172,9,10,1,-2.5078124403953552,2.8359376192092896,1
Qwen/Qwen2.5-3B,calques_0099,calques,overt: взагалі,-31.82140350341797,-17.030731201171875,7,4,0,-0.6796876192092896,1.0703123807907104,1
Qwen/Qwen2.5-3B,calques_0100,calques,overt: взагалі,-30.451068878173828,-35.977272033691406,12,9,1,-2.3046875596046448,1.8593749403953552,0
Qwen/Qwen2.5-3B,calques_0101,calques,overt: звичайно,-34.18104553222656,-39.22399139404297,11,11,1,-1.7265625,2.125,1
Qwen/Qwen2.5-3B,calques_0102,calques,overt: дуже,-17.412761688232422,-18.554508209228516,10,8,1,-2.5859373807907104,2.3828125596046448,0
Qwen/Qwen2.5-3B,calques_0103,calques,overt: бувай,-41.46845245361328,-40.66301727294922,11,10,0,-1.2578123807907104,1.2109375,0
Qwen/Qwen2.5-3B,calques_0104,calques,overt: здаватися,-35.831600189208984,-40.77107620239258,14,13,1,-1.9453124403953552,2.2812501192092896,1
Qwen/Qwen2.5-3B,calques_0105,calques,overt: заважати,-42.51150894165039,-39.612754821777344,12,13,0,-1.6093751192092896,1.7890623807907104,1
Qwen/Qwen2.5-3B,calques_0106,calques,overt: заважати,-39.463993072509766,-39.457881927490234,9,9,0,-1.40625,2.3906248807907104,1
Qwen/Qwen2.5-3B,calques_0107,calques,overt: виходити,-28.796119689941406,-32.83076477050781,7,7,1,-2.0859373807907104,1.7812501192092896,0
Qwen/Qwen2.5-3B,calques_0108,calques,overt: виходити,-24.87482452392578,-38.73371124267578,8,8,1,-2.3203123807907104,3.1015626192092896,1
Qwen/Qwen2.5-3B,calques_0109,calques,overt: вистачати,-21.961803436279297,-28.292142868041992,11,10,1,-1.8203125,1.9062501192092896,1
Qwen/Qwen2.5-3B,calques_0110,calques,overt: вистачати,-55.21110153198242,-42.84661865234375,11,10,0,-2.1640624403953552,2.0625,0
Qwen/Qwen2.5-3B,calques_0111,calques,overt: зараз,-38.930816650390625,-35.27773666381836,6,5,0,-2.0234375,1.9609375596046448,0
Qwen/Qwen2.5-3B,calques_0112,calques,overt: гаразд,-32.92396545410156,-29.898746490478516,9,8,0,-1.671875,1.7578125,1
Qwen/Qwen2.5-3B,calques_0113,calques,overt: колишній,-34.4736328125,-39.38093948364258,14,12,1,-0.890625,2.578125,1
Qwen/Qwen2.5-3B,calques_0114,calques,subtle: стосуватися,-37.92873764038086,-39.67158508300781,14,15,1,-1.7265623807907104,2.2734373807907104,1
Qwen/Qwen2.5-3B,calques_0115,calques,subtle: будь-який,-32.538997650146484,-33.358436584472656,16,13,1,-1.8593750596046448,2.1874999403953552,1
Qwen/Qwen2.5-3B,calques_0116,calques,subtle: виняток,-55.03489685058594,-37.63685989379883,12,10,0,-1.5859375,2.0703123807907104,1
Qwen/Qwen2.5-3B,calques_0117,calques,subtle: щодо,-37.8772087097168,-47.636688232421875,20,21,1,-1.4531251192092896,1.9843751192092896,1
Qwen/Qwen2.5-3B,calques_0118,calques,subtle: наводити приклад,-30.35315704345703,-26.049129486083984,8,8,0,-2.2578125,2.3359375,1
Qwen/Qwen2.5-3B,calques_0119,calques,subtle: укладати договір,-63.151668548583984,-71.67839813232422,15,15,1,-2.2890624403953552,1.1015625,0
Qwen/Qwen2.5-3B,calques_0120,calques,subtle: складати іспит,-47.247215270996094,-46.70904541015625,18,17,0,-2.8203125,2.4296876192092896,0
Qwen/Qwen2.5-3B,calques_0121,calques,subtle: складати іспит,-48.01054000854492,-41.48954772949219,16,16,0,-2.6874999403953552,1.9687498807907104,0
Qwen/Qwen2.5-3B,calques_0122,calques,subtle: навчальний,-36.01779556274414,-47.93896484375,10,10,1,-2.109375,2.2812501192092896,1
Qwen/Qwen2.5-3B,calques_0123,calques,subtle: зіставляти,-44.189842224121094,-58.91302490234375,12,14,1,-1.4609375,1.7109375,1
Qwen/Qwen2.5-3B,calques_0124,calques,subtle: співпрацювати,-36.30290222167969,-56.573333740234375,20,21,1,-0.7265626192092896,2.5625000596046448,1
Qwen/Qwen2.5-3B,calques_0125,calques,subtle: співпрацювати,-35.56907653808594,-45.844200134277344,16,16,1,-1.5625,2.1015625,1
Qwen/Qwen2.5-3B,calques_0126,calques,subtle: перепрошую,-48.134979248046875,-50.813629150390625,9,11,1,-1.78125,1.9218749403953552,1
Qwen/Qwen2.5-3B,calques_0127,calques,subtle: захід,-35.33536911010742,-53.274017333984375,12,16,1,-1.1875,1.0546875,0
Qwen/Qwen2.5-3B,calques_0128,calques,subtle: захід,-34.80659866333008,-52.70677947998047,11,15,1,-1.6953123807907104,0.1796875,0
Qwen/Qwen2.5-3B,calques_0129,calques,subtle: висновок,-34.17220687866211,-36.70249938964844,14,14,1,-1.3125001192092896,2.3359375,1
Qwen/Qwen2.5-3B,calques_0130,calques,subtle: висновок,-42.94567108154297,-42.4859504699707,11,11,0,0.125,2.1250001192092896,1
Qwen/Qwen2.5-3B,calques_0131,calques,subtle: бути,-38.83686828613281,-44.698272705078125,12,13,1,-2.0781250596046448,2.2578123807907104,1
Qwen/Qwen2.5-3B,calques_0132,calques,subtle: становити,-32.8744010925293,-32.661067962646484,9,11,0,-1.8046875,2.5156250596046448,1
Qwen/Qwen2.5-3B,calques_0133,calques,subtle: ймовірно,-37.09064865112305,-49.59709167480469,13,13,1,-1.59375,1.8984375,1
Qwen/Qwen2.5-3B,calques_0134,calques,subtle: брати до уваги,-47.07667541503906,-48.147056579589844,13,14,1,-1.75,2.4296874403953552,1
Qwen/Qwen2.5-3B,calques_0135,calques,subtle: брати до уваги,-71.82998657226562,-42.74335861206055,13,14,0,-2.5390625596046448,1.9687500596046448,0
Qwen/Qwen2.5-3B,calques_0136,calques,subtle: порушити питання,-45.870460510253906,-35.80058288574219,15,16,0,-2.734375,0.8984373807907104,0
Qwen/Qwen2.5-3B,calques_0137,calques,subtle: порушити питання,-45.22911071777344,-44.382774353027344,11,12,0,-3.0468750596046448,1.53125,0
Qwen/Qwen2.5-3B,calques_0138,calques,subtle: оцінка,-49.56377029418945,-59.63916778564453,13,15,1,-1.125,1.4687501192092896,1
Qwen/Qwen2.5-3B,calques_0139,calques,subtle: оцінка,-51.01300048828125,-55.268798828125,12,14,1,-1.6640625,2.546875,1
Qwen/Qwen2.5-3B,calques_0140,calques,subtle: бо (так як),-53.740386962890625,-59.71064758300781,15,17,1,-1.609375,2.1953125,1
Qwen/Qwen2.5-3B,calques_0141,calques,subtle: бо (так як),-55.452659606933594,-57.8430290222168,13,15,1,-2.375,2.6640625596046448,1
Qwen/Qwen2.5-3B,calques_0142,calques,subtle: досі,-38.79925537109375,-45.78704833984375,10,13,1,-1.5546875,2.2421875,1
Qwen/Qwen2.5-3B,calques_0143,calques,subtle: досі,-38.44896697998047,-54.99189758300781,16,19,1,-1.6171875,1.9140625596046448,1
Qwen/Qwen2.5-3B,calques_0144,calques,subtle: незважаючи,-59.55998229980469,-69.24180603027344,21,20,1,-2.0703123807907104,1.859375,0
Qwen/Qwen2.5-3B,calques_0145,calques,subtle: незважаючи,-60.8355712890625,-72.10934448242188,16,15,1,-1.78125,2.0624998807907104,1
Qwen/Qwen2.5-3B,calques_0146,calques,subtle: зрештою,-52.67738723754883,-56.72099304199219,13,21,1,-1.4609374403953552,2.6875,1
Qwen/Qwen2.5-3B,calques_0147,calques,subtle: зрештою,-30.454673767089844,-45.623382568359375,12,20,1,-0.40625011920928955,2.2812499403953552,1
Qwen/Qwen2.5-3B,calques_0148,calques,subtle: зрештою,-46.11880874633789,-54.55192565917969,16,24,1,-0.96875,2.0624998807907104,1
Qwen/Qwen2.5-3B,calques_0149,calques,subtle: принаймні,-36.51128387451172,-47.50658416748047,10,14,1,-1.0625,1.3906248807907104,1
Qwen/Qwen2.5-3B,calques_0150,calques,subtle: принаймні,-53.727783203125,-52.091278076171875,11,14,0,-1.3046875,0.625,0
Qwen/Qwen2.5-3B,calques_0151,calques,subtle: принаймні,-44.9959602355957,-50.98582458496094,12,16,1,-1.2109375,1.8906250596046448,1
Qwen/Qwen2.5-3B,calques_0152,calques,overt: отримувати,-31.272775650024414,-33.016414642333984,12,8,1,-1.4140626192092896,3.2578125596046448,1
Qwen/Qwen2.5-3B,calques_0153,calques,overt: визначити,-31.543109893798828,-36.62101745605469,10,10,1,-2.1875,2.0078123807907104,0
Qwen/Qwen2.5-3B,calques_0154,calques,overt: визначити,-45.87884521484375,-53.96173095703125,11,12,1,-2.28125,2.2890625,1
Qwen/Qwen2.5-3B,calques_0155,calques,overt: подобатися,-32.20592498779297,-37.429283142089844,14,12,1,-2.5859374403953552,2.5312499403953552,0
Qwen/Qwen2.5-3B,calques_0156,calques,overt: подобатися,-35.80457305908203,-39.26985168457031,15,13,1,-1.875,2.3281250596046448,1
Qwen/Qwen2.5-3B,calques_0157,calques,overt: їсти,-29.467519760131836,-32.91319274902344,6,7,1,-1.1562498807907104,2.2578125,1
Qwen/Qwen2.5-3B,calques_0158,calques,overt: їсти,-31.436843872070312,-31.783021926879883,9,10,1,-1.8906248807907104,1.9062498807907104,1
Qwen/Qwen2.5-3B,calques_0159,calques,overt: взагалі,-21.821924209594727,-26.102230072021484,10,7,1,-2.0781248807907104,1.7578125596046448,0
Qwen/Qwen2.5-3B,calques_0160,calques,overt: взагалі,-40.33085250854492,-38.62565612792969,13,10,0,-1.8359373807907104,1.9609375,1
Qwen/Qwen2.5-3B,calques_0161,calques,overt: звичайно,-36.08505630493164,-42.69558334350586,9,9,1,-1.7578125,1.6015626192092896,0
Qwen/Qwen2.5-3B,calques_0162,calques,overt: звичайно,-31.284774780273438,-48.14860534667969,12,11,1,-1.984375,1.8046874403953552,0
Qwen/Qwen2.5-3B,calques_0163,calques,overt: звичайно,-31.737672805786133,-39.59455871582031,13,13,1,-1.015625,1.484375,1
Qwen/Qwen2.5-3B,calques_0164,calques,overt: дуже,-25.14954376220703,-33.357276916503906,9,7,1,-1.6796873807907104,2.8203126192092896,1
Qwen/Qwen2.5-3B,calques_0165,calques,overt: дуже,-32.454750061035156,-42.434906005859375,9,7,1,-2.4765625,2.9999999403953552,1
Qwen/Qwen2.5-3B,calques_0166,calques,overt: дуже,-17.66631317138672,-22.481834411621094,7,7,1,-2.3671874403953552,2.5000001192092896,1
Qwen/Qwen2.5-3B,calques_0167,calques,overt: бувай,-51.155670166015625,-48.47443771362305,11,10,0,-1.75,2.0546875596046448,1
Qwen/Qwen2.5-3B,calques_0168,calques,overt: бувай,-24.28082275390625,-18.197765350341797,6,4,0,-1.5546875596046448,0.8828125,0
Qwen/Qwen2.5-3B,calques_0169,calques,overt: бувай,-38.9055061340332,-33.32674026489258,7,6,0,-0.984375,1.5156251192092896,1
Qwen/Qwen2.5-3B,calques_0170,calques,overt: здаватися,-31.415016174316406,-37.57539749145508,11,10,1,-1.5546873807907104,1.3828126192092896,0
Qwen/Qwen2.5-3B,calques_0171,calques,overt: здаватися,-37.12921905517578,-48.210899353027344,11,11,1,-1.46875,2.6406251192092896,1
Qwen/Qwen2.5-3B,calques_0172,calques,overt: здаватися,-39.21257400512695,-51.70347213745117,17,17,1,-1.890625,2.296875,1
Qwen/Qwen2.5-3B,calques_0173,calques,overt: заважати,-46.16148376464844,-44.067527770996094,13,13,0,-1.3828125,1.6953123807907104,1
Qwen/Qwen2.5-3B,calques_0174,calques,overt: заважати,-36.84150695800781,-36.98096466064453,9,9,1,-1.7421875,1.609375,0
Qwen/Qwen2.5-3B,calques_0175,calques,overt: виходити,-19.477848052978516,-25.236679077148438,8,8,1,-2.015625,1.96875,0
Qwen/Qwen2.5-3B,calques_0176,calques,overt: виходити,-36.03752517700195,-48.101776123046875,9,8,1,-2.203125,2.2812500596046448,1
Qwen/Qwen2.5-3B,calques_0177,calques,overt: вистачати,-41.28055191040039,-37.809326171875,8,7,0,-1.5625,2.5781249403953552,1
Qwen/Qwen2.5-3B,calques_0178,calques,overt: вистачати,-30.870609283447266,-22.571739196777344,7,6,0,-2.140625,1.8984375,0
Qwen/Qwen2.5-3B,calques_0179,calques,overt: зараз,-27.85976219177246,-32.605953216552734,10,9,1,-2.0859375596046448,2.7890625,1
Qwen/Qwen2.5-3B,calques_0180,calques,overt: зараз,-27.309621810913086,-28.293170928955078,6,6,1,-2.5625000596046448,2.1874999403953552,0
Qwen/Qwen2.5-3B,calques_0181,calques,overt: зараз,-25.565696716308594,-26.696395874023438,9,8,1,-2.9921874403953552,2.531250089406967,0
Qwen/Qwen2.5-3B,calques_0182,calques,overt: гаразд,-41.558433532714844,-34.083648681640625,8,7,0,-2.0781248807907104,1.5078126192092896,0
Qwen/Qwen2.5-3B,calques_0183,calques,overt: гаразд,-43.19373321533203,-31.460460662841797,9,8,0,-2.0781250596046448,1.3671873807907104,0
Qwen/Qwen2.5-3B,calques_0184,calques,overt: гаразд,-30.519489288330078,-19.384233474731445,9,8,0,-2.1562501192092896,1.9453126192092896,0
Qwen/Qwen2.5-3B,calques_0185,calques,overt: колишній,-31.767574310302734,-36.88004684448242,13,11,1,-0.78125,2.6562499403953552,1
Qwen/Qwen2.5-3B,calques_0186,calques,overt: колишній,-50.246795654296875,-47.88576889038086,16,13,0,-2.046875,1.625,0
Qwen/Qwen2.5-3B,calques_0187,calques,overt: колишній,-46.696903228759766,-47.77801513671875,13,13,1,-2.2265625,2.8125,1
Qwen/Qwen2.5-3B,control_subject_verb_0000,control_subject_verb,past-tense gender,-49.441795349121094,-50.06031799316406,18,18,1,-1.0546875,2.6562501192092896,1
Qwen/Qwen2.5-3B,control_subject_verb_0001,control_subject_verb,past-tense gender,-37.93561935424805,-37.413536071777344,13,13,0,-1.4843748807907104,2.5,1
Qwen/Qwen2.5-3B,control_subject_verb_0002,control_subject_verb,past-tense gender,-38.79098129272461,-45.391639709472656,10,10,1,-2.5703125,3.0234373807907104,1
Qwen/Qwen2.5-3B,control_subject_verb_0003,control_subject_verb,past-tense gender,-36.12593078613281,-42.146217346191406,9,10,1,-1.796875,3.1484375,1
Qwen/Qwen2.5-3B,control_subject_verb_0004,control_subject_verb,past-tense gender,-36.566307067871094,-37.99665069580078,12,13,1,-0.9921875,2.2656251192092896,1
Qwen/Qwen2.5-3B,control_subject_verb_0005,control_subject_verb,past-tense gender,-45.44771957397461,-44.400856018066406,15,16,0,-1.2656248807907104,2.2578123807907104,1
Qwen/Qwen2.5-3B,control_subject_verb_0006,control_subject_verb,past-tense gender,-33.48265075683594,-36.841773986816406,11,11,1,-1.0859375,2.7890623807907104,1
Qwen/Qwen2.5-3B,control_subject_verb_0007,control_subject_verb,past-tense gender,-40.60222244262695,-44.46968460083008,14,13,1,-1.1796875,2.2734375,1
Qwen/Qwen2.5-3B,control_subject_verb_0008,control_subject_verb,past-tense gender,-42.943443298339844,-47.94613265991211,14,13,1,-0.6640625,2.2656250596046448,1
Qwen/Qwen2.5-3B,control_subject_verb_0009,control_subject_verb,past-tense gender,-46.183868408203125,-56.423187255859375,17,17,1,-1.1796873807907104,2.4843750596046448,1
Qwen/Qwen2.5-3B,control_subject_verb_0010,control_subject_verb,past-tense gender,-42.55463790893555,-50.44867706298828,17,17,1,-1.8593748807907104,2.6562499403953552,1
Qwen/Qwen2.5-3B,control_subject_verb_0011,control_subject_verb,past-tense gender,-39.510215759277344,-43.33528518676758,12,13,1,-1.078125,2.6328125,1
Qwen/Qwen2.5-3B,control_subject_verb_0012,control_subject_verb,past-tense gender,-42.38865661621094,-44.68927764892578,11,11,1,-0.7578125,2.4765625596046448,1
Qwen/Qwen2.5-3B,control_subject_verb_0013,control_subject_verb,past-tense gender,-34.871437072753906,-45.9743766784668,11,11,1,-1.1328123807907104,2.8281250596046448,1
Qwen/Qwen2.5-3B,control_subject_verb_0014,control_subject_verb,past-tense gender,-37.26103210449219,-40.369239807128906,13,12,1,-1.2187500596046448,2.2421875,1
Qwen/Qwen2.5-3B,control_subject_verb_0015,control_subject_verb,past-tense gender,-44.820396423339844,-46.91453170776367,18,17,1,-1.15625,1.9531250596046448,1
Qwen/Qwen2.5-3B,control_subject_verb_0016,control_subject_verb,past-tense gender,-43.57969665527344,-42.04485321044922,14,14,0,-1.8125,2.4296874403953552,1
Qwen/Qwen2.5-3B,control_subject_verb_0017,control_subject_verb,past-tense gender,-34.266868591308594,-43.37635040283203,11,11,1,-1.0703125,2.7343749403953552,1
Qwen/Qwen2.5-3B,control_subject_verb_0018,control_subject_verb,past-tense gender,-39.86650848388672,-46.28990173339844,13,13,1,-2.0937501192092896,1.9453123807907104,0
Qwen/Qwen2.5-3B,control_subject_verb_0019,control_subject_verb,past-tense gender,-39.90207290649414,-43.34252166748047,14,13,1,-1.140625,2.1484376192092896,1
Qwen/Qwen2.5-3B,control_subject_verb_0020,control_subject_verb,past-tense gender,-34.990020751953125,-38.93462371826172,14,13,1,-0.9765623807907104,2.0468751192092896,1
Qwen/Qwen2.5-3B,control_subject_verb_0021,control_subject_verb,past-tense gender,-46.84880065917969,-55.41632843017578,17,18,1,-1.296875,2.171875,1
Qwen/Qwen2.5-3B,control_subject_verb_0022,control_subject_verb,past-tense gender,-44.302040100097656,-56.8284912109375,16,16,1,-1.671875,2.2812500596046448,1
Qwen/Qwen2.5-3B,control_subject_verb_0023,control_subject_verb,past-tense gender,-33.57179260253906,-42.867156982421875,11,11,1,-1.4921875,2.75,1
Qwen/Qwen2.5-3B,control_subject_verb_0024,control_subject_verb,past-tense gender,-36.367156982421875,-37.06858825683594,11,11,1,-0.9375,2.7031248807907104,1
Qwen/Qwen2.5-3B,control_subject_verb_0025,control_subject_verb,past-tense gender,-42.81172561645508,-53.91315460205078,18,19,1,-1.0468748807907104,2.3749999403953552,1
Qwen/Qwen2.5-3B,control_subject_verb_0026,control_subject_verb,past-tense gender,-41.371337890625,-45.266414642333984,17,17,1,-2.2656249403953552,2.3906249403953552,1
Qwen/Qwen2.5-3B,control_subject_verb_0027,control_subject_verb,past-tense gender,-30.294456481933594,-36.52320098876953,12,12,1,-1.859375,2.4921875596046448,1
Qwen/Qwen2.5-3B,control_subject_verb_0028,control_subject_verb,past-tense gender,-37.479270935058594,-38.26483154296875,12,11,1,-1.328125,2.2421875596046448,1
Qwen/Qwen2.5-3B,control_subject_verb_0029,control_subject_verb,past-tense gender,-39.843849182128906,-48.38703536987305,15,15,1,-1.8906250596046448,2.671875,1
Qwen/Qwen2.5-3B,control_subject_verb_0030,control_subject_verb,past-tense gender,-40.88907241821289,-42.39971923828125,21,20,1,-1.9921874403953552,1.34375,0
Qwen/Qwen2.5-3B,control_subject_verb_0031,control_subject_verb,past-tense gender,-35.21843719482422,-39.43446350097656,10,9,1,-2.0546873807907104,2.6406249403953552,1
Qwen/Qwen2.5-3B,control_subject_verb_0032,control_subject_verb,past-tense gender,-48.56561279296875,-54.890342712402344,18,18,1,-1.1328126192092896,2.21875,1
Qwen/Qwen2.5-3B,control_subject_verb_0033,control_subject_verb,past-tense gender,-33.34996795654297,-34.3259162902832,11,11,1,-1.1015625,2.546875,1
Qwen/Qwen2.5-3B,control_subject_verb_0034,control_subject_verb,past-tense gender,-42.64399337768555,-44.05752944946289,13,13,1,-0.84375,2.65625,1
Qwen/Qwen2.5-3B,control_subject_verb_0035,control_subject_verb,past-tense gender,-44.8642578125,-48.7952880859375,19,18,1,-1.3515624403953552,1.9374999403953552,1
Qwen/Qwen2.5-3B,control_subject_verb_0036,control_subject_verb,past-tense gender,-37.89457321166992,-36.5599365234375,16,17,0,-0.8828126192092896,2.6953126192092896,1
Qwen/Qwen2.5-3B,control_subject_verb_0037,control_subject_verb,past-tense gender,-32.390953063964844,-34.619197845458984,12,11,1,-1.1796875,2.703125,1
Qwen/Qwen2.5-3B,control_subject_verb_0038,control_subject_verb,past-tense gender,-39.79625701904297,-49.05664825439453,16,17,1,-1.2187501192092896,2.1093750596046448,1
Qwen/Qwen2.5-3B,control_subject_verb_0039,control_subject_verb,past-tense gender,-44.78047561645508,-49.27294921875,18,17,1,-1.2656248807907104,2.1093750596046448,1
Qwen/Qwen2.5-3B,control_subject_verb_0040,control_subject_verb,past-tense gender,-37.10232162475586,-42.57429504394531,11,12,1,-1.5624998807907104,2.6953125596046448,1
Qwen/Qwen2.5-3B,control_subject_verb_0041,control_subject_verb,past-tense gender,-36.818721771240234,-43.74125671386719,10,9,1,-1.5781248807907104,3.0468748807907104,1
Qwen/Qwen2.5-3B,control_subject_verb_0042,control_subject_verb,past-tense gender,-41.934906005859375,-43.77392578125,12,13,1,-1.1328125,2.5156249403953552,1
Qwen/Qwen2.5-3B,control_subject_verb_0043,control_subject_verb,past-tense gender,-51.82707214355469,-52.8015022277832,17,17,1,-1.4609373807907104,2.5234375596046448,1
Qwen/Qwen2.5-3B,control_subject_verb_0044,control_subject_verb,past-tense gender,-33.301300048828125,-39.20641326904297,10,9,1,-1.3124998807907104,3.1171876192092896,1
Qwen/Qwen2.5-3B,control_subject_verb_0045,control_subject_verb,past-tense gender,-40.99824905395508,-41.45941162109375,11,11,1,-0.9765626192092896,2.7109374403953552,1
Qwen/Qwen2.5-3B,control_subject_verb_0046,control_subject_verb,past-tense gender,-42.384727478027344,-45.12461471557617,16,15,1,-1.296875,2.2265625,1
Qwen/Qwen2.5-3B,control_subject_verb_0047,control_subject_verb,past-tense gender,-41.94544982910156,-44.71923828125,16,16,1,-1.2656248807907104,2.1953126192092896,1
Qwen/Qwen2.5-3B,control_subject_verb_0048,control_subject_verb,past-tense gender,-37.210662841796875,-41.82281494140625,11,11,1,-2.0468748807907104,2.0859375596046448,1
Qwen/Qwen2.5-3B,control_subject_verb_0049,control_subject_verb,past-tense gender,-27.556655883789062,-35.10771942138672,10,11,1,-1.3203124403953552,2.7812500596046448,1
Qwen/Qwen2.5-3B,control_subject_verb_0050,control_subject_verb,past-tense gender,-33.848777770996094,-41.36724090576172,12,12,1,-1.9453123807907104,2.5390625,1
Qwen/Qwen2.5-3B,control_subject_verb_0051,control_subject_verb,past-tense gender,-46.173316955566406,-48.30292892456055,15,14,1,-1.3359373807907104,1.859375,1
Qwen/Qwen2.5-3B,control_subject_verb_0052,control_subject_verb,past-tense gender,-37.33497619628906,-45.99851989746094,11,11,1,-0.9687501192092896,2.6640625596046448,1
Qwen/Qwen2.5-3B,control_subject_verb_0053,control_subject_verb,past-tense gender,-45.4911003112793,-50.035919189453125,18,18,1,-2.109375,2.296875,1
Qwen/Qwen2.5-3B,control_subject_verb_0054,control_subject_verb,past-tense gender,-48.11503601074219,-48.918487548828125,17,17,1,-1.1328125,2.6406251192092896,1
Qwen/Qwen2.5-3B,control_subject_verb_0055,control_subject_verb,past-tense gender,-49.875152587890625,-51.11393737792969,18,18,1,-1.7734376192092896,2.65625,1
Qwen/Qwen2.5-3B,control_subject_verb_0056,control_subject_verb,past-tense gender,-39.24158477783203,-40.7059326171875,12,12,1,-0.7734375,2.8515626192092896,1
Qwen/Qwen2.5-3B,control_subject_verb_0057,control_subject_verb,past-tense gender,-31.004451751708984,-42.94578552246094,11,11,1,-1.1718748807907104,2.7734376192092896,1
Qwen/Qwen2.5-3B,control_subject_verb_0058,control_subject_verb,past-tense gender,-49.26866912841797,-56.44870376586914,17,17,1,-1.046875,2.171875,1
Qwen/Qwen2.5-3B,control_subject_verb_0059,control_subject_verb,past-tense gender,-37.943641662597656,-45.145416259765625,11,11,1,-1.2890623807907104,2.6015626192092896,1
Qwen/Qwen2.5-3B,control_subject_verb_0060,control_subject_verb,past-tense gender,-33.74020004272461,-38.590484619140625,13,13,1,-2.3750000596046448,2.7031248807907104,1
Qwen/Qwen2.5-3B,control_subject_verb_0061,control_subject_verb,past-tense gender,-49.97350311279297,-51.71625900268555,18,18,1,-1.46875,2.6015625596046448,1
Qwen/Qwen2.5-3B,control_subject_verb_0062,control_subject_verb,past-tense gender,-47.398521423339844,-47.359657287597656,19,19,0,-1.5078123807907104,2.6640624403953552,1
Qwen/Qwen2.5-3B,control_subject_verb_0063,control_subject_verb,past-tense gender,-32.29613494873047,-36.9335823059082,13,13,1,-1.8828126192092896,1.9765625,1
Qwen/Qwen2.5-3B,control_subject_verb_0064,control_subject_verb,past-tense gender,-38.48161697387695,-43.828712463378906,15,14,1,-1.21875,2.2812500596046448,1
Qwen/Qwen2.5-3B,control_subject_verb_0065,control_subject_verb,past-tense gender,-33.05329132080078,-37.38390350341797,11,10,1,-1.4609375,2.890625,1
Qwen/Qwen2.5-3B,control_subject_verb_0066,control_subject_verb,past-tense gender,-42.770469665527344,-44.408103942871094,17,16,1,-1.2265625,1.6484375,1
Qwen/Qwen2.5-3B,control_subject_verb_0067,control_subject_verb,past-tense gender,-37.292701721191406,-45.151512145996094,11,11,1,-1.375,2.2734374403953552,1
Qwen/Qwen2.5-3B,control_subject_verb_0068,control_subject_verb,past-tense gender,-37.01019287109375,-39.50634765625,10,10,1,-1.4375,2.5625,1
Qwen/Qwen2.5-3B,control_subject_verb_0069,control_subject_verb,past-tense gender,-37.50927734375,-42.928768157958984,11,11,1,-2.2734375596046448,2.6250000596046448,1
Qwen/Qwen2.5-3B,control_subject_verb_0070,control_subject_verb,past-tense gender,-43.493404388427734,-56.39924621582031,17,17,1,-1.59375,2.0703125,1
Qwen/Qwen2.5-3B,control_subject_verb_0071,control_subject_verb,past-tense gender,-41.03832244873047,-52.45880889892578,16,16,1,-1.40625,2.40625,1
Qwen/Qwen2.5-3B,control_subject_verb_0072,control_subject_verb,past-tense gender,-35.92631149291992,-42.894657135009766,11,11,1,-2.4921873807907104,2.8359376192092896,1
Qwen/Qwen2.5-3B,control_subject_verb_0073,control_subject_verb,past-tense gender,-35.64939880371094,-39.1968994140625,12,12,1,-0.9140625,2.6640625,1
Qwen/Qwen2.5-3B,control_subject_verb_0074,control_subject_verb,past-tense gender,-37.432373046875,-38.752384185791016,12,12,1,-0.6484375,2.8437498807907104,1
Qwen/Qwen2.5-3B,control_subject_verb_0075,control_subject_verb,past-tense gender,-30.09996795654297,-35.49734878540039,10,9,1,-1.515625,2.9687501192092896,1
Qwen/Qwen2.5-3B,control_subject_verb_0076,control_subject_verb,past-tense gender,-34.15864562988281,-41.97739028930664,13,13,1,-1.3671873807907104,2.8125001192092896,1
Qwen/Qwen2.5-3B,control_subject_verb_0077,control_subject_verb,past-tense gender,-36.09086227416992,-35.57933807373047,12,12,0,-1.375,2.7499999403953552,1
Qwen/Qwen2.5-3B,control_subject_verb_0078,control_subject_verb,past-tense gender,-39.38552474975586,-47.320457458496094,12,12,1,-0.8671873807907104,2.3046876192092896,1
Qwen/Qwen2.5-3B,control_subject_verb_0079,control_subject_verb,past-tense gender,-27.903518676757812,-33.48273468017578,9,8,1,-1.296875,2.7265625596046448,1
Qwen/Qwen2.5-3B,control_subject_verb_0080,control_subject_verb,past-tense gender,-44.57418441772461,-49.3848876953125,14,13,1,-1.140625,2.0312500596046448,1
Qwen/Qwen2.5-3B,control_subject_verb_0081,control_subject_verb,past-tense gender,-52.79334259033203,-50.80091094970703,17,17,0,-1.3359375,2.3828125596046448,1
Qwen/Qwen2.5-3B,control_subject_verb_0082,control_subject_verb,past-tense gender,-50.98033905029297,-58.97028350830078,17,17,1,-1.1953123807907104,1.9843748807907104,1
Qwen/Qwen2.5-3B,control_subject_verb_0083,control_subject_verb,past-tense gender,-55.457313537597656,-53.10778045654297,18,18,0,-1.21875,2.3125,1
Qwen/Qwen2.5-3B,control_subject_verb_0084,control_subject_verb,past-tense gender,-35.310142517089844,-42.53683853149414,12,12,1,-0.765625,2.5625,1
Qwen/Qwen2.5-3B,control_subject_verb_0085,control_subject_verb,past-tense gender,-36.783958435058594,-38.108619689941406,11,10,1,-1.2031248807907104,2.21875,1
Qwen/Qwen2.5-3B,control_subject_verb_0086,control_subject_verb,past-tense gender,-38.87660217285156,-41.58876037597656,15,15,1,-2.1796875596046448,2.3749998807907104,1
Qwen/Qwen2.5-3B,control_subject_verb_0087,control_subject_verb,past-tense gender,-37.464454650878906,-38.02325439453125,9,10,1,-0.8359375,2.8671873807907104,1
Qwen/Qwen2.5-3B,control_subject_verb_0088,control_subject_verb,past-tense gender,-33.33869934082031,-38.94624710083008,13,13,1,-2.0703125,2.5937501192092896,1
Qwen/Qwen2.5-3B,control_subject_verb_0089,control_subject_verb,past-tense gender,-50.639381408691406,-51.21091842651367,18,18,1,-1.3671876192092896,2.2421875,1
Qwen/Qwen2.5-3B,control_subject_verb_0090,control_subject_verb,past-tense gender,-27.97871208190918,-30.63726806640625,10,9,1,-0.9375001192092896,1.7890625,1
Qwen/Qwen2.5-3B,control_subject_verb_0091,control_subject_verb,past-tense gender,-32.991539001464844,-35.704345703125,10,10,1,-2.328125,2.421875,1
Qwen/Qwen2.5-3B,control_subject_verb_0092,control_subject_verb,past-tense gender,-32.23068618774414,-38.77061080932617,11,10,1,-1.3828123807907104,2.9140625,1
Qwen/Qwen2.5-3B,control_subject_verb_0093,control_subject_verb,past-tense gender,-50.83360290527344,-55.03593826293945,16,16,1,-1.4843748807907104,2.4140625596046448,1
Qwen/Qwen2.5-3B,control_subject_verb_0094,control_subject_verb,past-tense gender,-41.7149658203125,-42.36943435668945,13,14,1,-0.9375001192092896,2.6640625596046448,1
Qwen/Qwen2.5-3B,control_subject_verb_0095,control_subject_verb,past-tense gender,-37.7855110168457,-42.16947937011719,14,13,1,-0.90625,2.3984373807907104,1
Qwen/Qwen2.5-3B,control_subject_verb_0096,control_subject_verb,past-tense gender,-39.307167053222656,-38.59074401855469,13,13,0,-1.0625,2.6874999403953552,1
Qwen/Qwen2.5-3B,control_subject_verb_0097,control_subject_verb,past-tense gender,-33.79358673095703,-36.89057922363281,10,9,1,-1.2968748807907104,2.7578125,1
Qwen/Qwen2.5-3B,control_subject_verb_0098,control_subject_verb,past-tense gender,-34.84398651123047,-35.40278625488281,13,13,1,-0.6875,2.2265625596046448,1
Qwen/Qwen2.5-3B,control_subject_verb_0099,control_subject_verb,past-tense gender,-43.76155090332031,-43.43889617919922,13,13,0,-1.0078125,2.6171875596046448,1
Qwen/Qwen2.5-3B,control_subject_verb_0100,control_subject_verb,past-tense gender,-36.241737365722656,-43.80222702026367,10,11,1,-1.109375,2.8281249403953552,1
Qwen/Qwen2.5-3B,control_subject_verb_0101,control_subject_verb,past-tense gender,-37.054500579833984,-44.71026611328125,13,13,1,-1.21875,2.7656250596046448,1
Qwen/Qwen2.5-3B,control_subject_verb_0102,control_subject_verb,past-tense gender,-41.058319091796875,-51.930992126464844,16,16,1,-2.1562500596046448,2.6015623807907104,1
Qwen/Qwen2.5-3B,control_subject_verb_0103,control_subject_verb,past-tense gender,-35.15029525756836,-40.79499053955078,10,9,1,-1.5078125,2.8124999403953552,1
Qwen/Qwen2.5-3B,control_subject_verb_0104,control_subject_verb,past-tense gender,-42.21070861816406,-49.65580749511719,13,13,1,-1.0625,2.328125,1
Qwen/Qwen2.5-3B,control_subject_verb_0105,control_subject_verb,past-tense gender,-52.29662322998047,-52.8934211730957,20,20,1,-1.2890626192092896,2.1171874403953552,1
Qwen/Qwen2.5-3B,control_subject_verb_0106,control_subject_verb,past-tense gender,-28.709972381591797,-37.483802795410156,9,10,1,-1.5546873807907104,2.8359373807907104,1
Qwen/Qwen2.5-3B,control_subject_verb_0107,control_subject_verb,past-tense gender,-44.22190475463867,-46.89283752441406,20,19,1,-1.2109376192092896,2.4453126192092896,1
Qwen/Qwen2.5-3B,control_subject_verb_0108,control_subject_verb,past-tense gender,-41.96953582763672,-52.49068832397461,16,16,1,-2.2578125596046448,2.4765626192092896,1
Qwen/Qwen2.5-3B,control_subject_verb_0109,control_subject_verb,past-tense gender,-41.80095291137695,-42.17140579223633,12,12,1,-0.5625,2.203125,1
Qwen/Qwen2.5-3B,control_subject_verb_0110,control_subject_verb,past-tense gender,-29.357833862304688,-37.39500427246094,10,11,1,-1.2734373807907104,2.4140624403953552,1
Qwen/Qwen2.5-3B,control_subject_verb_0111,control_subject_verb,past-tense gender,-37.52345657348633,-45.202476501464844,13,13,1,-1.8125,1.96875,1
Qwen/Qwen2.5-3B,control_subject_verb_0112,control_subject_verb,past-tense gender,-36.46821594238281,-46.43928527832031,10,10,1,-0.90625,2.7109375596046448,1
Qwen/Qwen2.5-3B,control_subject_verb_0113,control_subject_verb,past-tense gender,-39.131858825683594,-45.28648376464844,11,11,1,-1.4296875,2.4765625596046448,1
Qwen/Qwen2.5-3B,control_subject_verb_0114,control_subject_verb,past-tense gender,-37.230525970458984,-41.35578536987305,12,11,1,-1.3046875,2.0546875596046448,1
Qwen/Qwen2.5-3B,control_subject_verb_0115,control_subject_verb,past-tense gender,-33.14945983886719,-35.4394645690918,11,12,1,-0.46875,2.0859375,1
Qwen/Qwen2.5-3B,control_subject_verb_0116,control_subject_verb,past-tense gender,-42.32014465332031,-44.05834197998047,13,12,1,-1.6093748807907104,2.5234373807907104,1
Qwen/Qwen2.5-3B,control_subject_verb_0117,control_subject_verb,past-tense gender,-54.46015930175781,-54.34784698486328,17,17,0,-1.2734375,2.0859375,1
Qwen/Qwen2.5-3B,control_subject_verb_0118,control_subject_verb,past-tense gender,-42.60026550292969,-51.526405334472656,18,19,1,-1.09375,2.3828125596046448,1
Qwen/Qwen2.5-3B,control_subject_verb_0119,control_subject_verb,past-tense gender,-39.142189025878906,-43.3330078125,12,12,1,-0.65625,2.1250000596046448,1
Qwen/Qwen2.5-3B,control_subject_verb_0120,control_subject_verb,past-tense gender,-34.979881286621094,-43.290061950683594,12,13,1,-1.5156250596046448,2.3437499403953552,1
Qwen/Qwen2.5-3B,control_subject_verb_0121,control_subject_verb,past-tense gender,-43.83290481567383,-43.94285202026367,14,15,1,-0.7812501192092896,2.6093751192092896,1
Qwen/Qwen2.5-3B,control_subject_verb_0122,control_subject_verb,past-tense gender,-34.00405502319336,-42.41914749145508,12,12,1,-1.6015624403953552,2.9296876192092896,1
Qwen/Qwen2.5-3B,control_subject_verb_0123,control_subject_verb,past-tense gender,-42.46882629394531,-42.1756591796875,13,14,0,-0.6718751192092896,2.0156250596046448,1
Qwen/Qwen2.5-3B,control_subject_verb_0124,control_subject_verb,past-tense gender,-38.9484748840332,-41.44099807739258,11,12,1,-0.53125,2.5859375,1
Qwen/Qwen2.5-3B,control_subject_verb_0125,control_subject_verb,past-tense gender,-56.02198791503906,-55.64237976074219,18,18,0,-1.8203123807907104,2.2031249403953552,1
Qwen/Qwen2.5-3B,control_subject_verb_0126,control_subject_verb,past-tense gender,-39.69622039794922,-46.083404541015625,11,11,1,-1.1093748807907104,2.2578124403953552,1
Qwen/Qwen2.5-3B,control_subject_verb_0127,control_subject_verb,past-tense gender,-40.140037536621094,-39.374969482421875,13,13,0,-0.8125,2.3906251192092896,1
Qwen/Qwen2.5-3B,control_subject_verb_0128,control_subject_verb,past-tense gender,-36.2698860168457,-34.23732376098633,14,14,0,-1.28125,2.9140625596046448,1
Qwen/Qwen2.5-3B,control_subject_verb_0129,control_subject_verb,past-tense gender,-37.646690368652344,-42.94560241699219,11,10,1,-1.8906248807907104,2.5859375,1
Qwen/Qwen2.5-3B,control_subject_verb_0130,control_subject_verb,past-tense gender,-47.68463134765625,-55.54420471191406,17,17,1,-1.765625,2.75,1
Qwen/Qwen2.5-3B,control_subject_verb_0131,control_subject_verb,past-tense gender,-32.2779541015625,-36.61916732788086,10,10,1,-1.2421875,2.28125,1
Qwen/Qwen2.5-3B,control_subject_verb_0132,control_subject_verb,past-tense gender,-42.31887435913086,-51.25453567504883,16,16,1,-1.796875,2.6562501192092896,1
Qwen/Qwen2.5-3B,control_subject_verb_0133,control_subject_verb,past-tense gender,-33.75276565551758,-38.03773498535156,11,10,1,-1.8046876192092896,2.6328126192092896,1
Qwen/Qwen2.5-3B,control_subject_verb_0134,control_subject_verb,past-tense gender,-32.372215270996094,-43.911407470703125,13,13,1,-0.9375,2.4765625596046448,1
Qwen/Qwen2.5-3B,control_subject_verb_0135,control_subject_verb,past-tense gender,-50.08061981201172,-52.78253936767578,19,18,1,-0.90625,2.5859375,1
Qwen/Qwen2.5-3B,control_subject_verb_0136,control_subject_verb,past-tense gender,-36.81378173828125,-37.93238067626953,9,10,1,-0.7890625,2.7812500596046448,1
Qwen/Qwen2.5-3B,control_subject_verb_0137,control_subject_verb,past-tense gender,-49.1358757019043,-49.07305145263672,20,20,0,-1.2265625596046448,2.3359374403953552,1
Qwen/Qwen2.5-3B,control_subject_verb_0138,control_subject_verb,past-tense gender,-49.85161209106445,-50.094757080078125,17,17,1,-1.2890626192092896,2.2968750596046448,1
Qwen/Qwen2.5-3B,control_subject_verb_0139,control_subject_verb,past-tense gender,-39.86771774291992,-48.23046875,12,12,1,-1.796875,2.6640626192092896,1
Qwen/Qwen2.5-3B,control_subject_verb_0140,control_subject_verb,past-tense gender,-32.82742691040039,-38.61773681640625,10,9,1,-1.3515625,2.7734374403953552,1
Qwen/Qwen2.5-3B,control_subject_verb_0141,control_subject_verb,past-tense gender,-44.68353271484375,-49.96965789794922,13,12,1,-1.078125,2.1640624403953552,1
Qwen/Qwen2.5-3B,control_subject_verb_0142,control_subject_verb,past-tense gender,-35.67609786987305,-35.86473846435547,12,12,1,-0.734375,2.8046875,1
Qwen/Qwen2.5-3B,control_subject_verb_0143,control_subject_verb,past-tense gender,-35.68394088745117,-41.24557876586914,13,14,1,-1.34375,2.7187499403953552,1
Qwen/Qwen2.5-3B,control_subject_verb_0144,control_subject_verb,past-tense gender,-49.62919616699219,-50.41792678833008,19,19,1,-0.859375,2.78125,1
Qwen/Qwen2.5-3B,control_subject_verb_0145,control_subject_verb,past-tense gender,-40.722957611083984,-50.436744689941406,18,19,1,-0.9531251192092896,2.3515623807907104,1
Qwen/Qwen2.5-3B,control_subject_verb_0146,control_subject_verb,past-tense gender,-36.435020446777344,-42.845279693603516,10,10,1,-2.6562499403953552,3.0546875,1
Qwen/Qwen2.5-3B,control_subject_verb_0147,control_subject_verb,past-tense gender,-42.70935821533203,-44.38166809082031,17,16,1,-1.5390624403953552,1.40625,0
Qwen/Qwen2.5-3B,control_subject_verb_0148,control_subject_verb,past-tense gender,-49.14261245727539,-52.80644607543945,19,19,1,-2.65625,2.46875,0
Qwen/Qwen2.5-3B,control_subject_verb_0149,control_subject_verb,past-tense gender,-40.11003875732422,-44.79449462890625,15,14,1,-1.5937500596046448,1.765625,1
Qwen/Qwen2.5-3B,control_subject_verb_0150,control_subject_verb,past-tense gender,-34.39154815673828,-37.90593719482422,12,12,1,-1.2421875,2.9453125,1
Qwen/Qwen2.5-3B,control_subject_verb_0151,control_subject_verb,past-tense gender,-43.79576110839844,-49.88644790649414,12,12,1,-0.7734375,2.5703126192092896,1
Qwen/Qwen2.5-3B,control_subject_verb_0152,control_subject_verb,past-tense gender,-39.68754577636719,-44.807334899902344,15,15,1,-1.296875,2.2734376192092896,1
Qwen/Qwen2.5-3B,control_subject_verb_0153,control_subject_verb,past-tense gender,-33.198211669921875,-36.288780212402344,10,11,1,-0.5859375,2.65625,1
Qwen/Qwen2.5-3B,control_subject_verb_0154,control_subject_verb,past-tense gender,-42.81761169433594,-42.78814697265625,13,14,0,-0.4609375,1.9765625,1
Qwen/Qwen2.5-3B,control_subject_verb_0155,control_subject_verb,past-tense gender,-41.985904693603516,-46.718780517578125,11,11,1,-0.9843748807907104,2.2343750596046448,1
Qwen/Qwen2.5-3B,control_subject_verb_0156,control_subject_verb,past-tense gender,-41.736656188964844,-43.279815673828125,15,14,1,-1.3124998807907104,1.6484375,1
Qwen/Qwen2.5-3B,control_subject_verb_0157,control_subject_verb,past-tense gender,-28.13971710205078,-32.065120697021484,11,10,1,-1.265625,1.90625,1
Qwen/Qwen2.5-3B,control_subject_verb_0158,control_subject_verb,past-tense gender,-43.077362060546875,-44.74268341064453,14,15,1,-0.4453125,2.6249998807907104,1
Qwen/Qwen2.5-3B,control_subject_verb_0159,control_subject_verb,past-tense gender,-52.76024627685547,-53.69862365722656,19,20,1,-0.78125,2.2968750596046448,1
Qwen/Qwen2.5-3B,control_subject_verb_0160,control_subject_verb,past-tense gender,-51.44621658325195,-53.35204315185547,18,19,1,-0.9765623807907104,2.4218748807907104,1
Qwen/Qwen2.5-3B,control_subject_verb_0161,control_subject_verb,past-tense gender,-33.41885757446289,-39.396995544433594,9,10,1,-1.546875,2.9374999403953552,1
Qwen/Qwen2.5-3B,control_subject_verb_0162,control_subject_verb,past-tense gender,-37.41545867919922,-46.26360321044922,10,10,1,-1.8359375596046448,3.2812499403953552,1
Qwen/Qwen2.5-3B,control_subject_verb_0163,control_subject_verb,past-tense gender,-38.79661560058594,-40.081520080566406,10,9,1,-1.1640626192092896,2.1953124403953552,1
Qwen/Qwen2.5-3B,control_subject_verb_0164,control_subject_verb,past-tense gender,-40.31203079223633,-44.80371856689453,11,10,1,-1.0078125,2.5468750596046448,1
Qwen/Qwen2.5-3B,control_subject_verb_0165,control_subject_verb,past-tense gender,-53.24508285522461,-53.43687057495117,18,18,1,-1.3203123807907104,2.6874998807907104,1
Qwen/Qwen2.5-3B,control_subject_verb_0166,control_subject_verb,past-tense gender,-36.0687370300293,-41.297950744628906,11,11,1,-2.2109374403953552,2.7734376192092896,1
Qwen/Qwen2.5-3B,control_subject_verb_0167,control_subject_verb,past-tense gender,-39.11369323730469,-47.67729949951172,10,10,1,-1.9140625,3.2343751192092896,1
Qwen/Qwen2.5-3B,control_subject_verb_0168,control_subject_verb,past-tense gender,-32.027095794677734,-35.96527862548828,13,13,1,-0.5703125,2.5937498807907104,1
Qwen/Qwen2.5-3B,control_subject_verb_0169,control_subject_verb,past-tense gender,-33.134857177734375,-39.86333465576172,12,11,1,-1.4531250596046448,2.9375001192092896,1
Qwen/Qwen2.5-3B,control_subject_verb_0170,control_subject_verb,past-tense gender,-32.6491584777832,-37.66813659667969,12,11,1,-0.9921875,2.4843750596046448,1
Qwen/Qwen2.5-3B,control_subject_verb_0171,control_subject_verb,past-tense gender,-41.134185791015625,-41.57109069824219,12,13,1,-0.8437498807907104,2.4218749403953552,1
Qwen/Qwen2.5-3B,control_subject_verb_0172,control_subject_verb,past-tense gender,-35.95726776123047,-38.910850524902344,13,12,1,-1.1796875,2.3671875596046448,1
Qwen/Qwen2.5-3B,control_subject_verb_0173,control_subject_verb,past-tense gender,-35.81975555419922,-43.94035720825195,11,11,1,-1.1875,2.5156249403953552,1
Qwen/Qwen2.5-3B,control_subject_verb_0174,control_subject_verb,past-tense gender,-51.44406509399414,-59.435638427734375,16,16,1,-1.3828125596046448,2.484375,1
Qwen/Qwen2.5-3B,control_subject_verb_0175,control_subject_verb,past-tense gender,-48.61417770385742,-57.34210968017578,16,16,1,-1.4531248807907104,2.1250001192092896,1
Qwen/Qwen2.5-3B,control_subject_verb_0176,control_subject_verb,past-tense gender,-43.86992645263672,-51.895240783691406,19,19,1,-2.0000000596046448,2.5703123807907104,1
Qwen/Qwen2.5-3B,control_subject_verb_0177,control_subject_verb,past-tense gender,-40.70219802856445,-45.68587875366211,13,12,1,-1.0078126192092896,2.140625,1
Qwen/Qwen2.5-3B,control_subject_verb_0178,control_subject_verb,past-tense gender,-33.308467864990234,-37.202781677246094,13,12,1,-1.0312501192092896,2.6875000596046448,1
Qwen/Qwen2.5-3B,control_subject_verb_0179,control_subject_verb,past-tense gender,-39.98655700683594,-42.30169677734375,11,11,1,-1.7968751192092896,2.3515626192092896,1
Qwen/Qwen2.5-3B,control_subject_verb_0180,control_subject_verb,past-tense gender,-33.6042594909668,-35.69116973876953,11,10,1,-1.2421875,1.453125,1
Qwen/Qwen2.5-3B,control_subject_verb_0181,control_subject_verb,past-tense gender,-47.192970275878906,-54.33708953857422,19,19,1,-1.1093748807907104,2.2812499403953552,1
Qwen/Qwen2.5-3B,control_subject_verb_0182,control_subject_verb,past-tense gender,-35.938385009765625,-43.612648010253906,11,11,1,-1.296875,2.8750000596046448,1
Qwen/Qwen2.5-3B,control_subject_verb_0183,control_subject_verb,past-tense gender,-47.83696746826172,-51.29502868652344,19,19,1,-1.8984375596046448,2.1328125596046448,1
Qwen/Qwen2.5-3B,control_subject_verb_0184,control_subject_verb,past-tense gender,-29.353168487548828,-39.46937561035156,11,11,1,-0.578125,1.9687500596046448,1
Qwen/Qwen2.5-3B,control_subject_verb_0185,control_subject_verb,past-tense gender,-40.506473541259766,-46.63652038574219,13,13,1,-1.3359374403953552,2.7031248807907104,1
Qwen/Qwen2.5-3B,control_subject_verb_0186,control_subject_verb,past-tense gender,-39.50218963623047,-48.03329849243164,11,11,1,-2.0546876192092896,2.9765625,1
Qwen/Qwen2.5-3B,control_subject_verb_0187,control_subject_verb,past-tense gender,-37.496490478515625,-46.809303283691406,10,10,1,-0.7031251192092896,2.8906248807907104,1
Qwen/Qwen2.5-3B,control_subject_verb_0188,control_subject_verb,past-tense gender,-46.82920837402344,-47.23191833496094,17,17,1,-1.265625,2.6562501192092896,1
Qwen/Qwen2.5-3B,control_subject_verb_0189,control_subject_verb,past-tense gender,-32.0049934387207,-41.8723030090332,11,11,1,-1.5078125,3.0156250596046448,1
Qwen/Qwen2.5-3B,control_subject_verb_0190,control_subject_verb,past-tense gender,-50.94269943237305,-50.764190673828125,18,18,0,-1.0390623807907104,2.34375,1
Qwen/Qwen2.5-3B,control_subject_verb_0191,control_subject_verb,past-tense gender,-36.473670959472656,-40.90583038330078,11,10,1,-1.4531250596046448,2.6953125,1
Qwen/Qwen2.5-3B,control_subject_verb_0192,control_subject_verb,past-tense gender,-50.50489807128906,-52.80484390258789,19,20,1,-0.8984375,2.2109375,1
Qwen/Qwen2.5-3B,control_subject_verb_0193,control_subject_verb,past-tense gender,-50.685611724853516,-51.24291229248047,18,19,1,-0.8984375,2.296875,1
Qwen/Qwen2.5-3B,control_subject_verb_0194,control_subject_verb,past-tense gender,-36.059783935546875,-41.396514892578125,14,15,1,-0.4921875,2.5234376192092896,1
Qwen/Qwen2.5-3B,control_subject_verb_0195,control_subject_verb,past-tense gender,-35.74645233154297,-44.688232421875,10,10,1,-1.9296873807907104,3.1875000596046448,1
Qwen/Qwen2.5-3B,control_subject_verb_0196,control_subject_verb,past-tense gender,-34.61510467529297,-38.885704040527344,10,10,1,-1.1406248807907104,2.5625000596046448,1
Qwen/Qwen2.5-3B,control_subject_verb_0197,control_subject_verb,past-tense gender,-34.62395477294922,-42.449031829833984,10,11,1,-1.0937501192092896,2.9531250596046448,1
Qwen/Qwen2.5-3B,control_subject_verb_0198,control_subject_verb,past-tense gender,-49.35542297363281,-49.635623931884766,18,18,1,-1.4140625,2.6015625596046448,1
Qwen/Qwen2.5-3B,control_subject_verb_0199,control_subject_verb,past-tense gender,-42.2489013671875,-53.68400573730469,15,15,1,-1.4609373807907104,2.4062499403953552,1
Qwen/Qwen2.5-3B,control_subject_verb_0200,control_subject_verb,past-tense gender,-44.77737045288086,-54.50189208984375,18,18,1,-1.2734375,2.6015624403953552,1
Qwen/Qwen2.5-3B,control_subject_verb_0201,control_subject_verb,past-tense gender,-41.01423645019531,-51.409034729003906,17,18,1,-0.828125,2.328125,1
Qwen/Qwen2.5-3B,control_subject_verb_0202,control_subject_verb,past-tense gender,-36.26961135864258,-34.84009552001953,11,12,0,-0.96875,2.3046873807907104,1
Qwen/Qwen2.5-3B,control_subject_verb_0203,control_subject_verb,past-tense gender,-27.17755889892578,-32.117977142333984,10,10,1,-0.5859375,2.3828125,1
Qwen/Qwen2.5-3B,control_subject_verb_0204,control_subject_verb,past-tense gender,-39.80921936035156,-45.9052848815918,14,14,1,-2.2734375596046448,2.4687498807907104,1
Qwen/Qwen2.5-3B,control_subject_verb_0205,control_subject_verb,past-tense gender,-45.4951286315918,-48.79035949707031,12,12,1,-1.4062500596046448,2.0859374403953552,1
Qwen/Qwen2.5-3B,control_subject_verb_0206,control_subject_verb,past-tense gender,-47.014015197753906,-51.150543212890625,17,17,1,-2.2656250596046448,2.4062501192092896,1
Qwen/Qwen2.5-3B,control_subject_verb_0207,control_subject_verb,past-tense gender,-48.95226287841797,-48.33787536621094,16,16,0,-1.5156250596046448,2.28125,1
Qwen/Qwen2.5-3B,control_subject_verb_0208,control_subject_verb,past-tense gender,-56.659210205078125,-64.16502380371094,17,17,1,-1.3671875,1.9453124403953552,1
Qwen/Qwen2.5-3B,control_subject_verb_0209,control_subject_verb,past-tense gender,-45.38064956665039,-52.48883819580078,12,12,1,-0.5859375,2.2109374403953552,1
Qwen/Qwen2.5-3B,control_subject_verb_0210,control_subject_verb,past-tense gender,-40.068634033203125,-43.944976806640625,11,12,1,-1.7343748807907104,2.4843749403953552,1
Qwen/Qwen2.5-3B,control_subject_verb_0211,control_subject_verb,past-tense gender,-48.02529525756836,-49.47947692871094,19,18,1,-1.9296875,1.7109374403953552,0
Qwen/Qwen2.5-3B,control_subject_verb_0212,control_subject_verb,past-tense gender,-41.13218688964844,-48.25627136230469,12,12,1,-1.4062501192092896,2.3906250596046448,1
Qwen/Qwen2.5-3B,control_subject_verb_0213,control_subject_verb,past-tense gender,-34.5382080078125,-38.28649139404297,13,14,1,-1.1015625,2.6875,1
Qwen/Qwen2.5-3B,control_subject_verb_0214,control_subject_verb,past-tense gender,-34.04546356201172,-39.220577239990234,14,14,1,-2.6328125596046448,2.7343750596046448,1
Qwen/Qwen2.5-3B,control_subject_verb_0215,control_subject_verb,past-tense gender,-41.47154998779297,-52.722286224365234,16,16,1,-2.2890625596046448,2.6718751192092896,1
Qwen/Qwen2.5-3B,control_subject_verb_0216,control_subject_verb,past-tense gender,-26.051280975341797,-30.765060424804688,10,10,1,-0.4765625,2.1484376192092896,1
Qwen/Qwen2.5-3B,control_subject_verb_0217,control_subject_verb,past-tense gender,-35.106685638427734,-40.084110260009766,13,13,1,-2.2343749403953552,2.1796875,0
Qwen/Qwen2.5-3B,control_subject_verb_0218,control_subject_verb,past-tense gender,-39.757850646972656,-41.725318908691406,11,10,1,-1.2109373807907104,1.8203123807907104,1
Qwen/Qwen2.5-3B,control_subject_verb_0219,control_subject_verb,past-tense gender,-41.60429382324219,-44.57274627685547,15,14,1,-1.4453125,1.8046874403953552,1
Qwen/Qwen2.5-3B,control_subject_verb_0220,control_subject_verb,past-tense gender,-35.969947814941406,-41.69658660888672,11,11,1,-2.2031251192092896,2.1718750596046448,0
Qwen/Qwen2.5-3B,control_subject_verb_0221,control_subject_verb,past-tense gender,-32.07038497924805,-37.147544860839844,11,11,1,-2.1640625596046448,2.6171875,1
Qwen/Qwen2.5-3B,control_subject_verb_0222,control_subject_verb,past-tense gender,-34.67719268798828,-36.64421844482422,11,12,1,-0.4296875,2.0703123807907104,1
Qwen/Qwen2.5-3B,control_subject_verb_0223,control_subject_verb,past-tense gender,-46.475685119628906,-47.146156311035156,17,17,1,-1.3671875,2.5625000596046448,1
Qwen/Qwen2.5-3B,control_subject_verb_0224,control_subject_verb,past-tense gender,-40.02073669433594,-49.63202667236328,17,18,1,-1.0234375,2.3046873807907104,1
Qwen/Qwen2.5-3B,control_subject_verb_0225,control_subject_verb,past-tense gender,-53.08564376831055,-54.074588775634766,18,19,1,-1.0156251192092896,2.0625000596046448,1
Qwen/Qwen2.5-3B,control_subject_verb_0226,control_subject_verb,past-tense gender,-43.23503875732422,-45.585357666015625,16,15,1,-1.2812498807907104,1.8515625596046448,1
Qwen/Qwen2.5-3B,control_subject_verb_0227,control_subject_verb,past-tense gender,-39.614585876464844,-46.0140380859375,12,12,1,-0.921875,2.8437500596046448,1
Qwen/Qwen2.5-3B,control_subject_verb_0228,control_subject_verb,past-tense gender,-46.547508239746094,-58.33594512939453,16,16,1,-1.6093748807907104,2.3125001192092896,1
Qwen/Qwen2.5-3B,control_subject_verb_0229,control_subject_verb,past-tense gender,-28.38495635986328,-30.134174346923828,9,8,1,-1.296875,2.1484374403953552,1
Qwen/Qwen2.5-3B,control_subject_verb_0230,control_subject_verb,past-tense gender,-56.312843322753906,-56.56645202636719,18,18,1,-1.234375,2.4218750596046448,1
Qwen/Qwen2.5-3B,control_subject_verb_0231,control_subject_verb,past-tense gender,-35.386444091796875,-41.85048294067383,12,12,1,-1.3046876192092896,2.9218751192092896,1
Qwen/Qwen2.5-3B,control_subject_verb_0232,control_subject_verb,past-tense gender,-35.015869140625,-36.09883499145508,11,10,1,-1.0156251192092896,2.1562500596046448,1
Qwen/Qwen2.5-3B,control_subject_verb_0233,control_subject_verb,past-tense gender,-49.65443420410156,-52.741329193115234,16,16,1,-1.46875,2.515625,1
Qwen/Qwen2.5-3B,control_subject_verb_0234,control_subject_verb,past-tense gender,-45.06202697753906,-47.79050827026367,16,16,1,-1.5,2.3984375596046448,1
Qwen/Qwen2.5-3B,control_subject_verb_0235,control_subject_verb,past-tense gender,-36.28695297241211,-46.914146423339844,13,13,1,-1.4609375,2.7968750596046448,1
Qwen/Qwen2.5-3B,control_subject_verb_0236,control_subject_verb,past-tense gender,-45.64444351196289,-45.94037628173828,14,15,1,-0.4140625,2.1875001192092896,1
Qwen/Qwen2.5-3B,control_subject_verb_0237,control_subject_verb,past-tense gender,-34.15624237060547,-40.43860626220703,12,11,1,-1.0859376192092896,2.7343750596046448,1
Qwen/Qwen2.5-3B,control_subject_verb_0238,control_subject_verb,past-tense gender,-37.49165344238281,-40.48969650268555,11,12,1,-1.4218751192092896,2.1562498807907104,1
Qwen/Qwen2.5-3B,control_subject_verb_0239,control_subject_verb,past-tense gender,-28.86996841430664,-39.77049255371094,11,11,1,-1.2734376192092896,2.7031248807907104,1
Qwen/Qwen2.5-3B,control_subject_verb_0240,control_subject_verb,past-tense gender,-33.26292419433594,-37.46167755126953,11,11,1,-1.3046875,2.8125,1
Qwen/Qwen2.5-3B,control_subject_verb_0241,control_subject_verb,past-tense gender,-43.899505615234375,-43.19496154785156,12,12,0,-1.34375,2.78125,1
Qwen/Qwen2.5-3B,control_subject_verb_0242,control_subject_verb,past-tense gender,-36.88308334350586,-42.959693908691406,14,14,1,-1.9218750596046448,1.84375,0
Qwen/Qwen2.5-3B,control_subject_verb_0243,control_subject_verb,past-tense gender,-46.11942672729492,-44.41525650024414,11,11,0,-1.1171875,2.5390625,1
Qwen/Qwen2.5-3B,control_subject_verb_0244,control_subject_verb,past-tense gender,-31.60793685913086,-37.47032165527344,14,14,1,-2.1249998807907104,2.0781249403953552,0
Qwen/Qwen2.5-3B,control_subject_verb_0245,control_subject_verb,past-tense gender,-41.49784469604492,-41.045921325683594,12,12,0,-1.2499998807907104,2.7265625,1
Qwen/Qwen2.5-3B,control_subject_verb_0246,control_subject_verb,past-tense gender,-36.610687255859375,-43.485389709472656,11,11,1,-0.9843751192092896,2.6171875596046448,1
Qwen/Qwen2.5-3B,control_subject_verb_0247,control_subject_verb,past-tense gender,-49.55956268310547,-54.250831604003906,19,19,1,-2.265625,2.3125001192092896,1
Qwen/Qwen2.5-3B,control_subject_verb_0248,control_subject_verb,past-tense gender,-41.15629196166992,-45.97494125366211,17,16,1,-1.1875,2.3515625596046448,1
Qwen/Qwen2.5-3B,control_subject_verb_0249,control_subject_verb,past-tense gender,-36.95697784423828,-45.03876495361328,13,13,1,-0.796875,2.8203123807907104,1
Qwen/Qwen2.5-3B,control_subject_verb_0250,control_subject_verb,past-tense gender,-46.12926483154297,-44.97786331176758,11,11,0,-1.0703125,2.3046875596046448,1
Qwen/Qwen2.5-3B,control_subject_verb_0251,control_subject_verb,past-tense gender,-43.3787727355957,-53.779388427734375,16,16,1,-2.1484374403953552,2.7656249403953552,1
Qwen/Qwen2.5-3B,control_subject_verb_0252,control_subject_verb,past-tense gender,-29.78179359436035,-33.42613983154297,12,12,1,-0.6328125,2.6484375,1
Qwen/Qwen2.5-3B,control_subject_verb_0253,control_subject_verb,past-tense gender,-47.16004943847656,-56.32581329345703,17,17,1,-2.140625,2.5937499403953552,1
Qwen/Qwen2.5-3B,control_subject_verb_0254,control_subject_verb,past-tense gender,-46.16327667236328,-55.941585540771484,18,18,1,-1.1015626192092896,2.5703124403953552,1
Qwen/Qwen2.5-3B,control_subject_verb_0255,control_subject_verb,past-tense gender,-40.930538177490234,-50.77623748779297,11,11,1,-1.0390625,2.7499999403953552,1
Qwen/Qwen2.5-3B,control_subject_verb_0256,control_subject_verb,past-tense gender,-31.945608139038086,-41.59104537963867,11,11,1,-1.4140625,2.6953123807907104,1
Qwen/Qwen2.5-3B,control_subject_verb_0257,control_subject_verb,past-tense gender,-46.74395751953125,-50.52202606201172,21,21,1,-2.3515624403953552,2.1875000596046448,0
Qwen/Qwen2.5-3B,control_subject_verb_0258,control_subject_verb,past-tense gender,-43.40011215209961,-46.915252685546875,18,17,1,-1.5234375,1.9609374403953552,1
Qwen/Qwen2.5-3B,control_subject_verb_0259,control_subject_verb,past-tense gender,-51.368526458740234,-50.30347442626953,16,17,0,-1.453125,2.1875001192092896,1
Qwen/Qwen2.5-3B,control_subject_verb_0260,control_subject_verb,past-tense gender,-37.31754684448242,-41.52118682861328,16,15,1,-0.8984375,2.4843750596046448,1
Qwen/Qwen2.5-3B,control_subject_verb_0261,control_subject_verb,past-tense gender,-43.15568542480469,-42.3033332824707,13,13,0,-1.671875,2.5312499403953552,1
Qwen/Qwen2.5-3B,control_subject_verb_0262,control_subject_verb,past-tense gender,-29.15219497680664,-33.638282775878906,12,12,1,-0.90625,2.6640626192092896,1
Qwen/Qwen2.5-3B,control_subject_verb_0263,control_subject_verb,past-tense gender,-37.54710006713867,-40.066444396972656,14,13,1,-1.2734374403953552,2.4765623807907104,1
Qwen/Qwen2.5-3B,control_subject_verb_0264,control_subject_verb,past-tense gender,-40.10205078125,-44.735740661621094,18,17,1,-0.9609375,2.453125,1
Qwen/Qwen2.5-3B,control_subject_verb_0265,control_subject_verb,past-tense gender,-42.929115295410156,-53.50344467163086,16,16,1,-2.1093751192092896,2.6093749403953552,1
Qwen/Qwen2.5-3B,control_subject_verb_0266,control_subject_verb,past-tense gender,-43.3247184753418,-47.99378204345703,16,16,1,-1.1953123807907104,2.2343749403953552,1
Qwen/Qwen2.5-3B,control_subject_verb_0267,control_subject_verb,past-tense gender,-31.554351806640625,-31.15654945373535,12,12,0,-0.8359376192092896,2.3203125,1
Qwen/Qwen2.5-3B,control_subject_verb_0268,control_subject_verb,past-tense gender,-29.00359344482422,-36.0792350769043,12,12,1,-1.7578125,1.9765625,1
Qwen/Qwen2.5-3B,control_subject_verb_0269,control_subject_verb,past-tense gender,-38.77518844604492,-38.67838668823242,12,12,0,-1.2890623807907104,2.7656250596046448,1
Qwen/Qwen2.5-3B,control_subject_verb_0270,control_subject_verb,past-tense gender,-42.32574462890625,-53.0018310546875,16,16,1,-1.21875,2.5468748807907104,1
Qwen/Qwen2.5-3B,control_subject_verb_0271,control_subject_verb,past-tense gender,-40.664554595947266,-49.08598709106445,11,11,1,-1.0156251192092896,2.7343751192092896,1
Qwen/Qwen2.5-3B,control_subject_verb_0272,control_subject_verb,past-tense gender,-36.35173797607422,-43.690311431884766,11,11,1,-0.5546875,2.875,1
Qwen/Qwen2.5-3B,control_subject_verb_0273,control_subject_verb,past-tense gender,-45.68228530883789,-53.60175704956055,16,16,1,-1.9531248807907104,2.5234374403953552,1
Qwen/Qwen2.5-3B,control_subject_verb_0274,control_subject_verb,past-tense gender,-42.335906982421875,-42.51966094970703,13,13,1,-1.1171875,2.6796874403953552,1
Qwen/Qwen2.5-3B,control_subject_verb_0275,control_subject_verb,past-tense gender,-31.810760498046875,-43.067909240722656,10,10,1,-1.4531249403953552,2.6953126192092896,1
Qwen/Qwen2.5-3B,control_subject_verb_0276,control_subject_verb,past-tense gender,-39.56721496582031,-44.537071228027344,11,11,1,-0.9140623807907104,2.3906249403953552,1
Qwen/Qwen2.5-3B,control_subject_verb_0277,control_subject_verb,past-tense gender,-40.98347091674805,-43.73853302001953,13,12,1,-1.2499999403953552,2.6796876192092896,1
Qwen/Qwen2.5-3B,control_subject_verb_0278,control_subject_verb,past-tense gender,-27.730514526367188,-33.23686218261719,11,11,1,-0.953125,2.59375,1
Qwen/Qwen2.5-3B,control_subject_verb_0279,control_subject_verb,past-tense gender,-49.737464904785156,-51.887149810791016,19,19,1,-1.4765625,2.7343749403953552,1
Qwen/Qwen2.5-3B,control_subject_verb_0280,control_subject_verb,past-tense gender,-33.61897277832031,-40.42326354980469,14,14,1,-2.0624999403953552,2.203125,1
Qwen/Qwen2.5-3B,control_subject_verb_0281,control_subject_verb,past-tense gender,-36.450225830078125,-46.04168701171875,12,12,1,-1.4921874403953552,2.8906250596046448,1
Qwen/Qwen2.5-3B,control_subject_verb_0282,control_subject_verb,past-tense gender,-37.74174499511719,-42.205997467041016,13,12,1,-0.7890625,2.4531250596046448,1
Qwen/Qwen2.5-3B,control_subject_verb_0283,control_subject_verb,past-tense gender,-51.99987030029297,-53.65592956542969,19,20,1,-0.9140625,2.3203126192092896,1
Qwen/Qwen2.5-3B,control_subject_verb_0284,control_subject_verb,past-tense gender,-29.61762046813965,-39.499916076660156,12,12,1,-1.1484376192092896,2.75,1
Qwen/Qwen2.5-3B,control_subject_verb_0285,control_subject_verb,past-tense gender,-44.930633544921875,-47.75566482543945,18,18,1,-1.4296875,2.7031248807907104,1
Qwen/Qwen2.5-3B,control_subject_verb_0286,control_subject_verb,past-tense gender,-40.80364990234375,-45.205665588378906,11,12,1,-1.5078124403953552,2.3671875,1
Qwen/Qwen2.5-3B,control_subject_verb_0287,control_subject_verb,past-tense gender,-30.334156036376953,-37.477203369140625,10,11,1,-1.5468750596046448,2.8984375596046448,1
Qwen/Qwen2.5-3B,control_subject_verb_0288,control_subject_verb,past-tense gender,-51.4730110168457,-52.124839782714844,18,19,1,-0.9374998807907104,2.3828124403953552,1
Qwen/Qwen2.5-3B,control_subject_verb_0289,control_subject_verb,past-tense gender,-45.00415802001953,-49.2960090637207,16,16,1,-1.3593751192092896,2.3828123807907104,1
Qwen/Qwen2.5-3B,control_subject_verb_0290,control_subject_verb,past-tense gender,-41.129093170166016,-46.107513427734375,16,16,1,-1.1875,2.5078125596046448,1
Qwen/Qwen2.5-3B,control_subject_verb_0291,control_subject_verb,past-tense gender,-40.29389953613281,-51.34644317626953,17,18,1,-1.0546875,2.453125,1
Qwen/Qwen2.5-3B,control_subject_verb_0292,control_subject_verb,past-tense gender,-40.70233154296875,-40.20887756347656,13,13,0,-0.90625,2.3749998807907104,1
Qwen/Qwen2.5-3B,control_subject_verb_0293,control_subject_verb,past-tense gender,-40.99381637573242,-40.660003662109375,11,11,0,-0.8906248807907104,2.3749999403953552,1
Qwen/Qwen2.5-3B,control_subject_verb_0294,control_subject_verb,past-tense gender,-45.87629699707031,-54.72748565673828,17,17,1,-1.8750000596046448,2.6953125,1
Qwen/Qwen2.5-3B,control_subject_verb_0295,control_subject_verb,past-tense gender,-37.32594680786133,-47.00639343261719,12,12,1,-0.7265625,2.3359376192092896,1
Qwen/Qwen2.5-3B,control_subject_verb_0296,control_subject_verb,past-tense gender,-35.621849060058594,-40.42830276489258,14,15,1,-1.09375,2.7109375,1
Qwen/Qwen2.5-3B,control_subject_verb_0297,control_subject_verb,past-tense gender,-31.504695892333984,-35.500179290771484,11,11,1,-2.1796875,2.3281249403953552,1
Qwen/Qwen2.5-3B,control_subject_verb_0298,control_subject_verb,past-tense gender,-28.15265655517578,-37.44879913330078,11,12,1,-1.234375,2.890625,1
Qwen/Qwen2.5-3B,control_subject_verb_0299,control_subject_verb,past-tense gender,-34.113494873046875,-43.11412048339844,12,12,1,-1.0156248807907104,2.7890626192092896,1
Qwen/Qwen2.5-3B,numeral_noun_0000,numeral_noun,2-4 + nom.pl,-33.57065963745117,-34.39118576049805,10,10,1,-2.1484375,2.0625,0
Qwen/Qwen2.5-3B,numeral_noun_0001,numeral_noun,2-4 + nom.pl,-44.63675308227539,-44.271339416503906,10,10,0,-1.9921874403953552,2.6953125,1
Qwen/Qwen2.5-3B,numeral_noun_0002,numeral_noun,2-4 + nom.pl,-37.20697021484375,-36.970420837402344,7,7,0,-1.9765625596046448,2.109375,1
Qwen/Qwen2.5-3B,numeral_noun_0003,numeral_noun,2-4 + nom.pl,-38.433841705322266,-35.39299011230469,6,6,0,-2.2187498807907104,1.7421875,0
Qwen/Qwen2.5-3B,numeral_noun_0004,numeral_noun,2-4 + nom.pl,-38.74013137817383,-40.6927604675293,11,11,1,-0.875,1.7109375,1
Qwen/Qwen2.5-3B,numeral_noun_0005,numeral_noun,2-4 + nom.pl,-38.079620361328125,-37.14064407348633,6,6,0,-0.453125,3.0234375596046448,1
Qwen/Qwen2.5-3B,numeral_noun_0006,numeral_noun,2-4 + nom.pl,-38.80833435058594,-37.182228088378906,8,8,0,-2.484375,2.5546875,1
Qwen/Qwen2.5-3B,numeral_noun_0007,numeral_noun,2-4 + nom.pl,-30.54938316345215,-23.58307647705078,6,6,0,-2.0703125,1.7890626192092896,0
Qwen/Qwen2.5-3B,numeral_noun_0008,numeral_noun,2-4 + nom.pl,-45.58570098876953,-45.4941520690918,15,15,0,-1.8671876192092896,1.4609373807907104,0
Qwen/Qwen2.5-3B,numeral_noun_0009,numeral_noun,2-4 + nom.pl,-41.55033874511719,-46.01789093017578,12,12,1,-1.5625000596046448,2.109375,1
Qwen/Qwen2.5-3B,numeral_noun_0010,numeral_noun,2-4 + nom.pl,-40.79543685913086,-39.80835723876953,9,9,0,-2.3749998807907104,2.3984374403953552,1
Qwen/Qwen2.5-3B,numeral_noun_0011,numeral_noun,2-4 + nom.pl,-34.53248596191406,-35.785465240478516,5,5,1,-1.3203125,1.8125,1
Qwen/Qwen2.5-3B,numeral_noun_0012,numeral_noun,2-4 + nom.pl,-36.75988006591797,-44.18729019165039,16,16,1,-1.328125,2.7578126192092896,1
Qwen/Qwen2.5-3B,numeral_noun_0013,numeral_noun,2-4 + nom.pl,-45.948341369628906,-45.23918151855469,12,12,0,-1.8125000596046448,1.9296874403953552,1
Qwen/Qwen2.5-3B,numeral_noun_0014,numeral_noun,2-4 + nom.pl,-36.15599060058594,-26.39665985107422,6,6,0,-2.7265625,2.2343748807907104,0
Qwen/Qwen2.5-3B,numeral_noun_0015,numeral_noun,2-4 + nom.pl,-41.95697784423828,-45.533206939697266,12,12,1,-1.0625000596046448,2.1328125596046448,1
Qwen/Qwen2.5-3B,numeral_noun_0016,numeral_noun,2-4 + nom.pl,-40.97665023803711,-43.28977584838867,7,7,1,-1.578125,2.2499998807907104,1
Qwen/Qwen2.5-3B,numeral_noun_0017,numeral_noun,2-4 + nom.pl,-34.36500930786133,-37.72442626953125,12,11,1,-1.7734375596046448,1.71875,0
Qwen/Qwen2.5-3B,numeral_noun_0018,numeral_noun,2-4 + nom.pl,-39.67250061035156,-39.70673751831055,7,7,1,-1.9921874403953552,1.8281248807907104,0
Qwen/Qwen2.5-3B,numeral_noun_0019,numeral_noun,2-4 + nom.pl,-37.31312561035156,-35.166259765625,13,13,0,-1.6484376192092896,2.0234375,1
Qwen/Qwen2.5-3B,numeral_noun_0020,numeral_noun,2-4 + nom.pl,-39.49372863769531,-37.556304931640625,7,7,0,-2.2109376192092896,2.8203123807907104,1
Qwen/Qwen2.5-3B,numeral_noun_0021,numeral_noun,2-4 + nom.pl,-46.143924713134766,-43.41416549682617,9,9,0,-2.6562499403953552,2.125,0
Qwen/Qwen2.5-3B,numeral_noun_0022,numeral_noun,2-4 + nom.pl,-35.57733917236328,-34.27239227294922,5,5,0,-1.2031251192092896,1.890625,1
Qwen/Qwen2.5-3B,numeral_noun_0023,numeral_noun,2-4 + nom.pl,-24.734455108642578,-23.999515533447266,10,10,0,-2.1796875,2.3359374403953552,1
Qwen/Qwen2.5-3B,numeral_noun_0024,numeral_noun,2-4 + nom.pl,-32.72460174560547,-31.84349250793457,9,9,0,-2.2109375,2.1953126192092896,0
Qwen/Qwen2.5-3B,numeral_noun_0025,numeral_noun,2-4 + nom.pl,-41.69428634643555,-44.27927017211914,11,11,1,-0.3671875,3.0156250596046448,1
Qwen/Qwen2.5-3B,numeral_noun_0026,numeral_noun,2-4 + nom.pl,-36.393863677978516,-37.7696533203125,12,12,1,-2.4218751192092896,2.3359374403953552,0
Qwen/Qwen2.5-3B,numeral_noun_0027,numeral_noun,2-4 + nom.pl,-41.709144592285156,-40.22159194946289,10,10,0,-2.6875000596046448,2.8125000596046448,1
Qwen/Qwen2.5-3B,numeral_noun_0028,numeral_noun,2-4 + nom.pl,-41.69529342651367,-44.59327697753906,10,9,1,-1.9375000596046448,2.359375,1
Qwen/Qwen2.5-3B,numeral_noun_0029,numeral_noun,2-4 + nom.pl,-38.18699645996094,-35.6839714050293,7,7,0,-1.8671875,2.09375,1
Qwen/Qwen2.5-3B,numeral_noun_0030,numeral_noun,2-4 + nom.pl,-44.20402526855469,-47.39573669433594,16,16,1,-1.03125,2.2343749403953552,1
Qwen/Qwen2.5-3B,numeral_noun_0031,numeral_noun,2-4 + nom.pl,-30.159778594970703,-34.448612213134766,11,9,1,-1.46875,2.2656251192092896,1
Qwen/Qwen2.5-3B,numeral_noun_0032,numeral_noun,2-4 + nom.pl,-45.469608306884766,-45.12248229980469,10,10,0,-1.453125,1.4374998807907104,0
Qwen/Qwen2.5-3B,numeral_noun_0033,numeral_noun,2-4 + nom.pl,-40.20933532714844,-36.35107421875,10,10,0,-2.328125,2.21875,0
Qwen/Qwen2.5-3B,numeral_noun_0034,numeral_noun,2-4 + nom.pl,-45.186683654785156,-43.25343322753906,13,13,0,-1.984375,1.9140626192092896,0
Qwen/Qwen2.5-3B,numeral_noun_0035,numeral_noun,2-4 + nom.pl,-38.884517669677734,-42.18577194213867,13,13,1,-1.2499998807907104,2.21875,1
Qwen/Qwen2.5-3B,numeral_noun_0036,numeral_noun,2-4 + nom.pl,-42.734596252441406,-42.64588165283203,10,10,0,-1.8749999403953552,1.9375001192092896,1
Qwen/Qwen2.5-3B,numeral_noun_0037,numeral_noun,2-4 + nom.pl,-45.74286651611328,-47.161827087402344,13,13,1,-1.6718748807907104,1.9531251192092896,1
Qwen/Qwen2.5-3B,numeral_noun_0038,numeral_noun,2-4 + nom.pl,-47.05434036254883,-47.907981872558594,16,16,1,-0.8203125,2.6015623807907104,1
Qwen/Qwen2.5-3B,numeral_noun_0039,numeral_noun,2-4 + nom.pl,-37.69761276245117,-37.49147415161133,8,7,0,-1.4140625,2.4453124403953552,1
Qwen/Qwen2.5-3B,numeral_noun_0040,numeral_noun,2-4 + nom.pl,-38.430301666259766,-35.883331298828125,12,12,0,-2.1484375,2.0468751192092896,0
Qwen/Qwen2.5-3B,numeral_noun_0041,numeral_noun,2-4 + nom.pl,-42.09763717651367,-42.937408447265625,10,10,1,-1.9453126192092896,2.0859375596046448,1
Qwen/Qwen2.5-3B,numeral_noun_0042,numeral_noun,2-4 + nom.pl,-38.091915130615234,-39.877525329589844,12,12,1,-1.7890625596046448,2.0312499403953552,1
Qwen/Qwen2.5-3B,numeral_noun_0043,numeral_noun,2-4 + nom.pl,-51.073814392089844,-50.9539909362793,13,13,0,-1.9921875596046448,1.6796874403953552,0
Qwen/Qwen2.5-3B,numeral_noun_0044,numeral_noun,2-4 + nom.pl,-33.419403076171875,-36.21867752075195,9,9,1,-2.3125,2.5390625,1
Qwen/Qwen2.5-3B,numeral_noun_0045,numeral_noun,2-4 + nom.pl,-45.706451416015625,-48.34257888793945,13,13,1,-1.046875,2.5546873807907104,1
Qwen/Qwen2.5-3B,numeral_noun_0046,numeral_noun,2-4 + nom.pl,-41.3188591003418,-41.893497467041016,9,9,1,-1.4609375,1.6718748807907104,1
Qwen/Qwen2.5-3B,numeral_noun_0047,numeral_noun,2-4 + nom.pl,-35.670066833496094,-39.16313552856445,12,12,1,-1.5937500596046448,1.4921875,0
Qwen/Qwen2.5-3B,numeral_noun_0048,numeral_noun,2-4 + nom.pl,-36.461814880371094,-41.715999603271484,13,13,1,-0.5078125,2.8593751192092896,1
Qwen/Qwen2.5-3B,numeral_noun_0049,numeral_noun,2-4 + nom.pl,-43.207977294921875,-43.94049072265625,9,9,1,-0.7421875,2.4374999403953552,1
Qwen/Qwen2.5-3B,numeral_noun_0050,numeral_noun,2-4 + nom.pl,-37.984130859375,-36.66396713256836,7,7,0,-1.7890626192092896,2.3281250596046448,1
Qwen/Qwen2.5-3B,numeral_noun_0051,numeral_noun,2-4 + nom.pl,-41.02490234375,-37.02098846435547,10,10,0,-1.1875,2.25,1
Qwen/Qwen2.5-3B,numeral_noun_0052,numeral_noun,2-4 + nom.pl,-42.4224853515625,-48.473167419433594,14,14,1,-1.84375,2.046875,1
Qwen/Qwen2.5-3B,numeral_noun_0053,numeral_noun,2-4 + nom.pl,-44.87876510620117,-48.653621673583984,15,15,1,-1.7968748807907104,2.4140625596046448,1
Qwen/Qwen2.5-3B,numeral_noun_0054,numeral_noun,2-4 + nom.pl,-38.88028335571289,-40.03936004638672,7,7,1,-2.4453124403953552,2.3124998807907104,0
Qwen/Qwen2.5-3B,numeral_noun_0055,numeral_noun,2-4 + nom.pl,-41.11062240600586,-46.42425537109375,12,12,1,-1.234375,0.734375,0
Qwen/Qwen2.5-3B,numeral_noun_0056,numeral_noun,2-4 + nom.pl,-46.79518127441406,-47.834327697753906,10,10,1,-0.5703126192092896,2.9375,1
Qwen/Qwen2.5-3B,numeral_noun_0057,numeral_noun,2-4 + nom.pl,-44.94086456298828,-46.45006561279297,10,10,1,-0.4609375,2.984375,1
Qwen/Qwen2.5-3B,numeral_noun_0058,numeral_noun,2-4 + nom.pl,-37.71413803100586,-35.40678405761719,9,7,0,-2.5156249403953552,2.4218748807907104,0
Qwen/Qwen2.5-3B,numeral_noun_0059,numeral_noun,2-4 + nom.pl,-39.438194274902344,-40.64171600341797,8,8,1,-0.75,3.0156249403953552,1
Qwen/Qwen2.5-3B,numeral_noun_0060,numeral_noun,2-4 + nom.pl,-32.825950622558594,-30.552021026611328,11,11,0,-1.84375,1.6953123807907104,0
Qwen/Qwen2.5-3B,numeral_noun_0061,numeral_noun,2-4 + nom.pl,-29.048858642578125,-18.85572052001953,8,6,0,-2.3515624403953552,2.171875,0
Qwen/Qwen2.5-3B,numeral_noun_0062,numeral_noun,2-4 + nom.pl,-34.99357604980469,-35.945865631103516,12,11,1,-0.90625,1.90625,1
Qwen/Qwen2.5-3B,numeral_noun_0063,numeral_noun,2-4 + nom.pl,-45.15158462524414,-44.90629959106445,13,13,0,-0.96875,2.0,1
Qwen/Qwen2.5-3B,numeral_noun_0064,numeral_noun,2-4 + nom.pl,-40.175689697265625,-40.043033599853516,9,9,0,-2.484375,2.6171875,1
Qwen/Qwen2.5-3B,numeral_noun_0065,numeral_noun,2-4 + nom.pl,-40.740699768066406,-41.15907287597656,10,10,1,-2.7578125596046448,2.8671875,1
Qwen/Qwen2.5-3B,numeral_noun_0066,numeral_noun,2-4 + nom.pl,-42.47295379638672,-43.022552490234375,10,10,1,-1.328125,1.4296873807907104,1
Qwen/Qwen2.5-3B,numeral_noun_0067,numeral_noun,2-4 + nom.pl,-35.33224105834961,-37.47901916503906,12,12,1,-2.3671874403953552,2.375,1
Qwen/Qwen2.5-3B,numeral_noun_0068,numeral_noun,2-4 + nom.pl,-28.676162719726562,-17.718177795410156,8,6,0,-2.3906250596046448,2.3046875,0
Qwen/Qwen2.5-3B,numeral_noun_0069,numeral_noun,2-4 + nom.pl,-47.566959381103516,-49.08357238769531,13,12,1,-1.0703126192092896,2.1718751192092896,1
Qwen/Qwen2.5-3B,numeral_noun_0070,numeral_noun,2-4 + nom.pl,-26.152341842651367,-31.72663116455078,13,13,1,-1.859375,2.0546875,1
Qwen/Qwen2.5-3B,numeral_noun_0071,numeral_noun,2-4 + nom.pl,-46.51856994628906,-48.172786712646484,15,15,1,-1.1953125,2.2499999403953552,1
Qwen/Qwen2.5-3B,numeral_noun_0072,numeral_noun,2-4 + nom.pl,-43.203125,-43.52375030517578,13,13,1,-1.8593748807907104,2.0703125596046448,1
Qwen/Qwen2.5-3B,numeral_noun_0073,numeral_noun,2-4 + nom.pl,-44.91439437866211,-47.228797912597656,12,12,1,-1.7890625,2.046875,1
Qwen/Qwen2.5-3B,numeral_noun_0074,numeral_noun,2-4 + nom.pl,-44.00865936279297,-43.6351318359375,12,12,0,-1.7343751192092896,2.4843748807907104,1
Qwen/Qwen2.5-3B,numeral_noun_0075,numeral_noun,2-4 + nom.pl,-41.44739532470703,-41.43153381347656,7,7,0,-1.7109373807907104,1.6406251192092896,0
Qwen/Qwen2.5-3B,numeral_noun_0076,numeral_noun,2-4 + nom.pl,-41.45975875854492,-43.132625579833984,10,10,1,-0.1484375,3.3281251192092896,1
Qwen/Qwen2.5-3B,numeral_noun_0077,numeral_noun,2-4 + nom.pl,-43.012664794921875,-43.21277618408203,9,9,1,-1.5937501192092896,1.7421875,1
Qwen/Qwen2.5-3B,numeral_noun_0078,numeral_noun,2-4 + nom.pl,-46.119789123535156,-44.04208755493164,10,10,0,-2.3359375,2.0703124403953552,0
Qwen/Qwen2.5-3B,numeral_noun_0079,numeral_noun,2-4 + nom.pl,-36.531707763671875,-42.313987731933594,11,11,1,-1.8125,1.7500001192092896,0
Qwen/Qwen2.5-3B,numeral_noun_0080,numeral_noun,2-4 + nom.pl,-35.37928009033203,-24.47730255126953,8,8,0,-2.8515624403953552,2.9140624403953552,1
Qwen/Qwen2.5-3B,numeral_noun_0081,numeral_noun,2-4 + nom.pl,-43.99771499633789,-42.88438415527344,8,8,0,-2.2968751192092896,2.3046875,1
Qwen/Qwen2.5-3B,numeral_noun_0082,numeral_noun,2-4 + nom.pl,-55.945152282714844,-51.479949951171875,11,11,0,-1.2578123807907104,1.7109375,1
Qwen/Qwen2.5-3B,numeral_noun_0083,numeral_noun,2-4 + nom.pl,-34.79079818725586,-37.26384353637695,12,12,1,-1.828125,1.8281251192092896,1
Qwen/Qwen2.5-3B,numeral_noun_0084,numeral_noun,2-4 + nom.pl,-44.429744720458984,-44.32292175292969,12,11,0,-1.2578125,2.234375,1
Qwen/Qwen2.5-3B,numeral_noun_0085,numeral_noun,2-4 + nom.pl,-45.33911895751953,-43.962730407714844,11,11,0,-1.8359376192092896,2.3437499403953552,1
Qwen/Qwen2.5-3B,numeral_noun_0086,numeral_noun,2-4 + nom.pl,-44.90834426879883,-39.446693420410156,7,7,0,-2.4140624403953552,2.0546876192092896,0
Qwen/Qwen2.5-3B,numeral_noun_0087,numeral_noun,2-4 + nom.pl,-38.21310043334961,-36.02311325073242,9,9,0,-2.1171876192092896,2.2265625,1
Qwen/Qwen2.5-3B,numeral_noun_0088,numeral_noun,2-4 + nom.pl,-45.18526077270508,-43.70122528076172,9,9,0,-2.5859375,2.5,0
Qwen/Qwen2.5-3B,numeral_noun_0089,numeral_noun,2-4 + nom.pl,-39.15119934082031,-35.250083923339844,8,8,0,-2.4765625,2.4375,0
Qwen/Qwen2.5-3B,numeral_noun_0090,numeral_noun,2-4 + nom.pl,-44.20127487182617,-48.370689392089844,15,14,1,-1.6328125,2.125,1
Qwen/Qwen2.5-3B,numeral_noun_0091,numeral_noun,2-4 + nom.pl,-39.62886047363281,-39.729225158691406,10,10,1,-1.8828125,1.9765625,1
Qwen/Qwen2.5-3B,numeral_noun_0092,numeral_noun,2-4 + nom.pl,-44.99618911743164,-44.31435775756836,16,16,0,-1.2890625,2.0312501192092896,1
Qwen/Qwen2.5-3B,numeral_noun_0093,numeral_noun,2-4 + nom.pl,-43.403751373291016,-45.38865280151367,10,10,1,-1.34375,1.9999999403953552,1
Qwen/Qwen2.5-3B,numeral_noun_0094,numeral_noun,2-4 + nom.pl,-45.06452941894531,-44.91241455078125,10,10,0,-0.5546876192092896,1.984375,1
Qwen/Qwen2.5-3B,numeral_noun_0095,numeral_noun,2-4 + nom.pl,-33.77325439453125,-25.8767147064209,5,5,0,-2.1562499403953552,1.9218748807907104,0
Qwen/Qwen2.5-3B,numeral_noun_0096,numeral_noun,2-4 + nom.pl,-34.7851676940918,-39.526893615722656,13,13,1,-1.09375,2.8359376192092896,1
Qwen/Qwen2.5-3B,numeral_noun_0097,numeral_noun,2-4 + nom.pl,-44.90702819824219,-48.735145568847656,13,12,1,-1.7578125,1.7421875,0
Qwen/Qwen2.5-3B,numeral_noun_0098,numeral_noun,2-4 + nom.pl,-47.839935302734375,-51.57636642456055,12,12,1,-0.8359373807907104,2.0546876192092896,1
Qwen/Qwen2.5-3B,numeral_noun_0099,numeral_noun,2-4 + nom.pl,-40.016929626464844,-43.382850646972656,12,11,1,-1.9218748807907104,1.8515624403953552,0
Qwen/Qwen2.5-3B,numeral_noun_0100,numeral_noun,2-4 + nom.pl,-47.87617874145508,-49.80934524536133,13,13,1,-1.5859375,1.953125,1
Qwen/Qwen2.5-3B,numeral_noun_0101,numeral_noun,2-4 + nom.pl,-44.580841064453125,-48.65595626831055,12,12,1,-0.5546875,1.6249998807907104,1
Qwen/Qwen2.5-3B,numeral_noun_0102,numeral_noun,2-4 + nom.pl,-33.349952697753906,-32.44927978515625,9,9,0,-2.2265625,2.3906249403953552,1
Qwen/Qwen2.5-3B,numeral_noun_0103,numeral_noun,2-4 + nom.pl,-43.83805847167969,-44.884376525878906,11,11,1,-1.1874998807907104,1.7656249403953552,1
Qwen/Qwen2.5-3B,numeral_noun_0104,numeral_noun,2-4 + nom.pl,-47.71751022338867,-46.82719039916992,8,8,0,-2.1015626192092896,2.3671875596046448,1
Qwen/Qwen2.5-3B,numeral_noun_0105,numeral_noun,2-4 + nom.pl,-35.62499237060547,-32.40152359008789,5,5,0,-2.4687498807907104,2.3828126192092896,0
Qwen/Qwen2.5-3B,numeral_noun_0106,numeral_noun,2-4 + nom.pl,-38.15508270263672,-35.86028289794922,8,8,0,-2.6562501192092896,2.5859373807907104,0
Qwen/Qwen2.5-3B,numeral_noun_0107,numeral_noun,2-4 + nom.pl,-37.35818099975586,-40.13575744628906,6,6,1,-1.296875,2.7812500596046448,1
Qwen/Qwen2.5-3B,numeral_noun_0108,numeral_noun,2-4 + nom.pl,-37.227298736572266,-37.081077575683594,9,9,0,-2.6171876192092896,2.5703125,0
Qwen/Qwen2.5-3B,numeral_noun_0109,numeral_noun,2-4 + nom.pl,-48.52775573730469,-45.84485626220703,10,10,0,-1.5781251192092896,2.109375,1
Qwen/Qwen2.5-3B,numeral_noun_0110,numeral_noun,2-4 + nom.pl,-41.53227996826172,-42.24601745605469,8,8,1,-1.8593749403953552,1.8671873807907104,1
Qwen/Qwen2.5-3B,numeral_noun_0111,numeral_noun,2-4 + nom.pl,-41.178924560546875,-45.8687858581543,12,12,1,-1.7578124403953552,2.0390625596046448,1
Qwen/Qwen2.5-3B,numeral_noun_0112,numeral_noun,2-4 + nom.pl,-40.43830108642578,-34.45855712890625,8,7,0,-2.46875,2.2812500596046448,0
Qwen/Qwen2.5-3B,numeral_noun_0113,numeral_noun,2-4 + nom.pl,-44.49445724487305,-43.85739517211914,13,13,0,-2.4687500596046448,2.3515624403953552,0
Qwen/Qwen2.5-3B,numeral_noun_0114,numeral_noun,2-4 + nom.pl,-42.680686950683594,-46.627376556396484,10,10,1,-1.5234374403953552,2.5546875,1
Qwen/Qwen2.5-3B,numeral_noun_0115,numeral_noun,2-4 + nom.pl,-42.9908447265625,-44.486053466796875,12,11,1,-2.2578124403953552,2.0703126192092896,0
Qwen/Qwen2.5-3B,numeral_noun_0116,numeral_noun,2-4 + nom.pl,-32.525177001953125,-30.156814575195312,8,8,0,-1.9375000596046448,2.4453125596046448,1
Qwen/Qwen2.5-3B,numeral_noun_0117,numeral_noun,2-4 + nom.pl,-44.053382873535156,-46.0701904296875,12,12,1,-0.21875,2.1171876192092896,1
Qwen/Qwen2.5-3B,numeral_noun_0118,numeral_noun,2-4 + nom.pl,-39.428810119628906,-39.03587341308594,7,7,0,-2.3906249403953552,2.5781251192092896,1
Qwen/Qwen2.5-3B,numeral_noun_0119,numeral_noun,2-4 + nom.pl,-46.98668670654297,-47.03938293457031,15,14,1,-0.84375,2.1250000596046448,1
Qwen/Qwen2.5-3B,numeral_noun_0120,numeral_noun,2-4 + nom.pl,-37.95922088623047,-37.811614990234375,7,7,0,-2.1093750596046448,2.1640626192092896,1
Qwen/Qwen2.5-3B,numeral_noun_0121,numeral_noun,2-4 + nom.pl,-32.956153869628906,-30.355911254882812,8,8,0,-1.8515626192092896,2.4921875,1
Qwen/Qwen2.5-3B,numeral_noun_0122,numeral_noun,2-4 + nom.pl,-38.03398895263672,-36.199012756347656,6,6,0,-0.453125,3.2031248807907104,1
Qwen/Qwen2.5-3B,numeral_noun_0123,numeral_noun,2-4 + nom.pl,-40.42995071411133,-42.77494812011719,8,8,1,-1.3671875,1.6953126192092896,1
Qwen/Qwen2.5-3B,numeral_noun_0124,numeral_noun,2-4 + nom.pl,-40.55877685546875,-39.25780487060547,11,11,0,-2.4609375,2.4296875,0
Qwen/Qwen2.5-3B,numeral_noun_0125,numeral_noun,2-4 + nom.pl,-39.75632858276367,-40.25237274169922,10,10,1,-1.4765625,1.5312498807907104,1
Qwen/Qwen2.5-3B,numeral_noun_0126,numeral_noun,2-4 + nom.pl,-42.15428924560547,-46.239410400390625,10,10,1,-2.4140623807907104,2.3437500596046448,0
Qwen/Qwen2.5-3B,numeral_noun_0127,numeral_noun,2-4 + nom.pl,-45.372779846191406,-44.11286926269531,9,9,0,-2.5703125,2.5546875,0
Qwen/Qwen2.5-3B,numeral_noun_0128,numeral_noun,2-4 + nom.pl,-47.43852233886719,-49.16023635864258,8,8,1,-1.2421876192092896,2.109375,1
Qwen/Qwen2.5-3B,numeral_noun_0129,numeral_noun,2-4 + nom.pl,-43.737953186035156,-42.23073196411133,11,11,0,-2.1484375,1.4765623807907104,0
Qwen/Qwen2.5-3B,numeral_noun_0130,numeral_noun,2-4 + nom.pl,-46.672569274902344,-47.73809814453125,11,11,1,-1.8671873807907104,2.1640624403953552,1
Qwen/Qwen2.5-3B,numeral_noun_0131,numeral_noun,2-4 + nom.pl,-45.61259841918945,-46.25728988647461,14,14,1,-1.4375001192092896,2.3281251192092896,1
Qwen/Qwen2.5-3B,numeral_noun_0132,numeral_noun,2-4 + nom.pl,-32.4913330078125,-36.290672302246094,12,11,1,-1.8515626192092896,1.8984376192092896,1
Qwen/Qwen2.5-3B,numeral_noun_0133,numeral_noun,2-4 + nom.pl,-55.75043869018555,-50.00171661376953,8,8,0,-1.4375,1.5312498807907104,1
Qwen/Qwen2.5-3B,numeral_noun_0134,numeral_noun,2-4 + nom.pl,-41.98332977294922,-42.94865036010742,12,12,1,-1.2890624403953552,2.2187501192092896,1
Qwen/Qwen2.5-3B,numeral_noun_0135,numeral_noun,2-4 + nom.pl,-43.7440185546875,-44.209022521972656,10,10,1,-1.3828126192092896,1.734375,1
Qwen/Qwen2.5-3B,numeral_noun_0136,numeral_noun,2-4 + nom.pl,-41.38077163696289,-43.75536346435547,10,10,1,-2.4999999403953552,2.4609375,0
Qwen/Qwen2.5-3B,numeral_noun_0137,numeral_noun,2-4 + nom.pl,-54.75115966796875,-50.24388885498047,8,8,0,-1.46875,1.8749998807907104,1
Qwen/Qwen2.5-3B,numeral_noun_0138,numeral_noun,2-4 + nom.pl,-45.290771484375,-40.68335723876953,7,7,0,-2.2968751192092896,2.1328125596046448,0
Qwen/Qwen2.5-3B,numeral_noun_0139,numeral_noun,2-4 + nom.pl,-31.4324951171875,-30.96074867248535,8,8,0,-1.6562498807907104,2.4453123807907104,1
Qwen/Qwen2.5-3B,numeral_noun_0140,numeral_noun,2-4 + nom.pl,-43.37205123901367,-46.245689392089844,11,10,1,-1.8281249403953552,1.6875,0
Qwen/Qwen2.5-3B,numeral_noun_0141,numeral_noun,2-4 + nom.pl,-39.861106872558594,-41.46514129638672,12,10,1,-1.7265625,2.4765623807907104,1
Qwen/Qwen2.5-3B,numeral_noun_0142,numeral_noun,2-4 + nom.pl,-37.90666961669922,-38.288082122802734,10,9,1,-1.9609376192092896,2.3281249403953552,1
Qwen/Qwen2.5-3B,numeral_noun_0143,numeral_noun,2-4 + nom.pl,-36.555259704589844,-34.32619094848633,8,8,0,-2.5468750596046448,2.4218750596046448,0
Qwen/Qwen2.5-3B,numeral_noun_0144,numeral_noun,2-4 + nom.pl,-40.3541259765625,-42.01105499267578,9,9,1,-2.4296876192092896,2.0859376192092896,0
Qwen/Qwen2.5-3B,numeral_noun_0145,numeral_noun,2-4 + nom.pl,-35.66029739379883,-24.99135398864746,5,5,0,-3.0078123807907104,2.2031250596046448,0
Qwen/Qwen2.5-3B,numeral_noun_0146,numeral_noun,2-4 + nom.pl,-45.56330490112305,-45.67383575439453,11,11,1,-2.0156251192092896,2.1953125596046448,1
Qwen/Qwen2.5-3B,numeral_noun_0147,numeral_noun,2-4 + nom.pl,-38.74040985107422,-36.674617767333984,7,7,0,-2.2031249403953552,2.6484374403953552,1
Qwen/Qwen2.5-3B,numeral_noun_0148,numeral_noun,2-4 + nom.pl,-47.01683807373047,-47.635581970214844,14,14,1,-1.8828125596046448,2.0937501192092896,1
Qwen/Qwen2.5-3B,numeral_noun_0149,numeral_noun,2-4 + nom.pl,-37.19377899169922,-38.398319244384766,10,10,1,-1.3593748807907104,2.140625,1
Qwen/Qwen2.5-3B,numeral_noun_0150,numeral_noun,5+ + gen.pl,-49.13819885253906,-53.01863098144531,14,12,1,-1.3359375,2.7812500596046448,1
Qwen/Qwen2.5-3B,numeral_noun_0151,numeral_noun,5+ + gen.pl,-43.27043151855469,-50.148170471191406,14,12,1,-0.203125,3.1718751192092896,1
Qwen/Qwen2.5-3B,numeral_noun_0152,numeral_noun,5+ + gen.pl,-45.850677490234375,-49.35341262817383,14,12,1,-1.4609375,2.7265625596046448,1
Qwen/Qwen2.5-3B,numeral_noun_0153,numeral_noun,5+ + gen.pl,-37.23659896850586,-43.53590393066406,12,11,1,-0.8281248807907104,1.6015626192092896,1
Qwen/Qwen2.5-3B,numeral_noun_0154,numeral_noun,5+ + gen.pl,-41.03704833984375,-45.7539176940918,16,15,1,-1.8203123807907104,1.7343748807907104,0
Qwen/Qwen2.5-3B,numeral_noun_0155,numeral_noun,5+ + gen.pl,-45.23466491699219,-51.487457275390625,16,15,1,-0.7421875,2.8046874403953552,1
Qwen/Qwen2.5-3B,numeral_noun_0156,numeral_noun,5+ + gen.pl,-38.02381134033203,-42.650169372558594,10,9,1,-1.5859375,2.2109373807907104,1
Qwen/Qwen2.5-3B,numeral_noun_0157,numeral_noun,5+ + gen.pl,-49.334716796875,-55.58525085449219,15,14,1,-0.890625,2.6250000596046448,1
Qwen/Qwen2.5-3B,numeral_noun_0158,numeral_noun,5+ + gen.pl,-41.199615478515625,-45.93087387084961,14,12,1,-1.5624998807907104,2.4374999403953552,1
Qwen/Qwen2.5-3B,numeral_noun_0159,numeral_noun,5+ + gen.pl,-43.324588775634766,-47.213661193847656,11,10,1,-1.1093751192092896,2.7031251192092896,1
Qwen/Qwen2.5-3B,numeral_noun_0160,numeral_noun,5+ + gen.pl,-35.822879791259766,-41.25537109375,15,14,1,-0.96875,2.40625,1
Qwen/Qwen2.5-3B,numeral_noun_0161,numeral_noun,5+ + gen.pl,-39.71414566040039,-46.12395477294922,15,14,1,-1.5859375,2.0390626192092896,1
Qwen/Qwen2.5-3B,numeral_noun_0162,numeral_noun,5+ + gen.pl,-44.1258430480957,-49.68437957763672,15,14,1,-0.5625,3.1953123807907104,1
Qwen/Qwen2.5-3B,numeral_noun_0163,numeral_noun,5+ + gen.pl,-39.2049674987793,-47.107025146484375,12,11,1,-1.09375,2.6093749403953552,1
Qwen/Qwen2.5-3B,numeral_noun_0164,numeral_noun,5+ + gen.pl,-55.310630798339844,-63.36028289794922,14,12,1,-1.3437498807907104,2.1249999403953552,1
Qwen/Qwen2.5-3B,numeral_noun_0165,numeral_noun,5+ + gen.pl,-39.564361572265625,-41.63346481323242,14,13,1,-1.015625,2.0234373807907104,1
Qwen/Qwen2.5-3B,numeral_noun_0166,numeral_noun,5+ + gen.pl,-38.17051696777344,-44.694236755371094,8,7,1,-1.21875,2.8828125,1
Qwen/Qwen2.5-3B,numeral_noun_0167,numeral_noun,5+ + gen.pl,-44.71145248413086,-51.556556701660156,13,11,1,-1.5,1.9531248807907104,1
Qwen/Qwen2.5-3B,numeral_noun_0168,numeral_noun,5+ + gen.pl,-41.67294692993164,-47.88228225708008,11,10,1,-1.1953125,2.90625,1
Qwen/Qwen2.5-3B,numeral_noun_0169,numeral_noun,5+ + gen.pl,-46.348140716552734,-49.017425537109375,16,14,1,-1.2187501192092896,1.8203126192092896,1
Qwen/Qwen2.5-3B,numeral_noun_0170,numeral_noun,5+ + gen.pl,-38.771141052246094,-44.22137451171875,11,10,1,-0.9609376192092896,2.140625,1
Qwen/Qwen2.5-3B,numeral_noun_0171,numeral_noun,5+ + gen.pl,-47.14984893798828,-58.698333740234375,18,17,1,-2.1406248807907104,2.515625,1
Qwen/Qwen2.5-3B,numeral_noun_0172,numeral_noun,5+ + gen.pl,-42.80790328979492,-46.06146240234375,10,9,1,-1.1718748807907104,2.8671876192092896,1
Qwen/Qwen2.5-3B,numeral_noun_0173,numeral_noun,5+ + gen.pl,-44.93585968017578,-47.773136138916016,10,9,1,-1.3671875,2.578125,1
Qwen/Qwen2.5-3B,numeral_noun_0174,numeral_noun,5+ + gen.pl,-44.19396209716797,-50.763587951660156,12,11,1,-0.1953125,2.4609375596046448,1
Qwen/Qwen2.5-3B,numeral_noun_0175,numeral_noun,5+ + gen.pl,-38.154380798339844,-42.410369873046875,17,16,1,-1.7812498807907104,2.203125,1
Qwen/Qwen2.5-3B,numeral_noun_0176,numeral_noun,5+ + gen.pl,-39.21519470214844,-45.96339797973633,12,10,1,-0.3671875,2.3281248807907104,1
Qwen/Qwen2.5-3B,numeral_noun_0177,numeral_noun,5+ + gen.pl,-41.43008804321289,-46.75271987915039,8,7,1,-1.3359375,2.3046875596046448,1
Qwen/Qwen2.5-3B,numeral_noun_0178,numeral_noun,5+ + gen.pl,-44.28158950805664,-46.033180236816406,13,12,1,-1.78125,1.9765625,1
Qwen/Qwen2.5-3B,numeral_noun_0179,numeral_noun,5+ + gen.pl,-39.01318359375,-46.534141540527344,15,14,1,-1.0156248807907104,2.5390626192092896,1
Qwen/Qwen2.5-3B,numeral_noun_0180,numeral_noun,5+ + gen.pl,-40.17088317871094,-47.31864929199219,12,11,1,-0.6718751192092896,2.7343748807907104,1
Qwen/Qwen2.5-3B,numeral_noun_0181,numeral_noun,5+ + gen.pl,-45.25444412231445,-52.63527297973633,11,10,1,-1.109375,2.453125,1
Qwen/Qwen2.5-3B,numeral_noun_0182,numeral_noun,5+ + gen.pl,-45.33936309814453,-47.24857711791992,13,12,1,-1.0078123807907104,1.8828125596046448,1
Qwen/Qwen2.5-3B,numeral_noun_0183,numeral_noun,5+ + gen.pl,-43.75676727294922,-48.620845794677734,12,11,1,-0.28125,2.9765624403953552,1
Qwen/Qwen2.5-3B,numeral_noun_0184,numeral_noun,5+ + gen.pl,-42.83108901977539,-44.36759948730469,14,12,1,-1.8203125,2.0390626192092896,1
Qwen/Qwen2.5-3B,numeral_noun_0185,numeral_noun,5+ + gen.pl,-39.78241729736328,-47.315032958984375,9,8,1,-1.2265623807907104,2.9999998807907104,1
Qwen/Qwen2.5-3B,numeral_noun_0186,numeral_noun,5+ + gen.pl,-54.00138473510742,-57.77033996582031,12,10,1,-1.3125,2.0546875596046448,1
Qwen/Qwen2.5-3B,numeral_noun_0187,numeral_noun,5+ + gen.pl,-46.8760871887207,-50.49333190917969,14,12,1,-1.4375000596046448,2.109375,1
Qwen/Qwen2.5-3B,numeral_noun_0188,numeral_noun,5+ + gen.pl,-35.028297424316406,-47.16918182373047,15,14,1,-1.3359375,2.3984375596046448,1
Qwen/Qwen2.5-3B,numeral_noun_0189,numeral_noun,5+ + gen.pl,-37.60791778564453,-45.57579040527344,8,7,1,-0.9453125,2.0781249403953552,1
Qwen/Qwen2.5-3B,numeral_noun_0190,numeral_noun,5+ + gen.pl,-41.152252197265625,-48.953582763671875,14,13,1,-1.3203125,2.1953124403953552,1
Qwen/Qwen2.5-3B,numeral_noun_0191,numeral_noun,5+ + gen.pl,-39.87977981567383,-46.22918701171875,11,10,1,-0.859375,3.2734374403953552,1
Qwen/Qwen2.5-3B,numeral_noun_0192,numeral_noun,5+ + gen.pl,-44.028953552246094,-49.25507354736328,12,11,1,-0.4765625,2.2265626192092896,1
Qwen/Qwen2.5-3B,numeral_noun_0193,numeral_noun,5+ + gen.pl,-46.9078369140625,-44.95176315307617,12,11,0,-1.2734373807907104,1.7734376192092896,1
Qwen/Qwen2.5-3B,numeral_noun_0194,numeral_noun,5+ + gen.pl,-39.776519775390625,-38.546417236328125,12,11,0,-0.7734373807907104,1.890625,1
Qwen/Qwen2.5-3B,numeral_noun_0195,numeral_noun,5+ + gen.pl,-42.63645935058594,-44.715728759765625,11,10,1,-0.671875,2.3125001192092896,1
Qwen/Qwen2.5-3B,numeral_noun_0196,numeral_noun,5+ + gen.pl,-38.908294677734375,-43.89341735839844,15,14,1,-1.2187498807907104,2.3984375,1
Qwen/Qwen2.5-3B,numeral_noun_0197,numeral_noun,5+ + gen.pl,-37.49681854248047,-47.409767150878906,16,15,1,-2.3437499403953552,2.9296875,1
Qwen/Qwen2.5-3B,numeral_noun_0198,numeral_noun,5+ + gen.pl,-46.316200256347656,-48.36936950683594,14,13,1,-1.2890623807907104,2.1718751192092896,1
Qwen/Qwen2.5-3B,numeral_noun_0199,numeral_noun,5+ + gen.pl,-41.31407165527344,-44.15327072143555,12,11,1,-1.4140623807907104,2.4453123807907104,1
Qwen/Qwen2.5-3B,numeral_noun_0200,numeral_noun,5+ + gen.pl,-36.26164245605469,-43.27468490600586,12,11,1,-0.7734373807907104,2.6953124403953552,1
Qwen/Qwen2.5-3B,numeral_noun_0201,numeral_noun,5+ + gen.pl,-37.260555267333984,-41.69313049316406,14,13,1,-0.7109376192092896,2.3437499403953552,1
Qwen/Qwen2.5-3B,numeral_noun_0202,numeral_noun,5+ + gen.pl,-52.049163818359375,-53.292198181152344,12,11,1,-1.03125,2.7109375,1
Qwen/Qwen2.5-3B,numeral_noun_0203,numeral_noun,5+ + gen.pl,-44.49219512939453,-52.73638153076172,12,11,1,-0.8203125,2.6953124403953552,1
Qwen/Qwen2.5-3B,numeral_noun_0204,numeral_noun,5+ + gen.pl,-40.75945281982422,-47.994224548339844,13,11,1,-1.421875,2.7109375,1
Qwen/Qwen2.5-3B,numeral_noun_0205,numeral_noun,5+ + gen.pl,-36.80388641357422,-40.60295867919922,16,14,1,-2.1796875,2.3124999403953552,1
Qwen/Qwen2.5-3B,numeral_noun_0206,numeral_noun,5+ + gen.pl,-38.47092056274414,-41.200172424316406,15,14,1,-1.2968748807907104,1.8125,1
Qwen/Qwen2.5-3B,numeral_noun_0207,numeral_noun,5+ + gen.pl,-41.4482536315918,-47.95176696777344,12,11,1,-0.515625,2.3671873807907104,1
Qwen/Qwen2.5-3B,numeral_noun_0208,numeral_noun,5+ + gen.pl,-43.441951751708984,-46.00501251220703,10,9,1,-1.3281251192092896,2.6250000596046448,1
Qwen/Qwen2.5-3B,numeral_noun_0209,numeral_noun,5+ + gen.pl,-39.44185256958008,-45.60737609863281,10,9,1,-1.15625,2.5703126192092896,1
Qwen/Qwen2.5-3B,numeral_noun_0210,numeral_noun,5+ + gen.pl,-26.41788101196289,-30.21236228942871,13,12,1,-1.21875,2.2343750596046448,1
Qwen/Qwen2.5-3B,numeral_noun_0211,numeral_noun,5+ + gen.pl,-45.59950637817383,-50.215267181396484,14,13,1,-1.0546875,2.2734375,1
Qwen/Qwen2.5-3B,numeral_noun_0212,numeral_noun,5+ + gen.pl,-44.25623321533203,-47.88782501220703,15,14,1,-0.75,2.0390625,1
Qwen/Qwen2.5-3B,numeral_noun_0213,numeral_noun,5+ + gen.pl,-42.87249755859375,-47.201171875,15,14,1,-0.3984375,3.2890624403953552,1
Qwen/Qwen2.5-3B,numeral_noun_0214,numeral_noun,5+ + gen.pl,-44.828155517578125,-50.09361267089844,13,12,1,-0.39843738079071045,2.8593750596046448,1
Qwen/Qwen2.5-3B,numeral_noun_0215,numeral_noun,5+ + gen.pl,-45.47567367553711,-48.8216438293457,14,12,1,-1.4375,2.1953126192092896,1
Qwen/Qwen2.5-3B,numeral_noun_0216,numeral_noun,5+ + gen.pl,-35.821250915527344,-43.351806640625,14,13,1,-0.640625,2.2812499403953552,1
Qwen/Qwen2.5-3B,numeral_noun_0217,numeral_noun,5+ + gen.pl,-35.004215240478516,-40.353946685791016,14,12,1,-0.7109375,2.4609375,1
Qwen/Qwen2.5-3B,numeral_noun_0218,numeral_noun,5+ + gen.pl,-43.561214447021484,-49.82872772216797,14,13,1,-1.125,2.2968748807907104,1
Qwen/Qwen2.5-3B,numeral_noun_0219,numeral_noun,5+ + gen.pl,-44.32892608642578,-48.72291564941406,15,14,1,-1.3593751192092896,1.9375,1
Qwen/Qwen2.5-3B,numeral_noun_0220,numeral_noun,5+ + gen.pl,-35.61879348754883,-42.92974090576172,14,13,1,-1.40625,2.265625,1
Qwen/Qwen2.5-3B,numeral_noun_0221,numeral_noun,5+ + gen.pl,-41.55458068847656,-47.89822006225586,12,11,1,-0.7421876192092896,2.3281249403953552,1
Qwen/Qwen2.5-3B,numeral_noun_0222,numeral_noun,5+ + gen.pl,-48.87761688232422,-55.85549545288086,12,11,1,-1.0546875,2.9140625,1
Qwen/Qwen2.5-3B,numeral_noun_0223,numeral_noun,5+ + gen.pl,-42.976600646972656,-50.315834045410156,16,14,1,-1.6484375,2.5468748807907104,1
Qwen/Qwen2.5-3B,numeral_noun_0224,numeral_noun,5+ + gen.pl,-42.51836395263672,-47.00904083251953,13,12,1,-1.453125,2.0625,1
Qwen/Qwen2.5-3B,numeral_noun_0225,numeral_noun,5+ + gen.pl,-45.5009765625,-49.608154296875,15,14,1,-1.0859376192092896,3.1328125596046448,1
Qwen/Qwen2.5-3B,numeral_noun_0226,numeral_noun,5+ + gen.pl,-43.401039123535156,-46.969459533691406,10,9,1,-1.5703126192092896,2.2656251192092896,1
Qwen/Qwen2.5-3B,numeral_noun_0227,numeral_noun,5+ + gen.pl,-44.72807312011719,-51.38080596923828,15,14,1,-0.8671875,3.4765626788139343,1
Qwen/Qwen2.5-3B,numeral_noun_0228,numeral_noun,5+ + gen.pl,-26.8518123626709,-34.850425720214844,13,12,1,-1.5078126192092896,2.3359374403953552,1
Qwen/Qwen2.5-3B,numeral_noun_0229,numeral_noun,5+ + gen.pl,-40.26130294799805,-48.272552490234375,16,14,1,-1.7734373807907104,2.3828125,1
Qwen/Qwen2.5-3B,numeral_noun_0230,numeral_noun,5+ + gen.pl,-50.25432586669922,-50.02396011352539,12,11,0,-1.0,2.4921875,1
Qwen/Qwen2.5-3B,numeral_noun_0231,numeral_noun,5+ + gen.pl,-40.29659652709961,-43.500160217285156,13,11,1,-1.4843748807907104,2.1953126192092896,1
Qwen/Qwen2.5-3B,numeral_noun_0232,numeral_noun,5+ + gen.pl,-45.78502655029297,-50.48313903808594,14,13,1,-2.1015626192092896,2.3671875,1
Qwen/Qwen2.5-3B,numeral_noun_0233,numeral_noun,5+ + gen.pl,-42.770103454589844,-48.79460525512695,12,11,1,-1.3671875,2.25,1
Qwen/Qwen2.5-3B,numeral_noun_0234,numeral_noun,5+ + gen.pl,-30.426488876342773,-39.12335205078125,13,12,1,-0.578125,2.8984375596046448,1
Qwen/Qwen2.5-3B,numeral_noun_0235,numeral_noun,5+ + gen.pl,-39.98808288574219,-47.874427795410156,16,15,1,-1.390625,2.7265624403953552,1
Qwen/Qwen2.5-3B,numeral_noun_0236,numeral_noun,5+ + gen.pl,-43.97472381591797,-52.863624572753906,16,15,1,-2.1640626192092896,2.453125,1
Qwen/Qwen2.5-3B,numeral_noun_0237,numeral_noun,5+ + gen.pl,-43.40735626220703,-48.41587829589844,14,13,1,-1.3828125,2.4609373807907104,1
Qwen/Qwen2.5-3B,numeral_noun_0238,numeral_noun,5+ + gen.pl,-44.46330642700195,-46.8895378112793,10,9,1,-1.6328126192092896,2.4374998807907104,1
Qwen/Qwen2.5-3B,numeral_noun_0239,numeral_noun,5+ + gen.pl,-42.53371047973633,-47.677734375,10,9,1,-0.9296875,2.2343748807907104,1
Qwen/Qwen2.5-3B,numeral_noun_0240,numeral_noun,5+ + gen.pl,-40.40174102783203,-44.67839050292969,13,12,1,-0.4609375,2.09375,1
Qwen/Qwen2.5-3B,numeral_noun_0241,numeral_noun,5+ + gen.pl,-46.52825164794922,-45.52987289428711,13,11,0,-1.5859375596046448,2.0546874403953552,1
Qwen/Qwen2.5-3B,numeral_noun_0242,numeral_noun,5+ + gen.pl,-41.58257293701172,-46.57244873046875,14,12,1,-1.6953123807907104,2.4140624403953552,1
Qwen/Qwen2.5-3B,numeral_noun_0243,numeral_noun,5+ + gen.pl,-41.44209289550781,-42.237205505371094,9,7,1,-1.8203125,3.0546875,1
Qwen/Qwen2.5-3B,numeral_noun_0244,numeral_noun,5+ + gen.pl,-39.59027862548828,-47.15351104736328,12,10,1,-1.3437498807907104,2.3828125596046448,1
Qwen/Qwen2.5-3B,numeral_noun_0245,numeral_noun,5+ + gen.pl,-46.80690002441406,-48.423828125,12,10,1,-1.1015625,2.4765626192092896,1
Qwen/Qwen2.5-3B,numeral_noun_0246,numeral_noun,5+ + gen.pl,-46.96493911743164,-47.989768981933594,13,12,1,-1.9296875596046448,2.3906251192092896,1
Qwen/Qwen2.5-3B,numeral_noun_0247,numeral_noun,5+ + gen.pl,-41.16060256958008,-49.25642013549805,11,10,1,-0.5390625,2.3593751192092896,1
Qwen/Qwen2.5-3B,numeral_noun_0248,numeral_noun,5+ + gen.pl,-44.020484924316406,-44.45648193359375,11,9,1,-1.6874998807907104,2.390625,1
Qwen/Qwen2.5-3B,numeral_noun_0249,numeral_noun,5+ + gen.pl,-38.749053955078125,-45.768951416015625,14,12,1,-1.3046875,2.3203125,1
Qwen/Qwen2.5-3B,numeral_noun_0250,numeral_noun,5+ + gen.pl,-34.265869140625,-43.741268157958984,11,10,1,-0.859375,2.3124998807907104,1
Qwen/Qwen2.5-3B,numeral_noun_0251,numeral_noun,5+ + gen.pl,-41.099891662597656,-44.56135559082031,16,14,1,-1.9218748807907104,2.1953124403953552,1
Qwen/Qwen2.5-3B,numeral_noun_0252,numeral_noun,5+ + gen.pl,-41.37989807128906,-43.29747009277344,10,9,1,-1.3124998807907104,2.9843749403953552,1
Qwen/Qwen2.5-3B,numeral_noun_0253,numeral_noun,5+ + gen.pl,-43.13713073730469,-46.60765838623047,12,11,1,-0.734375,2.9062500596046448,1
Qwen/Qwen2.5-3B,numeral_noun_0254,numeral_noun,5+ + gen.pl,-43.82985305786133,-51.35432052612305,11,10,1,-1.8515626192092896,2.2031248807907104,1
Qwen/Qwen2.5-3B,numeral_noun_0255,numeral_noun,5+ + gen.pl,-41.115867614746094,-47.3538703918457,12,11,1,-0.984375,2.5703124403953552,1
Qwen/Qwen2.5-3B,numeral_noun_0256,numeral_noun,5+ + gen.pl,-43.201812744140625,-48.47150421142578,15,14,1,-2.265625,2.109375,0
Qwen/Qwen2.5-3B,numeral_noun_0257,numeral_noun,5+ + gen.pl,-43.93649673461914,-47.28761291503906,15,14,1,-0.6484375,2.6953126192092896,1
Qwen/Qwen2.5-3B,numeral_noun_0258,numeral_noun,5+ + gen.pl,-41.593048095703125,-44.99635696411133,10,9,1,-1.046875,3.015625,1
Qwen/Qwen2.5-3B,numeral_noun_0259,numeral_noun,5+ + gen.pl,-40.9837760925293,-46.27837371826172,13,12,1,-0.953125,2.7421875,1
Qwen/Qwen2.5-3B,numeral_noun_0260,numeral_noun,5+ + gen.pl,-38.26930618286133,-43.36272048950195,10,9,1,-0.9453126192092896,2.3359373807907104,1
Qwen/Qwen2.5-3B,numeral_noun_0261,numeral_noun,5+ + gen.pl,-40.02897644042969,-47.923011779785156,12,11,1,-0.8203125,2.671875,1
Qwen/Qwen2.5-3B,numeral_noun_0262,numeral_noun,5+ + gen.pl,-45.230552673339844,-47.99822998046875,12,11,1,-1.015625,1.9531248807907104,1
Qwen/Qwen2.5-3B,numeral_noun_0263,numeral_noun,5+ + gen.pl,-42.51750946044922,-43.45662307739258,10,8,1,-1.5078123807907104,2.1953123807907104,1
Qwen/Qwen2.5-3B,numeral_noun_0264,numeral_noun,5+ + gen.pl,-41.9644775390625,-42.53568649291992,8,7,1,-1.1171875,2.4609373807907104,1
Qwen/Qwen2.5-3B,numeral_noun_0265,numeral_noun,5+ + gen.pl,-47.09290313720703,-51.033809661865234,14,12,1,-1.3281251192092896,2.140625,1
Qwen/Qwen2.5-3B,numeral_noun_0266,numeral_noun,5+ + gen.pl,-46.064239501953125,-46.61817169189453,13,11,1,-1.875,2.1328126192092896,1
Qwen/Qwen2.5-3B,numeral_noun_0267,numeral_noun,5+ + gen.pl,-40.2839469909668,-45.72337341308594,13,11,1,-1.5390625,2.671875,1
Qwen/Qwen2.5-3B,numeral_noun_0268,numeral_noun,5+ + gen.pl,-42.705013275146484,-49.65607452392578,16,15,1,-1.3203126192092896,2.1875000596046448,1
Qwen/Qwen2.5-3B,numeral_noun_0269,numeral_noun,5+ + gen.pl,-42.93134307861328,-48.494625091552734,12,11,1,-0.359375,2.7890624403953552,1
Qwen/Qwen2.5-3B,numeral_noun_0270,numeral_noun,5+ + gen.pl,-45.952884674072266,-52.573490142822266,15,13,1,-1.390625,2.6093748807907104,1
Qwen/Qwen2.5-3B,numeral_noun_0271,numeral_noun,5+ + gen.pl,-43.352413177490234,-47.99311828613281,11,10,1,-0.9140626192092896,2.7187499403953552,1
Qwen/Qwen2.5-3B,numeral_noun_0272,numeral_noun,5+ + gen.pl,-36.81641387939453,-37.53147506713867,11,10,1,-1.015625,2.2890625,1
Qwen/Qwen2.5-3B,numeral_noun_0273,numeral_noun,5+ + gen.pl,-39.475223541259766,-48.88836669921875,8,7,1,-1.375,2.3906250596046448,1
Qwen/Qwen2.5-3B,numeral_noun_0274,numeral_noun,5+ + gen.pl,-39.03020477294922,-47.36288833618164,18,16,1,-1.4921873807907104,2.2656251192092896,1
Qwen/Qwen2.5-3B,numeral_noun_0275,numeral_noun,5+ + gen.pl,-39.92787170410156,-42.96644592285156,14,12,1,-1.6484376192092896,1.8984374403953552,1
Qwen/Qwen2.5-3B,numeral_noun_0276,numeral_noun,5+ + gen.pl,-36.462467193603516,-43.41545867919922,15,14,1,-0.953125,2.6953125,1
Qwen/Qwen2.5-3B,numeral_noun_0277,numeral_noun,5+ + gen.pl,-45.29670715332031,-49.12675857543945,13,12,1,-0.984375,2.6874999403953552,1
Qwen/Qwen2.5-3B,numeral_noun_0278,numeral_noun,5+ + gen.pl,-36.054100036621094,-41.44584655761719,18,17,1,-1.4843751192092896,2.1093748807907104,1
Qwen/Qwen2.5-3B,numeral_noun_0279,numeral_noun,5+ + gen.pl,-41.342620849609375,-47.889404296875,12,10,1,-1.5078126192092896,2.3125001192092896,1
Qwen/Qwen2.5-3B,numeral_noun_0280,numeral_noun,5+ + gen.pl,-44.116573333740234,-48.42869567871094,12,11,1,-0.3671875,2.46875,1
Qwen/Qwen2.5-3B,numeral_noun_0281,numeral_noun,5+ + gen.pl,-42.975067138671875,-50.32353591918945,10,9,1,-1.3671873807907104,2.5000000596046448,1
Qwen/Qwen2.5-3B,numeral_noun_0282,numeral_noun,5+ + gen.pl,-44.22393035888672,-46.00994110107422,13,12,1,-1.3984376192092896,2.7734375596046448,1
Qwen/Qwen2.5-3B,numeral_noun_0283,numeral_noun,5+ + gen.pl,-34.334903717041016,-37.976806640625,14,12,1,-0.9218748807907104,2.8828125596046448,1
Qwen/Qwen2.5-3B,numeral_noun_0284,numeral_noun,5+ + gen.pl,-46.78843688964844,-52.997459411621094,16,15,1,-1.7890625,2.46875,1
Qwen/Qwen2.5-3B,numeral_noun_0285,numeral_noun,5+ + gen.pl,-38.97777557373047,-42.545188903808594,14,12,1,-2.0468751192092896,2.4218750596046448,1
Qwen/Qwen2.5-3B,numeral_noun_0286,numeral_noun,5+ + gen.pl,-42.569480895996094,-43.981536865234375,15,14,1,-1.6875,2.0624998807907104,1
Qwen/Qwen2.5-3B,numeral_noun_0287,numeral_noun,5+ + gen.pl,-42.10811996459961,-46.53015899658203,12,11,1,-1.0234373807907104,2.7031248807907104,1
Qwen/Qwen2.5-3B,numeral_noun_0288,numeral_noun,5+ + gen.pl,-45.413818359375,-47.384666442871094,12,10,1,-1.046875,2.3515624403953552,1
Qwen/Qwen2.5-3B,numeral_noun_0289,numeral_noun,5+ + gen.pl,-39.499244689941406,-43.218536376953125,10,9,1,-1.0468751192092896,2.8984375,1
Qwen/Qwen2.5-3B,numeral_noun_0290,numeral_noun,5+ + gen.pl,-41.5689582824707,-42.239845275878906,8,7,1,-1.140625,2.1249999403953552,1
Qwen/Qwen2.5-3B,numeral_noun_0291,numeral_noun,5+ + gen.pl,-37.272029876708984,-43.47325897216797,15,14,1,-0.9999998807907104,2.4453125596046448,1
Qwen/Qwen2.5-3B,numeral_noun_0292,numeral_noun,5+ + gen.pl,-41.400264739990234,-47.43367004394531,10,9,1,-1.0078123807907104,2.2031251192092896,1
Qwen/Qwen2.5-3B,numeral_noun_0293,numeral_noun,5+ + gen.pl,-42.24791717529297,-47.79457092285156,17,16,1,-0.8203125,2.1093749403953552,1
Qwen/Qwen2.5-3B,numeral_noun_0294,numeral_noun,5+ + gen.pl,-43.918739318847656,-49.644775390625,12,11,1,-0.9296875,2.5937499403953552,1
Qwen/Qwen2.5-3B,numeral_noun_0295,numeral_noun,5+ + gen.pl,-42.36302947998047,-44.867103576660156,14,13,1,-1.3984376192092896,1.8281251192092896,1
Qwen/Qwen2.5-3B,numeral_noun_0296,numeral_noun,5+ + gen.pl,-43.04261779785156,-45.71554946899414,13,12,1,-0.7890625,2.7656249403953552,1
Qwen/Qwen2.5-3B,numeral_noun_0297,numeral_noun,5+ + gen.pl,-35.665218353271484,-35.65917205810547,14,13,0,-0.8984376192092896,1.8828126192092896,1
Qwen/Qwen2.5-3B,numeral_noun_0298,numeral_noun,5+ + gen.pl,-40.611637115478516,-40.88069152832031,15,13,1,-2.0,2.1875,1
Qwen/Qwen2.5-3B,numeral_noun_0299,numeral_noun,5+ + gen.pl,-43.404823303222656,-48.413455963134766,17,16,1,-0.6171875,1.9687501192092896,1
Qwen/Qwen2.5-3B,verb_government_0000,verb_government,дякувати кому,-20.526288986206055,-23.56610107421875,10,10,1,-1.7890625,2.1250000596046448,1
Qwen/Qwen2.5-3B,verb_government_0001,verb_government,дякувати кому,-31.521987915039062,-31.3902530670166,10,8,0,-1.2734373807907104,2.0937498807907104,1
Qwen/Qwen2.5-3B,verb_government_0002,verb_government,дякувати кому,-43.41979217529297,-41.032379150390625,17,17,0,-1.5625,1.5546875,0
Qwen/Qwen2.5-3B,verb_government_0003,verb_government,дякувати кому,-36.600799560546875,-36.86241912841797,10,10,1,-2.03125,2.3046876192092896,1
Qwen/Qwen2.5-3B,verb_government_0004,verb_government,дякувати кому,-36.11314392089844,-36.598243713378906,13,13,1,-1.6328126192092896,2.2812499403953552,1
Qwen/Qwen2.5-3B,verb_government_0005,verb_government,дякувати кому,-25.119403839111328,-26.196163177490234,11,9,1,-1.53125,2.140625,1
Qwen/Qwen2.5-3B,verb_government_0006,verb_government,вибачати кому,-33.81681442260742,-32.261817932128906,13,13,0,-2.3593749701976776,2.4687501192092896,1
Qwen/Qwen2.5-3B,verb_government_0007,verb_government,вибачати кому,-40.356056213378906,-35.31446075439453,11,11,0,-2.0625000596046448,2.3437499403953552,1
Qwen/Qwen2.5-3B,verb_government_0008,verb_government,вибачати кому,-32.30607604980469,-30.20684814453125,10,10,0,-2.4765625,1.6953125596046448,0
Qwen/Qwen2.5-3B,verb_government_0009,verb_government,вибачати кому,-43.97482681274414,-42.619407653808594,12,12,0,-2.1640623807907104,2.3203125596046448,1
Qwen/Qwen2.5-3B,verb_government_0010,verb_government,вибачати кому,-29.565296173095703,-28.714797973632812,10,8,0,-1.7968751192092896,1.7812500596046448,0
Qwen/Qwen2.5-3B,verb_government_0011,verb_government,навчати чого,-37.01401138305664,-32.81626892089844,15,17,0,-1.7421875,2.3046876192092896,1
Qwen/Qwen2.5-3B,verb_government_0012,verb_government,навчати чого,-50.42900466918945,-50.491207122802734,13,13,1,-1.8671874403953552,1.2109375,0
Qwen/Qwen2.5-3B,verb_government_0013,verb_government,навчати чого,-48.27581787109375,-45.435516357421875,13,14,0,-1.5546873807907104,2.2890624403953552,1
Qwen/Qwen2.5-3B,verb_government_0014,verb_government,навчати чого,-44.71574401855469,-42.15867614746094,14,14,0,-1.7734375,1.9843748807907104,1
Qwen/Qwen2.5-3B,verb_government_0015,verb_government,вчитися чого,-47.578712463378906,-50.84703063964844,10,10,1,-1.46875,2.1640625,1
Qwen/Qwen2.5-3B,verb_government_0016,verb_government,вчитися чого,-32.78216552734375,-30.528539657592773,7,8,0,-2.0468750596046448,2.4062499403953552,1
Qwen/Qwen2.5-3B,verb_government_0017,verb_government,вчитися чого,-36.0330810546875,-32.56641387939453,10,10,0,-1.3046873807907104,1.9218750596046448,1
Qwen/Qwen2.5-3B,verb_government_0018,verb_government,вчитися чого,-45.49549102783203,-46.173858642578125,9,9,1,-2.5156251192092896,1.9218749403953552,0
Qwen/Qwen2.5-3B,verb_government_0019,verb_government,опанувати що,-42.74169158935547,-43.04240417480469,9,9,1,-1.9453125596046448,1.9921875,1
Qwen/Qwen2.5-3B,verb_government_0020,verb_government,опанувати що,-38.0756721496582,-43.19873046875,12,13,1,-0.6562498807907104,1.4765625,1
Qwen/Qwen2.5-3B,verb_government_0021,verb_government,опанувати що,-38.385868072509766,-44.588539123535156,15,16,1,-0.6484375,2.125,1
Qwen/Qwen2.5-3B,verb_government_0022,verb_government,опанувати що,-40.11741638183594,-45.476531982421875,10,11,1,-0.7734373807907104,2.3359373807907104,1
Qwen/Qwen2.5-3B,verb_government_0023,verb_government,оволодіти чим,-33.463111877441406,-37.26568603515625,11,11,1,-0.8671873807907104,2.7812500596046448,1
Qwen/Qwen2.5-3B,verb_government_0024,verb_government,оволодіти чим,-43.21868133544922,-46.141029357910156,13,12,1,-1.3906250596046448,1.9531250596046448,1
Qwen/Qwen2.5-3B,verb_government_0025,verb_government,оволодіти чим,-41.07598114013672,-45.57124328613281,13,12,1,-1.6328123807907104,2.3593748807907104,1
Qwen/Qwen2.5-3B,verb_government_0026,verb_government,хворіти на що,-43.44482421875,-43.38688659667969,11,11,0,-1.9218750596046448,2.0781249403953552,1
Qwen/Qwen2.5-3B,verb_government_0027,verb_government,хворіти на що,-38.518314361572266,-39.454769134521484,13,13,1,-1.7968750596046448,2.4140624403953552,1
Qwen/Qwen2.5-3B,verb_government_0028,verb_government,хворіти на що,-46.047569274902344,-46.576133728027344,12,12,1,-1.8515625,2.3281250596046448,1
Qwen/Qwen2.5-3B,verb_government_0029,verb_government,одружитися з ким,-31.911720275878906,-34.54792785644531,13,12,1,-1.3046876192092896,1.8203125596046448,1
Qwen/Qwen2.5-3B,verb_government_0030,verb_government,одружитися з ким,-34.77721405029297,-40.70138931274414,16,15,1,0.0390625,2.2187500596046448,1
Qwen/Qwen2.5-3B,verb_government_0031,verb_government,одружитися з ким,-38.44273376464844,-41.646942138671875,17,16,1,-1.6953125596046448,0.984375,0
Qwen/Qwen2.5-3B,verb_government_0032,verb_government,сумувати за ким,-35.705909729003906,-43.043190002441406,8,7,1,-1.2265626192092896,1.3125,1
Qwen/Qwen2.5-3B,verb_government_0033,verb_government,сумувати за ким,-44.56315231323242,-46.46446228027344,10,10,1,-1.65625,1.84375,1
Qwen/Qwen2.5-3B,verb_government_0034,verb_government,сумувати за ким,-46.853668212890625,-45.39342498779297,9,9,0,-2.2499998807907104,1.2812501192092896,0
Qwen/Qwen2.5-3B,verb_government_0035,verb_government,розмовляти мовою,-26.471248626708984,-29.65477752685547,15,17,1,-1.8437501192092896,2.8749999403953552,1
Qwen/Qwen2.5-3B,verb_government_0036,verb_government,розмовляти мовою,-31.581073760986328,-32.7001953125,13,15,1,-2.1718748807907104,2.1171875596046448,0
Qwen/Qwen2.5-3B,verb_government_0037,verb_government,розмовляти мовою,-33.0078010559082,-35.104766845703125,15,17,1,-2.015625,2.265625,1
Qwen/Qwen2.5-3B,verb_government_0038,verb_government,розмовляти мовою,-42.0863037109375,-40.4339599609375,15,17,0,-2.4609373807907104,2.6171876192092896,1
Qwen/Qwen2.5-3B,verb_government_0039,verb_government,розмовляти мовою,-41.16815948486328,-41.45356750488281,14,16,1,-2.0703125,1.8906250596046448,0
Qwen/Qwen2.5-3B,verb_government_0040,verb_government,розмовляти мовою,-26.271377563476562,-29.124061584472656,11,13,1,-1.6484375,2.4687500596046448,1
Qwen/Qwen2.5-3B,verb_government_0041,verb_government,вибачати кому,-32.98054504394531,-34.09738540649414,8,8,1,-2.5703123807907104,2.2656248807907104,0
Qwen/Qwen2.5-3B,verb_government_0042,verb_government,навчати чого,-70.04107666015625,-73.01913452148438,13,13,1,-2.2109375596046448,1.6953123807907104,0
Qwen/Qwen2.5-3B,verb_government_0043,verb_government,навчати чого,-39.150577545166016,-38.17448806762695,15,15,0,-2.3203124403953552,1.53125,0
Qwen/Qwen2.5-3B,verb_government_0044,verb_government,вчитися чого,-40.40750503540039,-37.52389144897461,8,8,0,-1.1015625,2.1328126192092896,1
Qwen/Qwen2.5-3B,verb_government_0045,verb_government,вчитися чого,-47.67232131958008,-56.23522186279297,12,11,1,-1.6562498807907104,2.1484375,1
Qwen/Qwen2.5-3B,verb_government_0046,verb_government,опанувати що,-37.36439514160156,-42.899024963378906,11,12,1,-0.5625,2.5234376192092896,1
Qwen/Qwen2.5-3B,verb_government_0047,verb_government,опанувати що,-38.182315826416016,-42.84910583496094,12,13,1,-1.7265626192092896,1.8593748807907104,1
Qwen/Qwen2.5-3B,verb_government_0048,verb_government,оволодіти чим,-41.206199645996094,-48.633575439453125,12,11,1,0.03125,2.2265624403953552,1
Qwen/Qwen2.5-3B,verb_government_0049,verb_government,оволодіти чим,-46.85890579223633,-48.87938690185547,12,11,1,-1.6171875,1.9609375,1
Qwen/Qwen2.5-3B,verb_government_0050,verb_government,оволодіти чим,-48.872947692871094,-55.73164367675781,13,12,1,-1.8671875,1.7109375,0
Qwen/Qwen2.5-3B,verb_government_0051,verb_government,хворіти на що,-35.33829116821289,-36.6948356628418,12,12,1,-2.4453126192092896,2.3359374403953552,0
Qwen/Qwen2.5-3B,verb_government_0052,verb_government,хворіти на що,-42.896724700927734,-40.143394470214844,14,14,0,-1.4062498807907104,1.6171873807907104,1
Qwen/Qwen2.5-3B,verb_government_0053,verb_government,хворіти на що,-52.01055145263672,-57.9364128112793,14,14,1,-1.5781249403953552,2.3437500596046448,1
Qwen/Qwen2.5-3B,verb_government_0054,verb_government,одружитися з ким,-42.58064270019531,-52.340057373046875,11,11,1,-1.03125,1.8359375,1
Qwen/Qwen2.5-3B,verb_government_0055,verb_government,одружитися з ким,-31.67053985595703,-39.555259704589844,13,14,1,-0.28125,2.7890624403953552,1
Qwen/Qwen2.5-3B,verb_government_0056,verb_government,одружитися з ким,-42.43711853027344,-42.596656799316406,15,15,1,-1.3437498807907104,1.5625,1
Qwen/Qwen2.5-3B,verb_government_0057,verb_government,сумувати за ким,-40.28144454956055,-41.348411560058594,10,10,1,-1.6015626192092896,1.8359375,1
Qwen/Qwen2.5-3B,verb_government_0058,verb_government,сумувати за ким,-50.60838317871094,-47.900272369384766,7,7,0,-1.2890625,1.6171876192092896,1
Qwen/Qwen2.5-3B,verb_government_0059,verb_government,сумувати за ким,-48.40282440185547,-50.498844146728516,10,9,1,-1.9296876192092896,1.1875,0
Qwen/Qwen2.5-3B,vocative_0000,vocative,vocative f,-30.523258209228516,-25.781673431396484,12,12,0,-1.8124999403953552,1.0781251192092896,0
Qwen/Qwen2.5-3B,vocative_0001,vocative,vocative m,-43.327613830566406,-36.99742126464844,13,12,0,-2.4375000596046448,1.4140625,0
Qwen/Qwen2.5-3B,vocative_0002,vocative,vocative m,-33.46353530883789,-25.948246002197266,14,14,0,-2.09375,1.328125,0
Qwen/Qwen2.5-3B,vocative_0003,vocative,vocative m,-31.721431732177734,-26.780515670776367,15,14,0,-2.25,1.7578125,0
Qwen/Qwen2.5-3B,vocative_0004,vocative,vocative m,-62.1165657043457,-58.60493469238281,18,18,0,-1.8906250596046448,1.4296873807907104,0
Qwen/Qwen2.5-3B,vocative_0005,vocative,vocative m,-62.92219543457031,-62.500648498535156,18,17,0,-1.5234376192092896,0.8671875,0
Qwen/Qwen2.5-3B,vocative_0006,vocative,vocative m,-32.97890853881836,-25.970674514770508,17,16,0,-2.1796874403953552,1.296875,0
Qwen/Qwen2.5-3B,vocative_0007,vocative,vocative f,-33.34843063354492,-28.23391342163086,10,10,0,-1.9374998807907104,0.34375,0
Qwen/Qwen2.5-3B,vocative_0008,vocative,vocative f,-53.84652328491211,-47.96675109863281,13,13,0,-2.2109376192092896,1.8124999403953552,0
Qwen/Qwen2.5-3B,vocative_0009,vocative,vocative f,-61.329742431640625,-62.9095573425293,11,11,1,-1.7031249403953552,1.5312498807907104,0
Qwen/Qwen2.5-3B,vocative_0010,vocative,vocative m,-38.72246551513672,-32.449913024902344,12,12,0,-2.15625,1.09375,0
Qwen/Qwen2.5-3B,vocative_0011,vocative,vocative f,-60.05666732788086,-53.73615264892578,17,17,0,-1.9140625,1.0000001192092896,0
Qwen/Qwen2.5-3B,vocative_0012,vocative,vocative f,-30.71197509765625,-25.0999755859375,14,14,0,-1.6328125596046448,1.5234376192092896,0
Qwen/Qwen2.5-3B,vocative_0013,vocative,vocative m,-28.514469146728516,-24.00421905517578,10,10,0,-1.7265625,1.21875,0
Qwen/Qwen2.5-3B,vocative_0014,vocative,vocative f,-43.82664489746094,-39.986083984375,17,17,0,-2.0625001192092896,1.1718751192092896,0
Qwen/Qwen2.5-3B,vocative_0015,vocative,vocative m,-59.275543212890625,-57.10609436035156,18,17,0,-1.8124999403953552,1.1328126192092896,0
Qwen/Qwen2.5-3B,vocative_0016,vocative,vocative m,-32.53715515136719,-24.60369110107422,13,12,0,-1.3984375596046448,1.421875,1
Qwen/Qwen2.5-3B,vocative_0017,vocative,vocative f,-30.576305389404297,-23.93521499633789,14,14,0,-1.8906250596046448,1.4375000596046448,0
Qwen/Qwen2.5-3B,vocative_0018,vocative,vocative m,-30.47304916381836,-25.688207626342773,11,11,0,-1.3749999403953552,1.3046875,0
Qwen/Qwen2.5-3B,vocative_0019,vocative,vocative m,-30.39786148071289,-24.665443420410156,13,12,0,-1.4999999403953552,1.3281248807907104,0
Qwen/Qwen2.5-3B,vocative_0020,vocative,vocative f,-28.91785430908203,-23.963340759277344,10,10,0,-1.4453124403953552,0.359375,0
Qwen/Qwen2.5-3B,vocative_0021,vocative,vocative m,-60.497337341308594,-53.57830047607422,12,12,0,-1.9453123807907104,1.4453125,0
Qwen/Qwen2.5-3B,vocative_0022,vocative,vocative f,-29.911272048950195,-24.840576171875,11,11,0,-1.7343748807907104,0.9921875,0
Qwen/Qwen2.5-3B,vocative_0023,vocative,vocative m,-35.10177993774414,-29.249677658081055,13,13,0,-1.8203125596046448,1.4453124403953552,0
Qwen/Qwen2.5-3B,vocative_0024,vocative,vocative m,-46.44842529296875,-39.454349517822266,18,17,0,-2.1953126192092896,1.9296875,0
Qwen/Qwen2.5-3B,vocative_0025,vocative,vocative m,-33.16337585449219,-29.33547019958496,12,11,0,-1.421875,1.1484374403953552,0
Qwen/Qwen2.5-3B,vocative_0026,vocative,vocative m,-43.82036590576172,-35.718257904052734,12,11,0,-2.3906249403953552,1.3515625,0
Qwen/Qwen2.5-3B,vocative_0027,vocative,vocative m,-31.39234161376953,-24.466293334960938,12,11,0,-0.875,1.3984375,1
Qwen/Qwen2.5-3B,vocative_0028,vocative,vocative f,-58.110252380371094,-50.64283752441406,19,19,0,-2.1328125596046448,1.4999998807907104,0
Qwen/Qwen2.5-3B,vocative_0029,vocative,vocative f,-27.45956039428711,-21.961936950683594,12,12,0,-1.3906251192092896,1.0156251192092896,0
Qwen/Qwen2.5-3B,vocative_0030,vocative,vocative f,-54.79679870605469,-50.700462341308594,17,17,0,-2.0781248807907104,1.1640625,0
Qwen/Qwen2.5-3B,vocative_0031,vocative,vocative m,-50.57630920410156,-49.31507110595703,16,16,0,-1.5546873807907104,1.3593750596046448,0
Qwen/Qwen2.5-3B,vocative_0032,vocative,vocative f,-33.184303283691406,-27.702800750732422,14,14,0,-2.2734374403953552,1.5624998807907104,0
Qwen/Qwen2.5-3B,vocative_0033,vocative,vocative m,-54.94253158569336,-51.19953155517578,17,17,0,-1.6562500596046448,1.3984375,0
Qwen/Qwen2.5-3B,vocative_0034,vocative,vocative f,-36.17167282104492,-30.772743225097656,12,12,0,-1.5859374403953552,1.4843748807907104,0
Qwen/Qwen2.5-3B,vocative_0035,vocative,vocative m,-34.66222381591797,-26.268156051635742,11,11,0,-1.6562499403953552,0.9843748807907104,0
Qwen/Qwen2.5-3B,vocative_0036,vocative,vocative m,-32.09523391723633,-23.615985870361328,10,9,0,-1.46875,0.3828125,0
Qwen/Qwen2.5-3B,vocative_0037,vocative,vocative m,-41.79922103881836,-39.37671661376953,17,16,0,-1.9218750596046448,1.3984375,0
Qwen/Qwen2.5-3B,vocative_0038,vocative,vocative m,-61.07422637939453,-55.428794860839844,11,11,0,-1.8437499403953552,1.2265625,0
Qwen/Qwen2.5-3B,vocative_0039,vocative,vocative m,-31.873550415039062,-28.753389358520508,12,12,0,-1.5859375,1.5156251192092896,0
Qwen/Qwen2.5-3B,vocative_0040,vocative,vocative m,-38.922115325927734,-32.14527893066406,13,13,0,-2.1718750596046448,1.2421873807907104,0
Qwen/Qwen2.5-3B,vocative_0041,vocative,vocative f,-31.04887580871582,-25.62218475341797,13,13,0,-2.1171875596046448,1.3828126192092896,0
Qwen/Qwen2.5-3B,vocative_0042,vocative,vocative f,-31.448400497436523,-25.428855895996094,13,13,0,-1.8437499403953552,1.265625,0
Qwen/Qwen2.5-3B,vocative_0043,vocative,vocative f,-54.125022888183594,-47.281036376953125,17,17,0,-1.734375,1.2421875,0
Qwen/Qwen2.5-3B,vocative_0044,vocative,vocative m,-51.33808135986328,-41.451393127441406,12,12,0,-2.2187501192092896,1.4218749403953552,0
Qwen/Qwen2.5-3B,vocative_0045,vocative,vocative f,-64.43794250488281,-61.341278076171875,18,18,0,-1.8359375,1.1250001192092896,0
Qwen/Qwen2.5-3B,vocative_0046,vocative,vocative m,-55.92576599121094,-48.06737518310547,17,16,0,-1.4453125596046448,1.1015625,0
Qwen/Qwen2.5-3B,vocative_0047,vocative,vocative m,-60.079139709472656,-56.467002868652344,12,11,0,-1.984375,1.484375,0
Qwen/Qwen2.5-3B,vocative_0048,vocative,vocative f,-47.600624084472656,-43.06645965576172,12,12,0,-1.78125,1.7734374403953552,0
Qwen/Qwen2.5-3B,vocative_0049,vocative,vocative f,-41.07527160644531,-34.669822692871094,12,12,0,-1.8203123807907104,1.2343751192092896,0
Qwen/Qwen2.5-3B,vocative_0050,vocative,vocative f,-35.464988708496094,-28.77006721496582,14,13,0,-2.2265625596046448,1.5781250596046448,0
Qwen/Qwen2.5-3B,vocative_0051,vocative,vocative m,-39.00407028198242,-31.880062103271484,12,12,0,-2.3906249403953552,1.0937501192092896,0
Qwen/Qwen2.5-3B,vocative_0052,vocative,vocative f,-58.924560546875,-51.035614013671875,18,18,0,-1.703125,1.4140625,0
Qwen/Qwen2.5-3B,vocative_0053,vocative,vocative f,-29.15850067138672,-21.783611297607422,8,8,0,-1.4296876192092896,0.625,0
Qwen/Qwen2.5-3B,vocative_0054,vocative,vocative f,-32.31938934326172,-25.29096221923828,16,16,0,-1.6640625596046448,1.3515623807907104,0
Qwen/Qwen2.5-3B,vocative_0055,vocative,vocative m,-45.654991149902344,-40.071083068847656,17,16,0,-2.0546876192092896,1.5312501192092896,0
Qwen/Qwen2.5-3B,vocative_0056,vocative,vocative m,-55.76653289794922,-53.00453186035156,11,10,0,-2.0781248807907104,1.34375,0
Qwen/Qwen2.5-3B,vocative_0057,vocative,vocative f,-59.915313720703125,-53.813087463378906,17,17,0,-1.7343750596046448,1.21875,0
Qwen/Qwen2.5-3B,vocative_0058,vocative,vocative f,-42.60084915161133,-36.205345153808594,18,18,0,-2.0859376192092896,1.125,0
Qwen/Qwen2.5-3B,vocative_0059,vocative,vocative f,-62.55472183227539,-61.619659423828125,11,11,0,-2.203125,1.5390626192092896,0
Qwen/Qwen2.5-3B,vocative_0060,vocative,vocative f,-43.74345397949219,-38.59015655517578,11,11,0,-1.8046875,1.3828125,0
Qwen/Qwen2.5-3B,vocative_0061,vocative,vocative m,-28.703022003173828,-22.57071876525879,10,10,0,-1.6874999403953552,0.7578125,0
Qwen/Qwen2.5-3B,vocative_0062,vocative,vocative m,-56.32691955566406,-51.25359344482422,17,16,0,-1.90625,0.9765625,0
Qwen/Qwen2.5-3B,vocative_0063,vocative,vocative m,-41.1279296875,-38.22429656982422,12,11,0,-2.0468748807907104,0.9375,0
Qwen/Qwen2.5-3B,vocative_0064,vocative,vocative m,-41.905643463134766,-37.07139205932617,17,16,0,-1.9765626192092896,1.390625,0
Qwen/Qwen2.5-3B,vocative_0065,vocative,vocative m,-30.08705711364746,-22.861095428466797,11,10,0,-1.1640625596046448,0.4140625,0
Qwen/Qwen2.5-3B,vocative_0066,vocative,vocative m,-55.833892822265625,-50.246192932128906,18,18,0,-1.8515626192092896,1.2890623807907104,0
Qwen/Qwen2.5-3B,vocative_0067,vocative,vocative m,-59.46769332885742,-59.367698669433594,17,17,0,-1.1015625,1.2265625,1
Qwen/Qwen2.5-3B,vocative_0068,vocative,vocative f,-63.45249938964844,-57.0224494934082,17,17,0,-1.5078125,1.4296875,0
Qwen/Qwen2.5-3B,vocative_0069,vocative,vocative f,-51.92505645751953,-52.82350158691406,18,18,1,-2.0156249403953552,0.8671876192092896,0
Qwen/Qwen2.5-3B,vocative_0070,vocative,vocative m,-40.412227630615234,-33.15520477294922,18,18,0,-1.8046874403953552,1.4453124403953552,0
Qwen/Qwen2.5-3B,vocative_0071,vocative,vocative m,-59.54108428955078,-52.127037048339844,19,19,0,-1.6640625596046448,1.0625,0
Qwen/Qwen2.5-3B,vocative_0072,vocative,vocative f,-39.730262756347656,-34.8626708984375,18,18,0,-2.3828124403953552,1.8281248807907104,0
Qwen/Qwen2.5-3B,vocative_0073,vocative,vocative m,-31.621463775634766,-25.563154220581055,11,10,0,-1.5000001192092896,0.6171875,0
Qwen/Qwen2.5-3B,vocative_0074,vocative,vocative m,-33.333251953125,-23.13156509399414,11,10,0,-1.5937501192092896,0.6328125,0
Qwen/Qwen2.5-3B,vocative_0075,vocative,vocative m,-51.18070983886719,-40.66261291503906,11,10,0,-2.0468749403953552,1.5156248807907104,0
Qwen/Qwen2.5-3B,vocative_0076,vocative,vocative m,-38.991920471191406,-29.341371536254883,11,10,0,-2.171875,0.9140626192092896,0
Qwen/Qwen2.5-3B,vocative_0077,vocative,vocative m,-65.67926025390625,-61.17158889770508,18,17,0,-1.3359375,1.0078123807907104,0
Qwen/Qwen2.5-3B,vocative_0078,vocative,vocative f,-54.27703094482422,-50.836280822753906,16,16,0,-1.7656248807907104,1.3828124403953552,0
Qwen/Qwen2.5-3B,vocative_0079,vocative,vocative m,-31.566816329956055,-26.231292724609375,11,10,0,-1.6953125,0.5859375,0
Qwen/Qwen2.5-3B,vocative_0080,vocative,vocative f,-65.23695373535156,-56.20414733886719,18,18,0,-1.75,0.9609375,0
Qwen/Qwen2.5-3B,vocative_0081,vocative,vocative f,-32.93543243408203,-28.3790340423584,14,14,0,-2.0624999403953552,1.2578126192092896,0
Qwen/Qwen2.5-3B,vocative_0082,vocative,vocative m,-60.770240783691406,-58.724246978759766,12,11,0,-2.1640625,1.4140625596046448,0
Qwen/Qwen2.5-3B,vocative_0083,vocative,vocative m,-32.54777526855469,-25.951854705810547,14,13,0,-2.1250001192092896,1.5781250596046448,0
Qwen/Qwen2.5-3B,vocative_0084,vocative,vocative m,-62.181148529052734,-58.318328857421875,18,17,0,-1.7890625,0.9140625,0
Qwen/Qwen2.5-3B,vocative_0085,vocative,vocative f,-62.99489212036133,-56.91779708862305,20,20,0,-2.0390625,1.4296875,0
Qwen/Qwen2.5-3B,vocative_0086,vocative,vocative m,-59.84666442871094,-58.838417053222656,12,11,0,-2.3828123807907104,1.6796875,0
Qwen/Qwen2.5-3B,vocative_0087,vocative,vocative m,-41.52155685424805,-36.315635681152344,11,11,0,-1.5390623807907104,1.2968748807907104,0
Qwen/Qwen2.5-3B,vocative_0088,vocative,vocative m,-41.653926849365234,-39.00290298461914,12,11,0,-2.234375,1.265625,0
Qwen/Qwen2.5-3B,vocative_0089,vocative,vocative f,-46.25103759765625,-40.332679748535156,11,11,0,-1.9218748807907104,0.9453125,0
Qwen/Qwen2.5-3B,vocative_0090,vocative,vocative m,-45.10863494873047,-36.44131851196289,17,16,0,-2.0390625,1.4687500596046448,0
Qwen/Qwen2.5-3B,vocative_0091,vocative,vocative f,-45.22283935546875,-36.713165283203125,16,16,0,-2.5078123807907104,1.3749998807907104,0
Qwen/Qwen2.5-3B,vocative_0092,vocative,vocative f,-61.37123489379883,-59.400787353515625,18,18,0,-1.8671874403953552,1.40625,0
Qwen/Qwen2.5-3B,vocative_0093,vocative,vocative m,-43.54808807373047,-38.78511428833008,12,11,0,-2.2734375596046448,1.203125,0
Qwen/Qwen2.5-3B,vocative_0094,vocative,vocative m,-56.476539611816406,-48.9654541015625,17,16,0,-1.6484375596046448,1.1718751192092896,0
Qwen/Qwen2.5-3B,vocative_0095,vocative,vocative f,-30.893531799316406,-27.168609619140625,13,13,0,-1.8906250596046448,1.3671876192092896,0
Qwen/Qwen2.5-3B,vocative_0096,vocative,vocative f,-32.14339065551758,-26.13306427001953,11,11,0,-1.6484376192092896,0.6875,0
Qwen/Qwen2.5-3B,vocative_0097,vocative,vocative f,-30.77011489868164,-25.9161376953125,11,11,0,-1.5468750596046448,0.3125,0
Qwen/Qwen2.5-3B,vocative_0098,vocative,vocative f,-34.85753631591797,-28.807994842529297,14,14,0,-2.2187500596046448,1.3828125,0
Qwen/Qwen2.5-3B,vocative_0099,vocative,vocative f,-29.953556060791016,-23.231216430664062,10,9,0,-1.5312498807907104,0.1875,0
Qwen/Qwen2.5-3B,vocative_0100,vocative,vocative m,-56.77986145019531,-51.192874908447266,18,17,0,-1.6796874403953552,1.4531248807907104,0
Qwen/Qwen2.5-3B,vocative_0101,vocative,vocative m,-61.585750579833984,-55.68273162841797,19,18,0,-2.203125,1.4765625,0
Qwen/Qwen2.5-3B,vocative_0102,vocative,vocative m,-61.72069549560547,-54.591976165771484,19,18,0,-1.7812499403953552,1.3515625596046448,0
Qwen/Qwen2.5-3B,vocative_0103,vocative,vocative m,-42.00995635986328,-37.43140411376953,12,12,0,-2.0703125596046448,1.7187500596046448,0
Qwen/Qwen2.5-3B,vocative_0104,vocative,vocative m,-30.311004638671875,-25.253847122192383,14,14,0,-2.3046876192092896,2.0390623807907104,0
Qwen/Qwen2.5-3B,vocative_0105,vocative,vocative m,-42.547691345214844,-41.35565948486328,17,17,0,-1.2578126192092896,1.3906248807907104,1
Qwen/Qwen2.5-3B,vocative_0106,vocative,vocative f,-63.678916931152344,-55.07389450073242,17,17,0,-1.9999998807907104,1.1953125,0
Qwen/Qwen2.5-3B,vocative_0107,vocative,vocative f,-41.30546569824219,-35.99130630493164,16,16,0,-1.9531251192092896,1.5,0
Qwen/Qwen2.5-3B,vocative_0108,vocative,vocative m,-35.840110778808594,-26.914566040039062,11,10,0,-1.1640625,0.3046875,0
Qwen/Qwen2.5-3B,vocative_0109,vocative,vocative m,-34.13457107543945,-27.1157283782959,14,13,0,-2.3515623807907104,1.3359374403953552,0
Qwen/Qwen2.5-3B,vocative_0110,vocative,vocative m,-28.208070755004883,-24.706371307373047,11,11,0,-1.2265624403953552,1.2734374403953552,1
Qwen/Qwen2.5-3B,vocative_0111,vocative,vocative m,-41.83396911621094,-35.85967254638672,17,16,0,-2.078125,1.5468749403953552,0
Qwen/Qwen2.5-3B,vocative_0112,vocative,vocative m,-30.80072021484375,-25.533370971679688,14,14,0,-2.0781251192092896,1.609375,0
Qwen/Qwen2.5-3B,vocative_0113,vocative,vocative m,-63.63370132446289,-60.4193115234375,18,17,0,-1.3828125,1.3359376192092896,0
Qwen/Qwen2.5-3B,vocative_0114,vocative,vocative m,-56.948570251464844,-51.51646423339844,18,17,0,-2.109375,1.328125,0
Qwen/Qwen2.5-3B,vocative_0115,vocative,vocative m,-45.74781036376953,-42.177825927734375,11,10,0,-2.0624998807907104,1.5390625,0
Qwen/Qwen2.5-3B,vocative_0116,vocative,vocative m,-54.967918395996094,-49.65605926513672,17,17,0,-1.8593750596046448,1.234375,0
Qwen/Qwen2.5-3B,vocative_0117,vocative,vocative m,-29.08931541442871,-23.494239807128906,13,12,0,-1.5156249403953552,0.890625,0
Qwen/Qwen2.5-3B,vocative_0118,vocative,vocative m,-30.865345001220703,-25.182191848754883,16,15,0,-2.1718749403953552,1.4296875596046448,0
Qwen/Qwen2.5-3B,vocative_0119,vocative,vocative m,-55.739200592041016,-48.32304382324219,18,17,0,-1.9453125596046448,1.0234375,0
Qwen/Qwen2.5-3B,vocative_0120,vocative,vocative m,-36.08830261230469,-30.259353637695312,14,13,0,-2.1874999403953552,1.4687501192092896,0
Qwen/Qwen2.5-3B,vocative_0121,vocative,vocative m,-36.19026565551758,-32.11933135986328,14,13,0,-2.34375,1.3828123807907104,0
Qwen/Qwen2.5-3B,vocative_0122,vocative,vocative m,-31.074718475341797,-24.457130432128906,9,9,0,-1.8281249403953552,0.75,0
Qwen/Qwen2.5-3B,vocative_0123,vocative,vocative f,-28.146194458007812,-24.80302619934082,12,12,0,-1.9453123807907104,0.125,0
Qwen/Qwen2.5-3B,vocative_0124,vocative,vocative f,-62.83070373535156,-60.36924362182617,11,11,0,-1.9062500596046448,1.4375001192092896,0
Qwen/Qwen2.5-3B,vocative_0125,vocative,vocative m,-38.56618118286133,-28.490816116333008,13,13,0,-2.0390624403953552,0.8671875,0
Qwen/Qwen2.5-3B,vocative_0126,vocative,vocative f,-54.96302795410156,-52.967002868652344,17,17,0,-1.8515624403953552,1.34375,0
Qwen/Qwen2.5-3B,vocative_0127,vocative,vocative f,-65.71663665771484,-56.24238204956055,18,17,0,-1.9765626192092896,1.2578125,0
Qwen/Qwen2.5-3B,vocative_0128,vocative,vocative m,-37.750152587890625,-29.916297912597656,13,12,0,-1.7578124403953552,1.1015624403953552,0
Qwen/Qwen2.5-3B,vocative_0129,vocative,vocative f,-31.55528450012207,-25.04107093811035,9,9,0,-1.6796875596046448,0.25,0
Qwen/Qwen2.5-3B,vocative_0130,vocative,vocative m,-28.349506378173828,-25.146888732910156,10,9,0,-0.84375,0.6484375,0
Qwen/Qwen2.5-3B,vocative_0131,vocative,vocative f,-64.11132049560547,-59.453426361083984,18,18,0,-1.6640625596046448,0.6328125,0
Qwen/Qwen2.5-3B,vocative_0132,vocative,vocative m,-28.259925842285156,-21.688018798828125,9,8,0,-1.2734373807907104,0.2890625,0
Qwen/Qwen2.5-3B,vocative_0133,vocative,vocative m,-43.935279846191406,-38.31391906738281,17,17,0,-1.8750001192092896,1.3984375,0
Qwen/Qwen2.5-3B,vocative_0134,vocative,vocative f,-34.87638854980469,-28.415027618408203,16,16,0,-1.7109375,1.1093750596046448,0
Qwen/Qwen2.5-3B,vocative_0135,vocative,vocative f,-30.109752655029297,-24.831262588500977,10,10,0,-1.5234376192092896,0.2578125,0
Qwen/Qwen2.5-3B,vocative_0136,vocative,vocative m,-31.079174041748047,-25.776927947998047,14,13,0,-1.9921874403953552,1.4531248807907104,0
Qwen/Qwen2.5-3B,vocative_0137,vocative,vocative m,-53.677772521972656,-52.062400817871094,17,16,0,-1.9140624403953552,0.9609375,0
Qwen/Qwen2.5-3B,vocative_0138,vocative,vocative f,-30.303815841674805,-24.84588623046875,12,12,0,-1.234375,0.8828125,0
Qwen/Qwen2.5-3B,vocative_0139,vocative,vocative f,-61.91911315917969,-57.21208190917969,12,11,0,-1.9843749403953552,1.5078124403953552,0
Qwen/Qwen2.5-3B,vocative_0140,vocative,vocative f,-36.40275955200195,-29.35016441345215,12,12,0,-1.640625,1.6015625,0
Qwen/Qwen2.5-3B,vocative_0141,vocative,vocative m,-42.09480667114258,-41.013431549072266,12,11,0,-1.8750001192092896,0.9140625,0
Qwen/Qwen2.5-3B,vocative_0142,vocative,vocative f,-68.61170959472656,-58.22016143798828,17,17,0,-1.3906248807907104,0.984375,0
Qwen/Qwen2.5-3B,vocative_0143,vocative,vocative m,-30.179973602294922,-23.905498504638672,12,11,0,-1.2890625,1.1953125,0
Qwen/Qwen2.5-3B,vocative_0144,vocative,vocative m,-61.54753875732422,-55.93634796142578,18,18,0,-1.9375,1.453125,0
Qwen/Qwen2.5-3B,vocative_0145,vocative,vocative f,-34.80036926269531,-28.94561004638672,15,15,0,-2.25,1.5312500596046448,0
Qwen/Qwen2.5-3B,vocative_0146,vocative,vocative m,-56.6737060546875,-51.91143798828125,18,17,0,-2.0703125,1.1640625596046448,0
Qwen/Qwen2.5-3B,vocative_0147,vocative,vocative m,-52.59880828857422,-44.163612365722656,12,11,0,-2.296875,1.7109375,0
Qwen/Qwen2.5-3B,vocative_0148,vocative,vocative m,-59.88984298706055,-60.84068298339844,12,11,1,-2.1406249403953552,1.5234374403953552,0
Qwen/Qwen2.5-3B,vocative_0149,vocative,vocative f,-28.92639923095703,-24.676742553710938,11,11,0,-1.8359375,0.828125,0
Qwen/Qwen2.5-3B,vocative_0150,vocative,vocative m,-59.06230163574219,-51.92527770996094,13,12,0,-2.4140625298023224,1.8359373807907104,0
Qwen/Qwen2.5-3B,vocative_0151,vocative,vocative f,-28.995813369750977,-24.498687744140625,12,12,0,-1.6328126192092896,0.4765625,0
Qwen/Qwen2.5-3B,vocative_0152,vocative,vocative f,-42.563812255859375,-43.93916702270508,12,12,1,-2.1640623807907104,1.1640625,0
Qwen/Qwen2.5-3B,vocative_0153,vocative,vocative m,-54.594993591308594,-47.94711685180664,18,17,0,-1.8203125,1.2578125,0
Qwen/Qwen2.5-3B,vocative_0154,vocative,vocative m,-29.42128562927246,-24.43625831604004,11,10,0,-1.0625,1.0546875,0
Qwen/Qwen2.5-3B,vocative_0155,vocative,vocative f,-30.677734375,-24.504173278808594,12,12,0,-1.6328125,1.0703125,0
Qwen/Qwen2.5-3B,vocative_0156,vocative,vocative m,-62.84931564331055,-66.29693603515625,18,18,1,-1.359375,1.65625,1
Qwen/Qwen2.5-3B,vocative_0157,vocative,vocative f,-36.01237487792969,-31.339305877685547,14,14,0,-2.0546875,1.2734376192092896,0
Qwen/Qwen2.5-3B,vocative_0158,vocative,vocative f,-54.16357421875,-49.537925720214844,18,18,0,-1.5156248807907104,1.4921876192092896,0
Qwen/Qwen2.5-3B,vocative_0159,vocative,vocative m,-42.317108154296875,-38.15374755859375,16,16,0,-1.8828124403953552,1.3046876192092896,0
Qwen/Qwen2.5-3B,vocative_0160,vocative,vocative f,-43.39962387084961,-39.459686279296875,11,11,0,-2.2499999403953552,0.9921875,0
Qwen/Qwen2.5-3B,vocative_0161,vocative,vocative f,-48.00282669067383,-43.447479248046875,12,12,0,-1.7812501192092896,1.6796876192092896,0
Qwen/Qwen2.5-3B,vocative_0162,vocative,vocative m,-31.320262908935547,-24.079330444335938,12,11,0,-1.5312500596046448,1.125,0
Qwen/Qwen2.5-3B,vocative_0163,vocative,vocative m,-34.191368103027344,-27.305391311645508,12,11,0,-1.2265625,0.6015625,0
Qwen/Qwen2.5-3B,vocative_0164,vocative,vocative f,-31.926342010498047,-25.858318328857422,12,12,0,-1.1328124403953552,0.390625,0
Qwen/Qwen2.5-3B,vocative_0165,vocative,vocative m,-31.633567810058594,-22.888614654541016,13,12,0,-1.6875000596046448,1.640625,0
Qwen/Qwen2.5-3B,vocative_0166,vocative,vocative f,-59.448524475097656,-56.282127380371094,13,13,0,-1.8749999403953552,1.2421875,0
Qwen/Qwen2.5-3B,vocative_0167,vocative,vocative m,-33.86177062988281,-26.219974517822266,13,13,0,-2.1953124403953552,1.4609373807907104,0
Qwen/Qwen2.5-3B,vocative_0168,vocative,vocative m,-64.58941650390625,-58.97991943359375,18,17,0,-1.6640626192092896,1.2421876192092896,0
Qwen/Qwen2.5-3B,vocative_0169,vocative,vocative f,-37.44879150390625,-31.315628051757812,14,14,0,-1.9140626192092896,1.765625,0
Qwen/Qwen2.5-3B,vocative_0170,vocative,vocative m,-54.01167297363281,-53.41548156738281,10,10,0,-1.875,1.6093751192092896,0
Qwen/Qwen2.5-3B,vocative_0171,vocative,vocative f,-28.614471435546875,-23.354951858520508,10,10,0,-1.3359374403953552,0.8984376192092896,0
Qwen/Qwen2.5-3B,vocative_0172,vocative,vocative m,-45.9329833984375,-38.9466438293457,17,17,0,-1.953125,1.5781250596046448,0
Qwen/Qwen2.5-3B,vocative_0173,vocative,vocative m,-40.380699157714844,-38.90744400024414,16,16,0,-1.5703124403953552,1.4140625,0
Qwen/Qwen2.5-3B,vocative_0174,vocative,vocative f,-54.371246337890625,-49.77052307128906,18,18,0,-2.0546875596046448,1.1328124403953552,0
Qwen/Qwen2.5-3B,vocative_0175,vocative,vocative m,-43.444313049316406,-37.145423889160156,17,16,0,-1.828125,1.4375,0
Qwen/Qwen2.5-3B,vocative_0176,vocative,vocative m,-34.02479553222656,-25.390464782714844,13,12,0,-1.3906250596046448,0.8984375,0
Qwen/Qwen2.5-3B,vocative_0177,vocative,vocative m,-36.086036682128906,-29.304363250732422,14,13,0,-2.1093749403953552,0.921875,0
Qwen/Qwen2.5-3B,vocative_0178,vocative,vocative f,-30.801851272583008,-25.863906860351562,14,14,0,-2.2109373807907104,0.8828125,0
Qwen/Qwen2.5-3B,vocative_0179,vocative,vocative m,-36.180381774902344,-26.31519317626953,15,15,0,-2.25,1.2187500596046448,0
Qwen/Qwen2.5-3B,vocative_0180,vocative,vocative m,-57.77228546142578,-52.13235092163086,12,12,0,-1.9609375,1.7265625,0
Qwen/Qwen2.5-3B,vocative_0181,vocative,vocative f,-36.99159622192383,-28.44109535217285,16,16,0,-2.0781251192092896,1.3593748807907104,0
Qwen/Qwen2.5-3B,vocative_0182,vocative,vocative f,-62.92389678955078,-54.55261993408203,19,19,0,-1.9453126192092896,1.0312501192092896,0
Qwen/Qwen2.5-3B,vocative_0183,vocative,vocative f,-52.75751876831055,-51.71268844604492,18,18,0,-1.7968750596046448,0.921875,0
Qwen/Qwen2.5-3B,vocative_0184,vocative,vocative f,-32.598968505859375,-29.64166831970215,19,19,0,-1.8515626192092896,1.296875,0
Qwen/Qwen2.5-3B,vocative_0185,vocative,vocative f,-33.898292541503906,-27.209392547607422,14,14,0,-1.9921875596046448,1.71875,0
Qwen/Qwen2.5-3B,vocative_0186,vocative,vocative m,-47.213661193847656,-33.29566955566406,13,13,0,-2.2656250596046448,1.421875,0
Qwen/Qwen2.5-3B,vocative_0187,vocative,vocative m,-32.080928802490234,-26.888103485107422,11,10,0,-1.2187500596046448,0.828125,0
Qwen/Qwen2.5-3B,vocative_0188,vocative,vocative m,-41.55286407470703,-38.907161712646484,11,11,0,-1.875,0.9296875,0
Qwen/Qwen2.5-3B,vocative_0189,vocative,vocative m,-26.728031158447266,-22.904884338378906,8,8,0,-1.1875001192092896,1.234375,1
Qwen/Qwen2.5-3B,vocative_0190,vocative,vocative f,-38.6327018737793,-32.29829025268555,19,19,0,-2.09375,1.84375,0
Qwen/Qwen2.5-3B,vocative_0191,vocative,vocative m,-46.00891876220703,-31.296796798706055,18,18,0,-2.2890624403953552,1.5624999403953552,0
Qwen/Qwen2.5-3B,vocative_0192,vocative,vocative m,-28.06593894958496,-23.8172664642334,12,12,0,-1.9531248807907104,1.5234375,0
Qwen/Qwen2.5-3B,vocative_0193,vocative,vocative m,-61.00774002075195,-61.671287536621094,12,11,1,-1.7968749403953552,1.3593751192092896,0
Qwen/Qwen2.5-3B,vocative_0194,vocative,vocative f,-28.911733627319336,-21.872547149658203,9,9,0,-1.6171875,-0.0078125,0
Qwen/Qwen2.5-3B,vocative_0195,vocative,vocative m,-55.78910827636719,-48.38682174682617,19,19,0,-1.9531248807907104,1.0,0
Qwen/Qwen2.5-3B,vocative_0196,vocative,vocative f,-32.578369140625,-29.055404663085938,17,17,0,-1.8281248807907104,1.6640625,0
Qwen/Qwen2.5-3B,vocative_0197,vocative,vocative m,-31.221960067749023,-25.888870239257812,9,9,0,-1.765625,0.8281251192092896,0
Qwen/Qwen2.5-3B,vocative_0198,vocative,vocative f,-59.266075134277344,-51.007728576660156,17,17,0,-1.9062499403953552,1.2734375,0
Qwen/Qwen2.5-3B,vocative_0199,vocative,vocative m,-43.38467025756836,-36.90668487548828,17,16,0,-1.6796874403953552,1.421875,0
Qwen/Qwen2.5-3B,vocative_0200,vocative,vocative m,-61.3785400390625,-59.298011779785156,18,17,0,-1.3281248807907104,1.1093751192092896,0
Qwen/Qwen2.5-3B,vocative_0201,vocative,vocative m,-54.68993377685547,-47.267845153808594,19,18,0,-2.25,1.4218748807907104,0
Qwen/Qwen2.5-3B,vocative_0202,vocative,vocative m,-31.053977966308594,-24.50311279296875,10,9,0,-1.1953123807907104,0.3515625,0
Qwen/Qwen2.5-3B,vocative_0203,vocative,vocative m,-30.4556884765625,-27.075916290283203,14,13,0,-1.6796875,1.0937500596046448,0
Qwen/Qwen2.5-3B,vocative_0204,vocative,vocative m,-31.579513549804688,-23.463600158691406,9,9,0,-1.5937499403953552,0.9062501192092896,0
Qwen/Qwen2.5-3B,vocative_0205,vocative,vocative m,-28.079444885253906,-21.256465911865234,10,9,0,-1.171875,0.5,0
Qwen/Qwen2.5-3B,vocative_0206,vocative,vocative m,-29.677148818969727,-26.14878273010254,9,9,0,-0.9921875,1.0078125,1
Qwen/Qwen2.5-3B,vocative_0207,vocative,vocative m,-34.09230041503906,-25.736560821533203,12,12,0,-2.0703125596046448,1.6875,0
Qwen/Qwen2.5-3B,vocative_0208,vocative,vocative f,-44.72730255126953,-39.33434295654297,12,11,0,-2.0703125,1.1015625,0
Qwen/Qwen2.5-3B,vocative_0209,vocative,vocative f,-32.030826568603516,-25.948617935180664,11,11,0,-1.7656250596046448,0.5078125,0
Qwen/Qwen2.5-3B,vocative_0210,vocative,vocative m,-37.332611083984375,-28.578453063964844,18,17,0,-2.0156250596046448,1.28125,0
Qwen/Qwen2.5-3B,vocative_0211,vocative,vocative m,-41.723777770996094,-35.56864929199219,16,15,0,-1.9921875,1.4218748807907104,0
Qwen/Qwen2.5-3B,vocative_0212,vocative,vocative m,-57.3362922668457,-52.54010772705078,12,12,0,-1.8906249403953552,1.3906251192092896,0
Qwen/Qwen2.5-3B,vocative_0213,vocative,vocative m,-33.677650451660156,-29.863996505737305,13,13,0,-1.2343749403953552,1.5078125596046448,1
Qwen/Qwen2.5-3B,vocative_0214,vocative,vocative f,-55.02460861206055,-53.603633880615234,20,20,0,-1.75,1.4374998807907104,0
Qwen/Qwen2.5-3B,vocative_0215,vocative,vocative f,-34.72532653808594,-26.85446548461914,13,13,0,-2.1875,1.4140625,0
Qwen/Qwen2.5-3B,vocative_0216,vocative,vocative f,-56.65758514404297,-56.18463134765625,11,11,0,-1.8437499403953552,1.4999998807907104,0
Qwen/Qwen2.5-3B,vocative_0217,vocative,vocative m,-39.29690170288086,-30.966596603393555,17,17,0,-2.0078124403953552,1.1640624403953552,0
Qwen/Qwen2.5-3B,vocative_0218,vocative,vocative m,-40.946868896484375,-34.71141052246094,13,13,0,-1.7265624403953552,1.2109373807907104,0
Qwen/Qwen2.5-3B,vocative_0219,vocative,vocative m,-36.325958251953125,-28.756784439086914,15,14,0,-2.21875,1.3359373807907104,0
Qwen/Qwen2.5-3B,vocative_0220,vocative,vocative m,-43.23381805419922,-40.540672302246094,12,12,0,-1.609375,1.6015626192092896,0
Qwen/Qwen2.5-3B,vocative_0221,vocative,vocative m,-33.069576263427734,-24.08863639831543,11,10,0,-1.2421875,0.3046875,0
Qwen/Qwen2.5-3B,vocative_0222,vocative,vocative m,-55.37781524658203,-51.00545120239258,18,17,0,-1.9296874403953552,1.40625,0
Qwen/Qwen2.5-3B,vocative_0223,vocative,vocative f,-29.264362335205078,-26.17916488647461,12,12,0,-1.7812498807907104,0.90625,0
Qwen/Qwen2.5-3B,vocative_0224,vocative,vocative f,-41.35557174682617,-35.418296813964844,13,13,0,-1.9999999403953552,0.78125,0
Qwen/Qwen2.5-3B,vocative_0225,vocative,vocative f,-51.67631530761719,-44.07842254638672,11,11,0,-2.1328124403953552,1.4921875,0
Qwen/Qwen2.5-3B,vocative_0226,vocative,vocative f,-27.47702407836914,-21.19976043701172,9,9,0,-1.8671875,0.609375,0
Qwen/Qwen2.5-3B,vocative_0227,vocative,vocative f,-54.7105712890625,-50.55979919433594,18,18,0,-1.90625,0.6875,0
Qwen/Qwen2.5-3B,vocative_0228,vocative,vocative f,-59.97970199584961,-56.14656066894531,11,11,0,-1.7890625,1.6015623807907104,0
Qwen/Qwen2.5-3B,vocative_0229,vocative,vocative f,-28.251876831054688,-25.880435943603516,9,9,0,-1.5390623807907104,0.6171875,0
Qwen/Qwen2.5-3B,vocative_0230,vocative,vocative m,-33.40086364746094,-24.62666130065918,11,11,0,-1.5156249403953552,0.0078125,0
Qwen/Qwen2.5-3B,vocative_0231,vocative,vocative f,-55.21272277832031,-50.94750213623047,18,18,0,-2.2109374403953552,1.1406251192092896,0
Qwen/Qwen2.5-3B,vocative_0232,vocative,vocative m,-63.91263961791992,-59.63808059692383,18,18,0,-1.8906251192092896,1.2500001192092896,0
Qwen/Qwen2.5-3B,vocative_0233,vocative,vocative m,-30.51051902770996,-21.371517181396484,10,9,0,-1.1796875,0.75,0
Qwen/Qwen2.5-3B,vocative_0234,vocative,vocative m,-67.01383972167969,-53.92463684082031,19,19,0,-2.125,1.4062498807907104,0
Qwen/Qwen2.5-3B,vocative_0235,vocative,vocative f,-46.068931579589844,-40.23162078857422,16,16,0,-1.7734375,1.4453124403953552,0
Qwen/Qwen2.5-3B,vocative_0236,vocative,vocative m,-61.760623931884766,-59.3233642578125,12,11,0,-2.1406250596046448,1.5234375,0
Qwen/Qwen2.5-3B,vocative_0237,vocative,vocative f,-32.63533401489258,-25.988525390625,12,12,0,-1.8593748807907104,1.2265625,0
Qwen/Qwen2.5-3B,vocative_0238,vocative,vocative m,-56.646644592285156,-51.61103820800781,18,17,0,-1.8906249403953552,1.7421875596046448,0
Qwen/Qwen2.5-3B,vocative_0239,vocative,vocative m,-32.23271179199219,-26.783145904541016,13,12,0,-1.7343750596046448,1.0859375,0
Qwen/Qwen2.5-3B,vocative_0240,vocative,vocative f,-41.73080825805664,-32.884803771972656,17,17,0,-1.8125000596046448,1.2109374403953552,0
Qwen/Qwen2.5-3B,vocative_0241,vocative,vocative m,-58.26393508911133,-52.46417999267578,19,18,0,-2.2578123807907104,1.4765626192092896,0
Qwen/Qwen2.5-3B,vocative_0242,vocative,vocative m,-38.34830856323242,-37.55747985839844,12,11,0,-1.828125,1.1874998807907104,0
Qwen/Qwen2.5-3B,vocative_0243,vocative,vocative f,-32.790809631347656,-29.75322723388672,14,14,0,-1.9296875,1.3749998807907104,0
Qwen/Qwen2.5-3B,vocative_0244,vocative,vocative m,-28.647933959960938,-23.784305572509766,12,12,0,-1.6484373807907104,1.328125,0
Qwen/Qwen2.5-3B,vocative_0245,vocative,vocative m,-29.70221710205078,-25.000473022460938,12,12,0,-1.4531249403953552,1.2109376192092896,0
Qwen/Qwen2.5-3B,vocative_0246,vocative,vocative f,-37.37810516357422,-32.924339294433594,14,14,0,-1.9531250596046448,1.5703126192092896,0
Qwen/Qwen2.5-3B,vocative_0247,vocative,vocative f,-42.058467864990234,-38.258880615234375,13,13,0,-1.59375,1.234375,0
Qwen/Qwen2.5-3B,vocative_0248,vocative,vocative m,-29.22470474243164,-23.679466247558594,15,14,0,-2.578124910593033,1.609375,0
Qwen/Qwen2.5-3B,vocative_0249,vocative,vocative f,-48.08586502075195,-38.30542755126953,17,16,0,-1.8828125596046448,1.2890625,0
Qwen/Qwen2.5-3B,vocative_0250,vocative,vocative m,-58.82039260864258,-50.20695114135742,18,17,0,-2.109375,0.9609376192092896,0
Qwen/Qwen2.5-3B,vocative_0251,vocative,vocative m,-33.962249755859375,-25.624828338623047,11,11,0,-1.7421873807907104,1.0390623807907104,0
Qwen/Qwen2.5-3B,vocative_0252,vocative,vocative f,-52.18458557128906,-41.67499923706055,16,16,0,-1.8125000596046448,1.2343750596046448,0
Qwen/Qwen2.5-3B,vocative_0253,vocative,vocative f,-60.91795349121094,-57.22560119628906,19,19,0,-2.0703125596046448,1.1875,0
Qwen/Qwen2.5-3B,vocative_0254,vocative,vocative m,-51.54576873779297,-44.0579719543457,13,13,0,-1.7890625596046448,1.4375,0
Qwen/Qwen2.5-3B,vocative_0255,vocative,vocative f,-57.21076965332031,-51.36589050292969,17,17,0,-1.9218750596046448,0.8125,0
Qwen/Qwen2.5-3B,vocative_0256,vocative,vocative m,-31.840578079223633,-21.480121612548828,9,8,0,-1.5703123807907104,0.0234375,0
Qwen/Qwen2.5-3B,vocative_0257,vocative,vocative f,-64.56746673583984,-57.97023010253906,18,18,0,-1.8671875596046448,1.0703125,0
Qwen/Qwen2.5-3B,vocative_0258,vocative,vocative m,-38.290103912353516,-26.21122932434082,16,15,0,-1.7187500596046448,1.3437501192092896,0
Qwen/Qwen2.5-3B,vocative_0259,vocative,vocative m,-61.423583984375,-57.294158935546875,17,16,0,-1.6484374403953552,0.9921875,0
Qwen/Qwen2.5-3B,vocative_0260,vocative,vocative f,-42.57183074951172,-42.243064880371094,12,12,0,-2.0546873807907104,0.640625,0
Qwen/Qwen2.5-3B,vocative_0261,vocative,vocative f,-54.3426628112793,-50.96439743041992,18,17,0,-1.8593749403953552,1.2265623807907104,0
Qwen/Qwen2.5-3B,vocative_0262,vocative,vocative f,-40.16264343261719,-32.808433532714844,17,17,0,-1.9609375596046448,1.4296875596046448,0
Qwen/Qwen2.5-3B,vocative_0263,vocative,vocative m,-32.12556838989258,-27.446184158325195,13,13,0,-1.7812501192092896,1.546875,0
Qwen/Qwen2.5-3B,vocative_0264,vocative,vocative f,-55.27979278564453,-51.33552169799805,18,18,0,-2.1171875,1.3593751192092896,0
Qwen/Qwen2.5-3B,vocative_0265,vocative,vocative f,-35.32115936279297,-29.417972564697266,17,17,0,-1.9062499403953552,1.7031248807907104,0
Qwen/Qwen2.5-3B,vocative_0266,vocative,vocative m,-62.482505798339844,-61.80878448486328,18,17,0,-1.4374998807907104,1.1093751192092896,0
Qwen/Qwen2.5-3B,vocative_0267,vocative,vocative m,-28.918701171875,-21.959808349609375,10,9,0,-0.9453126192092896,0.8671876192092896,0
Qwen/Qwen2.5-3B,vocative_0268,vocative,vocative m,-61.78176498413086,-59.86174774169922,18,17,0,-1.7031251192092896,1.0156251192092896,0
Qwen/Qwen2.5-3B,vocative_0269,vocative,vocative m,-37.05245590209961,-30.093582153320312,12,11,0,-2.3203124403953552,1.265625,0
Qwen/Qwen2.5-3B,vocative_0270,vocative,vocative m,-27.585002899169922,-21.918724060058594,8,8,0,-1.6796873807907104,1.0546875,0
Qwen/Qwen2.5-3B,vocative_0271,vocative,vocative m,-29.750673294067383,-23.306991577148438,11,10,0,-1.421875,1.0156250596046448,0
Qwen/Qwen2.5-3B,vocative_0272,vocative,vocative m,-57.827205657958984,-54.51827621459961,11,11,0,-1.4765626192092896,1.4218750596046448,0
Qwen/Qwen2.5-3B,vocative_0273,vocative,vocative f,-62.81929397583008,-56.78766632080078,17,17,0,-1.8906249403953552,0.765625,0
Qwen/Qwen2.5-3B,vocative_0274,vocative,vocative m,-34.85555648803711,-28.370677947998047,13,12,0,-2.1250001192092896,0.8359374403953552,0
Qwen/Qwen2.5-3B,vocative_0275,vocative,vocative f,-53.375083923339844,-48.95671081542969,18,18,0,-1.8046875,1.3984375,0
Qwen/Qwen2.5-3B,vocative_0276,vocative,vocative f,-43.327369689941406,-41.787628173828125,11,11,0,-2.03125,0.3671875,0
Qwen/Qwen2.5-3B,vocative_0277,vocative,vocative m,-34.444984436035156,-29.267732620239258,11,10,0,-2.1093749403953552,1.0078125,0
Qwen/Qwen2.5-3B,vocative_0278,vocative,vocative f,-64.9789810180664,-58.74814987182617,19,19,0,-1.6640625,1.3359375,0
Qwen/Qwen2.5-3B,vocative_0279,vocative,vocative f,-43.787017822265625,-40.48965835571289,12,12,0,-1.828125,1.03125,0
Qwen/Qwen2.5-3B,vocative_0280,vocative,vocative m,-59.463233947753906,-46.469932556152344,13,13,0,-2.3984373807907104,1.6406250596046448,0
Qwen/Qwen2.5-3B,vocative_0281,vocative,vocative m,-43.661842346191406,-40.24178695678711,12,11,0,-2.2812498807907104,1.1406248807907104,0
Qwen/Qwen2.5-3B,vocative_0282,vocative,vocative f,-28.576644897460938,-24.786544799804688,12,12,0,-1.6875000596046448,0.6640625,0
Qwen/Qwen2.5-3B,vocative_0283,vocative,vocative m,-40.51453399658203,-38.10504150390625,12,11,0,-2.1171875596046448,0.9609375,0
Qwen/Qwen2.5-3B,vocative_0284,vocative,vocative m,-52.205326080322266,-42.39134216308594,12,12,0,-2.1171874403953552,1.3124999403953552,0
Qwen/Qwen2.5-3B,vocative_0285,vocative,vocative m,-35.874305725097656,-28.71204376220703,14,13,0,-1.8984375596046448,1.4765624403953552,0
Qwen/Qwen2.5-3B,vocative_0286,vocative,vocative m,-37.806114196777344,-37.17379379272461,15,15,0,-1.8828124403953552,1.5312500596046448,0
Qwen/Qwen2.5-3B,vocative_0287,vocative,vocative m,-32.965797424316406,-23.88736343383789,13,13,0,-1.6640625596046448,1.3828125,0
Qwen/Qwen2.5-3B,vocative_0288,vocative,vocative f,-51.077545166015625,-45.768070220947266,14,14,0,-2.1328125,1.9765625,0
Qwen/Qwen2.5-3B,vocative_0289,vocative,vocative m,-28.762184143066406,-24.46962547302246,9,9,0,-1.3281248807907104,0.9062498807907104,0
Qwen/Qwen2.5-3B,vocative_0290,vocative,vocative f,-33.14654541015625,-23.63724708557129,9,9,0,-1.7578123807907104,0.640625,0
Qwen/Qwen2.5-3B,vocative_0291,vocative,vocative f,-45.44618225097656,-41.13445281982422,17,17,0,-2.1953126192092896,1.0781250596046448,0
Qwen/Qwen2.5-3B,vocative_0292,vocative,vocative m,-53.38874435424805,-48.53137969970703,18,18,0,-1.9531251192092896,1.7343750596046448,0
Qwen/Qwen2.5-3B,vocative_0293,vocative,vocative m,-55.60106658935547,-51.52704620361328,17,17,0,-1.8515625596046448,1.171875,0
Qwen/Qwen2.5-3B,vocative_0294,vocative,vocative m,-32.923919677734375,-27.891921997070312,13,12,0,-2.1718751192092896,1.2499999403953552,0
Qwen/Qwen2.5-3B,vocative_0295,vocative,vocative m,-56.75303649902344,-49.47260284423828,19,18,0,-1.9374999403953552,1.3671875596046448,0
Qwen/Qwen2.5-3B,vocative_0296,vocative,vocative m,-49.25265121459961,-42.90760040283203,13,13,0,-2.0546876192092896,1.4843749403953552,0
Qwen/Qwen2.5-3B,vocative_0297,vocative,vocative m,-48.83256530761719,-39.55793762207031,13,12,0,-2.2109375,1.5078125,0
Qwen/Qwen2.5-3B,vocative_0298,vocative,vocative f,-55.31563186645508,-51.57124328613281,18,18,0,-2.0468750596046448,0.9218748807907104,0
Qwen/Qwen2.5-3B,vocative_0299,vocative,vocative m,-58.32577133178711,-55.315574645996094,12,11,0,-1.8828126192092896,1.4296873807907104,0
