model,uid,phenomenon,group,lp_good,lp_bad,ntok_good,ntok_bad,prob_correct,prompt_margin_ab,prompt_margin_ba,prompt_correct
Qwen/Qwen2.5-3B-Instruct,adjective_agreement_0000,adjective_agreement,"masc noun, neut adj",-45.41624450683594,-43.54693603515625,7,7,0,-8.171875215775799,9.81250033408287,1
Qwen/Qwen2.5-3B-Instruct,adjective_agreement_0001,adjective_agreement,"neut noun, femn adj",-38.04374694824219,-33.574737548828125,6,6,0,-8.718749919848051,11.90625002910383,1
Qwen/Qwen2.5-3B-Instruct,adjective_agreement_0002,adjective_agreement,"femn noun, masc adj",-34.635337829589844,-40.89891052246094,7,7,1,6.21874980465509,14.70312453416409,1
Qwen/Qwen2.5-3B-Instruct,adjective_agreement_0003,adjective_agreement,"femn noun, neut adj",-45.13471221923828,-48.290225982666016,8,8,1,-7.812499896215741,12.328124659557943,1
Qwen/Qwen2.5-3B-Instruct,adjective_agreement_0004,adjective_agreement,"neut noun, masc adj",-43.38344955444336,-48.39418029785156,8,8,1,-9.859374579973519,10.46874956251122,1
Qwen/Qwen2.5-3B-Instruct,adjective_agreement_0005,adjective_agreement,"neut noun, femn adj",-40.49063491821289,-35.7281379699707,8,8,0,-9.343749748601113,8.562499563122401,0
Qwen/Qwen2.5-3B-Instruct,adjective_agreement_0006,adjective_agreement,"femn noun, neut adj",-36.08245849609375,-37.19140625,7,7,1,-5.953124778578058,10.000000202446245,1
Qwen/Qwen2.5-3B-Instruct,adjective_agreement_0007,adjective_agreement,"femn noun, masc adj",-42.226192474365234,-42.84919738769531,13,13,1,7.031249824678525,13.656249531384674,1
Qwen/Qwen2.5-3B-Instruct,adjective_agreement_0008,adjective_agreement,"femn noun, masc adj",-31.126428604125977,-36.575904846191406,7,7,1,-4.0624998565763235,12.812499648112862,1
Qwen/Qwen2.5-3B-Instruct,adjective_agreement_0009,adjective_agreement,"neut noun, masc adj",-40.532981872558594,-41.451812744140625,10,10,1,-10.656250304688001,10.640625162865035,0
Qwen/Qwen2.5-3B-Instruct,adjective_agreement_0010,adjective_agreement,"masc noun, neut adj",-39.07445526123047,-46.38603591918945,7,7,1,-5.124999845866114,8.359374812978785,1
Qwen/Qwen2.5-3B-Instruct,adjective_agreement_0011,adjective_agreement,"femn noun, masc adj",-37.64997100830078,-44.82626724243164,8,8,1,-0.9687500298023224,11.624999909457983,1
Qwen/Qwen2.5-3B-Instruct,adjective_agreement_0012,adjective_agreement,"masc noun, neut adj",-40.7330207824707,-42.184669494628906,13,13,1,-6.749999810825102,9.468750030966476,1
Qwen/Qwen2.5-3B-Instruct,adjective_agreement_0013,adjective_agreement,"masc noun, neut adj",-28.694313049316406,-29.928422927856445,7,7,1,-5.406249969266355,9.437500395230018,1
Qwen/Qwen2.5-3B-Instruct,adjective_agreement_0014,adjective_agreement,"neut noun, femn adj",-34.06568145751953,-31.138595581054688,6,6,0,-8.671875031926902,8.171875192259904,0
Qwen/Qwen2.5-3B-Instruct,adjective_agreement_0015,adjective_agreement,"neut noun, masc adj",-37.837303161621094,-40.36582946777344,13,13,1,-8.625000050727976,8.328124610590748,0
Qwen/Qwen2.5-3B-Instruct,adjective_agreement_0016,adjective_agreement,"neut noun, femn adj",-27.273345947265625,-32.898521423339844,9,8,1,-8.359374690218829,11.250000251835445,1
Qwen/Qwen2.5-3B-Instruct,adjective_agreement_0017,adjective_agreement,"neut noun, femn adj",-39.642791748046875,-40.84754180908203,8,8,1,0.65625,12.078124895706424,1
Qwen/Qwen2.5-3B-Instruct,adjective_agreement_0018,adjective_agreement,"neut noun, femn adj",-29.752670288085938,-35.62842559814453,7,7,1,-7.249999854888301,10.843749777021003,1
Qwen/Qwen2.5-3B-Instruct,adjective_agreement_0019,adjective_agreement,"neut noun, masc adj",-42.015865325927734,-43.55418395996094,14,14,1,-7.546875081257895,8.718750293395715,1
Qwen/Qwen2.5-3B-Instruct,adjective_agreement_0020,adjective_agreement,"neut noun, masc adj",-36.500953674316406,-37.312400817871094,6,6,1,-10.54687502240995,11.062499793799361,1
Qwen/Qwen2.5-3B-Instruct,adjective_agreement_0021,adjective_agreement,"masc noun, femn adj",-30.052278518676758,-37.13471984863281,9,8,1,-7.109375174564775,11.8281251386652,1
Qwen/Qwen2.5-3B-Instruct,adjective_agreement_0022,adjective_agreement,"femn noun, masc adj",-35.43672180175781,-41.628604888916016,6,6,1,0.6250000298023224,13.656249531268259,1
Qwen/Qwen2.5-3B-Instruct,adjective_agreement_0023,adjective_agreement,"femn noun, neut adj",-38.28703689575195,-49.97978210449219,8,8,1,-7.1093750591389835,13.296875370870112,1
Qwen/Qwen2.5-3B-Instruct,adjective_agreement_0024,adjective_agreement,"femn noun, masc adj",-35.49504089355469,-33.77556610107422,8,8,0,7.87500007764902,13.125000128624379,1
Qwen/Qwen2.5-3B-Instruct,adjective_agreement_0025,adjective_agreement,"femn noun, neut adj",-31.197921752929688,-37.143714904785156,8,8,1,-5.093749930150807,7.249999770952854,1
Qwen/Qwen2.5-3B-Instruct,adjective_agreement_0026,adjective_agreement,"femn noun, neut adj",-43.005287170410156,-47.02903366088867,14,14,1,-5.640624992083758,12.765624764091626,1
Qwen/Qwen2.5-3B-Instruct,adjective_agreement_0027,adjective_agreement,"femn noun, masc adj",-34.327484130859375,-39.23640060424805,7,7,1,0.125,13.124999534586095,1
Qwen/Qwen2.5-3B-Instruct,adjective_agreement_0028,adjective_agreement,"neut noun, masc adj",-32.2495231628418,-32.62969207763672,9,9,1,-6.703125131200068,5.749999844003469,0
Qwen/Qwen2.5-3B-Instruct,adjective_agreement_0029,adjective_agreement,"masc noun, neut adj",-30.81627655029297,-35.60777282714844,10,10,1,-2.0312499180436134,9.968750378771801,1
Qwen/Qwen2.5-3B-Instruct,adjective_agreement_0030,adjective_agreement,"femn noun, neut adj",-36.47320556640625,-38.515830993652344,7,7,1,0.125,9.968750139625627,1
Qwen/Qwen2.5-3B-Instruct,adjective_agreement_0031,adjective_agreement,"femn noun, masc adj",-35.94729232788086,-41.333045959472656,14,14,1,6.937500145751983,14.000000005209586,1
Qwen/Qwen2.5-3B-Instruct,adjective_agreement_0032,adjective_agreement,"masc noun, neut adj",-36.028114318847656,-53.33194351196289,7,7,1,-8.421875237865606,10.531250417086994,1
Qwen/Qwen2.5-3B-Instruct,adjective_agreement_0033,adjective_agreement,"femn noun, neut adj",-34.709388732910156,-41.972373962402344,7,7,1,-7.140624861232936,14.593750126645318,1
Qwen/Qwen2.5-3B-Instruct,adjective_agreement_0034,adjective_agreement,"femn noun, masc adj",-31.19763946533203,-39.4495735168457,7,7,1,7.859374811640009,14.484374664258212,1
Qwen/Qwen2.5-3B-Instruct,adjective_agreement_0035,adjective_agreement,"femn noun, neut adj",-43.69258117675781,-48.082435607910156,13,13,1,-0.09375,10.515625128886313,1
Qwen/Qwen2.5-3B-Instruct,adjective_agreement_0036,adjective_agreement,"femn noun, neut adj",-28.342819213867188,-36.662933349609375,7,7,1,3.9062501173466444,11.04687453279621,1
Qwen/Qwen2.5-3B-Instruct,adjective_agreement_0037,adjective_agreement,"masc noun, femn adj",-39.14722442626953,-37.875572204589844,6,6,0,-1.0937499701976776,8.187499935913365,1
Qwen/Qwen2.5-3B-Instruct,adjective_agreement_0038,adjective_agreement,"femn noun, masc adj",-40.90086364746094,-50.73269271850586,13,13,1,10.031249695661245,12.171875009822543,1
Qwen/Qwen2.5-3B-Instruct,adjective_agreement_0039,adjective_agreement,"femn noun, masc adj",-30.408571243286133,-36.65287780761719,7,7,1,9.23437503009336,11.796875135769369,1
Qwen/Qwen2.5-3B-Instruct,adjective_agreement_0040,adjective_agreement,"neut noun, femn adj",-45.19456481933594,-51.64403533935547,14,14,1,-3.2812500670552254,11.51562512449891,1
Qwen/Qwen2.5-3B-Instruct,adjective_agreement_0041,adjective_agreement,"femn noun, masc adj",-27.35336685180664,-34.29945373535156,7,8,1,2.0312499552965164,13.656249890496838,1
Qwen/Qwen2.5-3B-Instruct,adjective_agreement_0042,adjective_agreement,"femn noun, masc adj",-37.18558120727539,-36.564918518066406,8,8,0,7.156250066589564,13.859374651583494,1
Qwen/Qwen2.5-3B-Instruct,adjective_agreement_0043,adjective_agreement,"masc noun, femn adj",-27.46691131591797,-28.20873260498047,9,8,1,5.000000105239451,12.499999657491571,1
Qwen/Qwen2.5-3B-Instruct,adjective_agreement_0044,adjective_agreement,"neut noun, masc adj",-42.246726989746094,-39.24474334716797,16,16,0,-9.203124687599484,9.343750402360456,1
Qwen/Qwen2.5-3B-Instruct,adjective_agreement_0045,adjective_agreement,"masc noun, neut adj",-32.18201446533203,-39.098487854003906,6,6,1,-6.328124857507646,7.375000234344043,1
Qwen/Qwen2.5-3B-Instruct,adjective_agreement_0046,adjective_agreement,"neut noun, femn adj",-43.39324951171875,-41.30339050292969,8,8,0,-7.7187497652485035,8.734375401225407,1
Qwen/Qwen2.5-3B-Instruct,adjective_agreement_0047,adjective_agreement,"neut noun, masc adj",-47.874755859375,-41.50563049316406,8,8,0,-2.4062499701976776,7.718750129104592,1
Qwen/Qwen2.5-3B-Instruct,adjective_agreement_0048,adjective_agreement,"neut noun, femn adj",-43.784637451171875,-36.561561584472656,7,7,0,-7.250000001513399,13.890624663661583,1
Qwen/Qwen2.5-3B-Instruct,adjective_agreement_0049,adjective_agreement,"femn noun, neut adj",-46.17852020263672,-46.649024963378906,10,10,1,-7.2968750357977115,13.343750132480636,1
Qwen/Qwen2.5-3B-Instruct,adjective_agreement_0050,adjective_agreement,"masc noun, neut adj",-37.225791931152344,-43.1905517578125,12,12,1,-7.281250179104973,9.046874672028935,1
Qwen/Qwen2.5-3B-Instruct,adjective_agreement_0051,adjective_agreement,"masc noun, neut adj",-39.4226188659668,-47.99053955078125,14,14,1,-7.9531250157160684,11.468749683379428,1
Qwen/Qwen2.5-3B-Instruct,adjective_agreement_0052,adjective_agreement,"femn noun, neut adj",-36.000160217285156,-41.30268478393555,7,7,1,3.781249985098839,14.140625381391146,1
Qwen/Qwen2.5-3B-Instruct,adjective_agreement_0053,adjective_agreement,"femn noun, masc adj",-38.521392822265625,-43.98447799682617,14,14,1,9.01562484150054,12.468749647043296,1
Qwen/Qwen2.5-3B-Instruct,adjective_agreement_0054,adjective_agreement,"neut noun, masc adj",-32.65331268310547,-36.89984893798828,9,10,1,-7.499999858555384,8.70312513114186,1
Qwen/Qwen2.5-3B-Instruct,adjective_agreement_0055,adjective_agreement,"femn noun, masc adj",-32.46952819824219,-47.133583068847656,7,7,1,3.687500035390258,13.73437513312092,1
Qwen/Qwen2.5-3B-Instruct,adjective_agreement_0056,adjective_agreement,"masc noun, femn adj",-41.538856506347656,-42.33435821533203,7,7,1,-5.656249849824235,13.999999792140443,1
Qwen/Qwen2.5-3B-Instruct,adjective_agreement_0057,adjective_agreement,"masc noun, femn adj",-47.363243103027344,-45.23749542236328,14,14,0,-7.625000198895577,3.7812499701976776,0
Qwen/Qwen2.5-3B-Instruct,adjective_agreement_0058,adjective_agreement,"masc noun, neut adj",-34.906280517578125,-37.369476318359375,9,9,1,2.968749951571226,14.31250036849815,1
Qwen/Qwen2.5-3B-Instruct,adjective_agreement_0059,adjective_agreement,"femn noun, neut adj",-31.746482849121094,-36.57581329345703,9,9,1,1.6562500298023224,13.578125246189302,1
Qwen/Qwen2.5-3B-Instruct,adjective_agreement_0060,adjective_agreement,"femn noun, neut adj",-38.11426544189453,-44.38615798950195,14,14,1,-2.437500037252903,13.093749883861165,1
Qwen/Qwen2.5-3B-Instruct,adjective_agreement_0061,adjective_agreement,"masc noun, neut adj",-45.184913635253906,-44.69075012207031,7,7,0,3.624999977648258,10.218749590712832,1
Qwen/Qwen2.5-3B-Instruct,adjective_agreement_0062,adjective_agreement,"femn noun, neut adj",-31.839567184448242,-36.50874328613281,7,7,1,-9.42187539790757,11.828125032654498,1
Qwen/Qwen2.5-3B-Instruct,adjective_agreement_0063,adjective_agreement,"femn noun, neut adj",-39.32020568847656,-43.07197570800781,9,9,1,1.5000000298023224,14.265625006017217,1
Qwen/Qwen2.5-3B-Instruct,adjective_agreement_0064,adjective_agreement,"femn noun, masc adj",-44.35747528076172,-46.83106994628906,9,9,1,-5.093750110361725,13.546875379353878,1
Qwen/Qwen2.5-3B-Instruct,adjective_agreement_0065,adjective_agreement,"femn noun, masc adj",-35.77637481689453,-41.703826904296875,9,9,1,9.015625037980499,15.046874910622137,1
Qwen/Qwen2.5-3B-Instruct,adjective_agreement_0066,adjective_agreement,"masc noun, neut adj",-36.730995178222656,-41.18708801269531,7,7,1,-6.749999897205271,9.81250003009336,1
Qwen/Qwen2.5-3B-Instruct,adjective_agreement_0067,adjective_agreement,"neut noun, masc adj",-31.152647018432617,-31.030229568481445,7,8,0,-7.515624861291144,7.9687500455765985,1
Qwen/Qwen2.5-3B-Instruct,adjective_agreement_0068,adjective_agreement,"femn noun, neut adj",-27.710790634155273,-32.19538879394531,7,7,1,-5.8906250258442014,12.01562465292227,1
Qwen/Qwen2.5-3B-Instruct,adjective_agreement_0069,adjective_agreement,"femn noun, masc adj",-40.29060363769531,-47.02806091308594,13,13,1,9.843749575869879,12.68750036599522,1
Qwen/Qwen2.5-3B-Instruct,adjective_agreement_0070,adjective_agreement,"femn noun, neut adj",-29.24615478515625,-37.89177703857422,7,7,1,-3.0624999590218067,14.921874887571903,1
Qwen/Qwen2.5-3B-Instruct,adjective_agreement_0071,adjective_agreement,"masc noun, neut adj",-31.91305160522461,-43.68531799316406,8,8,1,-6.937500023283064,9.749999989580829,1
Qwen/Qwen2.5-3B-Instruct,adjective_agreement_0072,adjective_agreement,"femn noun, masc adj",-32.22023391723633,-37.056758880615234,6,6,1,-5.796875122236088,10.04687466820178,1
Qwen/Qwen2.5-3B-Instruct,adjective_agreement_0073,adjective_agreement,"masc noun, femn adj",-47.49596405029297,-48.859588623046875,15,15,1,-9.546874775391188,10.53125038757571,1
Qwen/Qwen2.5-3B-Instruct,adjective_agreement_0074,adjective_agreement,"masc noun, femn adj",-35.750404357910156,-37.85865020751953,9,9,1,0.9687499701976776,11.31250025278132,1
Qwen/Qwen2.5-3B-Instruct,adjective_agreement_0075,adjective_agreement,"neut noun, femn adj",-34.97216796875,-31.939125061035156,7,7,0,2.8750000782310963,10.453124546285835,1
Qwen/Qwen2.5-3B-Instruct,adjective_agreement_0076,adjective_agreement,"femn noun, masc adj",-35.99970626831055,-39.555599212646484,14,14,1,9.359375030966476,14.140624766521796,1
Qwen/Qwen2.5-3B-Instruct,adjective_agreement_0077,adjective_agreement,"masc noun, neut adj",-25.041797637939453,-35.915950775146484,10,10,1,-6.375000225612894,9.140625179075869,1
Qwen/Qwen2.5-3B-Instruct,adjective_agreement_0078,adjective_agreement,"masc noun, femn adj",-30.477128982543945,-34.855674743652344,8,8,1,-0.75,10.5000004270114,1
Qwen/Qwen2.5-3B-Instruct,adjective_agreement_0079,adjective_agreement,"neut noun, femn adj",-34.96833801269531,-38.902244567871094,7,7,1,-7.218750086321961,13.046875244828698,1
Qwen/Qwen2.5-3B-Instruct,adjective_agreement_0080,adjective_agreement,"masc noun, femn adj",-35.0049934387207,-38.01165008544922,7,7,1,7.046874816878699,9.625000269559678,1
Qwen/Qwen2.5-3B-Instruct,adjective_agreement_0081,adjective_agreement,"masc noun, neut adj",-39.0067024230957,-45.818668365478516,10,9,1,-7.3281250014551915,10.812500117172021,1
Qwen/Qwen2.5-3B-Instruct,adjective_agreement_0082,adjective_agreement,"femn noun, neut adj",-33.938636779785156,-36.0802001953125,7,7,1,-2.7187499701976776,13.51562500804721,1
Qwen/Qwen2.5-3B-Instruct,adjective_agreement_0083,adjective_agreement,"femn noun, masc adj",-43.790550231933594,-41.07353210449219,8,9,0,-3.8437500279396772,12.109375015555997,1
Qwen/Qwen2.5-3B-Instruct,adjective_agreement_0084,adjective_agreement,"masc noun, neut adj",-37.57802963256836,-42.68621063232422,10,10,1,6.031249800464138,9.812499835214112,1
Qwen/Qwen2.5-3B-Instruct,adjective_agreement_0085,adjective_agreement,"femn noun, neut adj",-38.485191345214844,-50.57583236694336,14,14,1,-3.1874999925494194,14.515624645238859,1
Qwen/Qwen2.5-3B-Instruct,adjective_agreement_0086,adjective_agreement,"neut noun, masc adj",-39.80384063720703,-43.71266174316406,8,8,1,-12.062499805615516,12.734375026193447,1
Qwen/Qwen2.5-3B-Instruct,adjective_agreement_0087,adjective_agreement,"masc noun, femn adj",-39.24635696411133,-41.68759536743164,8,8,1,0.8437500596046448,9.375000387022737,1
Qwen/Qwen2.5-3B-Instruct,adjective_agreement_0088,adjective_agreement,"neut noun, masc adj",-36.74335479736328,-35.01830291748047,8,8,0,-10.750000262414687,11.890625019863364,1
Qwen/Qwen2.5-3B-Instruct,adjective_agreement_0089,adjective_agreement,"neut noun, femn adj",-25.635372161865234,-29.21517562866211,8,8,1,-9.812499661551556,12.578125252141035,1
Qwen/Qwen2.5-3B-Instruct,adjective_agreement_0090,adjective_agreement,"neut noun, femn adj",-40.30221176147461,-44.44045639038086,9,9,1,-8.734375164582161,10.24999953265069,1
Qwen/Qwen2.5-3B-Instruct,adjective_agreement_0091,adjective_agreement,"neut noun, femn adj",-35.354896545410156,-35.23095703125,6,6,0,-9.390625262632966,8.859374677093001,0
Qwen/Qwen2.5-3B-Instruct,adjective_agreement_0092,adjective_agreement,"femn noun, neut adj",-38.176849365234375,-46.969825744628906,7,7,1,-2.4062499180436134,12.546874653213308,1
Qwen/Qwen2.5-3B-Instruct,adjective_agreement_0093,adjective_agreement,"femn noun, masc adj",-38.657554626464844,-42.1620979309082,7,7,1,2.5937500298023224,12.234374540901626,1
Qwen/Qwen2.5-3B-Instruct,adjective_agreement_0094,adjective_agreement,"neut noun, masc adj",-25.861114501953125,-30.267562866210938,7,7,1,-5.468749830964953,7.015624814783223,1
Qwen/Qwen2.5-3B-Instruct,adjective_agreement_0095,adjective_agreement,"femn noun, neut adj",-29.647857666015625,-36.07340621948242,8,8,1,-9.468750401487341,11.250000321218977,1
Qwen/Qwen2.5-3B-Instruct,adjective_agreement_0096,adjective_agreement,"femn noun, neut adj",-28.431400299072266,-37.53199005126953,7,7,1,-7.10937495843973,11.796875369502231,1
Qwen/Qwen2.5-3B-Instruct,adjective_agreement_0097,adjective_agreement,"femn noun, neut adj",-32.463321685791016,-41.16856384277344,6,6,1,-2.4687498807907104,13.124999684485374,1
Qwen/Qwen2.5-3B-Instruct,adjective_agreement_0098,adjective_agreement,"neut noun, femn adj",-51.08074951171875,-41.883392333984375,8,8,0,-9.171874945459422,10.796874812367605,1
Qwen/Qwen2.5-3B-Instruct,adjective_agreement_0099,adjective_agreement,"masc noun, neut adj",-39.936973571777344,-44.92533874511719,12,12,1,-6.703125065425411,8.968750169879058,1
Qwen/Qwen2.5-3B-Instruct,adjective_agreement_0100,adjective_agreement,"femn noun, neut adj",-37.097251892089844,-33.43720245361328,8,9,0,1.0000000596046448,15.40625001891749,1
Qwen/Qwen2.5-3B-Instruct,adjective_agreement_0101,adjective_agreement,"neut noun, femn adj",-47.40283966064453,-49.337982177734375,9,9,1,-7.78124979842687,10.73437536538404,1
Qwen/Qwen2.5-3B-Instruct,adjective_agreement_0102,adjective_agreement,"femn noun, masc adj",-31.04922103881836,-39.436683654785156,7,7,1,-2.2812500819563866,12.999999651583494,1
Qwen/Qwen2.5-3B-Instruct,adjective_agreement_0103,adjective_agreement,"masc noun, neut adj",-35.56818771362305,-36.377105712890625,13,13,1,-5.953125070547685,9.687500256564817,1
Qwen/Qwen2.5-3B-Instruct,adjective_agreement_0104,adjective_agreement,"femn noun, neut adj",-39.64147186279297,-45.09986877441406,14,15,1,10.359374542735168,15.921875363397703,1
Qwen/Qwen2.5-3B-Instruct,adjective_agreement_0105,adjective_agreement,"masc noun, femn adj",-37.78941345214844,-41.899253845214844,8,8,1,-1.8124999850988388,11.875000365747837,1
Qwen/Qwen2.5-3B-Instruct,adjective_agreement_0106,adjective_agreement,"neut noun, femn adj",-26.78473663330078,-29.221342086791992,8,8,1,-10.281249554740498,7.1875001901062205,0
Qwen/Qwen2.5-3B-Instruct,adjective_agreement_0107,adjective_agreement,"femn noun, masc adj",-46.300498962402344,-45.45579147338867,7,8,0,-4.749999966472387,8.343750385975,1
Qwen/Qwen2.5-3B-Instruct,adjective_agreement_0108,adjective_agreement,"femn noun, masc adj",-31.00966453552246,-36.31444549560547,7,7,1,5.593749867286533,12.999999803403625,1
Qwen/Qwen2.5-3B-Instruct,adjective_agreement_0109,adjective_agreement,"neut noun, femn adj",-34.73993682861328,-33.21183395385742,7,7,0,0.09375,12.999999532927177,1
Qwen/Qwen2.5-3B-Instruct,adjective_agreement_0110,adjective_agreement,"femn noun, neut adj",-36.847503662109375,-42.76350021362305,9,9,1,-8.968750389001798,7.937500103435013,0
Qwen/Qwen2.5-3B-Instruct,adjective_agreement_0111,adjective_agreement,"masc noun, neut adj",-25.827136993408203,-31.092012405395508,6,6,1,-7.1250000454019755,8.156250373343937,1
Qwen/Qwen2.5-3B-Instruct,adjective_agreement_0112,adjective_agreement,"masc noun, neut adj",-39.763755798339844,-41.778324127197266,15,15,1,-6.4374997657723725,9.624999555933755,1
Qwen/Qwen2.5-3B-Instruct,adjective_agreement_0113,adjective_agreement,"masc noun, femn adj",-52.080657958984375,-54.15174865722656,14,14,1,0.75,11.468750133441063,1
Qwen/Qwen2.5-3B-Instruct,adjective_agreement_0114,adjective_agreement,"masc noun, neut adj",-30.779159545898438,-31.79977798461914,10,10,1,-6.515625137952156,10.875000008411007,1
Qwen/Qwen2.5-3B-Instruct,adjective_agreement_0115,adjective_agreement,"femn noun, masc adj",-26.892574310302734,-34.78675079345703,6,6,1,-2.906250111758709,13.750000368789188,1
Qwen/Qwen2.5-3B-Instruct,adjective_agreement_0116,adjective_agreement,"masc noun, femn adj",-34.15803146362305,-37.029579162597656,8,8,1,-0.8749999701976776,11.156250172964064,1
Qwen/Qwen2.5-3B-Instruct,adjective_agreement_0117,adjective_agreement,"femn noun, masc adj",-38.2698974609375,-40.76747131347656,8,8,1,-8.35937530398951,12.328125138301402,1
Qwen/Qwen2.5-3B-Instruct,adjective_agreement_0118,adjective_agreement,"femn noun, masc adj",-28.343212127685547,-37.721641540527344,7,7,1,-4.187499999068677,14.203124649517122,1
Qwen/Qwen2.5-3B-Instruct,adjective_agreement_0119,adjective_agreement,"femn noun, masc adj",-39.58258056640625,-49.945072174072266,12,12,1,7.1875002342276275,12.140624646774086,1
Qwen/Qwen2.5-3B-Instruct,adjective_agreement_0120,adjective_agreement,"neut noun, femn adj",-42.143898010253906,-38.13557434082031,8,8,0,-7.593750074971467,4.406250192783773,0
Qwen/Qwen2.5-3B-Instruct,adjective_agreement_0121,adjective_agreement,"neut noun, masc adj",-36.611297607421875,-35.02382278442383,8,8,0,-6.375000080442987,8.40624969592318,1
Qwen/Qwen2.5-3B-Instruct,adjective_agreement_0122,adjective_agreement,"neut noun, femn adj",-46.18324279785156,-48.364471435546875,14,14,1,4.687500040978193,10.124999551699148,1
Qwen/Qwen2.5-3B-Instruct,adjective_agreement_0123,adjective_agreement,"masc noun, femn adj",-36.935646057128906,-41.8980712890625,8,7,1,-4.718750176951289,11.79687525461486,1
Qwen/Qwen2.5-3B-Instruct,adjective_agreement_0124,adjective_agreement,"neut noun, femn adj",-42.87322998046875,-45.02936553955078,15,14,1,-10.515625018189894,10.281249664054485,0
Qwen/Qwen2.5-3B-Instruct,adjective_agreement_0125,adjective_agreement,"femn noun, neut adj",-31.080974578857422,-43.60184860229492,7,7,1,-0.03125,10.68750017392449,1
Qwen/Qwen2.5-3B-Instruct,adjective_agreement_0126,adjective_agreement,"femn noun, neut adj",-38.373817443847656,-45.3184814453125,13,13,1,6.6875000989530236,12.15624952664075,1
Qwen/Qwen2.5-3B-Instruct,adjective_agreement_0127,adjective_agreement,"femn noun, masc adj",-37.703330993652344,-37.91927719116211,8,8,1,-9.296875068801455,10.95312455741805,1
Qwen/Qwen2.5-3B-Instruct,adjective_agreement_0128,adjective_agreement,"femn noun, neut adj",-30.303035736083984,-36.065914154052734,8,8,1,-6.1406248009298,5.890625208383426,0
Qwen/Qwen2.5-3B-Instruct,adjective_agreement_0129,adjective_agreement,"neut noun, femn adj",-39.379173278808594,-42.426239013671875,8,8,1,-6.203125225845724,10.796875250904122,1
Qwen/Qwen2.5-3B-Instruct,adjective_agreement_0130,adjective_agreement,"masc noun, femn adj",-36.94843673706055,-44.149635314941406,9,8,1,6.9218750150175765,10.859375060565071,1
Qwen/Qwen2.5-3B-Instruct,adjective_agreement_0131,adjective_agreement,"neut noun, masc adj",-43.74419403076172,-40.740936279296875,15,16,0,-12.453125014566467,10.062500383734005,0
Qwen/Qwen2.5-3B-Instruct,adjective_agreement_0132,adjective_agreement,"neut noun, masc adj",-38.76261520385742,-36.76610565185547,9,9,0,-10.39062465717143,10.937500017287675,1
Qwen/Qwen2.5-3B-Instruct,adjective_agreement_0133,adjective_agreement,"neut noun, masc adj",-46.65989303588867,-52.027671813964844,14,14,1,-10.453125373460352,11.890625009822543,1
Qwen/Qwen2.5-3B-Instruct,adjective_agreement_0134,adjective_agreement,"femn noun, masc adj",-36.40365219116211,-39.49188232421875,14,14,1,8.750000092055416,13.53125036299025,1
Qwen/Qwen2.5-3B-Instruct,adjective_agreement_0135,adjective_agreement,"masc noun, femn adj",-29.782590866088867,-33.26807403564453,9,9,1,3.531250052154064,11.562500135085429,1
Qwen/Qwen2.5-3B-Instruct,adjective_agreement_0136,adjective_agreement,"neut noun, femn adj",-51.600799560546875,-54.079078674316406,14,14,1,-4.249999834224582,11.20312537071004,1
Qwen/Qwen2.5-3B-Instruct,adjective_agreement_0137,adjective_agreement,"femn noun, neut adj",-30.05721092224121,-43.86928939819336,7,7,1,-6.406249773106538,11.265625247047865,1
Qwen/Qwen2.5-3B-Instruct,adjective_agreement_0138,adjective_agreement,"masc noun, neut adj",-37.919822692871094,-47.941497802734375,16,16,1,5.53125003259629,10.734374682564521,1
Qwen/Qwen2.5-3B-Instruct,adjective_agreement_0139,adjective_agreement,"femn noun, masc adj",-44.080047607421875,-48.700157165527344,14,14,1,-7.937500097032171,10.62500013737008,1
Qwen/Qwen2.5-3B-Instruct,adjective_agreement_0140,adjective_agreement,"neut noun, masc adj",-30.407310485839844,-33.91289520263672,8,8,1,-8.515624724619556,6.968750109546818,0
Qwen/Qwen2.5-3B-Instruct,adjective_agreement_0141,adjective_agreement,"femn noun, masc adj",-32.747711181640625,-36.211788177490234,7,7,1,8.250000368687324,14.031249546693289,1
Qwen/Qwen2.5-3B-Instruct,adjective_agreement_0142,adjective_agreement,"neut noun, femn adj",-41.88227844238281,-41.006046295166016,7,7,0,-6.999999816529453,13.0468745357648,1
Qwen/Qwen2.5-3B-Instruct,adjective_agreement_0143,adjective_agreement,"femn noun, masc adj",-38.102596282958984,-37.38179016113281,15,16,0,-2.843750014901161,12.156250259984517,1
Qwen/Qwen2.5-3B-Instruct,adjective_agreement_0144,adjective_agreement,"femn noun, masc adj",-34.38746643066406,-43.15524673461914,8,8,1,3.624999951571226,11.531250161468051,1
Qwen/Qwen2.5-3B-Instruct,adjective_agreement_0145,adjective_agreement,"masc noun, femn adj",-38.69392395019531,-42.45069122314453,7,7,1,2.1875000819563866,9.109375319676474,1
Qwen/Qwen2.5-3B-Instruct,adjective_agreement_0146,adjective_agreement,"femn noun, neut adj",-31.374755859375,-33.239044189453125,8,8,1,-6.031249986262992,12.18750037245627,1
Qwen/Qwen2.5-3B-Instruct,adjective_agreement_0147,adjective_agreement,"femn noun, masc adj",-31.77170753479004,-37.45496368408203,6,6,1,3.3124999552965164,12.593750059895683,1
Qwen/Qwen2.5-3B-Instruct,adjective_agreement_0148,adjective_agreement,"femn noun, masc adj",-35.783485412597656,-46.895896911621094,7,7,1,7.687500155298039,14.499999784646207,1
Qwen/Qwen2.5-3B-Instruct,adjective_agreement_0149,adjective_agreement,"neut noun, femn adj",-24.69026756286621,-27.269119262695312,8,8,1,2.406250022351742,9.421874547319021,1
Qwen/Qwen2.5-3B-Instruct,adjective_agreement_0150,adjective_agreement,"masc noun, neut adj",-46.85857391357422,-51.65462112426758,7,7,1,-5.984375025611371,8.54687476833351,1
Qwen/Qwen2.5-3B-Instruct,adjective_agreement_0151,adjective_agreement,"femn noun, masc adj",-34.7128791809082,-36.975433349609375,7,7,1,-3.4062498845160007,12.75000001891749,1
Qwen/Qwen2.5-3B-Instruct,adjective_agreement_0152,adjective_agreement,"neut noun, masc adj",-43.873191833496094,-40.13207244873047,13,14,0,-11.453124654653948,10.48437536599522,0
Qwen/Qwen2.5-3B-Instruct,adjective_agreement_0153,adjective_agreement,"femn noun, masc adj",-40.113372802734375,-37.92090606689453,8,9,0,-7.031249927938916,7.203124981955625,1
Qwen/Qwen2.5-3B-Instruct,adjective_agreement_0154,adjective_agreement,"neut noun, femn adj",-40.85353469848633,-44.63477325439453,12,12,1,-8.28125008250936,12.187500011059456,1
Qwen/Qwen2.5-3B-Instruct,adjective_agreement_0155,adjective_agreement,"masc noun, femn adj",-29.048397064208984,-32.37285614013672,7,7,1,3.4062498845160007,12.218749819934601,1
Qwen/Qwen2.5-3B-Instruct,adjective_agreement_0156,adjective_agreement,"neut noun, femn adj",-47.5064811706543,-42.00920104980469,15,15,0,-10.531249887906597,12.640624882325938,1
Qwen/Qwen2.5-3B-Instruct,adjective_agreement_0157,adjective_agreement,"neut noun, femn adj",-37.17192459106445,-46.467926025390625,9,9,1,-6.703124978695996,10.90625013737008,1
Qwen/Qwen2.5-3B-Instruct,adjective_agreement_0158,adjective_agreement,"neut noun, femn adj",-39.66168975830078,-42.34763717651367,9,9,1,-2.0000000298023224,11.57812455331441,1
Qwen/Qwen2.5-3B-Instruct,adjective_agreement_0159,adjective_agreement,"femn noun, neut adj",-36.818603515625,-47.323875427246094,7,7,1,-3.9687500204890966,12.93750025620102,1
Qwen/Qwen2.5-3B-Instruct,adjective_agreement_0160,adjective_agreement,"masc noun, neut adj",-28.96697998046875,-27.443767547607422,7,7,0,-7.4531251772423275,8.468750355154043,1
Qwen/Qwen2.5-3B-Instruct,adjective_agreement_0161,adjective_agreement,"neut noun, femn adj",-51.480064392089844,-50.961456298828125,14,14,0,-6.484374841675162,12.249999528918124,1
Qwen/Qwen2.5-3B-Instruct,adjective_agreement_0162,adjective_agreement,"femn noun, masc adj",-25.44162368774414,-34.586578369140625,8,8,1,-7.624999937892426,10.531249773106538,1
Qwen/Qwen2.5-3B-Instruct,adjective_agreement_0163,adjective_agreement,"masc noun, neut adj",-28.341976165771484,-32.25548553466797,8,8,1,-4.12499980814755,7.859374910942279,1
Qwen/Qwen2.5-3B-Instruct,adjective_agreement_0164,adjective_agreement,"masc noun, neut adj",-31.434396743774414,-43.248931884765625,9,9,1,-5.5312498598359525,8.921874612977263,1
Qwen/Qwen2.5-3B-Instruct,adjective_agreement_0165,adjective_agreement,"femn noun, neut adj",-29.525053024291992,-37.29920959472656,8,8,1,-9.062499543695594,12.453124886007572,1
Qwen/Qwen2.5-3B-Instruct,adjective_agreement_0166,adjective_agreement,"femn noun, masc adj",-29.389251708984375,-33.30592346191406,9,9,1,-6.687499818392098,12.578124888255843,1
Qwen/Qwen2.5-3B-Instruct,adjective_agreement_0167,adjective_agreement,"femn noun, masc adj",-39.38362121582031,-44.60777282714844,13,13,1,11.890624769657734,12.82812488640775,1
Qwen/Qwen2.5-3B-Instruct,adjective_agreement_0168,adjective_agreement,"femn noun, neut adj",-34.582244873046875,-46.71190643310547,15,15,1,11.32812539068982,14.9062503612804,1
Qwen/Qwen2.5-3B-Instruct,adjective_agreement_0169,adjective_agreement,"neut noun, masc adj",-39.31675720214844,-40.64492416381836,12,12,1,-8.21875008213101,9.703125377796823,1
Qwen/Qwen2.5-3B-Instruct,adjective_agreement_0170,adjective_agreement,"femn noun, neut adj",-43.05703353881836,-41.61143112182617,8,8,0,-6.078124774387106,15.109375126528903,1
Qwen/Qwen2.5-3B-Instruct,adjective_agreement_0171,adjective_agreement,"femn noun, masc adj",-37.27960968017578,-44.54302215576172,8,8,1,1.1249999403953552,14.828124782259692,1
Qwen/Qwen2.5-3B-Instruct,adjective_agreement_0172,adjective_agreement,"neut noun, femn adj",-39.932437896728516,-39.92924499511719,7,7,0,-8.156250046158675,14.015624889347237,1
Qwen/Qwen2.5-3B-Instruct,adjective_agreement_0173,adjective_agreement,"neut noun, femn adj",-39.88246154785156,-42.09149169921875,9,9,1,-5.312500101979822,13.249999786101398,1
Qwen/Qwen2.5-3B-Instruct,adjective_agreement_0174,adjective_agreement,"masc noun, neut adj",-38.69719314575195,-45.94883346557617,8,7,1,-11.828124891588232,10.937499775871402,0
Qwen/Qwen2.5-3B-Instruct,adjective_agreement_0175,adjective_agreement,"masc noun, neut adj",-33.25090408325195,-31.507938385009766,9,9,0,-4.093749940395355,9.265625190455467,1
Qwen/Qwen2.5-3B-Instruct,adjective_agreement_0176,adjective_agreement,"femn noun, masc adj",-39.66349411010742,-36.36387634277344,7,8,0,-8.03124995197868,8.125000005296897,1
Qwen/Qwen2.5-3B-Instruct,adjective_agreement_0177,adjective_agreement,"neut noun, femn adj",-35.47942352294922,-34.66410446166992,7,7,0,0.03125,12.75000001344597,1
Qwen/Qwen2.5-3B-Instruct,adjective_agreement_0178,adjective_agreement,"masc noun, femn adj",-39.33177185058594,-40.069374084472656,8,8,1,-4.687499933876097,10.015625014901161,1
Qwen/Qwen2.5-3B-Instruct,adjective_agreement_0179,adjective_agreement,"masc noun, femn adj",-37.00282669067383,-37.518463134765625,9,9,1,-4.125000162050128,11.468749683379428,1
Qwen/Qwen2.5-3B-Instruct,adjective_agreement_0180,adjective_agreement,"masc noun, neut adj",-32.06349563598633,-45.98078155517578,8,8,1,-5.906249773455784,7.906249769497663,1
Qwen/Qwen2.5-3B-Instruct,adjective_agreement_0181,adjective_agreement,"neut noun, femn adj",-27.45868682861328,-35.776878356933594,6,6,1,-6.624999930849299,8.453124973719241,1
Qwen/Qwen2.5-3B-Instruct,adjective_agreement_0182,adjective_agreement,"masc noun, neut adj",-42.36883544921875,-44.12298583984375,13,13,1,-8.687499827996362,10.015625257859938,1
Qwen/Qwen2.5-3B-Instruct,adjective_agreement_0183,adjective_agreement,"femn noun, masc adj",-35.331809997558594,-40.959136962890625,7,7,1,6.125000166008249,13.078125132175046,1
Qwen/Qwen2.5-3B-Instruct,adjective_agreement_0184,adjective_agreement,"masc noun, femn adj",-43.99864959716797,-44.111305236816406,6,6,1,-7.0781248198472895,10.500000380779966,1
Qwen/Qwen2.5-3B-Instruct,adjective_agreement_0185,adjective_agreement,"femn noun, masc adj",-45.410945892333984,-48.8818359375,13,13,1,9.04687540672603,11.406250014726538,1
Qwen/Qwen2.5-3B-Instruct,adjective_agreement_0186,adjective_agreement,"neut noun, masc adj",-38.575592041015625,-43.704444885253906,8,8,1,-5.8124999813735485,9.593750383413862,1
Qwen/Qwen2.5-3B-Instruct,adjective_agreement_0187,adjective_agreement,"femn noun, masc adj",-46.70680618286133,-50.340087890625,14,14,1,-4.0937501192092896,10.859374785679393,1
Qwen/Qwen2.5-3B-Instruct,adjective_agreement_0188,adjective_agreement,"femn noun, masc adj",-41.65126037597656,-44.895591735839844,9,9,1,4.656250149011612,14.953125254964107,1
Qwen/Qwen2.5-3B-Instruct,adjective_agreement_0189,adjective_agreement,"femn noun, neut adj",-29.671615600585938,-39.647552490234375,10,10,1,-8.51562467610347,12.343750251515303,1
Qwen/Qwen2.5-3B-Instruct,adjective_agreement_0190,adjective_agreement,"femn noun, neut adj",-33.878665924072266,-43.112510681152344,6,6,1,-6.906250179628842,14.828125135085429,1
Qwen/Qwen2.5-3B-Instruct,adjective_agreement_0191,adjective_agreement,"masc noun, neut adj",-40.49220275878906,-45.170494079589844,13,13,1,-9.18750001641456,8.734375388274202,0
Qwen/Qwen2.5-3B-Instruct,adjective_agreement_0192,adjective_agreement,"femn noun, neut adj",-32.62437057495117,-35.43532943725586,8,8,1,-6.640624821651727,12.57812454859959,1
Qwen/Qwen2.5-3B-Instruct,adjective_agreement_0193,adjective_agreement,"masc noun, femn adj",-38.446224212646484,-40.04015350341797,15,14,1,6.093750113854185,13.968750244406692,1
Qwen/Qwen2.5-3B-Instruct,adjective_agreement_0194,adjective_agreement,"neut noun, femn adj",-43.32008361816406,-38.467933654785156,8,8,0,6.343749790452421,9.109374587016646,1
Qwen/Qwen2.5-3B-Instruct,adjective_agreement_0195,adjective_agreement,"neut noun, femn adj",-37.011634826660156,-41.447418212890625,8,8,1,-2.906250037252903,8.624999934952939,1
Qwen/Qwen2.5-3B-Instruct,adjective_agreement_0196,adjective_agreement,"masc noun, neut adj",-36.43321990966797,-39.15370178222656,11,11,1,-5.812500137835741,12.046874925377779,1
Qwen/Qwen2.5-3B-Instruct,adjective_agreement_0197,adjective_agreement,"femn noun, masc adj",-33.13401794433594,-38.764591217041016,7,7,1,9.968750428437488,14.85937465292227,1
Qwen/Qwen2.5-3B-Instruct,adjective_agreement_0198,adjective_agreement,"neut noun, femn adj",-53.078311920166016,-45.7186279296875,8,8,0,-9.406249702733476,11.546874581283191,1
Qwen/Qwen2.5-3B-Instruct,adjective_agreement_0199,adjective_agreement,"femn noun, masc adj",-36.5538330078125,-46.9879035949707,7,7,1,-4.250000023283064,14.406249653489795,1
Qwen/Qwen2.5-3B-Instruct,adjective_agreement_0200,adjective_agreement,"neut noun, femn adj",-42.30218505859375,-41.41554260253906,7,7,0,-5.2812501806765795,3.156250026077032,0
Qwen/Qwen2.5-3B-Instruct,adjective_agreement_0201,adjective_agreement,"neut noun, femn adj",-45.121131896972656,-41.789466857910156,8,8,0,-5.984374884981662,11.062500134081347,1
Qwen/Qwen2.5-3B-Instruct,adjective_agreement_0202,adjective_agreement,"masc noun, neut adj",-37.49021530151367,-46.474971771240234,7,7,1,-5.437499783933163,11.453125214524334,1
Qwen/Qwen2.5-3B-Instruct,adjective_agreement_0203,adjective_agreement,"masc noun, neut adj",-39.698707580566406,-44.36848068237305,6,6,1,-7.4531251398148015,8.015625177999027,1
Qwen/Qwen2.5-3B-Instruct,adjective_agreement_0204,adjective_agreement,"neut noun, femn adj",-41.007774353027344,-41.822227478027344,9,9,1,-4.468749800696969,6.968750027241185,1
Qwen/Qwen2.5-3B-Instruct,adjective_agreement_0205,adjective_agreement,"femn noun, neut adj",-37.56487274169922,-41.221431732177734,7,7,1,-8.265624790277798,12.812499526182364,1
Qwen/Qwen2.5-3B-Instruct,adjective_agreement_0206,adjective_agreement,"neut noun, femn adj",-46.93016052246094,-48.14873504638672,14,14,1,-8.375000054744305,10.375000365631422,1
Qwen/Qwen2.5-3B-Instruct,adjective_agreement_0207,adjective_agreement,"femn noun, neut adj",-43.802249908447266,-50.479286193847656,15,15,1,-7.39062510774238,9.890625129977707,1
Qwen/Qwen2.5-3B-Instruct,adjective_agreement_0208,adjective_agreement,"neut noun, masc adj",-44.48448944091797,-44.13683319091797,8,8,0,-8.796875313622877,-2.062499977648258,0
Qwen/Qwen2.5-3B-Instruct,adjective_agreement_0209,adjective_agreement,"femn noun, masc adj",-37.23768615722656,-37.30952835083008,8,9,1,3.7500000819563866,13.171875051630195,1
Qwen/Qwen2.5-3B-Instruct,adjective_agreement_0210,adjective_agreement,"masc noun, femn adj",-40.26370620727539,-47.79416275024414,14,14,1,-3.9999999348074198,12.281250124018698,1
Qwen/Qwen2.5-3B-Instruct,adjective_agreement_0211,adjective_agreement,"masc noun, neut adj",-37.15174102783203,-47.63313293457031,9,9,1,-6.671874796040356,11.140625421423465,1
Qwen/Qwen2.5-3B-Instruct,adjective_agreement_0212,adjective_agreement,"femn noun, masc adj",-32.833168029785156,-43.13153839111328,7,7,1,3.937500072643161,13.093749544481398,1
Qwen/Qwen2.5-3B-Instruct,adjective_agreement_0213,adjective_agreement,"neut noun, femn adj",-34.8419189453125,-38.84170150756836,8,8,1,-0.96875,11.515625246072887,1
Qwen/Qwen2.5-3B-Instruct,adjective_agreement_0214,adjective_agreement,"neut noun, masc adj",-40.90237045288086,-42.34907913208008,10,10,1,-9.812500346568413,9.421874966064934,0
Qwen/Qwen2.5-3B-Instruct,adjective_agreement_0215,adjective_agreement,"masc noun, femn adj",-33.586387634277344,-45.67369079589844,9,8,1,-4.15625000372529,12.109375383079168,1
Qwen/Qwen2.5-3B-Instruct,adjective_agreement_0216,adjective_agreement,"neut noun, masc adj",-31.777311325073242,-35.24323272705078,6,6,1,-5.7343749741557986,9.06249996178667,1
Qwen/Qwen2.5-3B-Instruct,adjective_agreement_0217,adjective_agreement,"neut noun, femn adj",-43.328697204589844,-41.96605682373047,8,8,0,-2.187500111758709,10.921875267013093,1
Qwen/Qwen2.5-3B-Instruct,adjective_agreement_0218,adjective_agreement,"femn noun, neut adj",-40.90895080566406,-43.21656799316406,9,9,1,-7.328124791616574,9.499999546693289,1
Qwen/Qwen2.5-3B-Instruct,adjective_agreement_0219,adjective_agreement,"masc noun, neut adj",-41.201446533203125,-44.95640182495117,14,14,1,-8.43750016958802,8.468749941734131,1
Qwen/Qwen2.5-3B-Instruct,adjective_agreement_0220,adjective_agreement,"masc noun, femn adj",-46.380340576171875,-44.04084777832031,12,12,0,-3.9374999310821295,9.609374792838935,1
Qwen/Qwen2.5-3B-Instruct,adjective_agreement_0221,adjective_agreement,"neut noun, masc adj",-40.65653991699219,-40.34345626831055,15,15,0,-7.234375078289304,7.281249969906639,1
Qwen/Qwen2.5-3B-Instruct,adjective_agreement_0222,adjective_agreement,"femn noun, masc adj",-36.76948547363281,-36.80310821533203,9,10,1,-5.656250151339918,9.968750226544216,1
Qwen/Qwen2.5-3B-Instruct,adjective_agreement_0223,adjective_agreement,"neut noun, masc adj",-23.91983413696289,-32.222251892089844,10,10,1,-7.578125028521754,11.218750155327143,1
Qwen/Qwen2.5-3B-Instruct,adjective_agreement_0224,adjective_agreement,"masc noun, neut adj",-39.4268798828125,-43.83640670776367,8,8,1,-7.890624918101821,10.828125426196493,1
Qwen/Qwen2.5-3B-Instruct,adjective_agreement_0225,adjective_agreement,"masc noun, neut adj",-27.127647399902344,-30.80655288696289,6,6,1,-7.578124975319952,8.531249722320354,1
Qwen/Qwen2.5-3B-Instruct,adjective_agreement_0226,adjective_agreement,"neut noun, femn adj",-44.318763732910156,-36.34668731689453,8,8,0,-6.937500112340786,13.406249562074663,1
Qwen/Qwen2.5-3B-Instruct,adjective_agreement_0227,adjective_agreement,"femn noun, masc adj",-38.75984191894531,-44.410491943359375,13,14,1,10.531250024898327,15.062500362895662,1
Qwen/Qwen2.5-3B-Instruct,adjective_agreement_0228,adjective_agreement,"femn noun, masc adj",-34.149295806884766,-37.84686279296875,7,7,1,11.156249636143912,12.421875373125658,1
Qwen/Qwen2.5-3B-Instruct,adjective_agreement_0229,adjective_agreement,"masc noun, neut adj",-40.657867431640625,-41.61166000366211,7,7,1,2.9062501043081284,8.65625040140003,1
Qwen/Qwen2.5-3B-Instruct,adjective_agreement_0230,adjective_agreement,"masc noun, femn adj",-39.8436279296875,-43.652198791503906,14,14,1,2.8750000782310963,10.312500249172444,1
Qwen/Qwen2.5-3B-Instruct,adjective_agreement_0231,adjective_agreement,"masc noun, femn adj",-36.2271728515625,-38.24273681640625,9,8,1,7.124999859603122,13.078124555468094,1
Qwen/Qwen2.5-3B-Instruct,adjective_agreement_0232,adjective_agreement,"masc noun, femn adj",-30.06805419921875,-41.66749572753906,7,7,1,-0.375,9.421874895051587,1
Qwen/Qwen2.5-3B-Instruct,adjective_agreement_0233,adjective_agreement,"neut noun, masc adj",-36.780853271484375,-39.063411712646484,10,10,1,-8.296875236846972,9.14062472328078,1
Qwen/Qwen2.5-3B-Instruct,adjective_agreement_0234,adjective_agreement,"masc noun, femn adj",-38.76763153076172,-45.37077713012695,9,8,1,-4.531250125728548,11.328124795516487,1
Qwen/Qwen2.5-3B-Instruct,adjective_agreement_0235,adjective_agreement,"masc noun, femn adj",-36.63990020751953,-41.230770111083984,13,13,1,3.343749899417162,14.09374953765655,1
Qwen/Qwen2.5-3B-Instruct,adjective_agreement_0236,adjective_agreement,"masc noun, neut adj",-34.85888671875,-36.42350769042969,7,7,1,3.718749949708581,13.750000129148248,1
Qwen/Qwen2.5-3B-Instruct,adjective_agreement_0237,adjective_agreement,"masc noun, femn adj",-33.009681701660156,-34.001197814941406,8,8,1,5.156249874737114,9.203124780557118,1
Qwen/Qwen2.5-3B-Instruct,adjective_agreement_0238,adjective_agreement,"masc noun, femn adj",-27.813194274902344,-35.36675262451172,8,7,1,-6.921875031432137,11.234375136482413,1
Qwen/Qwen2.5-3B-Instruct,adjective_agreement_0239,adjective_agreement,"femn noun, masc adj",-26.91558837890625,-33.884578704833984,9,9,1,-5.9062500316649675,14.906250248473953,1
Qwen/Qwen2.5-3B-Instruct,adjective_agreement_0240,adjective_agreement,"femn noun, masc adj",-48.4547119140625,-50.27873229980469,12,12,1,-2.0937499701976776,10.9531246573315,1
Qwen/Qwen2.5-3B-Instruct,adjective_agreement_0241,adjective_agreement,"masc noun, femn adj",-35.58250427246094,-38.66998291015625,6,6,1,3.5937499422580004,9.81249955741805,1
Qwen/Qwen2.5-3B-Instruct,adjective_agreement_0242,adjective_agreement,"masc noun, femn adj",-40.75044250488281,-43.864051818847656,8,8,1,-0.5312499701976776,11.749999653489795,1
Qwen/Qwen2.5-3B-Instruct,adjective_agreement_0243,adjective_agreement,"masc noun, neut adj",-33.635501861572266,-38.241119384765625,9,9,1,-7.125000231841113,10.406249826628482,1
Qwen/Qwen2.5-3B-Instruct,adjective_agreement_0244,adjective_agreement,"neut noun, masc adj",-25.682641983032227,-29.904945373535156,6,6,1,-8.156249624560587,9.078124929132173,1
Qwen/Qwen2.5-3B-Instruct,adjective_agreement_0245,adjective_agreement,"neut noun, femn adj",-44.77287673950195,-40.52976989746094,6,6,0,-5.468749805353582,11.921874780920916,1
Qwen/Qwen2.5-3B-Instruct,adjective_agreement_0246,adjective_agreement,"neut noun, masc adj",-25.739112854003906,-30.89736557006836,6,6,1,-7.0625001195585355,5.3750002374872565,0
Qwen/Qwen2.5-3B-Instruct,adjective_agreement_0247,adjective_agreement,"masc noun, neut adj",-39.15474319458008,-43.775306701660156,17,17,1,-5.546875120140612,10.60937479120912,1
Qwen/Qwen2.5-3B-Instruct,adjective_agreement_0248,adjective_agreement,"masc noun, neut adj",-28.819015502929688,-30.130657196044922,7,7,1,-9.37500008288771,7.546875171421561,0
Qwen/Qwen2.5-3B-Instruct,adjective_agreement_0249,adjective_agreement,"neut noun, femn adj",-38.191741943359375,-38.520118713378906,9,9,1,-5.874999905703589,11.406250124404323,1
Qwen/Qwen2.5-3B-Instruct,adjective_agreement_0250,adjective_agreement,"neut noun, masc adj",-49.23951721191406,-46.15510940551758,14,14,0,-11.843749545063474,8.562500300584361,0
Qwen/Qwen2.5-3B-Instruct,adjective_agreement_0251,adjective_agreement,"femn noun, neut adj",-29.056377410888672,-35.34736251831055,7,7,1,-6.328125156345777,8.109374723630026,1
Qwen/Qwen2.5-3B-Instruct,adjective_agreement_0252,adjective_agreement,"femn noun, neut adj",-46.57082748413086,-52.39945983886719,13,13,1,3.9062500093132257,12.359375015905243,1
Qwen/Qwen2.5-3B-Instruct,adjective_agreement_0253,adjective_agreement,"femn noun, neut adj",-41.99897003173828,-40.95574188232422,8,8,0,-1.8749999850988388,11.312500024898327,1
Qwen/Qwen2.5-3B-Instruct,adjective_agreement_0254,adjective_agreement,"masc noun, femn adj",-48.20386505126953,-51.047481536865234,15,15,1,2.8437500819563866,11.500000250322046,1
Qwen/Qwen2.5-3B-Instruct,adjective_agreement_0255,adjective_agreement,"femn noun, neut adj",-27.779155731201172,-36.127811431884766,9,9,1,-3.6562500577419996,14.374999776031473,1
Qwen/Qwen2.5-3B-Instruct,adjective_agreement_0256,adjective_agreement,"neut noun, femn adj",-33.14787673950195,-39.358585357666016,8,8,1,-7.968750064144842,9.2500001701992,1
Qwen/Qwen2.5-3B-Instruct,adjective_agreement_0257,adjective_agreement,"neut noun, masc adj",-36.28378677368164,-37.49083709716797,10,10,1,-8.734374540916178,11.015624969266355,1
Qwen/Qwen2.5-3B-Instruct,adjective_agreement_0258,adjective_agreement,"masc noun, neut adj",-39.79942321777344,-49.642913818359375,14,13,1,-9.999999768377165,11.96875012449891,1
Qwen/Qwen2.5-3B-Instruct,adjective_agreement_0259,adjective_agreement,"neut noun, femn adj",-47.26902770996094,-47.394020080566406,9,9,1,-7.124999776016921,10.093750140003976,1
Qwen/Qwen2.5-3B-Instruct,adjective_agreement_0260,adjective_agreement,"neut noun, masc adj",-43.907012939453125,-45.11280822753906,14,14,1,-7.968749879481038,9.187499566702172,1
Qwen/Qwen2.5-3B-Instruct,adjective_agreement_0261,adjective_agreement,"masc noun, femn adj",-28.864192962646484,-34.73023223876953,8,8,1,-0.40625,12.562499646337528,1
Qwen/Qwen2.5-3B-Instruct,adjective_agreement_0262,adjective_agreement,"masc noun, femn adj",-38.13652038574219,-48.62260818481445,15,14,1,-7.093750050698873,13.250000123931386,1
Qwen/Qwen2.5-3B-Instruct,adjective_agreement_0263,adjective_agreement,"femn noun, masc adj",-33.12811279296875,-40.83742141723633,7,7,1,-0.0625,14.046874890904292,1
Qwen/Qwen2.5-3B-Instruct,adjective_agreement_0264,adjective_agreement,"femn noun, masc adj",-40.046112060546875,-42.722530364990234,13,13,1,11.828125362320861,14.203124887244485,1
Qwen/Qwen2.5-3B-Instruct,adjective_agreement_0265,adjective_agreement,"masc noun, femn adj",-27.43286895751953,-28.32108497619629,7,7,1,-2.4374999403953552,13.578125246669515,1
Qwen/Qwen2.5-3B-Instruct,adjective_agreement_0266,adjective_agreement,"masc noun, neut adj",-34.34355163574219,-32.94539260864258,7,7,0,-4.156250057742,7.062499839812517,1
Qwen/Qwen2.5-3B-Instruct,adjective_agreement_0267,adjective_agreement,"femn noun, masc adj",-37.2591552734375,-44.132904052734375,12,12,1,10.609375012223609,13.90625000611908,1
Qwen/Qwen2.5-3B-Instruct,adjective_agreement_0268,adjective_agreement,"masc noun, femn adj",-35.110164642333984,-48.85469055175781,9,8,1,-1.937499925494194,11.453124920924893,1
Qwen/Qwen2.5-3B-Instruct,adjective_agreement_0269,adjective_agreement,"femn noun, masc adj",-31.951316833496094,-36.61107635498047,7,7,1,8.62499957648106,11.968750160100171,1
Qwen/Qwen2.5-3B-Instruct,adjective_agreement_0270,adjective_agreement,"masc noun, neut adj",-31.804824829101562,-40.601051330566406,9,9,1,-11.468750327941962,9.625000412896043,0
Qwen/Qwen2.5-3B-Instruct,adjective_agreement_0271,adjective_agreement,"femn noun, neut adj",-40.96625518798828,-46.42185592651367,13,13,1,-8.421874812367605,10.968749529019988,1
Qwen/Qwen2.5-3B-Instruct,adjective_agreement_0272,adjective_agreement,"masc noun, neut adj",-43.33045196533203,-44.595428466796875,13,13,1,-11.203125014901161,7.7500000618747436,0
Qwen/Qwen2.5-3B-Instruct,adjective_agreement_0273,adjective_agreement,"neut noun, masc adj",-44.653541564941406,-45.608184814453125,13,13,1,-9.687499907668098,8.406249813589966,0
Qwen/Qwen2.5-3B-Instruct,adjective_agreement_0274,adjective_agreement,"neut noun, femn adj",-43.44584655761719,-45.702144622802734,15,15,1,-10.984374765532266,10.484375123050995,0
Qwen/Qwen2.5-3B-Instruct,adjective_agreement_0275,adjective_agreement,"femn noun, neut adj",-38.34709167480469,-41.55598449707031,9,9,1,-11.234375400934368,13.64062501891749,1
Qwen/Qwen2.5-3B-Instruct,adjective_agreement_0276,adjective_agreement,"neut noun, masc adj",-42.007606506347656,-42.72474670410156,12,12,1,-9.718750030267984,8.499999970867066,0
Qwen/Qwen2.5-3B-Instruct,adjective_agreement_0277,adjective_agreement,"femn noun, neut adj",-28.232736587524414,-35.04486083984375,8,8,1,-6.093750075669959,12.671874526720785,1
Qwen/Qwen2.5-3B-Instruct,adjective_agreement_0278,adjective_agreement,"masc noun, neut adj",-27.61328125,-31.988292694091797,7,7,1,-6.953125059604645,6.09374988428317,0
Qwen/Qwen2.5-3B-Instruct,adjective_agreement_0279,adjective_agreement,"masc noun, neut adj",-30.975799560546875,-32.48405075073242,6,6,1,-6.359374970663339,7.812499855295755,1
Qwen/Qwen2.5-3B-Instruct,adjective_agreement_0280,adjective_agreement,"masc noun, femn adj",-42.75395202636719,-47.594844818115234,12,12,1,-6.500000017462298,9.76562477927655,1
Qwen/Qwen2.5-3B-Instruct,adjective_agreement_0281,adjective_agreement,"femn noun, neut adj",-40.778900146484375,-55.23865509033203,16,16,1,-0.15625,14.37499988431955,1
Qwen/Qwen2.5-3B-Instruct,adjective_agreement_0282,adjective_agreement,"masc noun, femn adj",-34.99146270751953,-42.03132629394531,9,8,1,-2.9687500037252903,11.437500257859938,1
Qwen/Qwen2.5-3B-Instruct,adjective_agreement_0283,adjective_agreement,"masc noun, neut adj",-42.31132888793945,-48.97547149658203,12,12,1,-6.718749942607246,8.640625186555553,1
Qwen/Qwen2.5-3B-Instruct,adjective_agreement_0284,adjective_agreement,"neut noun, femn adj",-38.96879196166992,-40.02899169921875,8,8,1,0.0,6.078124779742211,1
Qwen/Qwen2.5-3B-Instruct,adjective_agreement_0285,adjective_agreement,"femn noun, masc adj",-31.03241539001465,-38.762020111083984,6,6,1,-5.656249977415428,12.89062536599522,1
Qwen/Qwen2.5-3B-Instruct,adjective_agreement_0286,adjective_agreement,"neut noun, femn adj",-50.79270935058594,-44.815467834472656,8,8,0,-10.51562489954813,10.687499687017407,1
Qwen/Qwen2.5-3B-Instruct,adjective_agreement_0287,adjective_agreement,"neut noun, femn adj",-38.25680160522461,-41.59381103515625,14,14,1,-9.406249897394446,9.796875137195457,1
Qwen/Qwen2.5-3B-Instruct,adjective_agreement_0288,adjective_agreement,"masc noun, neut adj",-41.7496452331543,-48.701499938964844,7,7,1,-6.187499822350219,10.140625226544216,1
Qwen/Qwen2.5-3B-Instruct,adjective_agreement_0289,adjective_agreement,"neut noun, masc adj",-42.46430206298828,-43.454750061035156,15,15,1,-9.71874953765655,10.156250375206582,1
Qwen/Qwen2.5-3B-Instruct,adjective_agreement_0290,adjective_agreement,"neut noun, femn adj",-39.952735900878906,-38.21510314941406,8,8,0,0.5000000298023224,13.703124782259692,1
Qwen/Qwen2.5-3B-Instruct,adjective_agreement_0291,adjective_agreement,"femn noun, neut adj",-36.003910064697266,-45.64802551269531,14,15,1,6.406249985913746,16.078125723084668,1
Qwen/Qwen2.5-3B-Instruct,adjective_agreement_0292,adjective_agreement,"femn noun, masc adj",-30.12240982055664,-37.31287384033203,7,7,1,1.9062499552965164,13.546875126645318,1
Qwen/Qwen2.5-3B-Instruct,adjective_agreement_0293,adjective_agreement,"masc noun, femn adj",-48.228553771972656,-49.83613586425781,12,12,1,1.9687498807907104,10.656250006330083,1
Qwen/Qwen2.5-3B-Instruct,adjective_agreement_0294,adjective_agreement,"femn noun, masc adj",-41.70490264892578,-47.565834045410156,6,6,1,-3.2187499552965164,11.437499922845745,1
Qwen/Qwen2.5-3B-Instruct,adjective_agreement_0295,adjective_agreement,"femn noun, neut adj",-30.355085372924805,-37.18525314331055,6,6,1,-6.23437490244396,13.953125247950084,1
Qwen/Qwen2.5-3B-Instruct,adjective_agreement_0296,adjective_agreement,"neut noun, femn adj",-28.6314697265625,-32.839111328125,7,7,1,6.093749932479113,12.749999530788045,1
Qwen/Qwen2.5-3B-Instruct,adjective_agreement_0297,adjective_agreement,"femn noun, masc adj",-38.37065124511719,-40.09613800048828,8,8,1,1.34375,13.359374544670573,1
Qwen/Qwen2.5-3B-Instruct,adjective_agreement_0298,adjective_agreement,"femn noun, neut adj",-36.117431640625,-40.14396667480469,7,7,1,-8.031249959894922,9.703125034895493,1
Qwen/Qwen2.5-3B-Instruct,adjective_agreement_0299,adjective_agreement,"neut noun, masc adj",-43.86601257324219,-41.88969802856445,6,6,0,-8.968750111933332,9.187500135216396,1
Qwen/Qwen2.5-3B-Instruct,calques_0000,calques,subtle: брати участь,-34.41246795654297,-33.877742767333984,11,13,0,-3.812500039115548,8.562499916966772,1
Qwen/Qwen2.5-3B-Instruct,calques_0001,calques,subtle: брати участь,-63.1260986328125,-55.22911834716797,14,15,0,3.6249999068677425,5.375000107102096,1
Qwen/Qwen2.5-3B-Instruct,calques_0002,calques,subtle: брати участь,-39.455810546875,-42.94371032714844,17,15,1,-6.437499844818376,7.484374842431862,1
Qwen/Qwen2.5-3B-Instruct,calques_0003,calques,subtle: брати участь,-39.54792022705078,-39.3141975402832,15,18,0,-5.03124980116263,8.84375038734288,1
Qwen/Qwen2.5-3B-Instruct,calques_0004,calques,subtle: вживати заходів,-53.69267272949219,-44.20745086669922,15,14,0,-10.375000403786544,-7.328124948136974,0
Qwen/Qwen2.5-3B-Instruct,calques_0005,calques,subtle: вживати заходів,-54.01673889160156,-44.565216064453125,15,13,0,-11.656249886924343,-4.812500182539225,0
Qwen/Qwen2.5-3B-Instruct,calques_0006,calques,subtle: вживати заходів,-58.87735366821289,-47.110496520996094,14,14,0,-10.796875264553819,-3.0937498956918716,0
Qwen/Qwen2.5-3B-Instruct,calques_0007,calques,subtle: вживати заходів,-44.039306640625,-36.43520736694336,14,13,0,-9.765624663850758,-4.00000006146729,0
Qwen/Qwen2.5-3B-Instruct,calques_0008,calques,subtle: протягом,-55.85559844970703,-48.070587158203125,18,17,0,-12.250000156374881,9.484375378189725,0
Qwen/Qwen2.5-3B-Instruct,calques_0009,calques,subtle: протягом,-34.306434631347656,-43.43943405151367,14,14,1,-10.421875160100171,10.46875025377085,1
Qwen/Qwen2.5-3B-Instruct,calques_0010,calques,subtle: протягом,-66.7606430053711,-53.70954132080078,14,13,0,-9.156250216183253,6.015625115018338,0
Qwen/Qwen2.5-3B-Instruct,calques_0011,calques,subtle: протягом,-41.03919982910156,-47.398353576660156,16,16,1,-9.375000033149263,5.937500018393621,0
Qwen/Qwen2.5-3B-Instruct,calques_0012,calques,subtle: збігатися,-47.27254104614258,-45.93318176269531,12,13,0,-10.656250261803507,5.968749921536073,0
Qwen/Qwen2.5-3B-Instruct,calques_0013,calques,subtle: збігатися,-41.840248107910156,-43.11957550048828,12,11,1,-10.843749683932401,9.750000146916136,0
Qwen/Qwen2.5-3B-Instruct,calques_0014,calques,subtle: збігатися,-28.162002563476562,-28.719078063964844,10,11,1,-8.687500177125912,9.43750039167935,1
Qwen/Qwen2.5-3B-Instruct,calques_0015,calques,subtle: збігатися,-20.16545295715332,-16.4638614654541,11,12,0,-9.109375429863576,7.578125029162038,0
Qwen/Qwen2.5-3B-Instruct,calques_0016,calques,subtle: стосуватися,-47.23320007324219,-49.567298889160156,12,13,1,-9.953125026193447,9.171875385058229,0
Qwen/Qwen2.5-3B-Instruct,calques_0017,calques,subtle: стосуватися,-29.898386001586914,-32.98769760131836,11,12,1,-2.7187500596046448,-1.7500000596046448,0
Qwen/Qwen2.5-3B-Instruct,calques_0018,calques,subtle: стосуватися,-39.491554260253906,-35.09974670410156,11,12,0,-9.218749554478563,2.4687500596046448,0
Qwen/Qwen2.5-3B-Instruct,calques_0019,calques,subtle: завдяки,-43.44381332397461,-51.39557647705078,14,14,1,9.265625212050509,10.796874833700713,1
Qwen/Qwen2.5-3B-Instruct,calques_0020,calques,subtle: завдяки,-73.2364273071289,-86.68560791015625,15,15,1,3.093750022351742,-2.1562500819563866,1
Qwen/Qwen2.5-3B-Instruct,calques_0021,calques,subtle: завдяки,-49.96876525878906,-60.108089447021484,11,12,1,2.7187499031424522,10.48437539866427,1
Qwen/Qwen2.5-3B-Instruct,calques_0022,calques,subtle: завдяки,-46.84135818481445,-56.72840118408203,12,12,1,9.437500166939571,7.50000020978041,1
Qwen/Qwen2.5-3B-Instruct,calques_0023,calques,subtle: доводиться,-51.13017654418945,-53.393455505371094,15,15,1,-10.343749536536052,7.750000100117177,0
Qwen/Qwen2.5-3B-Instruct,calques_0024,calques,subtle: доводиться,-48.52543640136719,-52.867496490478516,9,10,1,-9.578124727355316,6.703124800464138,0
Qwen/Qwen2.5-3B-Instruct,calques_0025,calques,subtle: доводиться,-53.15528869628906,-46.5067253112793,11,11,0,-8.531250319676474,9.46875016571721,1
Qwen/Qwen2.5-3B-Instruct,calques_0026,calques,subtle: доводиться,-53.03890609741211,-53.91826248168945,11,12,1,-8.781249985098839,5.6562500891741365,0
Qwen/Qwen2.5-3B-Instruct,calques_0027,calques,subtle: наступний,-41.02976608276367,-54.651424407958984,11,14,1,1.9687500149011612,10.140625139625627,1
Qwen/Qwen2.5-3B-Instruct,calques_0028,calques,subtle: наступний,-38.72743225097656,-41.28931427001953,18,20,1,-12.265625239248038,10.98437535870471,0
Qwen/Qwen2.5-3B-Instruct,calques_0029,calques,subtle: наступний,-58.78300476074219,-65.2213134765625,13,16,1,-6.5937501293374225,7.625000059837475,1
Qwen/Qwen2.5-3B-Instruct,calques_0030,calques,subtle: наступний,-36.80574035644531,-45.11061477661133,12,15,1,-13.578125122563506,14.000000239637302,1
Qwen/Qwen2.5-3B-Instruct,calques_0031,calques,subtle: будь-який,-41.501182556152344,-49.10101318359375,11,8,1,-4.374999768100679,9.34375039630686,1
Qwen/Qwen2.5-3B-Instruct,calques_0032,calques,subtle: будь-який,-38.809452056884766,-41.44902038574219,18,15,1,-4.218750173225999,5.250000129919499,1
Qwen/Qwen2.5-3B-Instruct,calques_0033,calques,subtle: будь-який,-38.64696502685547,-29.849491119384766,10,7,0,-9.640624794061296,10.265624801482772,1
Qwen/Qwen2.5-3B-Instruct,calques_0034,calques,subtle: виняток,-42.76896667480469,-45.93585968017578,16,18,1,9.687499815452611,11.765624542735168,1
Qwen/Qwen2.5-3B-Instruct,calques_0035,calques,subtle: виняток,-36.26506805419922,-32.000152587890625,12,10,0,-9.265624546897016,11.281249651845428,1
Qwen/Qwen2.5-3B-Instruct,calques_0036,calques,subtle: виняток,-58.895729064941406,-48.0301628112793,11,12,0,-10.734374795778422,11.078125385509338,1
Qwen/Qwen2.5-3B-Instruct,calques_0037,calques,subtle: щодо,-35.20418930053711,-38.740989685058594,16,18,1,-7.999999966879841,7.921875100204488,0
Qwen/Qwen2.5-3B-Instruct,calques_0038,calques,subtle: щодо,-33.901824951171875,-51.57710266113281,14,15,1,-2.8437501043081284,12.937499951047357,1
Qwen/Qwen2.5-3B-Instruct,calques_0039,calques,subtle: щодо,-42.615928649902344,-53.05767822265625,13,15,1,-5.171875013504177,9.703125280910172,1
Qwen/Qwen2.5-3B-Instruct,calques_0040,calques,subtle: вважати,-38.747825622558594,-35.09954071044922,15,13,0,6.249999871710315,11.031250308908056,1
Qwen/Qwen2.5-3B-Instruct,calques_0041,calques,subtle: вважати,-43.82732391357422,-51.80412292480469,14,13,1,6.0000002139713615,11.50000039630686,1
Qwen/Qwen2.5-3B-Instruct,calques_0042,calques,subtle: вважати,-50.43580627441406,-51.576175689697266,15,14,1,9.281249720428605,9.281250065308996,1
Qwen/Qwen2.5-3B-Instruct,calques_0043,calques,subtle: вважати,-44.21293258666992,-36.93040466308594,12,10,0,-5.937500054715201,9.968749769293936,1
Qwen/Qwen2.5-3B-Instruct,calques_0044,calques,subtle: наводити приклад,-43.726531982421875,-39.560272216796875,10,10,0,-10.937500263054972,10.67187538483995,0
Qwen/Qwen2.5-3B-Instruct,calques_0045,calques,subtle: наводити приклад,-30.42029571533203,-29.252521514892578,13,13,0,-14.218750360734703,13.640625122563506,0
Qwen/Qwen2.5-3B-Instruct,calques_0046,calques,subtle: наводити приклад,-44.59087371826172,-44.98794937133789,14,14,1,-8.843750266096322,7.359375138243195,0
Qwen/Qwen2.5-3B-Instruct,calques_0047,calques,subtle: укладати договір,-48.12134552001953,-40.06256103515625,11,11,0,-13.593749900668627,-5.828125221421942,0
Qwen/Qwen2.5-3B-Instruct,calques_0048,calques,subtle: укладати договір,-54.52216339111328,-56.013648986816406,11,11,1,-13.062500042287866,8.421875325526344,0
Qwen/Qwen2.5-3B-Instruct,calques_0049,calques,subtle: укладати договір,-45.059417724609375,-30.87405776977539,11,11,0,-13.171874792140443,1.8437499552965164,0
Qwen/Qwen2.5-3B-Instruct,calques_0050,calques,subtle: складати іспит,-42.343650817871094,-41.180633544921875,11,10,0,-10.718750398984412,6.031250204425305,0
Qwen/Qwen2.5-3B-Instruct,calques_0051,calques,subtle: складати іспит,-39.93806457519531,-36.65998840332031,12,12,0,-12.312500243504473,9.999999651583494,0
Qwen/Qwen2.5-3B-Instruct,calques_0052,calques,subtle: навчальний,-35.22028350830078,-38.40114212036133,9,8,1,-6.468749859253876,9.296874542182195,1
Qwen/Qwen2.5-3B-Instruct,calques_0053,calques,subtle: навчальний,-38.00647735595703,-49.07954788208008,14,13,1,-11.718749528321496,12.250000128362444,1
Qwen/Qwen2.5-3B-Instruct,calques_0054,calques,subtle: навчальний,-35.109100341796875,-41.315223693847656,13,12,1,-10.10937502082379,6.562499926658347,0
Qwen/Qwen2.5-3B-Instruct,calques_0055,calques,subtle: зіставляти,-37.69974899291992,-41.03125,12,13,1,-5.765624949708581,5.7812497657723725,1
Qwen/Qwen2.5-3B-Instruct,calques_0056,calques,subtle: зіставляти,-48.249366760253906,-43.49835968017578,13,14,0,-7.328124883584678,6.765624939813279,0
Qwen/Qwen2.5-3B-Instruct,calques_0057,calques,subtle: зіставляти,-32.38290023803711,-41.233428955078125,14,16,1,-9.562500417086994,11.296874804218533,1
Qwen/Qwen2.5-3B-Instruct,calques_0058,calques,subtle: співпрацювати,-37.139732360839844,-59.16877746582031,14,15,1,6.99999994749669,13.562500008163624,1
Qwen/Qwen2.5-3B-Instruct,calques_0059,calques,subtle: співпрацювати,-55.998146057128906,-64.70594787597656,13,14,1,0.625,12.062499529551133,1
Qwen/Qwen2.5-3B-Instruct,calques_0060,calques,subtle: перепрошую,-51.462066650390625,-48.524879455566406,12,14,0,-1.3125000596046448,9.99999992622179,1
Qwen/Qwen2.5-3B-Instruct,calques_0061,calques,subtle: перепрошую,-61.87767791748047,-45.248817443847656,10,12,0,-6.734375061234459,8.718750397645636,1
Qwen/Qwen2.5-3B-Instruct,calques_0062,calques,subtle: перепрошую,-47.391380310058594,-43.41548156738281,11,13,0,-8.468750041734893,9.35937456341344,1
Qwen/Qwen2.5-3B-Instruct,calques_0063,calques,subtle: захід,-36.1391716003418,-52.46964645385742,15,19,1,1.5312499701976776,-4.843750116415322,0
Qwen/Qwen2.5-3B-Instruct,calques_0064,calques,subtle: захід,-42.14654541015625,-63.59538269042969,16,20,1,-8.015625468047801,-6.999999816878699,0
Qwen/Qwen2.5-3B-Instruct,calques_0065,calques,subtle: висновок,-34.23373031616211,-38.98930740356445,13,13,1,-5.312500013504177,7.906250056461431,1
Qwen/Qwen2.5-3B-Instruct,calques_0066,calques,subtle: висновок,-24.327213287353516,-28.784931182861328,12,12,1,-11.437499889099854,12.359375007799827,1
Qwen/Qwen2.5-3B-Instruct,calques_0067,calques,subtle: бути,-25.477033615112305,-31.041034698486328,7,8,1,-9.484375051630195,11.156250363193976,1
Qwen/Qwen2.5-3B-Instruct,calques_0068,calques,subtle: бути,-25.661954879760742,-27.89514923095703,12,13,1,-7.640624996740371,10.890625131272827,1
Qwen/Qwen2.5-3B-Instruct,calques_0069,calques,subtle: бути,-31.321372985839844,-34.650291442871094,9,10,1,-12.234375269559678,12.593750129293767,1
Qwen/Qwen2.5-3B-Instruct,calques_0070,calques,subtle: становити,-50.409828186035156,-48.082313537597656,13,15,0,1.09375,11.296875400934368,1
Qwen/Qwen2.5-3B-Instruct,calques_0071,calques,subtle: становити,-54.12939453125,-56.59722900390625,16,18,1,-8.578125439205905,11.140625378568075,1
Qwen/Qwen2.5-3B-Instruct,calques_0072,calques,subtle: становити,-30.892269134521484,-34.6561279296875,17,19,1,-3.6874998845160007,9.65624967511394,1
Qwen/Qwen2.5-3B-Instruct,calques_0073,calques,subtle: ймовірно,-40.788673400878906,-52.99143981933594,14,14,1,-4.781249839812517,10.749999525556632,1
Qwen/Qwen2.5-3B-Instruct,calques_0074,calques,subtle: ймовірно,-27.126115798950195,-31.722423553466797,14,13,1,0.0625,8.796875138301402,1
Qwen/Qwen2.5-3B-Instruct,calques_0075,calques,subtle: ймовірно,-69.52281951904297,-73.0774917602539,16,16,1,-4.85937494924292,6.093749901745468,1
Qwen/Qwen2.5-3B-Instruct,calques_0076,calques,subtle: брати до уваги,-36.18628692626953,-35.37070083618164,11,12,0,-7.156249901978299,9.29687465421739,1
Qwen/Qwen2.5-3B-Instruct,calques_0077,calques,subtle: брати до уваги,-63.53449249267578,-43.293357849121094,16,19,0,-9.578124699473847,-0.28125,0
Qwen/Qwen2.5-3B-Instruct,calques_0078,calques,subtle: порушити питання,-53.98088073730469,-39.862159729003906,12,14,0,-12.843749669526005,-5.890625116415322,0
Qwen/Qwen2.5-3B-Instruct,calques_0079,calques,subtle: порушити питання,-52.613037109375,-38.740203857421875,16,16,0,-10.578124918276444,-7.015624965191819,0
Qwen/Qwen2.5-3B-Instruct,calques_0080,calques,subtle: оцінка,-31.621768951416016,-40.80561065673828,14,16,1,-7.875000224332325,11.359375243126124,1
Qwen/Qwen2.5-3B-Instruct,calques_0081,calques,subtle: оцінка,-44.95319747924805,-52.640377044677734,13,15,1,-9.000000056345016,10.60937538460712,1
Qwen/Qwen2.5-3B-Instruct,calques_0082,calques,subtle: бо (так як),-35.18310546875,-38.81166458129883,15,17,1,-7.375000121770427,9.781250268395524,1
Qwen/Qwen2.5-3B-Instruct,calques_0083,calques,subtle: бо (так як),-71.88970947265625,-77.86241149902344,17,19,1,-7.8749998009298,8.218749638122972,1
Qwen/Qwen2.5-3B-Instruct,calques_0084,calques,subtle: досі,-28.945831298828125,-40.22654342651367,11,14,1,-4.031249890103936,8.40625039927545,1
Qwen/Qwen2.5-3B-Instruct,calques_0085,calques,subtle: досі,-40.858985900878906,-52.03562927246094,13,16,1,-5.499999997671694,10.359374656356522,1
Qwen/Qwen2.5-3B-Instruct,calques_0086,calques,subtle: незважаючи,-57.391441345214844,-77.51895141601562,20,19,1,-5.703125028871,8.593750313855708,1
Qwen/Qwen2.5-3B-Instruct,calques_0087,calques,subtle: незважаючи,-34.610740661621094,-41.54584884643555,20,19,1,-6.734374824329279,9.531250179745257,1
Qwen/Qwen2.5-3B-Instruct,calques_0088,calques,subtle: зрештою,-49.22037887573242,-55.31231689453125,10,18,1,1.21875,7.062499894644134,1
Qwen/Qwen2.5-3B-Instruct,calques_0089,calques,subtle: принаймні,-55.26702880859375,-48.947975158691406,12,15,0,-6.765624966705218,7.062499844992999,1
Qwen/Qwen2.5-3B-Instruct,calques_0090,calques,overt: отримувати,-30.504316329956055,-33.21818542480469,7,5,1,-10.890625010360964,11.67187493154779,1
Qwen/Qwen2.5-3B-Instruct,calques_0091,calques,overt: отримувати,-31.29369354248047,-34.18396759033203,10,7,1,-7.171875195170287,12.812500137733878,1
Qwen/Qwen2.5-3B-Instruct,calques_0092,calques,overt: отримувати,-33.383304595947266,-34.75312042236328,13,11,1,-12.468750003441528,11.390624543695594,0
Qwen/Qwen2.5-3B-Instruct,calques_0093,calques,overt: визначити,-35.04004669189453,-40.17041778564453,10,10,1,-10.046874826977728,10.843750294996426,1
Qwen/Qwen2.5-3B-Instruct,calques_0094,calques,overt: визначити,-37.3355827331543,-43.38902282714844,12,12,1,6.734375132829882,9.234375301923137,1
Qwen/Qwen2.5-3B-Instruct,calques_0095,calques,overt: подобатися,-31.903186798095703,-29.709007263183594,13,11,0,1.3437500149011612,12.578124545674655,1
Qwen/Qwen2.5-3B-Instruct,calques_0096,calques,overt: подобатися,-36.79829406738281,-38.08340835571289,10,8,1,-12.04687501360604,12.437499786319677,1
Qwen/Qwen2.5-3B-Instruct,calques_0097,calques,overt: їсти,-35.5649299621582,-37.297828674316406,10,11,1,2.5312499031424522,11.390624812978785,1
Qwen/Qwen2.5-3B-Instruct,calques_0098,calques,overt: їсти,-34.47484588623047,-36.7404670715332,9,10,1,-9.28124992622179,11.203124785475666,1
Qwen/Qwen2.5-3B-Instruct,calques_0099,calques,overt: взагалі,-29.963882446289062,-18.878700256347656,7,4,0,-7.078124792082235,5.781250060768798,0
Qwen/Qwen2.5-3B-Instruct,calques_0100,calques,overt: взагалі,-34.29533386230469,-37.19768142700195,12,9,1,-7.046875098079909,6.265625190688297,0
Qwen/Qwen2.5-3B-Instruct,calques_0101,calques,overt: звичайно,-32.90768814086914,-38.76782989501953,11,11,1,-9.312499777690391,10.125000019485014,1
Qwen/Qwen2.5-3B-Instruct,calques_0102,calques,overt: дуже,-19.682878494262695,-20.709915161132812,10,8,1,-7.8125002323358785,11.687500021813321,1
Qwen/Qwen2.5-3B-Instruct,calques_0103,calques,overt: бувай,-39.35853576660156,-40.838890075683594,11,10,1,-7.453124849416781,9.671874826977728,1
Qwen/Qwen2.5-3B-Instruct,calques_0104,calques,overt: здаватися,-37.49700927734375,-46.01848602294922,14,13,1,-6.546874845633283,10.781249788487912,1
Qwen/Qwen2.5-3B-Instruct,calques_0105,calques,overt: заважати,-40.26721954345703,-36.2281379699707,12,13,0,-7.156249915424269,8.187499616673449,1
Qwen/Qwen2.5-3B-Instruct,calques_0106,calques,overt: заважати,-39.36846160888672,-42.16469955444336,9,9,1,-6.718750222586095,9.92187454632949,1
Qwen/Qwen2.5-3B-Instruct,calques_0107,calques,overt: виходити,-33.59037780761719,-36.1751708984375,7,7,1,-8.328125288768206,9.593749663661583,1
Qwen/Qwen2.5-3B-Instruct,calques_0108,calques,overt: виходити,-22.92623519897461,-36.516544342041016,8,8,1,-8.796874690800905,10.937499788269633,1
Qwen/Qwen2.5-3B-Instruct,calques_0109,calques,overt: вистачати,-22.291324615478516,-28.747055053710938,11,10,1,-2.7812499031424522,6.45312506868504,1
Qwen/Qwen2.5-3B-Instruct,calques_0110,calques,overt: вистачати,-59.96989059448242,-46.324012756347656,11,10,0,-10.500000056024874,9.156250157160684,0
Qwen/Qwen2.5-3B-Instruct,calques_0111,calques,overt: зараз,-33.93153381347656,-37.976173400878906,6,5,1,-5.765625103143975,10.125000009429641,1
Qwen/Qwen2.5-3B-Instruct,calques_0112,calques,overt: гаразд,-31.733566284179688,-30.49173927307129,9,8,0,-9.218749660634785,8.499999589344952,0
Qwen/Qwen2.5-3B-Instruct,calques_0113,calques,overt: колишній,-38.1712646484375,-42.55855941772461,14,12,1,9.265625204017852,12.156250263476977,1
Qwen/Qwen2.5-3B-Instruct,calques_0114,calques,subtle: стосуватися,-41.764915466308594,-50.95368957519531,14,15,1,-6.375000156345777,5.4687501499429345,0
Qwen/Qwen2.5-3B-Instruct,calques_0115,calques,subtle: будь-який,-33.143211364746094,-33.8349609375,16,13,1,-4.625000131316483,9.359375145155354,1
Qwen/Qwen2.5-3B-Instruct,calques_0116,calques,subtle: виняток,-61.55780029296875,-43.2338981628418,12,10,0,-6.875000165076926,10.468749652514816,1
Qwen/Qwen2.5-3B-Instruct,calques_0117,calques,subtle: щодо,-37.68648147583008,-48.2552490234375,20,21,1,5.765624806750566,1.3749999850988388,1
Qwen/Qwen2.5-3B-Instruct,calques_0118,calques,subtle: наводити приклад,-30.483928680419922,-24.864492416381836,8,8,0,-13.625000358271791,13.14062500088039,0
Qwen/Qwen2.5-3B-Instruct,calques_0119,calques,subtle: укладати договір,-63.44439697265625,-73.34683227539062,15,15,1,-9.359375427709892,-1.09375,0
Qwen/Qwen2.5-3B-Instruct,calques_0120,calques,subtle: складати іспит,-49.92861557006836,-48.53266906738281,18,17,0,-13.468750365034794,11.3593745448743,0
Qwen/Qwen2.5-3B-Instruct,calques_0121,calques,subtle: складати іспит,-48.63719177246094,-40.58027267456055,16,16,0,-9.109375013766112,-4.249999845400453,0
Qwen/Qwen2.5-3B-Instruct,calques_0122,calques,subtle: навчальний,-36.007835388183594,-51.066070556640625,10,10,1,-7.4843750623986125,8.687499764550012,1
Qwen/Qwen2.5-3B-Instruct,calques_0123,calques,subtle: зіставляти,-46.64221954345703,-62.4171142578125,12,14,1,-10.703124892301275,12.093750123305654,1
Qwen/Qwen2.5-3B-Instruct,calques_0124,calques,subtle: співпрацювати,-39.71133804321289,-59.93202209472656,20,21,1,-3.0625000186264515,11.500000434287358,1
Qwen/Qwen2.5-3B-Instruct,calques_0125,calques,subtle: співпрацювати,-32.87502670288086,-44.39045715332031,16,16,1,-0.53125,10.687499687308446,1
Qwen/Qwen2.5-3B-Instruct,calques_0126,calques,subtle: перепрошую,-52.716270446777344,-54.61214828491211,9,11,1,-4.000000175088644,9.453124574327376,1
Qwen/Qwen2.5-3B-Instruct,calques_0127,calques,subtle: захід,-37.384403228759766,-59.11357498168945,12,16,1,-2.1875000596046448,7.406249885156285,1
Qwen/Qwen2.5-3B-Instruct,calques_0128,calques,subtle: захід,-34.80402755737305,-55.93830490112305,11,15,1,-5.3749999566935,-8.499999565305188,0
Qwen/Qwen2.5-3B-Instruct,calques_0129,calques,subtle: висновок,-37.79444885253906,-40.939186096191406,14,14,1,6.84375009755604,10.312499654071871,1
Qwen/Qwen2.5-3B-Instruct,calques_0130,calques,subtle: висновок,-44.83775329589844,-43.69477844238281,11,11,0,6.640625206404366,12.750000377418473,1
Qwen/Qwen2.5-3B-Instruct,calques_0131,calques,subtle: бути,-39.69066619873047,-46.22343444824219,12,13,1,-9.750000265310518,10.765625253436156,1
Qwen/Qwen2.5-3B-Instruct,calques_0132,calques,subtle: становити,-37.526004791259766,-36.849205017089844,9,11,0,-4.625000091269612,8.656249747727998,1
Qwen/Qwen2.5-3B-Instruct,calques_0133,calques,subtle: ймовірно,-35.54448699951172,-54.89927673339844,13,13,1,3.9062499925494194,5.4999999310821295,1
Qwen/Qwen2.5-3B-Instruct,calques_0134,calques,subtle: брати до уваги,-51.37345886230469,-46.803627014160156,13,14,0,-3.343750111758709,9.125000027284841,1
Qwen/Qwen2.5-3B-Instruct,calques_0135,calques,subtle: брати до уваги,-73.27752685546875,-40.67266845703125,13,14,0,-9.031250176136382,-2.5312501043081284,0
Qwen/Qwen2.5-3B-Instruct,calques_0136,calques,subtle: порушити питання,-49.920326232910156,-38.72477722167969,15,16,0,-10.390625026848284,-3.343749947845936,0
Qwen/Qwen2.5-3B-Instruct,calques_0137,calques,subtle: порушити питання,-46.31648635864258,-45.14052200317383,11,12,0,-11.250000044819899,0.0,0
Qwen/Qwen2.5-3B-Instruct,calques_0138,calques,subtle: оцінка,-48.17387008666992,-58.05486297607422,13,15,1,-14.000000239455403,14.281250119795004,1
Qwen/Qwen2.5-3B-Instruct,calques_0139,calques,subtle: оцінка,-51.855690002441406,-59.917694091796875,12,14,1,-10.171875129555701,12.171875005209586,1
Qwen/Qwen2.5-3B-Instruct,calques_0140,calques,subtle: бо (так як),-51.887428283691406,-58.67340087890625,15,17,1,-7.499999907100573,7.484375228174031,0
Qwen/Qwen2.5-3B-Instruct,calques_0141,calques,subtle: бо (так як),-51.89727020263672,-53.460227966308594,13,15,1,-7.421874976833351,8.28124985008617,1
Qwen/Qwen2.5-3B-Instruct,calques_0142,calques,subtle: досі,-39.47799301147461,-45.878211975097656,10,13,1,-7.218749911058694,9.375000145155354,1
Qwen/Qwen2.5-3B-Instruct,calques_0143,calques,subtle: досі,-37.38579177856445,-55.88890075683594,16,19,1,-7.4687502213637345,9.953124771578587,1
Qwen/Qwen2.5-3B-Instruct,calques_0144,calques,subtle: незважаючи,-64.49464416503906,-70.058837890625,21,20,1,-6.24999986239709,6.531250135740265,1
Qwen/Qwen2.5-3B-Instruct,calques_0145,calques,subtle: незважаючи,-59.997100830078125,-76.02764129638672,16,15,1,4.531249793246388,10.078124955034582,1
Qwen/Qwen2.5-3B-Instruct,calques_0146,calques,subtle: зрештою,-52.309326171875,-60.030521392822266,13,21,1,3.812500024214387,5.593749951804057,1
Qwen/Qwen2.5-3B-Instruct,calques_0147,calques,subtle: зрештою,-34.082542419433594,-49.48921203613281,12,20,1,9.625000409752829,9.26562537101563,1
Qwen/Qwen2.5-3B-Instruct,calques_0148,calques,subtle: зрештою,-44.97486877441406,-57.4912109375,16,24,1,3.312500037252903,8.343750298576197,1
Qwen/Qwen2.5-3B-Instruct,calques_0149,calques,subtle: принаймні,-43.49417495727539,-53.74300003051758,10,14,1,-9.06250015689875,8.98437454859959,0
Qwen/Qwen2.5-3B-Instruct,calques_0150,calques,subtle: принаймні,-57.4611701965332,-55.037384033203125,11,14,0,-7.1406249446445145,5.703124917577952,0
Qwen/Qwen2.5-3B-Instruct,calques_0151,calques,subtle: принаймні,-42.7586555480957,-52.88955307006836,12,16,1,-1.3437499850988388,8.859375318395905,1
Qwen/Qwen2.5-3B-Instruct,calques_0152,calques,overt: отримувати,-33.54273986816406,-32.518280029296875,12,8,0,-5.203124869149178,15.562500001426088,1
Qwen/Qwen2.5-3B-Instruct,calques_0153,calques,overt: визначити,-32.7037239074707,-39.07497787475586,10,10,1,-11.625000277388608,10.750000030035153,0
Qwen/Qwen2.5-3B-Instruct,calques_0154,calques,overt: визначити,-45.014766693115234,-53.246315002441406,11,12,1,-7.374999768449925,8.124999548483174,1
Qwen/Qwen2.5-3B-Instruct,calques_0155,calques,overt: подобатися,-31.434690475463867,-38.71360397338867,14,12,1,-13.46874952998769,13.46875037040445,1
Qwen/Qwen2.5-3B-Instruct,calques_0156,calques,overt: подобатися,-34.86395263671875,-39.403282165527344,15,13,1,-8.87499979781569,13.859375253436156,1
Qwen/Qwen2.5-3B-Instruct,calques_0157,calques,overt: їсти,-29.967344284057617,-35.43803405761719,6,7,1,-5.812500124331564,9.68750026478665,1
Qwen/Qwen2.5-3B-Instruct,calques_0158,calques,overt: їсти,-35.73297119140625,-38.190338134765625,9,10,1,-5.968749816529453,10.031250381391146,1
Qwen/Qwen2.5-3B-Instruct,calques_0159,calques,overt: взагалі,-25.113924026489258,-28.377544403076172,10,7,1,-7.640624763735104,7.843749765015673,1
Qwen/Qwen2.5-3B-Instruct,calques_0160,calques,overt: взагалі,-42.535892486572266,-37.460357666015625,13,10,0,-8.515625205589458,7.828124805702828,0
Qwen/Qwen2.5-3B-Instruct,calques_0161,calques,overt: звичайно,-42.70094299316406,-44.140403747558594,9,9,1,-7.968749845545972,8.51562540177838,1
Qwen/Qwen2.5-3B-Instruct,calques_0162,calques,overt: звичайно,-32.22496795654297,-52.41602325439453,12,11,1,0.0,9.296874807914719,1
Qwen/Qwen2.5-3B-Instruct,calques_0163,calques,overt: звичайно,-30.959144592285156,-38.4052734375,13,13,1,-7.343750132480636,8.937499792373274,1
Qwen/Qwen2.5-3B-Instruct,calques_0164,calques,overt: дуже,-23.900753021240234,-33.72740936279297,9,7,1,3.8124999087303877,12.906250385509338,1
Qwen/Qwen2.5-3B-Instruct,calques_0165,calques,overt: дуже,-30.582290649414062,-42.614864349365234,9,7,1,-2.4062501043081284,12.78125001314038,1
Qwen/Qwen2.5-3B-Instruct,calques_0166,calques,overt: дуже,-18.192827224731445,-23.600723266601562,7,7,1,-2.375000089406967,10.125000383734005,1
Qwen/Qwen2.5-3B-Instruct,calques_0167,calques,overt: бувай,-48.101436614990234,-48.29798889160156,11,10,1,-10.062499782448867,10.015624888415914,0
Qwen/Qwen2.5-3B-Instruct,calques_0168,calques,overt: бувай,-25.479351043701172,-19.698318481445312,6,4,0,-8.671874688443495,5.312500144354999,0
Qwen/Qwen2.5-3B-Instruct,calques_0169,calques,overt: бувай,-38.78105545043945,-35.73007583618164,7,6,0,-9.890625135609298,9.999999541629222,1
Qwen/Qwen2.5-3B-Instruct,calques_0170,calques,overt: здаватися,-30.684328079223633,-39.73628234863281,11,10,1,-10.343750009298674,11.312500250758603,1
Qwen/Qwen2.5-3B-Instruct,calques_0171,calques,overt: здаватися,-41.8797721862793,-47.159812927246094,11,11,1,2.9062500298023224,10.328124660634785,1
Qwen/Qwen2.5-3B-Instruct,calques_0172,calques,overt: здаватися,-42.78699493408203,-56.569549560546875,17,17,1,4.031250197440386,8.156249653548002,1
Qwen/Qwen2.5-3B-Instruct,calques_0173,calques,overt: заважати,-42.572242736816406,-45.92675018310547,13,13,1,-7.7343750558793545,9.234374818304786,1
Qwen/Qwen2.5-3B-Instruct,calques_0174,calques,overt: заважати,-35.641361236572266,-37.822227478027344,9,9,1,-8.890624755294994,6.734374927938916,0
Qwen/Qwen2.5-3B-Instruct,calques_0175,calques,overt: виходити,-21.603023529052734,-27.30398178100586,8,8,1,-7.140624899941031,9.703125248212018,1
Qwen/Qwen2.5-3B-Instruct,calques_0176,calques,overt: виходити,-33.2324104309082,-49.0689697265625,9,8,1,-9.359374731342541,8.171875327941962,0
Qwen/Qwen2.5-3B-Instruct,calques_0177,calques,overt: вистачати,-41.53666687011719,-42.73027420043945,8,7,1,-8.796874788269633,11.640625377796823,1
Qwen/Qwen2.5-3B-Instruct,calques_0178,calques,overt: вистачати,-34.44194412231445,-23.282262802124023,7,6,0,-11.17187489036587,10.703125369807822,0
Qwen/Qwen2.5-3B-Instruct,calques_0179,calques,overt: зараз,-27.367204666137695,-33.38762283325195,10,9,1,-3.250000111758709,13.265624525294697,1
Qwen/Qwen2.5-3B-Instruct,calques_0180,calques,overt: зараз,-32.16011047363281,-32.38911056518555,6,6,1,-8.437499939755071,8.453124723862857,1
Qwen/Qwen2.5-3B-Instruct,calques_0181,calques,overt: зараз,-23.868133544921875,-29.4244327545166,9,8,1,-9.765624910389306,8.609374950698111,0
Qwen/Qwen2.5-3B-Instruct,calques_0182,calques,overt: гаразд,-45.00273132324219,-34.43844223022461,8,7,0,-8.578124861698598,-0.375,0
Qwen/Qwen2.5-3B-Instruct,calques_0183,calques,overt: гаразд,-47.10668182373047,-32.675193786621094,9,8,0,-9.578124750813004,8.531250001338776,0
Qwen/Qwen2.5-3B-Instruct,calques_0184,calques,overt: гаразд,-34.14636993408203,-19.189393997192383,9,8,0,-10.343750146246748,8.312499842257239,0
Qwen/Qwen2.5-3B-Instruct,calques_0185,calques,overt: колишній,-35.15863800048828,-40.58863830566406,13,11,1,0.9374999701976776,12.859374576801201,1
Qwen/Qwen2.5-3B-Instruct,calques_0186,calques,overt: колишній,-50.03235626220703,-50.43677520751953,16,13,1,-5.374999827239662,2.6250000447034836,0
Qwen/Qwen2.5-3B-Instruct,calques_0187,calques,overt: колишній,-42.891212463378906,-44.94234085083008,13,13,1,-8.624999689025572,13.73437453067163,1
Qwen/Qwen2.5-3B-Instruct,control_subject_verb_0000,control_subject_verb,past-tense gender,-47.91082763671875,-49.38899230957031,18,18,1,-5.343750028871,12.484374857041985,1
Qwen/Qwen2.5-3B-Instruct,control_subject_verb_0001,control_subject_verb,past-tense gender,-37.00434494018555,-37.48468017578125,13,13,1,-8.015624979132554,10.359375364023435,1
Qwen/Qwen2.5-3B-Instruct,control_subject_verb_0002,control_subject_verb,past-tense gender,-40.89710235595703,-48.888671875,10,10,1,-7.703125202853698,12.328125126528903,1
Qwen/Qwen2.5-3B-Instruct,control_subject_verb_0003,control_subject_verb,past-tense gender,-35.83246612548828,-43.68602752685547,9,10,1,-4.343750186264515,13.875000006439222,1
Qwen/Qwen2.5-3B-Instruct,control_subject_verb_0004,control_subject_verb,past-tense gender,-37.217987060546875,-37.61792755126953,12,13,1,9.40624968096381,10.640624654959538,1
Qwen/Qwen2.5-3B-Instruct,control_subject_verb_0005,control_subject_verb,past-tense gender,-47.44781494140625,-46.267581939697266,15,16,0,-5.562499907799065,12.281249551699148,1
Qwen/Qwen2.5-3B-Instruct,control_subject_verb_0006,control_subject_verb,past-tense gender,-31.457807540893555,-36.45755386352539,11,11,1,-7.640624984167516,11.953125366359018,1
Qwen/Qwen2.5-3B-Instruct,control_subject_verb_0007,control_subject_verb,past-tense gender,-38.76740264892578,-43.76307678222656,14,13,1,-4.937499953433871,13.015625005500624,1
Qwen/Qwen2.5-3B-Instruct,control_subject_verb_0008,control_subject_verb,past-tense gender,-34.63443374633789,-42.277156829833984,14,13,1,9.046875430241926,12.468749887571903,1
Qwen/Qwen2.5-3B-Instruct,control_subject_verb_0009,control_subject_verb,past-tense gender,-45.961334228515625,-58.79759979248047,17,17,1,-6.593750181375071,11.437500160653144,1
Qwen/Qwen2.5-3B-Instruct,control_subject_verb_0010,control_subject_verb,past-tense gender,-41.947303771972656,-50.43669128417969,17,17,1,-9.5468745942635,11.765624658000888,1
Qwen/Qwen2.5-3B-Instruct,control_subject_verb_0011,control_subject_verb,past-tense gender,-36.21200180053711,-40.82054901123047,12,13,1,5.046875128056854,11.171875363812433,1
Qwen/Qwen2.5-3B-Instruct,control_subject_verb_0012,control_subject_verb,past-tense gender,-40.11589050292969,-43.67705535888672,11,11,1,7.843749832594767,10.765624770909199,1
Qwen/Qwen2.5-3B-Instruct,control_subject_verb_0013,control_subject_verb,past-tense gender,-39.14215087890625,-47.446922302246094,11,11,1,-1.8437500447034836,10.984374541265424,1
Qwen/Qwen2.5-3B-Instruct,control_subject_verb_0014,control_subject_verb,past-tense gender,-32.57630920410156,-36.721435546875,13,12,1,-2.2812500596046448,10.281249532010406,1
Qwen/Qwen2.5-3B-Instruct,control_subject_verb_0015,control_subject_verb,past-tense gender,-39.35987854003906,-40.12269973754883,18,17,1,-1.8750000894069672,10.484374857885996,1
Qwen/Qwen2.5-3B-Instruct,control_subject_verb_0016,control_subject_verb,past-tense gender,-48.88372039794922,-47.01526641845703,14,14,0,-7.0937498098937795,10.390625133761205,1
Qwen/Qwen2.5-3B-Instruct,control_subject_verb_0017,control_subject_verb,past-tense gender,-30.373619079589844,-41.66587448120117,11,11,1,-5.281249919906259,12.265625268395524,1
Qwen/Qwen2.5-3B-Instruct,control_subject_verb_0018,control_subject_verb,past-tense gender,-37.11415100097656,-47.025856018066406,13,13,1,-6.281249955878593,7.734374901221599,1
Qwen/Qwen2.5-3B-Instruct,control_subject_verb_0019,control_subject_verb,past-tense gender,-41.48667907714844,-45.25696563720703,14,13,1,-3.5312498938292265,11.343750127474777,1
Qwen/Qwen2.5-3B-Instruct,control_subject_verb_0020,control_subject_verb,past-tense gender,-32.442665100097656,-39.97731399536133,14,13,1,6.000000013271347,10.500000365747837,1
Qwen/Qwen2.5-3B-Instruct,control_subject_verb_0021,control_subject_verb,past-tense gender,-44.11322021484375,-52.68004608154297,17,18,1,-7.406250006344635,10.218749912979547,1
Qwen/Qwen2.5-3B-Instruct,control_subject_verb_0022,control_subject_verb,past-tense gender,-44.97768783569336,-58.617950439453125,16,16,1,-11.671874542924343,11.046875047439244,0
Qwen/Qwen2.5-3B-Instruct,control_subject_verb_0023,control_subject_verb,past-tense gender,-32.22357940673828,-45.362030029296875,11,11,1,-1.3437499403953552,12.218750373460352,1
Qwen/Qwen2.5-3B-Instruct,control_subject_verb_0024,control_subject_verb,past-tense gender,-37.11065673828125,-38.682838439941406,11,11,1,-5.437500014901161,11.578125042287866,1
Qwen/Qwen2.5-3B-Instruct,control_subject_verb_0025,control_subject_verb,past-tense gender,-40.06351852416992,-54.22162628173828,18,19,1,-5.343749945983291,10.484375280095264,1
Qwen/Qwen2.5-3B-Instruct,control_subject_verb_0026,control_subject_verb,past-tense gender,-42.6116943359375,-46.79726028442383,17,17,1,-9.828124671330443,11.906250140993507,1
Qwen/Qwen2.5-3B-Instruct,control_subject_verb_0027,control_subject_verb,past-tense gender,-30.179786682128906,-44.92048263549805,12,12,1,-8.093749930849299,10.57812489864591,1
Qwen/Qwen2.5-3B-Instruct,control_subject_verb_0028,control_subject_verb,past-tense gender,-40.73419952392578,-41.32269287109375,12,11,1,-2.812499888241291,11.468749531632056,1
Qwen/Qwen2.5-3B-Instruct,control_subject_verb_0029,control_subject_verb,past-tense gender,-39.211360931396484,-49.362091064453125,15,15,1,-10.703125054744305,11.453124660270987,1
Qwen/Qwen2.5-3B-Instruct,control_subject_verb_0030,control_subject_verb,past-tense gender,-35.84977340698242,-37.14845275878906,21,20,1,-8.046875242551323,6.468749767402187,0
Qwen/Qwen2.5-3B-Instruct,control_subject_verb_0031,control_subject_verb,past-tense gender,-36.205909729003906,-42.769569396972656,10,9,1,-6.093749879859388,11.57812453090446,1
Qwen/Qwen2.5-3B-Instruct,control_subject_verb_0032,control_subject_verb,past-tense gender,-50.97261428833008,-57.17369842529297,18,18,1,-5.79687483375892,9.453125353320502,1
Qwen/Qwen2.5-3B-Instruct,control_subject_verb_0033,control_subject_verb,past-tense gender,-35.75748825073242,-37.24445343017578,11,11,1,-6.484374872292392,11.281249646337528,1
Qwen/Qwen2.5-3B-Instruct,control_subject_verb_0034,control_subject_verb,past-tense gender,-37.74383544921875,-40.676414489746094,13,13,1,-2.906249947845936,12.218749540901626,1
Qwen/Qwen2.5-3B-Instruct,control_subject_verb_0035,control_subject_verb,past-tense gender,-37.0643424987793,-41.12762451171875,19,18,1,-5.43750017369166,10.062499525782187,1
Qwen/Qwen2.5-3B-Instruct,control_subject_verb_0036,control_subject_verb,past-tense gender,-39.060611724853516,-37.779693603515625,16,17,0,-5.4999997625127435,13.17187455893145,1
Qwen/Qwen2.5-3B-Instruct,control_subject_verb_0037,control_subject_verb,past-tense gender,-34.921119689941406,-36.1484375,12,11,1,0.8437499701976776,11.984374884821591,1
Qwen/Qwen2.5-3B-Instruct,control_subject_verb_0038,control_subject_verb,past-tense gender,-34.28667449951172,-46.946815490722656,16,17,1,-5.999999784398824,10.343749714171281,1
Qwen/Qwen2.5-3B-Instruct,control_subject_verb_0039,control_subject_verb,past-tense gender,-40.29436111450195,-44.52845001220703,18,17,1,-4.374999854713678,11.406249611784006,1
Qwen/Qwen2.5-3B-Instruct,control_subject_verb_0040,control_subject_verb,past-tense gender,-35.40924072265625,-43.58916473388672,11,12,1,-7.421875000640284,12.671874525491148,1
Qwen/Qwen2.5-3B-Instruct,control_subject_verb_0041,control_subject_verb,past-tense gender,-42.952877044677734,-49.859458923339844,10,9,1,-3.9687500651925802,12.875000125000952,1
Qwen/Qwen2.5-3B-Instruct,control_subject_verb_0042,control_subject_verb,past-tense gender,-38.65777587890625,-41.777244567871094,12,13,1,-0.4999999701976776,9.750000008905772,1
Qwen/Qwen2.5-3B-Instruct,control_subject_verb_0043,control_subject_verb,past-tense gender,-52.928443908691406,-55.92683029174805,17,17,1,-9.421874920401024,11.874999891180778,1
Qwen/Qwen2.5-3B-Instruct,control_subject_verb_0044,control_subject_verb,past-tense gender,-37.06206130981445,-44.24030303955078,10,9,1,-1.1249999403953552,13.593749769905116,1
Qwen/Qwen2.5-3B-Instruct,control_subject_verb_0045,control_subject_verb,past-tense gender,-41.564422607421875,-42.866844177246094,11,11,1,-3.3437498845160007,11.843749534586095,1
Qwen/Qwen2.5-3B-Instruct,control_subject_verb_0046,control_subject_verb,past-tense gender,-44.84587097167969,-47.256935119628906,16,15,1,-8.703124963736627,11.74999966174073,1
Qwen/Qwen2.5-3B-Instruct,control_subject_verb_0047,control_subject_verb,past-tense gender,-44.79644775390625,-48.53010559082031,16,16,1,-7.562499986379407,10.578125386644388,1
Qwen/Qwen2.5-3B-Instruct,control_subject_verb_0048,control_subject_verb,past-tense gender,-34.95752716064453,-40.99857711791992,11,11,1,-3.4687500316649675,8.031249759398634,1
Qwen/Qwen2.5-3B-Instruct,control_subject_verb_0049,control_subject_verb,past-tense gender,-31.286901473999023,-40.78437805175781,10,11,1,-6.718750085798092,13.734374530213245,1
Qwen/Qwen2.5-3B-Instruct,control_subject_verb_0050,control_subject_verb,past-tense gender,-35.15430450439453,-49.718833923339844,12,12,1,-8.593750059895683,9.671874657666194,1
Qwen/Qwen2.5-3B-Instruct,control_subject_verb_0051,control_subject_verb,past-tense gender,-49.991268157958984,-53.19927978515625,15,14,1,-5.671874900814146,8.984375035652192,1
Qwen/Qwen2.5-3B-Instruct,control_subject_verb_0052,control_subject_verb,past-tense gender,-39.15886688232422,-52.354347229003906,11,11,1,-2.406250074505806,12.343750364132575,1
Qwen/Qwen2.5-3B-Instruct,control_subject_verb_0053,control_subject_verb,past-tense gender,-45.36146545410156,-51.138519287109375,18,18,1,-8.609374642546754,10.609375168569386,1
Qwen/Qwen2.5-3B-Instruct,control_subject_verb_0054,control_subject_verb,past-tense gender,-46.473175048828125,-47.25273895263672,17,17,1,-4.718749918974936,12.171874844963895,1
Qwen/Qwen2.5-3B-Instruct,control_subject_verb_0055,control_subject_verb,past-tense gender,-50.465599060058594,-52.81986618041992,18,18,1,-9.34374998297426,10.76562492310768,1
Qwen/Qwen2.5-3B-Instruct,control_subject_verb_0056,control_subject_verb,past-tense gender,-33.73393249511719,-36.55519104003906,12,12,1,8.57812533408287,12.921875247819116,1
Qwen/Qwen2.5-3B-Instruct,control_subject_verb_0057,control_subject_verb,past-tense gender,-39.6910514831543,-46.147926330566406,11,11,1,-2.2187500298023224,10.875000372965587,1
Qwen/Qwen2.5-3B-Instruct,control_subject_verb_0058,control_subject_verb,past-tense gender,-50.256805419921875,-57.89694595336914,17,17,1,-5.499999773222953,10.125000194850145,1
Qwen/Qwen2.5-3B-Instruct,control_subject_verb_0059,control_subject_verb,past-tense gender,-39.41611862182617,-47.864253997802734,11,11,1,-7.781249938707333,9.796874897394446,1
Qwen/Qwen2.5-3B-Instruct,control_subject_verb_0060,control_subject_verb,past-tense gender,-34.02366256713867,-40.7637939453125,13,13,1,-9.015624707128154,11.90625012552482,1
Qwen/Qwen2.5-3B-Instruct,control_subject_verb_0061,control_subject_verb,past-tense gender,-50.160987854003906,-53.08687210083008,18,18,1,-8.703124972089427,10.906250169879058,1
Qwen/Qwen2.5-3B-Instruct,control_subject_verb_0062,control_subject_verb,past-tense gender,-46.01860427856445,-46.88702392578125,19,19,1,-9.031250171741704,11.296875378568075,1
Qwen/Qwen2.5-3B-Instruct,control_subject_verb_0063,control_subject_verb,past-tense gender,-30.83841323852539,-37.77508544921875,13,13,1,-2.625000089406967,6.671874898369424,1
Qwen/Qwen2.5-3B-Instruct,control_subject_verb_0064,control_subject_verb,past-tense gender,-41.36747741699219,-47.93064880371094,15,14,1,-6.562499793362804,9.39062497537816,1
Qwen/Qwen2.5-3B-Instruct,control_subject_verb_0065,control_subject_verb,past-tense gender,-32.48677062988281,-39.48379135131836,11,10,1,-7.109374945517629,13.296874887026206,1
Qwen/Qwen2.5-3B-Instruct,control_subject_verb_0066,control_subject_verb,past-tense gender,-43.091209411621094,-43.95299530029297,17,16,1,-4.4375001871958375,7.578124966064934,1
Qwen/Qwen2.5-3B-Instruct,control_subject_verb_0067,control_subject_verb,past-tense gender,-37.85926055908203,-48.568809509277344,11,11,1,-7.2499998538405634,9.781249780920916,1
Qwen/Qwen2.5-3B-Instruct,control_subject_verb_0068,control_subject_verb,past-tense gender,-38.627376556396484,-41.61206817626953,10,10,1,-8.343750310334144,10.468750006657501,1
Qwen/Qwen2.5-3B-Instruct,control_subject_verb_0069,control_subject_verb,past-tense gender,-32.955318450927734,-47.96308898925781,11,11,1,-5.781249914783984,9.531250258805812,1
Qwen/Qwen2.5-3B-Instruct,control_subject_verb_0070,control_subject_verb,past-tense gender,-44.3375129699707,-59.54328155517578,17,17,1,-9.62499993032543,10.000000314379577,1
Qwen/Qwen2.5-3B-Instruct,control_subject_verb_0071,control_subject_verb,past-tense gender,-40.609947204589844,-52.81536102294922,16,16,1,-9.109374726191163,11.781249805353582,1
Qwen/Qwen2.5-3B-Instruct,control_subject_verb_0072,control_subject_verb,past-tense gender,-36.431983947753906,-45.32773208618164,11,11,1,-8.890624859574018,12.859374886611477,1
Qwen/Qwen2.5-3B-Instruct,control_subject_verb_0073,control_subject_verb,past-tense gender,-36.393653869628906,-40.96087646484375,12,12,1,8.406250430329237,9.79687489954813,1
Qwen/Qwen2.5-3B-Instruct,control_subject_verb_0074,control_subject_verb,past-tense gender,-34.86302947998047,-37.33312225341797,12,12,1,4.906250193249434,12.171874782070518,1
Qwen/Qwen2.5-3B-Instruct,control_subject_verb_0075,control_subject_verb,past-tense gender,-31.35421371459961,-37.43717956542969,10,9,1,-5.140624878462404,13.12500000865839,1
Qwen/Qwen2.5-3B-Instruct,control_subject_verb_0076,control_subject_verb,past-tense gender,-32.777496337890625,-45.07780456542969,13,13,1,-0.34375,11.703124652252882,1
Qwen/Qwen2.5-3B-Instruct,control_subject_verb_0077,control_subject_verb,past-tense gender,-35.42127227783203,-36.05992889404297,12,12,1,-5.031249958556145,11.18749988572381,1
Qwen/Qwen2.5-3B-Instruct,control_subject_verb_0078,control_subject_verb,past-tense gender,-38.36219787597656,-49.19282531738281,12,12,1,8.937499751249561,10.453124786537956,1
Qwen/Qwen2.5-3B-Instruct,control_subject_verb_0079,control_subject_verb,past-tense gender,-32.39351272583008,-38.157875061035156,9,8,1,-5.468750032130629,13.578124768158887,1
Qwen/Qwen2.5-3B-Instruct,control_subject_verb_0080,control_subject_verb,past-tense gender,-38.58927917480469,-43.757545471191406,14,13,1,-0.28125,11.562499770909199,1
Qwen/Qwen2.5-3B-Instruct,control_subject_verb_0081,control_subject_verb,past-tense gender,-53.85967254638672,-51.107086181640625,17,17,0,-4.187499891966581,10.187500409083441,1
Qwen/Qwen2.5-3B-Instruct,control_subject_verb_0082,control_subject_verb,past-tense gender,-51.92251205444336,-62.7593994140625,17,17,1,-7.2812500524451025,9.124999873078195,1
Qwen/Qwen2.5-3B-Instruct,control_subject_verb_0083,control_subject_verb,past-tense gender,-57.46146774291992,-54.36848831176758,18,18,0,-4.312499787658453,10.54687463544542,1
Qwen/Qwen2.5-3B-Instruct,control_subject_verb_0084,control_subject_verb,past-tense gender,-33.359947204589844,-43.62793731689453,12,12,1,-3.2500001043081284,10.640625040919986,1
Qwen/Qwen2.5-3B-Instruct,control_subject_verb_0085,control_subject_verb,past-tense gender,-39.49771499633789,-41.55488204956055,11,10,1,1.8124999403953552,12.015624778388883,1
Qwen/Qwen2.5-3B-Instruct,control_subject_verb_0086,control_subject_verb,past-tense gender,-39.73097229003906,-43.068939208984375,15,15,1,-9.45312516571721,10.76562531106174,1
Qwen/Qwen2.5-3B-Instruct,control_subject_verb_0087,control_subject_verb,past-tense gender,-41.613529205322266,-41.43840026855469,9,10,0,8.734374912746716,13.1093745304388,1
Qwen/Qwen2.5-3B-Instruct,control_subject_verb_0088,control_subject_verb,past-tense gender,-28.951580047607422,-39.488059997558594,13,13,1,-6.781249871943146,10.2968746573315,1
Qwen/Qwen2.5-3B-Instruct,control_subject_verb_0089,control_subject_verb,past-tense gender,-52.20233154296875,-53.146202087402344,18,18,1,-7.000000022468157,10.437500235624611,1
Qwen/Qwen2.5-3B-Instruct,control_subject_verb_0090,control_subject_verb,past-tense gender,-30.259340286254883,-33.835697174072266,10,9,1,-0.7812499701976776,9.906249660081812,1
Qwen/Qwen2.5-3B-Instruct,control_subject_verb_0091,control_subject_verb,past-tense gender,-33.46409606933594,-35.47378158569336,10,10,1,-6.687499897903763,8.546875440370059,1
Qwen/Qwen2.5-3B-Instruct,control_subject_verb_0092,control_subject_verb,past-tense gender,-33.715354919433594,-42.1541862487793,11,10,1,-5.968750035157427,12.421874888852471,1
Qwen/Qwen2.5-3B-Instruct,control_subject_verb_0093,control_subject_verb,past-tense gender,-60.622684478759766,-57.58634948730469,16,16,0,-9.515624807041604,9.812499720806954,1
Qwen/Qwen2.5-3B-Instruct,control_subject_verb_0094,control_subject_verb,past-tense gender,-42.70751190185547,-43.96136474609375,13,14,1,3.1562499701976776,12.921874644496711,1
Qwen/Qwen2.5-3B-Instruct,control_subject_verb_0095,control_subject_verb,past-tense gender,-36.39018249511719,-42.16649627685547,14,13,1,-3.624999949708581,13.640624766718247,1
Qwen/Qwen2.5-3B-Instruct,control_subject_verb_0096,control_subject_verb,past-tense gender,-37.581390380859375,-37.011653900146484,13,13,0,-7.328124775434844,10.890624783642124,1
Qwen/Qwen2.5-3B-Instruct,control_subject_verb_0097,control_subject_verb,past-tense gender,-40.31763458251953,-46.107139587402344,10,9,1,-6.328124848078005,13.37499964874587,1
Qwen/Qwen2.5-3B-Instruct,control_subject_verb_0098,control_subject_verb,past-tense gender,-38.02776336669922,-39.14977264404297,13,13,1,7.703124900755938,9.484374713792931,1
Qwen/Qwen2.5-3B-Instruct,control_subject_verb_0099,control_subject_verb,past-tense gender,-47.950775146484375,-45.922996520996094,13,13,0,-0.125,11.92187488408672,1
Qwen/Qwen2.5-3B-Instruct,control_subject_verb_0100,control_subject_verb,past-tense gender,-32.97919464111328,-42.62373352050781,10,11,1,13.015625001920853,11.937499529121851,1
Qwen/Qwen2.5-3B-Instruct,control_subject_verb_0101,control_subject_verb,past-tense gender,-37.35780715942383,-48.66029357910156,13,13,1,-4.593750077299774,10.953125141997589,1
Qwen/Qwen2.5-3B-Instruct,control_subject_verb_0102,control_subject_verb,past-tense gender,-41.08008575439453,-56.298255920410156,16,16,1,-10.078125298576197,10.531250376297976,1
Qwen/Qwen2.5-3B-Instruct,control_subject_verb_0103,control_subject_verb,past-tense gender,-37.04629898071289,-44.70550537109375,10,9,1,-5.4687501532025635,12.531249766521796,1
Qwen/Qwen2.5-3B-Instruct,control_subject_verb_0104,control_subject_verb,past-tense gender,-44.042030334472656,-53.52552032470703,13,13,1,-1.0625,10.796875147367246,1
Qwen/Qwen2.5-3B-Instruct,control_subject_verb_0105,control_subject_verb,past-tense gender,-54.322750091552734,-55.179649353027344,20,20,1,-5.468749955762178,10.734374917286914,1
Qwen/Qwen2.5-3B-Instruct,control_subject_verb_0106,control_subject_verb,past-tense gender,-30.204246520996094,-40.987022399902344,9,10,1,-3.6249999292194843,11.796875130254193,1
Qwen/Qwen2.5-3B-Instruct,control_subject_verb_0107,control_subject_verb,past-tense gender,-46.28203201293945,-46.47538757324219,20,19,1,-7.218749915424269,11.156249984720489,1
Qwen/Qwen2.5-3B-Instruct,control_subject_verb_0108,control_subject_verb,past-tense gender,-42.38197326660156,-57.85096740722656,16,16,1,-10.984374575258698,10.734374543317244,0
Qwen/Qwen2.5-3B-Instruct,control_subject_verb_0109,control_subject_verb,past-tense gender,-39.127708435058594,-39.7454833984375,12,12,1,10.249999796273187,9.671875156112947,1
Qwen/Qwen2.5-3B-Instruct,control_subject_verb_0110,control_subject_verb,past-tense gender,-31.695232391357422,-40.756465911865234,10,11,1,-6.7968748804414645,13.20312500197906,1
Qwen/Qwen2.5-3B-Instruct,control_subject_verb_0111,control_subject_verb,past-tense gender,-35.06243896484375,-47.055992126464844,13,13,1,-7.375000117812306,8.140625325933797,1
Qwen/Qwen2.5-3B-Instruct,control_subject_verb_0112,control_subject_verb,past-tense gender,-39.743408203125,-52.60160827636719,10,10,1,-4.281249859370291,12.750000006439222,1
Qwen/Qwen2.5-3B-Instruct,control_subject_verb_0113,control_subject_verb,past-tense gender,-36.54862976074219,-47.457550048828125,11,11,1,1.4375000447034836,8.62500028431532,1
Qwen/Qwen2.5-3B-Instruct,control_subject_verb_0114,control_subject_verb,past-tense gender,-37.4918212890625,-43.899070739746094,12,11,1,-4.968750228174031,7.578124820429366,1
Qwen/Qwen2.5-3B-Instruct,control_subject_verb_0115,control_subject_verb,past-tense gender,-37.26646423339844,-37.99171829223633,11,12,1,10.578124651714461,10.875000132335117,1
Qwen/Qwen2.5-3B-Instruct,control_subject_verb_0116,control_subject_verb,past-tense gender,-39.841285705566406,-41.05434036254883,13,12,1,-7.7656252355373,12.187500364350853,1
Qwen/Qwen2.5-3B-Instruct,control_subject_verb_0117,control_subject_verb,past-tense gender,-57.72984313964844,-57.41158676147461,17,17,0,-4.562500201165676,10.015625040163286,1
Qwen/Qwen2.5-3B-Instruct,control_subject_verb_0118,control_subject_verb,past-tense gender,-35.197845458984375,-45.10786056518555,18,19,1,-5.2187498193234205,10.750000403204467,1
Qwen/Qwen2.5-3B-Instruct,control_subject_verb_0119,control_subject_verb,past-tense gender,-40.38819885253906,-43.0340461730957,12,12,1,-0.03125,11.062499905499863,1
Qwen/Qwen2.5-3B-Instruct,control_subject_verb_0120,control_subject_verb,past-tense gender,-34.455726623535156,-44.11990737915039,12,13,1,4.531250067055225,10.453124649749952,1
Qwen/Qwen2.5-3B-Instruct,control_subject_verb_0121,control_subject_verb,past-tense gender,-41.65314865112305,-41.49943923950195,14,15,0,10.140624805906555,12.453124764586391,1
Qwen/Qwen2.5-3B-Instruct,control_subject_verb_0122,control_subject_verb,past-tense gender,-35.323875427246094,-49.27131652832031,12,12,1,-6.437500091502443,13.312499889725586,1
Qwen/Qwen2.5-3B-Instruct,control_subject_verb_0123,control_subject_verb,past-tense gender,-37.18519592285156,-36.229469299316406,13,14,0,9.437499962572474,8.484374683670467,1
Qwen/Qwen2.5-3B-Instruct,control_subject_verb_0124,control_subject_verb,past-tense gender,-40.105308532714844,-41.721527099609375,11,12,1,12.531249536856194,12.406249536536052,1
Qwen/Qwen2.5-3B-Instruct,control_subject_verb_0125,control_subject_verb,past-tense gender,-58.168800354003906,-57.015625,18,18,0,-7.843750118801836,10.71875032474054,1
Qwen/Qwen2.5-3B-Instruct,control_subject_verb_0126,control_subject_verb,past-tense gender,-42.45439147949219,-49.68497085571289,11,11,1,-2.4999999031424522,10.56249953765655,1
Qwen/Qwen2.5-3B-Instruct,control_subject_verb_0127,control_subject_verb,past-tense gender,-43.76881408691406,-41.878265380859375,13,13,0,-1.1562500298023224,10.718749664651114,1
Qwen/Qwen2.5-3B-Instruct,control_subject_verb_0128,control_subject_verb,past-tense gender,-37.467559814453125,-35.3178596496582,14,14,0,0.7500000298023224,12.578124644562195,1
Qwen/Qwen2.5-3B-Instruct,control_subject_verb_0129,control_subject_verb,past-tense gender,-38.98741912841797,-46.67754364013672,11,10,1,-10.343750131723937,11.062500007566996,1
Qwen/Qwen2.5-3B-Instruct,control_subject_verb_0130,control_subject_verb,past-tense gender,-48.41352462768555,-57.107276916503906,17,17,1,-9.921875431318767,12.40625025294139,1
Qwen/Qwen2.5-3B-Instruct,control_subject_verb_0131,control_subject_verb,past-tense gender,-39.552860260009766,-45.234703063964844,10,10,1,-3.81249993853271,10.843750022002496,1
Qwen/Qwen2.5-3B-Instruct,control_subject_verb_0132,control_subject_verb,past-tense gender,-43.489540100097656,-53.684410095214844,16,16,1,-9.890624697552994,12.687500371815986,1
Qwen/Qwen2.5-3B-Instruct,control_subject_verb_0133,control_subject_verb,past-tense gender,-29.902385711669922,-37.7843132019043,11,10,1,-2.999999888241291,10.078125015221303,1
Qwen/Qwen2.5-3B-Instruct,control_subject_verb_0134,control_subject_verb,past-tense gender,-36.026283264160156,-47.84602355957031,13,13,1,5.671874871244654,12.109374771040166,1
Qwen/Qwen2.5-3B-Instruct,control_subject_verb_0135,control_subject_verb,past-tense gender,-50.36103820800781,-52.294029235839844,19,18,1,-7.484374872408807,12.624999577761628,1
Qwen/Qwen2.5-3B-Instruct,control_subject_verb_0136,control_subject_verb,past-tense gender,-37.464988708496094,-37.450294494628906,9,10,0,9.171874896041118,12.218750124797225,1
Qwen/Qwen2.5-3B-Instruct,control_subject_verb_0137,control_subject_verb,past-tense gender,-48.67424774169922,-48.61698532104492,20,20,0,-7.1093750858563,12.187500171741704,1
Qwen/Qwen2.5-3B-Instruct,control_subject_verb_0138,control_subject_verb,past-tense gender,-50.48161697387695,-51.212890625,17,17,1,-3.6250001173466444,11.781250417756382,1
Qwen/Qwen2.5-3B-Instruct,control_subject_verb_0139,control_subject_verb,past-tense gender,-36.092262268066406,-48.42694091796875,12,12,1,-7.500000089814421,11.453125248619472,1
Qwen/Qwen2.5-3B-Instruct,control_subject_verb_0140,control_subject_verb,past-tense gender,-36.880332946777344,-43.19609832763672,10,9,1,-5.296875189524144,13.24999953781662,1
Qwen/Qwen2.5-3B-Instruct,control_subject_verb_0141,control_subject_verb,past-tense gender,-38.58863067626953,-44.45248794555664,13,12,1,6.46874988777563,10.57812454350642,1
Qwen/Qwen2.5-3B-Instruct,control_subject_verb_0142,control_subject_verb,past-tense gender,-34.08158874511719,-33.802284240722656,12,12,0,-5.312499866820872,11.093750385727617,1
Qwen/Qwen2.5-3B-Instruct,control_subject_verb_0143,control_subject_verb,past-tense gender,-36.7782096862793,-43.46770477294922,13,14,1,-7.906249897496309,12.968749885818397,1
Qwen/Qwen2.5-3B-Instruct,control_subject_verb_0144,control_subject_verb,past-tense gender,-47.59170913696289,-48.30827331542969,19,19,1,-4.843750186264515,12.203124874446075,1
Qwen/Qwen2.5-3B-Instruct,control_subject_verb_0145,control_subject_verb,past-tense gender,-36.42812728881836,-47.958229064941406,18,19,1,-3.7187499348074198,9.906250185857061,1
Qwen/Qwen2.5-3B-Instruct,control_subject_verb_0146,control_subject_verb,past-tense gender,-38.377296447753906,-47.41399383544922,10,10,1,-9.609375071304385,13.281249528517947,1
Qwen/Qwen2.5-3B-Instruct,control_subject_verb_0147,control_subject_verb,past-tense gender,-43.78805160522461,-46.31492614746094,17,16,1,-7.82812483375892,4.343750083819032,0
Qwen/Qwen2.5-3B-Instruct,control_subject_verb_0148,control_subject_verb,past-tense gender,-50.1645622253418,-56.863014221191406,19,19,1,-11.406250152067514,11.50000027634087,1
Qwen/Qwen2.5-3B-Instruct,control_subject_verb_0149,control_subject_verb,past-tense gender,-37.45286560058594,-43.05632781982422,15,14,1,-4.6562498500570655,8.984375027968781,1
Qwen/Qwen2.5-3B-Instruct,control_subject_verb_0150,control_subject_verb,past-tense gender,-36.98188018798828,-41.76948547363281,12,12,1,-10.87499991201912,13.015624531020876,1
Qwen/Qwen2.5-3B-Instruct,control_subject_verb_0151,control_subject_verb,past-tense gender,-40.860443115234375,-49.506622314453125,12,12,1,-5.234374970663339,11.203124893043423,1
Qwen/Qwen2.5-3B-Instruct,control_subject_verb_0152,control_subject_verb,past-tense gender,-40.46107864379883,-45.89570236206055,15,15,1,-8.187499758467311,10.59375004118192,1
Qwen/Qwen2.5-3B-Instruct,control_subject_verb_0153,control_subject_verb,past-tense gender,-32.079715728759766,-34.81523132324219,10,11,1,12.437500126186933,12.968749784646207,1
Qwen/Qwen2.5-3B-Instruct,control_subject_verb_0154,control_subject_verb,past-tense gender,-42.52149200439453,-42.01991653442383,13,14,0,8.265625457162969,9.890624533873051,1
Qwen/Qwen2.5-3B-Instruct,control_subject_verb_0155,control_subject_verb,past-tense gender,-45.41057205200195,-51.97306442260742,11,11,1,-0.3125,10.45312513312092,1
Qwen/Qwen2.5-3B-Instruct,control_subject_verb_0156,control_subject_verb,past-tense gender,-40.835350036621094,-42.489013671875,15,14,1,-6.671875059255399,8.20312504231697,1
Qwen/Qwen2.5-3B-Instruct,control_subject_verb_0157,control_subject_verb,past-tense gender,-30.444217681884766,-36.82615280151367,11,10,1,-3.781249901279807,8.953125144718797,1
Qwen/Qwen2.5-3B-Instruct,control_subject_verb_0158,control_subject_verb,past-tense gender,-43.540916442871094,-45.40159606933594,14,15,1,0.03125,13.140625241096132,1
Qwen/Qwen2.5-3B-Instruct,control_subject_verb_0159,control_subject_verb,past-tense gender,-52.68120574951172,-55.034366607666016,19,20,1,-4.187500085681677,10.500000143656507,1
Qwen/Qwen2.5-3B-Instruct,control_subject_verb_0160,control_subject_verb,past-tense gender,-51.329673767089844,-53.22358703613281,18,19,1,-5.21874991664663,12.312500139625627,1
Qwen/Qwen2.5-3B-Instruct,control_subject_verb_0161,control_subject_verb,past-tense gender,-31.776540756225586,-39.790985107421875,9,10,1,0.53125,13.10937512772216,1
Qwen/Qwen2.5-3B-Instruct,control_subject_verb_0162,control_subject_verb,past-tense gender,-40.31768798828125,-54.81201934814453,10,10,1,-6.468749888474122,14.578124649407982,1
Qwen/Qwen2.5-3B-Instruct,control_subject_verb_0163,control_subject_verb,past-tense gender,-42.59895324707031,-44.089759826660156,10,9,1,-1.4687499552965164,12.45312525461486,1
Qwen/Qwen2.5-3B-Instruct,control_subject_verb_0164,control_subject_verb,past-tense gender,-34.128173828125,-41.50408172607422,11,10,1,-2.4062501043081284,10.984374769905116,1
Qwen/Qwen2.5-3B-Instruct,control_subject_verb_0165,control_subject_verb,past-tense gender,-51.51245880126953,-51.5256462097168,18,18,1,-6.578125134226866,12.703125073836418,1
Qwen/Qwen2.5-3B-Instruct,control_subject_verb_0166,control_subject_verb,past-tense gender,-36.59264373779297,-45.226173400878906,11,11,1,-8.59374982767622,11.843750243126124,1
Qwen/Qwen2.5-3B-Instruct,control_subject_verb_0167,control_subject_verb,past-tense gender,-39.11802673339844,-52.27923583984375,10,10,1,-7.765624775842298,13.562499532519723,1
Qwen/Qwen2.5-3B-Instruct,control_subject_verb_0168,control_subject_verb,past-tense gender,-34.135963439941406,-38.82523727416992,13,13,1,0.03125,11.14062476860272,1
Qwen/Qwen2.5-3B-Instruct,control_subject_verb_0169,control_subject_verb,past-tense gender,-34.58344268798828,-43.869789123535156,12,11,1,-5.937499830964953,12.76562452739745,1
Qwen/Qwen2.5-3B-Instruct,control_subject_verb_0170,control_subject_verb,past-tense gender,-29.67951011657715,-35.09136199951172,12,11,1,-0.8749999701976776,10.421875258805812,1
Qwen/Qwen2.5-3B-Instruct,control_subject_verb_0171,control_subject_verb,past-tense gender,-39.82719421386719,-40.32805252075195,12,13,1,-0.4375,11.953125122039637,1
Qwen/Qwen2.5-3B-Instruct,control_subject_verb_0172,control_subject_verb,past-tense gender,-36.39583969116211,-37.2054328918457,13,12,1,-8.015625189378625,10.937500368076144,1
Qwen/Qwen2.5-3B-Instruct,control_subject_verb_0173,control_subject_verb,past-tense gender,-34.940181732177734,-47.07948303222656,11,11,1,-2.406250089406967,10.343750015061232,1
Qwen/Qwen2.5-3B-Instruct,control_subject_verb_0174,control_subject_verb,past-tense gender,-57.82506561279297,-61.933441162109375,16,16,1,-8.421875440370059,10.484375206375262,1
Qwen/Qwen2.5-3B-Instruct,control_subject_verb_0175,control_subject_verb,past-tense gender,-47.73992156982422,-58.32994842529297,16,16,1,-7.796875003958121,9.17187546796049,1
Qwen/Qwen2.5-3B-Instruct,control_subject_verb_0176,control_subject_verb,past-tense gender,-44.59518814086914,-53.84547805786133,19,19,1,-9.984374644933268,12.187499689025572,1
Qwen/Qwen2.5-3B-Instruct,control_subject_verb_0177,control_subject_verb,past-tense gender,-35.07770919799805,-40.95869064331055,13,12,1,4.843749773688614,10.499999773703166,1
Qwen/Qwen2.5-3B-Instruct,control_subject_verb_0178,control_subject_verb,past-tense gender,-34.4138069152832,-39.77243423461914,13,12,1,-2.6249999031424522,11.375000384170562,1
Qwen/Qwen2.5-3B-Instruct,control_subject_verb_0179,control_subject_verb,past-tense gender,-40.36011505126953,-44.237945556640625,11,11,1,-8.609374614607077,8.890625267697033,1
Qwen/Qwen2.5-3B-Instruct,control_subject_verb_0180,control_subject_verb,past-tense gender,-33.507362365722656,-36.35873794555664,11,10,1,-4.468749945983291,10.375000008163624,1
Qwen/Qwen2.5-3B-Instruct,control_subject_verb_0181,control_subject_verb,past-tense gender,-46.3753776550293,-54.95613479614258,19,19,1,-4.249999831430614,10.17187509231735,1
Qwen/Qwen2.5-3B-Instruct,control_subject_verb_0182,control_subject_verb,past-tense gender,-36.17583465576172,-45.460655212402344,11,11,1,-6.953125007683411,11.640624532519723,1
Qwen/Qwen2.5-3B-Instruct,control_subject_verb_0183,control_subject_verb,past-tense gender,-49.137786865234375,-57.0853271484375,19,19,1,-7.750000194704626,10.140625262632966,1
Qwen/Qwen2.5-3B-Instruct,control_subject_verb_0184,control_subject_verb,past-tense gender,-32.835243225097656,-44.53691101074219,11,11,1,10.390624697232852,9.656250394968083,1
Qwen/Qwen2.5-3B-Instruct,control_subject_verb_0185,control_subject_verb,past-tense gender,-39.53474426269531,-48.59935760498047,13,13,1,-7.906250050815288,11.296874540712452,1
Qwen/Qwen2.5-3B-Instruct,control_subject_verb_0186,control_subject_verb,past-tense gender,-39.67853927612305,-52.36608123779297,11,11,1,-9.578124906576704,12.95312488640775,1
Qwen/Qwen2.5-3B-Instruct,control_subject_verb_0187,control_subject_verb,past-tense gender,-42.43381881713867,-46.99762725830078,10,10,1,-3.7812499459832907,11.703125394706149,1
Qwen/Qwen2.5-3B-Instruct,control_subject_verb_0188,control_subject_verb,past-tense gender,-46.16040802001953,-46.5006103515625,17,17,1,-3.4062499701976776,12.109375072381226,1
Qwen/Qwen2.5-3B-Instruct,control_subject_verb_0189,control_subject_verb,past-tense gender,-31.90721321105957,-46.617794036865234,11,11,1,-7.687499904015567,13.921874887353624,1
Qwen/Qwen2.5-3B-Instruct,control_subject_verb_0190,control_subject_verb,past-tense gender,-53.14708709716797,-52.254608154296875,18,18,0,-5.062500185798854,11.015625080093741,1
Qwen/Qwen2.5-3B-Instruct,control_subject_verb_0191,control_subject_verb,past-tense gender,-38.20637893676758,-44.37389373779297,11,10,1,-8.656249687890522,12.031250006439222,1
Qwen/Qwen2.5-3B-Instruct,control_subject_verb_0192,control_subject_verb,past-tense gender,-49.811336517333984,-53.21765899658203,19,20,1,-4.531249792315066,10.296875171421561,1
Qwen/Qwen2.5-3B-Instruct,control_subject_verb_0193,control_subject_verb,past-tense gender,-51.720054626464844,-52.92414855957031,18,19,1,-7.203125145228114,11.578125022206223,1
Qwen/Qwen2.5-3B-Instruct,control_subject_verb_0194,control_subject_verb,past-tense gender,-34.82191467285156,-41.429351806640625,14,15,1,0.28125,11.765625245046976,1
Qwen/Qwen2.5-3B-Instruct,control_subject_verb_0195,control_subject_verb,past-tense gender,-39.2929573059082,-53.815311431884766,10,10,1,-7.296875172120053,13.046875249303412,1
Qwen/Qwen2.5-3B-Instruct,control_subject_verb_0196,control_subject_verb,past-tense gender,-41.631019592285156,-50.6011962890625,10,10,1,-5.328125194180757,11.968750246669515,1
Qwen/Qwen2.5-3B-Instruct,control_subject_verb_0197,control_subject_verb,past-tense gender,-33.322505950927734,-44.218833923339844,10,11,1,12.515624646686774,12.593750366620952,1
Qwen/Qwen2.5-3B-Instruct,control_subject_verb_0198,control_subject_verb,past-tense gender,-48.372108459472656,-47.38673782348633,18,18,0,-9.531250430591172,11.468750162865035,1
Qwen/Qwen2.5-3B-Instruct,control_subject_verb_0199,control_subject_verb,past-tense gender,-44.79339599609375,-59.31193161010742,15,15,1,-9.437499956897227,10.906250403786544,1
Qwen/Qwen2.5-3B-Instruct,control_subject_verb_0200,control_subject_verb,past-tense gender,-44.66051483154297,-55.96336364746094,18,18,1,-7.015624816529453,10.749999600520823,1
Qwen/Qwen2.5-3B-Instruct,control_subject_verb_0201,control_subject_verb,past-tense gender,-35.442771911621094,-47.70684051513672,17,18,1,-5.718749893363565,11.046875161468051,1
Qwen/Qwen2.5-3B-Instruct,control_subject_verb_0202,control_subject_verb,past-tense gender,-37.84190368652344,-36.36531066894531,11,12,0,-4.281250198371708,10.515624647327058,1
Qwen/Qwen2.5-3B-Instruct,control_subject_verb_0203,control_subject_verb,past-tense gender,-29.437000274658203,-35.21388244628906,10,10,1,10.968750264117261,10.20312500745058,1
Qwen/Qwen2.5-3B-Instruct,control_subject_verb_0204,control_subject_verb,past-tense gender,-41.54557418823242,-50.67546844482422,14,14,1,-8.828125266547431,10.875000365631422,1
Qwen/Qwen2.5-3B-Instruct,control_subject_verb_0205,control_subject_verb,past-tense gender,-48.33075714111328,-53.212646484375,12,12,1,-6.796874819556251,9.687500256564817,1
Qwen/Qwen2.5-3B-Instruct,control_subject_verb_0206,control_subject_verb,past-tense gender,-47.99530029296875,-53.49630355834961,17,17,1,-8.812499589344952,10.68749974083039,1
Qwen/Qwen2.5-3B-Instruct,control_subject_verb_0207,control_subject_verb,past-tense gender,-58.57725524902344,-54.76994323730469,16,16,0,-8.765625056024874,10.046875309635652,1
Qwen/Qwen2.5-3B-Instruct,control_subject_verb_0208,control_subject_verb,past-tense gender,-60.23429489135742,-68.45989227294922,17,17,1,-7.546874981140718,8.765624759864295,1
Qwen/Qwen2.5-3B-Instruct,control_subject_verb_0209,control_subject_verb,past-tense gender,-44.817359924316406,-53.272796630859375,12,12,1,0.15625,11.046875385960448,1
Qwen/Qwen2.5-3B-Instruct,control_subject_verb_0210,control_subject_verb,past-tense gender,-36.60675811767578,-42.04560089111328,11,12,1,-8.734374687308446,10.343750006657501,1
Qwen/Qwen2.5-3B-Instruct,control_subject_verb_0211,control_subject_verb,past-tense gender,-40.82633972167969,-42.53645324707031,19,18,1,-8.093749912513886,8.31249972752994,1
Qwen/Qwen2.5-3B-Instruct,control_subject_verb_0212,control_subject_verb,past-tense gender,-41.41069793701172,-53.34380340576172,12,12,1,-9.12500039927545,10.562500253610779,1
Qwen/Qwen2.5-3B-Instruct,control_subject_verb_0213,control_subject_verb,past-tense gender,-33.64377212524414,-39.3162841796875,13,14,1,2.4687499403953552,10.031250132175046,1
Qwen/Qwen2.5-3B-Instruct,control_subject_verb_0214,control_subject_verb,past-tense gender,-34.138893127441406,-42.60565948486328,14,14,1,-9.265624665262294,11.531250243315299,1
Qwen/Qwen2.5-3B-Instruct,control_subject_verb_0215,control_subject_verb,past-tense gender,-41.633201599121094,-56.54536437988281,16,16,1,-9.734374836611096,10.65624989864591,1
Qwen/Qwen2.5-3B-Instruct,control_subject_verb_0216,control_subject_verb,past-tense gender,-27.635547637939453,-33.19841003417969,10,10,1,10.906250023224857,9.593750250613084,1
Qwen/Qwen2.5-3B-Instruct,control_subject_verb_0217,control_subject_verb,past-tense gender,-35.473731994628906,-43.36577606201172,13,13,1,-6.843749804538675,8.203124721942004,1
Qwen/Qwen2.5-3B-Instruct,control_subject_verb_0218,control_subject_verb,past-tense gender,-39.14351272583008,-43.23072052001953,11,10,1,-1.3750000149011612,6.906250105937943,1
Qwen/Qwen2.5-3B-Instruct,control_subject_verb_0219,control_subject_verb,past-tense gender,-39.9053955078125,-44.16157531738281,15,14,1,-7.390625101048499,7.312500086321961,0
Qwen/Qwen2.5-3B-Instruct,control_subject_verb_0220,control_subject_verb,past-tense gender,-33.49671936035156,-42.247074127197266,11,11,1,-4.062500158324838,7.187500161642674,1
Qwen/Qwen2.5-3B-Instruct,control_subject_verb_0221,control_subject_verb,past-tense gender,-36.07556915283203,-41.40154266357422,11,11,1,-8.343750375322998,12.32812536538404,1
Qwen/Qwen2.5-3B-Instruct,control_subject_verb_0222,control_subject_verb,past-tense gender,-35.62604904174805,-36.841060638427734,11,12,1,12.796874890234903,11.26562489187927,1
Qwen/Qwen2.5-3B-Instruct,control_subject_verb_0223,control_subject_verb,past-tense gender,-45.34865951538086,-46.51942825317383,17,17,1,-4.937500123865902,12.499999916966772,1
Qwen/Qwen2.5-3B-Instruct,control_subject_verb_0224,control_subject_verb,past-tense gender,-34.71770477294922,-47.173648834228516,17,18,1,-5.015624790452421,10.843750156112947,1
Qwen/Qwen2.5-3B-Instruct,control_subject_verb_0225,control_subject_verb,past-tense gender,-52.220924377441406,-53.47221374511719,18,19,1,-7.0312499614665285,9.968749819294317,1
Qwen/Qwen2.5-3B-Instruct,control_subject_verb_0226,control_subject_verb,past-tense gender,-45.355079650878906,-48.20995330810547,16,15,1,-7.031249874504283,7.171875058033038,1
Qwen/Qwen2.5-3B-Instruct,control_subject_verb_0227,control_subject_verb,past-tense gender,-39.164634704589844,-48.623043060302734,12,12,1,-3.1562499552965164,11.828124887681042,1
Qwen/Qwen2.5-3B-Instruct,control_subject_verb_0228,control_subject_verb,past-tense gender,-47.318153381347656,-61.61167907714844,16,16,1,-9.750000285479473,10.640624695661245,1
Qwen/Qwen2.5-3B-Instruct,control_subject_verb_0229,control_subject_verb,past-tense gender,-33.116737365722656,-35.67291259765625,9,8,1,-4.6562501499429345,12.343750369211193,1
Qwen/Qwen2.5-3B-Instruct,control_subject_verb_0230,control_subject_verb,past-tense gender,-56.97987365722656,-57.388431549072266,18,18,1,-3.874999977648258,10.890625334926881,1
Qwen/Qwen2.5-3B-Instruct,control_subject_verb_0231,control_subject_verb,past-tense gender,-34.163658142089844,-42.60063171386719,12,12,1,-7.921874923980795,11.87499953864608,1
Qwen/Qwen2.5-3B-Instruct,control_subject_verb_0232,control_subject_verb,past-tense gender,-33.716915130615234,-34.249778747558594,11,10,1,-3.656249888241291,12.078125259198714,1
Qwen/Qwen2.5-3B-Instruct,control_subject_verb_0233,control_subject_verb,past-tense gender,-56.64911651611328,-53.721343994140625,16,16,0,-8.843750049505616,10.328124850901077,1
Qwen/Qwen2.5-3B-Instruct,control_subject_verb_0234,control_subject_verb,past-tense gender,-45.627952575683594,-48.88949203491211,16,16,1,-8.703124952124199,10.140624670195393,1
Qwen/Qwen2.5-3B-Instruct,control_subject_verb_0235,control_subject_verb,past-tense gender,-44.677120208740234,-49.90191650390625,13,13,1,-4.8749999003484845,10.35937513425597,1
Qwen/Qwen2.5-3B-Instruct,control_subject_verb_0236,control_subject_verb,past-tense gender,-39.96321105957031,-39.627525329589844,14,15,0,8.390624641964678,12.09375000410364,1
Qwen/Qwen2.5-3B-Instruct,control_subject_verb_0237,control_subject_verb,past-tense gender,-35.661048889160156,-43.844154357910156,12,11,1,-5.718749841907993,13.453124767831468,1
Qwen/Qwen2.5-3B-Instruct,control_subject_verb_0238,control_subject_verb,past-tense gender,-41.212806701660156,-44.81517028808594,11,12,1,-7.875000003085006,11.624999526808097,1
Qwen/Qwen2.5-3B-Instruct,control_subject_verb_0239,control_subject_verb,past-tense gender,-31.26363182067871,-44.364166259765625,11,11,1,-7.843749904248398,10.921875245840056,1
Qwen/Qwen2.5-3B-Instruct,control_subject_verb_0240,control_subject_verb,past-tense gender,-33.9204216003418,-40.64078140258789,11,11,1,-7.359375089756213,10.281249654959538,1
Qwen/Qwen2.5-3B-Instruct,control_subject_verb_0241,control_subject_verb,past-tense gender,-46.4952392578125,-47.309593200683594,12,12,1,-4.06249981187284,11.109375004547474,1
Qwen/Qwen2.5-3B-Instruct,control_subject_verb_0242,control_subject_verb,past-tense gender,-36.96199035644531,-45.201332092285156,14,14,1,-7.187499864783604,7.328124808962457,1
Qwen/Qwen2.5-3B-Instruct,control_subject_verb_0243,control_subject_verb,past-tense gender,-47.637359619140625,-44.46855926513672,11,11,0,0.21875,11.2656253783789,1
Qwen/Qwen2.5-3B-Instruct,control_subject_verb_0244,control_subject_verb,past-tense gender,-30.9775390625,-39.422813415527344,14,14,1,-7.359374778170604,8.46874993716483,1
Qwen/Qwen2.5-3B-Instruct,control_subject_verb_0245,control_subject_verb,past-tense gender,-41.44540023803711,-42.071861267089844,12,12,1,-5.8437500088475645,12.046874526036845,1
Qwen/Qwen2.5-3B-Instruct,control_subject_verb_0246,control_subject_verb,past-tense gender,-42.07368469238281,-46.201934814453125,11,11,1,-3.906249975785613,10.968749795021722,1
Qwen/Qwen2.5-3B-Instruct,control_subject_verb_0247,control_subject_verb,past-tense gender,-49.874366760253906,-58.00046920776367,19,19,1,-9.921875411935616,9.89062512293458,0
Qwen/Qwen2.5-3B-Instruct,control_subject_verb_0248,control_subject_verb,past-tense gender,-43.91992950439453,-48.31895446777344,17,16,1,-6.671874905354343,10.34374955893145,1
Qwen/Qwen2.5-3B-Instruct,control_subject_verb_0249,control_subject_verb,past-tense gender,-36.72504806518555,-47.60139846801758,13,13,1,-5.781250079162419,11.749999655570718,1
Qwen/Qwen2.5-3B-Instruct,control_subject_verb_0250,control_subject_verb,past-tense gender,-50.53929901123047,-47.88969421386719,11,11,0,0.09375,10.70312465990719,1
Qwen/Qwen2.5-3B-Instruct,control_subject_verb_0251,control_subject_verb,past-tense gender,-42.652931213378906,-57.746585845947266,16,16,1,-8.671875177591573,11.203125258994987,1
Qwen/Qwen2.5-3B-Instruct,control_subject_verb_0252,control_subject_verb,past-tense gender,-31.723678588867188,-36.590087890625,12,12,1,9.203125445492333,10.390624770268914,1
Qwen/Qwen2.5-3B-Instruct,control_subject_verb_0253,control_subject_verb,past-tense gender,-46.15664291381836,-61.01850891113281,17,17,1,-9.51562489673961,11.843749778563506,1
Qwen/Qwen2.5-3B-Instruct,control_subject_verb_0254,control_subject_verb,past-tense gender,-45.838680267333984,-57.32011032104492,18,18,1,-6.765625133179128,11.640625273488695,1
Qwen/Qwen2.5-3B-Instruct,control_subject_verb_0255,control_subject_verb,past-tense gender,-41.21891403198242,-46.7765007019043,11,11,1,-2.9999999217689037,10.531250373984221,1
Qwen/Qwen2.5-3B-Instruct,control_subject_verb_0256,control_subject_verb,past-tense gender,-33.05256652832031,-47.24785614013672,11,11,1,-6.6875001199077815,11.171875008905772,1
Qwen/Qwen2.5-3B-Instruct,control_subject_verb_0257,control_subject_verb,past-tense gender,-46.74595260620117,-52.06182098388672,21,21,1,-10.593749654653948,9.593750394968083,0
Qwen/Qwen2.5-3B-Instruct,control_subject_verb_0258,control_subject_verb,past-tense gender,-37.41804504394531,-40.4233283996582,18,17,1,-6.390625102212653,10.171875475702109,1
Qwen/Qwen2.5-3B-Instruct,control_subject_verb_0259,control_subject_verb,past-tense gender,-55.32501983642578,-53.92123794555664,16,17,0,-4.500000066123903,12.359374896710506,1
Qwen/Qwen2.5-3B-Instruct,control_subject_verb_0260,control_subject_verb,past-tense gender,-36.591129302978516,-41.26001739501953,16,15,1,-5.281249977182597,12.18750012901728,1
Qwen/Qwen2.5-3B-Instruct,control_subject_verb_0261,control_subject_verb,past-tense gender,-42.826995849609375,-43.438148498535156,13,13,1,-8.92187516807462,10.203125007683411,1
Qwen/Qwen2.5-3B-Instruct,control_subject_verb_0262,control_subject_verb,past-tense gender,-30.565813064575195,-36.426414489746094,12,12,1,3.9375001043081284,11.234374767831468,1
Qwen/Qwen2.5-3B-Instruct,control_subject_verb_0263,control_subject_verb,past-tense gender,-35.66334533691406,-38.41789245605469,14,13,1,-6.7343750587897375,10.98437465292227,1
Qwen/Qwen2.5-3B-Instruct,control_subject_verb_0264,control_subject_verb,past-tense gender,-39.80419158935547,-45.115814208984375,18,17,1,-5.953125001396984,10.578125039290171,1
Qwen/Qwen2.5-3B-Instruct,control_subject_verb_0265,control_subject_verb,past-tense gender,-43.169586181640625,-58.816917419433594,16,16,1,-10.17187484970782,11.093750138112227,1
Qwen/Qwen2.5-3B-Instruct,control_subject_verb_0266,control_subject_verb,past-tense gender,-42.399574279785156,-47.81619644165039,16,16,1,-7.562499987659976,10.343749792838935,1
Qwen/Qwen2.5-3B-Instruct,control_subject_verb_0267,control_subject_verb,past-tense gender,-34.66659164428711,-33.28310775756836,12,12,0,1.3749999552965164,11.218749647712684,1
Qwen/Qwen2.5-3B-Instruct,control_subject_verb_0268,control_subject_verb,past-tense gender,-31.014421463012695,-42.17027282714844,12,12,1,-0.8125,7.203125223575626,1
Qwen/Qwen2.5-3B-Instruct,control_subject_verb_0269,control_subject_verb,past-tense gender,-40.9027099609375,-42.136016845703125,12,12,1,-5.406249860301614,11.374999646774086,1
Qwen/Qwen2.5-3B-Instruct,control_subject_verb_0270,control_subject_verb,past-tense gender,-39.41843032836914,-51.87260437011719,16,16,1,-7.7812501267762855,11.921874669977115,1
Qwen/Qwen2.5-3B-Instruct,control_subject_verb_0271,control_subject_verb,past-tense gender,-46.1343994140625,-51.522064208984375,11,11,1,-3.2187500074505806,10.671875266780262,1
Qwen/Qwen2.5-3B-Instruct,control_subject_verb_0272,control_subject_verb,past-tense gender,-34.271507263183594,-44.71757125854492,11,11,1,-1.78125,11.859374537001713,1
Qwen/Qwen2.5-3B-Instruct,control_subject_verb_0273,control_subject_verb,past-tense gender,-47.61268615722656,-57.7933349609375,16,16,1,-10.281250307481969,11.937499542735168,1
Qwen/Qwen2.5-3B-Instruct,control_subject_verb_0274,control_subject_verb,past-tense gender,-43.73758316040039,-42.218894958496094,13,13,0,-2.5937499925494194,9.828124890496838,1
Qwen/Qwen2.5-3B-Instruct,control_subject_verb_0275,control_subject_verb,past-tense gender,-39.6921501159668,-50.241607666015625,10,10,1,-8.531249801220838,11.609374773557647,1
Qwen/Qwen2.5-3B-Instruct,control_subject_verb_0276,control_subject_verb,past-tense gender,-43.980350494384766,-50.30913162231445,11,11,1,4.281249892897904,11.421874892883352,1
Qwen/Qwen2.5-3B-Instruct,control_subject_verb_0277,control_subject_verb,past-tense gender,-38.725372314453125,-40.926109313964844,13,12,1,-5.34375007962808,11.703125011641532,1
Qwen/Qwen2.5-3B-Instruct,control_subject_verb_0278,control_subject_verb,past-tense gender,-29.78696060180664,-36.74946594238281,11,11,1,2.562500037252903,10.484375245156116,1
Qwen/Qwen2.5-3B-Instruct,control_subject_verb_0279,control_subject_verb,past-tense gender,-50.2305793762207,-53.284427642822266,19,19,1,-9.578124719671905,11.484375168685801,1
Qwen/Qwen2.5-3B-Instruct,control_subject_verb_0280,control_subject_verb,past-tense gender,-34.85967254638672,-44.61388397216797,14,14,1,-8.156250307132723,9.406249802850652,1
Qwen/Qwen2.5-3B-Instruct,control_subject_verb_0281,control_subject_verb,past-tense gender,-42.80902099609375,-49.48310852050781,12,12,1,-5.343750186730176,11.328125371815986,1
Qwen/Qwen2.5-3B-Instruct,control_subject_verb_0282,control_subject_verb,past-tense gender,-37.693546295166016,-43.564422607421875,13,12,1,-1.9687500596046448,12.812500123836799,1
Qwen/Qwen2.5-3B-Instruct,control_subject_verb_0283,control_subject_verb,past-tense gender,-54.141136169433594,-57.12730407714844,19,20,1,-6.1406248330604285,10.718749791907612,1
Qwen/Qwen2.5-3B-Instruct,control_subject_verb_0284,control_subject_verb,past-tense gender,-31.013580322265625,-43.913787841796875,12,12,1,-4.843750127591193,11.921874766332621,1
Qwen/Qwen2.5-3B-Instruct,control_subject_verb_0285,control_subject_verb,past-tense gender,-45.047908782958984,-48.5930290222168,18,18,1,-8.984375325147994,11.60937505538459,1
Qwen/Qwen2.5-3B-Instruct,control_subject_verb_0286,control_subject_verb,past-tense gender,-40.321285247802734,-46.75666809082031,11,12,1,-8.031249986030161,10.56249976624531,1
Qwen/Qwen2.5-3B-Instruct,control_subject_verb_0287,control_subject_verb,past-tense gender,-30.259580612182617,-39.510231018066406,10,11,1,-7.578124809777364,13.421875363812433,1
Qwen/Qwen2.5-3B-Instruct,control_subject_verb_0288,control_subject_verb,past-tense gender,-51.077266693115234,-52.06692123413086,18,19,1,-7.125000146101229,10.484375057305442,1
Qwen/Qwen2.5-3B-Instruct,control_subject_verb_0289,control_subject_verb,past-tense gender,-44.203895568847656,-48.87055969238281,16,16,1,-8.187499856227078,10.500000265878043,1
Qwen/Qwen2.5-3B-Instruct,control_subject_verb_0290,control_subject_verb,past-tense gender,-42.2029914855957,-47.00353240966797,16,16,1,-6.218749936670065,11.60937453416409,1
Qwen/Qwen2.5-3B-Instruct,control_subject_verb_0291,control_subject_verb,past-tense gender,-36.54730224609375,-50.51170349121094,17,18,1,-2.843750111758709,11.218749907886377,1
Qwen/Qwen2.5-3B-Instruct,control_subject_verb_0292,control_subject_verb,past-tense gender,-42.24800491333008,-39.77682113647461,13,13,0,0.28125,10.937499771840521,1
Qwen/Qwen2.5-3B-Instruct,control_subject_verb_0293,control_subject_verb,past-tense gender,-44.84148025512695,-43.929195404052734,11,11,0,-0.8437499701976776,11.890624810854206,1
Qwen/Qwen2.5-3B-Instruct,control_subject_verb_0294,control_subject_verb,past-tense gender,-46.75722885131836,-56.461280822753906,17,17,1,-10.000000287865987,11.765625134416041,1
Qwen/Qwen2.5-3B-Instruct,control_subject_verb_0295,control_subject_verb,past-tense gender,-40.914974212646484,-52.48772430419922,12,12,1,9.859374964114977,10.640625139625627,1
Qwen/Qwen2.5-3B-Instruct,control_subject_verb_0296,control_subject_verb,past-tense gender,-33.93062973022461,-40.798316955566406,14,15,1,-1.9062499403953552,12.09375037054997,1
Qwen/Qwen2.5-3B-Instruct,control_subject_verb_0297,control_subject_verb,past-tense gender,-36.12518310546875,-41.683624267578125,11,11,1,-7.812499787658453,9.812500078667654,1
Qwen/Qwen2.5-3B-Instruct,control_subject_verb_0298,control_subject_verb,past-tense gender,-25.983383178710938,-37.584964752197266,11,12,1,8.453124943422154,11.921875126761734,1
Qwen/Qwen2.5-3B-Instruct,control_subject_verb_0299,control_subject_verb,past-tense gender,-42.0320930480957,-45.889408111572266,12,12,1,-0.8124999403953552,10.328125146916136,1
Qwen/Qwen2.5-3B-Instruct,numeral_noun_0000,numeral_noun,2-4 + nom.pl,-34.09787368774414,-34.42812728881836,10,10,1,-7.984374822059181,7.296874849474989,0
Qwen/Qwen2.5-3B-Instruct,numeral_noun_0001,numeral_noun,2-4 + nom.pl,-43.60092544555664,-43.113365173339844,10,10,0,-9.562499776511686,13.06249982767622,1
Qwen/Qwen2.5-3B-Instruct,numeral_noun_0002,numeral_noun,2-4 + nom.pl,-38.531524658203125,-39.029563903808594,7,7,1,-9.281250153318979,10.734375021609594,1
Qwen/Qwen2.5-3B-Instruct,numeral_noun_0003,numeral_noun,2-4 + nom.pl,-43.62935256958008,-40.87397766113281,6,6,0,-10.859374652660335,7.796874775609467,0
Qwen/Qwen2.5-3B-Instruct,numeral_noun_0004,numeral_noun,2-4 + nom.pl,-39.769100189208984,-41.30457305908203,11,11,1,4.531249992549419,7.906249977677362,1
Qwen/Qwen2.5-3B-Instruct,numeral_noun_0005,numeral_noun,2-4 + nom.pl,-40.426185607910156,-39.22452163696289,6,6,0,-6.984375020838343,13.531250371495844,1
Qwen/Qwen2.5-3B-Instruct,numeral_noun_0006,numeral_noun,2-4 + nom.pl,-42.90877914428711,-40.52297592163086,8,8,0,-9.484374822553946,9.843750332016498,1
Qwen/Qwen2.5-3B-Instruct,numeral_noun_0007,numeral_noun,2-4 + nom.pl,-37.69062042236328,-25.379562377929688,6,6,0,-7.812499933526851,7.03124980814755,0
Qwen/Qwen2.5-3B-Instruct,numeral_noun_0008,numeral_noun,2-4 + nom.pl,-48.04163360595703,-49.52910614013672,15,15,1,-8.046874619991286,7.859375134517904,0
Qwen/Qwen2.5-3B-Instruct,numeral_noun_0009,numeral_noun,2-4 + nom.pl,-43.25400924682617,-49.542945861816406,12,12,1,-8.093750125321094,9.031249694438884,1
Qwen/Qwen2.5-3B-Instruct,numeral_noun_0010,numeral_noun,2-4 + nom.pl,-40.20738983154297,-39.42842102050781,9,9,0,-9.765625093277777,11.406249723484507,1
Qwen/Qwen2.5-3B-Instruct,numeral_noun_0011,numeral_noun,2-4 + nom.pl,-36.53605651855469,-38.57391357421875,5,5,1,-11.000000194850145,10.890625435422407,0
Qwen/Qwen2.5-3B-Instruct,numeral_noun_0012,numeral_noun,2-4 + nom.pl,-38.789703369140625,-46.987335205078125,16,16,1,11.01562464863673,7.906250091036782,1
Qwen/Qwen2.5-3B-Instruct,numeral_noun_0013,numeral_noun,2-4 + nom.pl,-45.30015182495117,-44.19696044921875,12,12,0,-7.84375014383113,7.328125084750354,0
Qwen/Qwen2.5-3B-Instruct,numeral_noun_0014,numeral_noun,2-4 + nom.pl,-40.78483200073242,-29.417320251464844,6,6,0,-12.765625011204975,10.40624966174073,0
Qwen/Qwen2.5-3B-Instruct,numeral_noun_0015,numeral_noun,2-4 + nom.pl,-41.091522216796875,-45.10924530029297,12,12,1,-3.124999910593033,11.671874910622137,1
Qwen/Qwen2.5-3B-Instruct,numeral_noun_0016,numeral_noun,2-4 + nom.pl,-46.74193572998047,-48.87005615234375,7,7,1,-9.281250301573891,12.015625033149263,1
Qwen/Qwen2.5-3B-Instruct,numeral_noun_0017,numeral_noun,2-4 + nom.pl,-35.23456573486328,-40.79888153076172,12,11,1,-9.828125327127054,9.453125073836418,0
Qwen/Qwen2.5-3B-Instruct,numeral_noun_0018,numeral_noun,2-4 + nom.pl,-39.66936492919922,-40.686729431152344,7,7,1,-12.7656252465531,12.890624531020876,1
Qwen/Qwen2.5-3B-Instruct,numeral_noun_0019,numeral_noun,2-4 + nom.pl,-39.33881378173828,-37.637367248535156,13,13,0,-6.921875100350007,8.31249962336733,1
Qwen/Qwen2.5-3B-Instruct,numeral_noun_0020,numeral_noun,2-4 + nom.pl,-40.63551330566406,-38.287384033203125,7,7,0,-12.20312464874587,13.296875414147507,1
Qwen/Qwen2.5-3B-Instruct,numeral_noun_0021,numeral_noun,2-4 + nom.pl,-46.861297607421875,-43.554229736328125,9,9,0,-13.140624660809408,11.625000438449206,0
Qwen/Qwen2.5-3B-Instruct,numeral_noun_0022,numeral_noun,2-4 + nom.pl,-39.36503982543945,-36.77122497558594,5,5,0,-11.218749583233148,11.093750228756107,0
Qwen/Qwen2.5-3B-Instruct,numeral_noun_0023,numeral_noun,2-4 + nom.pl,-27.555198669433594,-26.378881454467773,10,10,0,-4.750000037252903,6.984374946448952,1
Qwen/Qwen2.5-3B-Instruct,numeral_noun_0024,numeral_noun,2-4 + nom.pl,-31.431171417236328,-30.92046356201172,9,9,0,-9.18749974379898,9.87499961379217,1
Qwen/Qwen2.5-3B-Instruct,numeral_noun_0025,numeral_noun,2-4 + nom.pl,-40.435882568359375,-44.29493713378906,11,11,1,-0.40625,11.734374893188942,1
Qwen/Qwen2.5-3B-Instruct,numeral_noun_0026,numeral_noun,2-4 + nom.pl,-35.92823028564453,-38.65505599975586,12,12,1,-8.374999743653461,7.750000033644028,0
Qwen/Qwen2.5-3B-Instruct,numeral_noun_0027,numeral_noun,2-4 + nom.pl,-41.986572265625,-42.17201232910156,10,10,1,-12.4843747638879,13.062500240957888,1
Qwen/Qwen2.5-3B-Instruct,numeral_noun_0028,numeral_noun,2-4 + nom.pl,-43.17604446411133,-47.986778259277344,10,9,1,-13.421874528226908,9.640625264117261,0
Qwen/Qwen2.5-3B-Instruct,numeral_noun_0029,numeral_noun,2-4 + nom.pl,-37.24678039550781,-36.472923278808594,7,7,0,-12.26562488322088,13.79687500262662,1
Qwen/Qwen2.5-3B-Instruct,numeral_noun_0030,numeral_noun,2-4 + nom.pl,-47.62052917480469,-51.36314392089844,16,16,1,0.46875,9.499999650346581,1
Qwen/Qwen2.5-3B-Instruct,numeral_noun_0031,numeral_noun,2-4 + nom.pl,-30.34781837463379,-35.29060363769531,11,9,1,1.3750000447034836,11.328124915220542,1
Qwen/Qwen2.5-3B-Instruct,numeral_noun_0032,numeral_noun,2-4 + nom.pl,-45.43232345581055,-44.974266052246094,10,10,0,-10.531250131418346,10.749999545267201,1
Qwen/Qwen2.5-3B-Instruct,numeral_noun_0033,numeral_noun,2-4 + nom.pl,-42.56211471557617,-38.1876220703125,10,10,0,-11.624999546285835,11.031250267697033,0
Qwen/Qwen2.5-3B-Instruct,numeral_noun_0034,numeral_noun,2-4 + nom.pl,-45.401832580566406,-44.05882263183594,13,13,0,-7.796875155589078,8.484374731749995,1
Qwen/Qwen2.5-3B-Instruct,numeral_noun_0035,numeral_noun,2-4 + nom.pl,-40.717071533203125,-42.49919128417969,13,13,1,-8.906249588297214,9.54687488041236,1
Qwen/Qwen2.5-3B-Instruct,numeral_noun_0036,numeral_noun,2-4 + nom.pl,-42.08781051635742,-42.05474090576172,10,10,0,-7.937499872699846,7.187500198371708,0
Qwen/Qwen2.5-3B-Instruct,numeral_noun_0037,numeral_noun,2-4 + nom.pl,-48.780235290527344,-50.68864059448242,13,13,1,-9.328124780731741,8.874999925639713,0
Qwen/Qwen2.5-3B-Instruct,numeral_noun_0038,numeral_noun,2-4 + nom.pl,-45.55629348754883,-46.243011474609375,16,16,1,-4.968749773222953,11.8124995448743,1
Qwen/Qwen2.5-3B-Instruct,numeral_noun_0039,numeral_noun,2-4 + nom.pl,-40.40546417236328,-41.04362869262695,8,7,1,-7.4687498730490915,11.546875185042154,1
Qwen/Qwen2.5-3B-Instruct,numeral_noun_0040,numeral_noun,2-4 + nom.pl,-39.564918518066406,-37.4276123046875,12,12,0,-9.531249904655851,8.890625042578904,0
Qwen/Qwen2.5-3B-Instruct,numeral_noun_0041,numeral_noun,2-4 + nom.pl,-40.5640983581543,-41.37189865112305,10,10,1,-9.203124543884769,12.625000007101335,1
Qwen/Qwen2.5-3B-Instruct,numeral_noun_0042,numeral_noun,2-4 + nom.pl,-39.11583709716797,-42.07905578613281,12,12,1,-9.546875275817001,10.359375034138793,1
Qwen/Qwen2.5-3B-Instruct,numeral_noun_0043,numeral_noun,2-4 + nom.pl,-52.52207946777344,-51.86726379394531,13,13,0,-8.953124552150257,8.499999817984644,0
Qwen/Qwen2.5-3B-Instruct,numeral_noun_0044,numeral_noun,2-4 + nom.pl,-33.63685607910156,-37.16316223144531,9,9,1,-7.3437501061707735,8.640625302272383,1
Qwen/Qwen2.5-3B-Instruct,numeral_noun_0045,numeral_noun,2-4 + nom.pl,-44.438697814941406,-47.73973083496094,13,13,1,-7.843750220228685,13.73437464642484,1
Qwen/Qwen2.5-3B-Instruct,numeral_noun_0046,numeral_noun,2-4 + nom.pl,-39.338050842285156,-40.94651794433594,9,9,1,-13.265625359897967,13.875000122112397,1
Qwen/Qwen2.5-3B-Instruct,numeral_noun_0047,numeral_noun,2-4 + nom.pl,-38.278160095214844,-43.75518035888672,12,12,1,-6.49999994400423,7.43749988055788,1
Qwen/Qwen2.5-3B-Instruct,numeral_noun_0048,numeral_noun,2-4 + nom.pl,-38.63807678222656,-44.97547149658203,13,13,1,10.249999769541319,8.718750383297447,1
Qwen/Qwen2.5-3B-Instruct,numeral_noun_0049,numeral_noun,2-4 + nom.pl,-43.167118072509766,-43.56083679199219,9,9,1,-2.4375001043081284,13.96875025461486,1
Qwen/Qwen2.5-3B-Instruct,numeral_noun_0050,numeral_noun,2-4 + nom.pl,-36.998355865478516,-37.04424285888672,7,7,1,-12.953124764368113,14.718749765364919,1
Qwen/Qwen2.5-3B-Instruct,numeral_noun_0051,numeral_noun,2-4 + nom.pl,-42.464786529541016,-37.66331481933594,10,10,0,-8.515624821564415,11.96874978892447,1
Qwen/Qwen2.5-3B-Instruct,numeral_noun_0052,numeral_noun,2-4 + nom.pl,-45.820152282714844,-49.844200134277344,14,14,1,-8.249999963329174,9.078125158732291,1
Qwen/Qwen2.5-3B-Instruct,numeral_noun_0053,numeral_noun,2-4 + nom.pl,-45.803321838378906,-52.1045036315918,15,15,1,-8.531249817024218,8.312500383937731,0
Qwen/Qwen2.5-3B-Instruct,numeral_noun_0054,numeral_noun,2-4 + nom.pl,-39.46640396118164,-42.390708923339844,7,7,1,-13.12499989187927,11.95312537648715,0
Qwen/Qwen2.5-3B-Instruct,numeral_noun_0055,numeral_noun,2-4 + nom.pl,-43.1227912902832,-50.04784393310547,12,12,1,-6.874999892781489,10.296874547959305,1
Qwen/Qwen2.5-3B-Instruct,numeral_noun_0056,numeral_noun,2-4 + nom.pl,-47.30748748779297,-48.308799743652344,10,10,1,2.125000074505806,13.218749912513886,1
Qwen/Qwen2.5-3B-Instruct,numeral_noun_0057,numeral_noun,2-4 + nom.pl,-45.04425048828125,-46.675079345703125,10,10,1,2.2187498956918716,13.203125256375642,1
Qwen/Qwen2.5-3B-Instruct,numeral_noun_0058,numeral_noun,2-4 + nom.pl,-37.5080451965332,-36.18836975097656,9,7,0,-10.171875104308128,11.546875100408215,1
Qwen/Qwen2.5-3B-Instruct,numeral_noun_0059,numeral_noun,2-4 + nom.pl,-38.104347229003906,-40.176395416259766,8,8,1,-8.046875307481969,13.718750241030648,1
Qwen/Qwen2.5-3B-Instruct,numeral_noun_0060,numeral_noun,2-4 + nom.pl,-34.95043182373047,-32.76327133178711,11,11,0,-7.281250212749001,7.4687499037827365,1
Qwen/Qwen2.5-3B-Instruct,numeral_noun_0061,numeral_noun,2-4 + nom.pl,-30.577856063842773,-18.767274856567383,8,6,0,-9.203125390427886,9.812499700754415,1
Qwen/Qwen2.5-3B-Instruct,numeral_noun_0062,numeral_noun,2-4 + nom.pl,-34.14638137817383,-34.7535400390625,12,11,1,-9.937499542545993,12.04687490282231,1
Qwen/Qwen2.5-3B-Instruct,numeral_noun_0063,numeral_noun,2-4 + nom.pl,-43.872318267822266,-43.8125,13,13,0,0.0,10.71874956987449,1
Qwen/Qwen2.5-3B-Instruct,numeral_noun_0064,numeral_noun,2-4 + nom.pl,-39.40410614013672,-39.17860794067383,9,9,0,-8.343750405241735,9.265625430329237,1
Qwen/Qwen2.5-3B-Instruct,numeral_noun_0065,numeral_noun,2-4 + nom.pl,-40.79438781738281,-42.548362731933594,10,10,1,-12.281249646170181,14.109375121181074,1
Qwen/Qwen2.5-3B-Instruct,numeral_noun_0066,numeral_noun,2-4 + nom.pl,-45.412147521972656,-46.873077392578125,10,10,1,-5.671874864725396,6.625000163214281,1
Qwen/Qwen2.5-3B-Instruct,numeral_noun_0067,numeral_noun,2-4 + nom.pl,-34.83984375,-39.00839614868164,12,12,1,-9.718750073458068,10.81249993154779,1
Qwen/Qwen2.5-3B-Instruct,numeral_noun_0068,numeral_noun,2-4 + nom.pl,-29.8775634765625,-17.451269149780273,8,6,0,-9.578124556690454,10.98437482357258,1
Qwen/Qwen2.5-3B-Instruct,numeral_noun_0069,numeral_noun,2-4 + nom.pl,-44.93983459472656,-45.624481201171875,13,12,1,-7.7968748764833435,13.14062454350642,1
Qwen/Qwen2.5-3B-Instruct,numeral_noun_0070,numeral_noun,2-4 + nom.pl,-28.72084617614746,-35.31020736694336,13,13,1,-1.9062500149011612,6.296875160885975,1
Qwen/Qwen2.5-3B-Instruct,numeral_noun_0071,numeral_noun,2-4 + nom.pl,-46.68501281738281,-47.6530647277832,15,15,1,-2.5312498956918716,8.249999539810233,1
Qwen/Qwen2.5-3B-Instruct,numeral_noun_0072,numeral_noun,2-4 + nom.pl,-45.87207794189453,-44.74827575683594,13,13,0,-9.31249982357258,9.718749618739821,1
Qwen/Qwen2.5-3B-Instruct,numeral_noun_0073,numeral_noun,2-4 + nom.pl,-45.450557708740234,-47.76289367675781,12,12,1,-5.531249846331775,8.312500137020834,1
Qwen/Qwen2.5-3B-Instruct,numeral_noun_0074,numeral_noun,2-4 + nom.pl,-42.5001106262207,-41.988948822021484,12,12,0,-5.734375013737008,10.06249974729144,1
Qwen/Qwen2.5-3B-Instruct,numeral_noun_0075,numeral_noun,2-4 + nom.pl,-41.13335037231445,-41.69578170776367,7,7,1,-12.421874767111149,12.031250366620952,0
Qwen/Qwen2.5-3B-Instruct,numeral_noun_0076,numeral_noun,2-4 + nom.pl,-40.454505920410156,-42.90546417236328,10,10,1,2.093750074505806,14.593749790277798,1
Qwen/Qwen2.5-3B-Instruct,numeral_noun_0077,numeral_noun,2-4 + nom.pl,-40.95396423339844,-41.94630432128906,9,9,1,-12.984374525556632,13.312499886007572,1
Qwen/Qwen2.5-3B-Instruct,numeral_noun_0078,numeral_noun,2-4 + nom.pl,-43.21382141113281,-40.43114471435547,10,10,0,-6.921875106985681,8.015625032712705,1
Qwen/Qwen2.5-3B-Instruct,numeral_noun_0079,numeral_noun,2-4 + nom.pl,-38.051063537597656,-41.72545623779297,11,11,1,-8.937500157946488,9.296874909006874,1
Qwen/Qwen2.5-3B-Instruct,numeral_noun_0080,numeral_noun,2-4 + nom.pl,-38.991024017333984,-26.92759132385254,8,8,0,-12.734374776351615,10.890624979569111,0
Qwen/Qwen2.5-3B-Instruct,numeral_noun_0081,numeral_noun,2-4 + nom.pl,-47.76068115234375,-46.40132141113281,8,8,0,-13.578125374144292,10.171874549676431,0
Qwen/Qwen2.5-3B-Instruct,numeral_noun_0082,numeral_noun,2-4 + nom.pl,-59.249839782714844,-54.180625915527344,11,11,0,-2.812499962747097,9.04687514602847,1
Qwen/Qwen2.5-3B-Instruct,numeral_noun_0083,numeral_noun,2-4 + nom.pl,-36.312583923339844,-40.67181396484375,12,12,1,-6.421874901861884,7.437499892897904,1
Qwen/Qwen2.5-3B-Instruct,numeral_noun_0084,numeral_noun,2-4 + nom.pl,-42.094947814941406,-42.15108871459961,12,11,1,-5.765625112457201,9.828124861698598,1
Qwen/Qwen2.5-3B-Instruct,numeral_noun_0085,numeral_noun,2-4 + nom.pl,-47.419281005859375,-46.008216857910156,11,11,0,-9.48437512901728,12.859374526182364,1
Qwen/Qwen2.5-3B-Instruct,numeral_noun_0086,numeral_noun,2-4 + nom.pl,-47.87479782104492,-41.52460861206055,7,7,0,-14.8281253591922,10.984375073108822,0
Qwen/Qwen2.5-3B-Instruct,numeral_noun_0087,numeral_noun,2-4 + nom.pl,-42.975345611572266,-39.85746765136719,9,9,0,-9.421875035914127,10.125000039843144,1
Qwen/Qwen2.5-3B-Instruct,numeral_noun_0088,numeral_noun,2-4 + nom.pl,-43.84105682373047,-42.42408752441406,9,9,0,-10.921875404077582,9.14062508524512,0
Qwen/Qwen2.5-3B-Instruct,numeral_noun_0089,numeral_noun,2-4 + nom.pl,-38.823944091796875,-36.35205078125,8,8,0,-13.687499527135515,12.750000126077794,0
Qwen/Qwen2.5-3B-Instruct,numeral_noun_0090,numeral_noun,2-4 + nom.pl,-46.90888977050781,-53.38182830810547,15,14,1,-8.45312489522621,10.28125032276148,1
Qwen/Qwen2.5-3B-Instruct,numeral_noun_0091,numeral_noun,2-4 + nom.pl,-43.068870544433594,-42.82386779785156,10,10,0,-7.531249902734999,8.28124969592318,1
Qwen/Qwen2.5-3B-Instruct,numeral_noun_0092,numeral_noun,2-4 + nom.pl,-44.89923858642578,-44.38291931152344,16,16,0,1.5624999701976776,8.999999711290002,1
Qwen/Qwen2.5-3B-Instruct,numeral_noun_0093,numeral_noun,2-4 + nom.pl,-44.484527587890625,-46.535484313964844,10,10,1,-12.640624768049747,11.500000375745003,0
Qwen/Qwen2.5-3B-Instruct,numeral_noun_0094,numeral_noun,2-4 + nom.pl,-43.557090759277344,-43.267608642578125,10,10,0,-7.687500030384399,13.781250123742211,1
Qwen/Qwen2.5-3B-Instruct,numeral_noun_0095,numeral_noun,2-4 + nom.pl,-36.99155807495117,-28.66705894470215,5,5,0,-11.687500161206117,9.703125269821612,0
Qwen/Qwen2.5-3B-Instruct,numeral_noun_0096,numeral_noun,2-4 + nom.pl,-37.786460876464844,-43.489540100097656,13,13,1,10.62499964863673,9.82812500995351,1
Qwen/Qwen2.5-3B-Instruct,numeral_noun_0097,numeral_noun,2-4 + nom.pl,-42.74403381347656,-48.030853271484375,13,12,1,-7.484375071129762,5.40625016624108,0
Qwen/Qwen2.5-3B-Instruct,numeral_noun_0098,numeral_noun,2-4 + nom.pl,-48.68010711669922,-52.91881561279297,12,12,1,2.7187499329447746,11.781249646337528,1
Qwen/Qwen2.5-3B-Instruct,numeral_noun_0099,numeral_noun,2-4 + nom.pl,-39.84916305541992,-44.64603805541992,12,11,1,-6.17187493131496,8.62500012043165,1
Qwen/Qwen2.5-3B-Instruct,numeral_noun_0100,numeral_noun,2-4 + nom.pl,-48.183162689208984,-49.82465744018555,13,13,1,-9.93750024944893,10.906250127853127,1
Qwen/Qwen2.5-3B-Instruct,numeral_noun_0101,numeral_noun,2-4 + nom.pl,-46.265464782714844,-52.48727798461914,12,12,1,-7.1250000387080945,9.26562479781569,1
Qwen/Qwen2.5-3B-Instruct,numeral_noun_0102,numeral_noun,2-4 + nom.pl,-32.48845672607422,-32.42897033691406,9,9,0,-8.968750372354407,10.12500031653326,1
Qwen/Qwen2.5-3B-Instruct,numeral_noun_0103,numeral_noun,2-4 + nom.pl,-47.55184555053711,-48.44731903076172,11,11,1,-7.328125043248292,8.203124614607077,1
Qwen/Qwen2.5-3B-Instruct,numeral_noun_0104,numeral_noun,2-4 + nom.pl,-51.6818962097168,-51.88779067993164,8,8,1,-9.31250001238368,9.515625267929863,1
Qwen/Qwen2.5-3B-Instruct,numeral_noun_0105,numeral_noun,2-4 + nom.pl,-38.96281433105469,-35.97951126098633,5,5,0,-14.499999527310138,14.124999887681042,0
Qwen/Qwen2.5-3B-Instruct,numeral_noun_0106,numeral_noun,2-4 + nom.pl,-37.715431213378906,-36.45250701904297,8,8,0,-13.109375124207872,12.593749767831468,0
Qwen/Qwen2.5-3B-Instruct,numeral_noun_0107,numeral_noun,2-4 + nom.pl,-40.40619659423828,-43.53495788574219,6,6,1,-7.656250158790499,14.250000014566467,1
Qwen/Qwen2.5-3B-Instruct,numeral_noun_0108,numeral_noun,2-4 + nom.pl,-37.63501739501953,-37.533626556396484,9,9,0,-13.203125132335117,11.562500034371624,0
Qwen/Qwen2.5-3B-Instruct,numeral_noun_0109,numeral_noun,2-4 + nom.pl,-53.57895278930664,-46.8590087890625,10,10,0,-9.718750371175702,12.593750139814802,1
Qwen/Qwen2.5-3B-Instruct,numeral_noun_0110,numeral_noun,2-4 + nom.pl,-45.56351852416992,-46.596168518066406,8,8,1,-11.32812527634087,11.984375325933797,1
Qwen/Qwen2.5-3B-Instruct,numeral_noun_0111,numeral_noun,2-4 + nom.pl,-39.73009490966797,-44.81306457519531,12,12,1,-8.359374940075213,9.218750159285264,1
Qwen/Qwen2.5-3B-Instruct,numeral_noun_0112,numeral_noun,2-4 + nom.pl,-44.48323059082031,-39.119476318359375,8,7,0,-13.703125038504368,8.890624873980414,0
Qwen/Qwen2.5-3B-Instruct,numeral_noun_0113,numeral_noun,2-4 + nom.pl,-43.59680938720703,-43.38153076171875,13,13,0,-11.312499656996806,11.671875024680048,1
Qwen/Qwen2.5-3B-Instruct,numeral_noun_0114,numeral_noun,2-4 + nom.pl,-41.478843688964844,-46.25607681274414,10,10,1,-8.50000040762825,14.703124890904292,1
Qwen/Qwen2.5-3B-Instruct,numeral_noun_0115,numeral_noun,2-4 + nom.pl,-41.72294998168945,-45.7270393371582,12,11,1,-9.531250303291017,6.000000198138878,0
Qwen/Qwen2.5-3B-Instruct,numeral_noun_0116,numeral_noun,2-4 + nom.pl,-32.857173919677734,-29.929386138916016,8,8,0,-5.21874996367842,8.843750399537385,1
Qwen/Qwen2.5-3B-Instruct,numeral_noun_0117,numeral_noun,2-4 + nom.pl,-43.66328430175781,-44.68525314331055,12,12,1,0.9062500298023224,12.703125015061232,1
Qwen/Qwen2.5-3B-Instruct,numeral_noun_0118,numeral_noun,2-4 + nom.pl,-39.09854507446289,-39.33393096923828,7,7,1,-11.78124978892447,13.296874774299795,1
Qwen/Qwen2.5-3B-Instruct,numeral_noun_0119,numeral_noun,2-4 + nom.pl,-44.76625061035156,-44.568260192871094,15,14,0,-1.03125,10.031250457454007,1
Qwen/Qwen2.5-3B-Instruct,numeral_noun_0120,numeral_noun,2-4 + nom.pl,-39.7775764465332,-40.171791076660156,7,7,1,-9.203125293715857,11.078124909690814,1
Qwen/Qwen2.5-3B-Instruct,numeral_noun_0121,numeral_noun,2-4 + nom.pl,-33.47255325317383,-29.93418312072754,8,8,0,0.9687499701976776,7.437499990570359,1
Qwen/Qwen2.5-3B-Instruct,numeral_noun_0122,numeral_noun,2-4 + nom.pl,-41.63622283935547,-38.33174133300781,6,6,0,-4.968750160187483,14.078125023428584,1
Qwen/Qwen2.5-3B-Instruct,numeral_noun_0123,numeral_noun,2-4 + nom.pl,-44.55440902709961,-47.81774139404297,8,8,1,-9.593750407017069,11.484375146246748,1
Qwen/Qwen2.5-3B-Instruct,numeral_noun_0124,numeral_noun,2-4 + nom.pl,-40.12700653076172,-39.99347686767578,11,11,0,-11.749999647232471,11.70312512970122,0
Qwen/Qwen2.5-3B-Instruct,numeral_noun_0125,numeral_noun,2-4 + nom.pl,-42.95025634765625,-44.15956115722656,10,10,1,-9.171875401487341,7.374999964493327,0
Qwen/Qwen2.5-3B-Instruct,numeral_noun_0126,numeral_noun,2-4 + nom.pl,-41.38702392578125,-46.7991943359375,10,10,1,-12.671874531879439,13.218749887571903,1
Qwen/Qwen2.5-3B-Instruct,numeral_noun_0127,numeral_noun,2-4 + nom.pl,-45.00104522705078,-43.941162109375,9,9,0,-11.203125145373633,9.562500423489837,0
Qwen/Qwen2.5-3B-Instruct,numeral_noun_0128,numeral_noun,2-4 + nom.pl,-48.46958923339844,-49.36433029174805,8,8,1,-8.390625159285264,12.5937501236549,1
Qwen/Qwen2.5-3B-Instruct,numeral_noun_0129,numeral_noun,2-4 + nom.pl,-48.96126174926758,-47.348793029785156,11,11,0,-10.468749792838935,8.484375172352884,0
Qwen/Qwen2.5-3B-Instruct,numeral_noun_0130,numeral_noun,2-4 + nom.pl,-48.47893142700195,-49.111732482910156,11,11,1,-7.687500183295924,10.703124542735168,1
Qwen/Qwen2.5-3B-Instruct,numeral_noun_0131,numeral_noun,2-4 + nom.pl,-46.17864990234375,-47.18511199951172,14,14,1,-3.0937500447034836,13.625000005406037,1
Qwen/Qwen2.5-3B-Instruct,numeral_noun_0132,numeral_noun,2-4 + nom.pl,-32.801124572753906,-37.956424713134766,12,11,1,-10.250000036408892,7.81249989772914,0
Qwen/Qwen2.5-3B-Instruct,numeral_noun_0133,numeral_noun,2-4 + nom.pl,-60.0257682800293,-53.43656921386719,8,8,0,-8.078125191910658,9.750000009429641,1
Qwen/Qwen2.5-3B-Instruct,numeral_noun_0134,numeral_noun,2-4 + nom.pl,-41.15264129638672,-41.25206756591797,12,12,1,-5.312500230502337,7.5468749405117705,1
Qwen/Qwen2.5-3B-Instruct,numeral_noun_0135,numeral_noun,2-4 + nom.pl,-44.91682434082031,-45.35234069824219,10,10,1,-12.406249886204023,11.390625134081347,0
Qwen/Qwen2.5-3B-Instruct,numeral_noun_0136,numeral_noun,2-4 + nom.pl,-41.60115051269531,-45.49712371826172,10,10,1,-13.515625124018698,13.671875004460162,1
Qwen/Qwen2.5-3B-Instruct,numeral_noun_0137,numeral_noun,2-4 + nom.pl,-58.60508728027344,-53.52979278564453,8,8,0,-5.453125102445483,9.82812537071004,1
Qwen/Qwen2.5-3B-Instruct,numeral_noun_0138,numeral_noun,2-4 + nom.pl,-48.44506072998047,-42.598655700683594,7,7,0,-13.999999643718184,11.828124677354936,0
Qwen/Qwen2.5-3B-Instruct,numeral_noun_0139,numeral_noun,2-4 + nom.pl,-31.482906341552734,-30.944196701049805,8,8,0,-7.593750036437996,9.109374664447387,1
Qwen/Qwen2.5-3B-Instruct,numeral_noun_0140,numeral_noun,2-4 + nom.pl,-46.335289001464844,-51.64384078979492,11,10,1,-10.968750276078936,7.812499765015673,0
Qwen/Qwen2.5-3B-Instruct,numeral_noun_0141,numeral_noun,2-4 + nom.pl,-38.52550506591797,-39.9593505859375,12,10,1,-7.890624904772267,13.468749676598236,1
Qwen/Qwen2.5-3B-Instruct,numeral_noun_0142,numeral_noun,2-4 + nom.pl,-39.0881233215332,-42.50630187988281,10,9,1,-11.656250362699211,12.421875378568075,1
Qwen/Qwen2.5-3B-Instruct,numeral_noun_0143,numeral_noun,2-4 + nom.pl,-41.000518798828125,-38.3717041015625,8,8,0,-12.578125030035153,11.312500050407834,0
Qwen/Qwen2.5-3B-Instruct,numeral_noun_0144,numeral_noun,2-4 + nom.pl,-39.79562759399414,-42.03123092651367,9,9,1,-10.812499677413143,9.531249617633875,0
Qwen/Qwen2.5-3B-Instruct,numeral_noun_0145,numeral_noun,2-4 + nom.pl,-40.56441116333008,-27.047569274902344,5,5,0,-13.765624536856194,10.687500447093043,0
Qwen/Qwen2.5-3B-Instruct,numeral_noun_0146,numeral_noun,2-4 + nom.pl,-43.5920524597168,-44.7701416015625,11,11,1,-6.7499999072169885,9.937500418076525,1
Qwen/Qwen2.5-3B-Instruct,numeral_noun_0147,numeral_noun,2-4 + nom.pl,-40.04643249511719,-38.75092315673828,7,7,0,-12.015625242675014,12.78125028318027,1
Qwen/Qwen2.5-3B-Instruct,numeral_noun_0148,numeral_noun,2-4 + nom.pl,-45.27220916748047,-46.4658203125,14,14,1,0.03125,6.921874995692633,1
Qwen/Qwen2.5-3B-Instruct,numeral_noun_0149,numeral_noun,2-4 + nom.pl,-38.12968444824219,-39.221832275390625,10,10,1,-9.406249782652594,11.328125288768206,1
Qwen/Qwen2.5-3B-Instruct,numeral_noun_0150,numeral_noun,5+ + gen.pl,-47.833038330078125,-51.85010528564453,14,12,1,-7.375000016065314,10.374999726569513,1
Qwen/Qwen2.5-3B-Instruct,numeral_noun_0151,numeral_noun,5+ + gen.pl,-42.9265251159668,-50.744834899902344,14,12,1,-4.937499806750566,12.812499673658749,1
Qwen/Qwen2.5-3B-Instruct,numeral_noun_0152,numeral_noun,5+ + gen.pl,-43.88011932373047,-48.94100570678711,14,12,1,-7.812499787192792,12.781249907886377,1
Qwen/Qwen2.5-3B-Instruct,numeral_noun_0153,numeral_noun,5+ + gen.pl,-41.45832824707031,-51.66102981567383,12,11,1,-7.796875027008355,8.562499832973117,1
Qwen/Qwen2.5-3B-Instruct,numeral_noun_0154,numeral_noun,5+ + gen.pl,-41.33082962036133,-46.300010681152344,16,15,1,-6.921874891151674,7.796874888939783,1
Qwen/Qwen2.5-3B-Instruct,numeral_noun_0155,numeral_noun,5+ + gen.pl,-44.12009811401367,-51.83245849609375,16,15,1,-5.421874866820872,12.999999930645572,1
Qwen/Qwen2.5-3B-Instruct,numeral_noun_0156,numeral_noun,5+ + gen.pl,-39.444053649902344,-46.27546691894531,10,9,1,-7.187499772873707,13.10937537557038,1
Qwen/Qwen2.5-3B-Instruct,numeral_noun_0157,numeral_noun,5+ + gen.pl,-48.95635223388672,-57.085357666015625,15,14,1,-1.6562500447034836,13.906250029802322,1
Qwen/Qwen2.5-3B-Instruct,numeral_noun_0158,numeral_noun,5+ + gen.pl,-40.23126220703125,-46.47368240356445,14,12,1,-8.93750001146691,14.156250139625627,1
Qwen/Qwen2.5-3B-Instruct,numeral_noun_0159,numeral_noun,5+ + gen.pl,-45.68056869506836,-50.15438461303711,11,10,1,-7.968749862338882,13.406249649182428,1
Qwen/Qwen2.5-3B-Instruct,numeral_noun_0160,numeral_noun,5+ + gen.pl,-36.14836120605469,-42.55015563964844,15,14,1,-6.578124901745468,13.578125134750735,1
Qwen/Qwen2.5-3B-Instruct,numeral_noun_0161,numeral_noun,5+ + gen.pl,-38.89261245727539,-48.9798583984375,15,14,1,-9.04687527686474,9.484374674386345,1
Qwen/Qwen2.5-3B-Instruct,numeral_noun_0162,numeral_noun,5+ + gen.pl,-44.02189636230469,-50.57357406616211,15,14,1,-5.671874906634912,14.796875255662599,1
Qwen/Qwen2.5-3B-Instruct,numeral_noun_0163,numeral_noun,5+ + gen.pl,-39.7425537109375,-50.83970642089844,12,11,1,-6.6562501430744305,14.921874770152499,1
Qwen/Qwen2.5-3B-Instruct,numeral_noun_0164,numeral_noun,5+ + gen.pl,-57.932518005371094,-68.44313049316406,14,12,1,-6.82812494202517,8.374999735155143,1
Qwen/Qwen2.5-3B-Instruct,numeral_noun_0165,numeral_noun,5+ + gen.pl,-38.45988464355469,-40.97515869140625,14,13,1,-6.515624907100573,11.171875381813152,1
Qwen/Qwen2.5-3B-Instruct,numeral_noun_0166,numeral_noun,5+ + gen.pl,-41.127296447753906,-48.80827331542969,8,7,1,-7.796874803781975,15.312500135260052,1
Qwen/Qwen2.5-3B-Instruct,numeral_noun_0167,numeral_noun,5+ + gen.pl,-47.468509674072266,-55.466346740722656,13,11,1,-10.265625019485014,11.093750024476321,1
Qwen/Qwen2.5-3B-Instruct,numeral_noun_0168,numeral_noun,5+ + gen.pl,-42.0597038269043,-49.056114196777344,11,10,1,-7.65624992211815,14.500000280357199,1
Qwen/Qwen2.5-3B-Instruct,numeral_noun_0169,numeral_noun,5+ + gen.pl,-44.593177795410156,-49.504539489746094,16,14,1,-5.453124833293259,7.734375164902303,1
Qwen/Qwen2.5-3B-Instruct,numeral_noun_0170,numeral_noun,5+ + gen.pl,-40.073402404785156,-47.534141540527344,11,10,1,-2.9374998807907104,13.718749682564521,1
Qwen/Qwen2.5-3B-Instruct,numeral_noun_0171,numeral_noun,5+ + gen.pl,-51.01459503173828,-65.16393280029297,18,17,1,-9.687500246072887,11.906249532519723,1
Qwen/Qwen2.5-3B-Instruct,numeral_noun_0172,numeral_noun,5+ + gen.pl,-41.375423431396484,-45.89640808105469,10,9,1,-8.312499931256752,14.578124538136763,1
Qwen/Qwen2.5-3B-Instruct,numeral_noun_0173,numeral_noun,5+ + gen.pl,-44.73583221435547,-49.361228942871094,10,9,1,-8.781249572813977,14.625000252621248,1
Qwen/Qwen2.5-3B-Instruct,numeral_noun_0174,numeral_noun,5+ + gen.pl,-41.964813232421875,-49.50206756591797,12,11,1,-5.3437499310821295,13.187500026630005,1
Qwen/Qwen2.5-3B-Instruct,numeral_noun_0175,numeral_noun,5+ + gen.pl,-38.16663360595703,-43.51487731933594,17,16,1,-9.37499960779678,11.250000125321094,1
Qwen/Qwen2.5-3B-Instruct,numeral_noun_0176,numeral_noun,5+ + gen.pl,-42.02607727050781,-49.95403289794922,12,10,1,-1.0625,11.656250469735824,1
Qwen/Qwen2.5-3B-Instruct,numeral_noun_0177,numeral_noun,5+ + gen.pl,-42.857337951660156,-48.590641021728516,8,7,1,-10.718749813589966,13.203125296276994,1
Qwen/Qwen2.5-3B-Instruct,numeral_noun_0178,numeral_noun,5+ + gen.pl,-42.847999572753906,-46.03143310546875,13,12,1,-8.249999813298928,12.124999910156475,1
Qwen/Qwen2.5-3B-Instruct,numeral_noun_0179,numeral_noun,5+ + gen.pl,-39.291709899902344,-49.29340744018555,15,14,1,-6.031249971361831,15.187499783045496,1
Qwen/Qwen2.5-3B-Instruct,numeral_noun_0180,numeral_noun,5+ + gen.pl,-39.55816650390625,-48.652503967285156,12,11,1,-6.765624820138328,14.078125253610779,1
Qwen/Qwen2.5-3B-Instruct,numeral_noun_0181,numeral_noun,5+ + gen.pl,-48.880210876464844,-57.51283264160156,11,10,1,-6.484375141211785,14.67187517421553,1
Qwen/Qwen2.5-3B-Instruct,numeral_noun_0182,numeral_noun,5+ + gen.pl,-44.013587951660156,-46.30551528930664,13,12,1,-5.640625097090378,10.218750032421667,1
Qwen/Qwen2.5-3B-Instruct,numeral_noun_0183,numeral_noun,5+ + gen.pl,-41.78367614746094,-47.32008743286133,12,11,1,-5.093749956227839,14.03124966174073,1
Qwen/Qwen2.5-3B-Instruct,numeral_noun_0184,numeral_noun,5+ + gen.pl,-42.19340515136719,-44.87578582763672,14,12,1,-9.328124599764124,11.468750051630195,1
Qwen/Qwen2.5-3B-Instruct,numeral_noun_0185,numeral_noun,5+ + gen.pl,-42.927066802978516,-51.11759948730469,9,8,1,-5.7343748330604285,14.093749685882358,1
Qwen/Qwen2.5-3B-Instruct,numeral_noun_0186,numeral_noun,5+ + gen.pl,-55.43964767456055,-63.207435607910156,12,10,1,-8.203125334519427,9.265625074942363,1
Qwen/Qwen2.5-3B-Instruct,numeral_noun_0187,numeral_noun,5+ + gen.pl,-48.47756576538086,-52.63756561279297,14,12,1,-7.546875185915269,10.890624547741027,1
Qwen/Qwen2.5-3B-Instruct,numeral_noun_0188,numeral_noun,5+ + gen.pl,-39.2714958190918,-54.36970901489258,15,14,1,-7.8281248699640855,12.093749889972969,1
Qwen/Qwen2.5-3B-Instruct,numeral_noun_0189,numeral_noun,5+ + gen.pl,-43.59356689453125,-51.81202697753906,8,7,1,-10.156249957246473,9.93750031813397,0
Qwen/Qwen2.5-3B-Instruct,numeral_noun_0190,numeral_noun,5+ + gen.pl,-41.94872283935547,-51.421119689941406,14,13,1,-8.203124702413334,9.796875268861186,1
Qwen/Qwen2.5-3B-Instruct,numeral_noun_0191,numeral_noun,5+ + gen.pl,-42.0485725402832,-49.70408630371094,11,10,1,-8.562499687599484,14.312500443891622,1
Qwen/Qwen2.5-3B-Instruct,numeral_noun_0192,numeral_noun,5+ + gen.pl,-41.927146911621094,-46.69750213623047,12,11,1,0.15625,12.46875040177838,1
Qwen/Qwen2.5-3B-Instruct,numeral_noun_0193,numeral_noun,5+ + gen.pl,-44.378089904785156,-43.80108642578125,12,11,0,-8.859375059895683,10.796875382235157,1
Qwen/Qwen2.5-3B-Instruct,numeral_noun_0194,numeral_noun,5+ + gen.pl,-46.17438507080078,-43.09144592285156,12,11,0,-7.4375000079744495,10.343749693216523,1
Qwen/Qwen2.5-3B-Instruct,numeral_noun_0195,numeral_noun,5+ + gen.pl,-46.71566390991211,-49.95713424682617,11,10,1,-7.359374873107299,10.249999593215762,1
Qwen/Qwen2.5-3B-Instruct,numeral_noun_0196,numeral_noun,5+ + gen.pl,-41.59026336669922,-47.934471130371094,15,14,1,-8.03125039068982,12.812500327534508,1
Qwen/Qwen2.5-3B-Instruct,numeral_noun_0197,numeral_noun,5+ + gen.pl,-39.19347381591797,-49.25508499145508,16,15,1,-5.562499872874469,10.624999648323865,1
Qwen/Qwen2.5-3B-Instruct,numeral_noun_0198,numeral_noun,5+ + gen.pl,-45.93928527832031,-47.842437744140625,14,13,1,-5.3124998030252755,11.359375044819899,1
Qwen/Qwen2.5-3B-Instruct,numeral_noun_0199,numeral_noun,5+ + gen.pl,-41.846168518066406,-44.455078125,12,11,1,-8.609374801482772,12.15625028233626,1
Qwen/Qwen2.5-3B-Instruct,numeral_noun_0200,numeral_noun,5+ + gen.pl,-38.04745864868164,-48.05963134765625,12,11,1,-7.796875136496965,15.093749531020876,1
Qwen/Qwen2.5-3B-Instruct,numeral_noun_0201,numeral_noun,5+ + gen.pl,-40.934783935546875,-47.05977249145508,14,13,1,-6.687500216066837,12.765624770021532,1
Qwen/Qwen2.5-3B-Instruct,numeral_noun_0202,numeral_noun,5+ + gen.pl,-51.45317077636719,-54.8922119140625,12,11,1,-6.874999815248884,12.999999625521014,1
Qwen/Qwen2.5-3B-Instruct,numeral_noun_0203,numeral_noun,5+ + gen.pl,-42.94309997558594,-52.378395080566406,12,11,1,1.0624999701976776,13.015624773106538,1
Qwen/Qwen2.5-3B-Instruct,numeral_noun_0204,numeral_noun,5+ + gen.pl,-43.17112350463867,-50.94176483154297,13,11,1,-7.999999890860636,13.078125311789336,1
Qwen/Qwen2.5-3B-Instruct,numeral_noun_0205,numeral_noun,5+ + gen.pl,-34.913330078125,-40.9183349609375,16,14,1,-9.562500159547199,11.687500294996426,1
Qwen/Qwen2.5-3B-Instruct,numeral_noun_0206,numeral_noun,5+ + gen.pl,-43.79472732543945,-46.80217742919922,15,14,1,-7.85937487197225,11.999999730149284,1
Qwen/Qwen2.5-3B-Instruct,numeral_noun_0207,numeral_noun,5+ + gen.pl,-39.56966781616211,-48.49737548828125,12,11,1,-4.968749823048711,12.015625025975169,1
Qwen/Qwen2.5-3B-Instruct,numeral_noun_0208,numeral_noun,5+ + gen.pl,-43.128204345703125,-47.842796325683594,10,9,1,-7.671874920197297,14.734374768158887,1
Qwen/Qwen2.5-3B-Instruct,numeral_noun_0209,numeral_noun,5+ + gen.pl,-38.212928771972656,-46.36858367919922,10,9,1,-7.953125099797035,12.874999899926479,1
Qwen/Qwen2.5-3B-Instruct,numeral_noun_0210,numeral_noun,5+ + gen.pl,-29.029972076416016,-33.79106140136719,13,12,1,-7.937500235624611,9.749999905499863,1
Qwen/Qwen2.5-3B-Instruct,numeral_noun_0211,numeral_noun,5+ + gen.pl,-43.663673400878906,-49.60321044921875,14,13,1,-1.375,11.968750131272827,1
Qwen/Qwen2.5-3B-Instruct,numeral_noun_0212,numeral_noun,5+ + gen.pl,-40.50530242919922,-43.976806640625,15,14,1,-3.9062501173466444,11.015625277650543,1
Qwen/Qwen2.5-3B-Instruct,numeral_noun_0213,numeral_noun,5+ + gen.pl,-42.798072814941406,-48.47515869140625,15,14,1,-5.328124880325049,14.374999560735887,1
Qwen/Qwen2.5-3B-Instruct,numeral_noun_0214,numeral_noun,5+ + gen.pl,-42.14141082763672,-49.1597900390625,13,12,1,-2.343750022351742,13.828124904655851,1
Qwen/Qwen2.5-3B-Instruct,numeral_noun_0215,numeral_noun,5+ + gen.pl,-43.78346252441406,-47.3042106628418,14,12,1,-7.015624895342626,9.374999795109034,1
Qwen/Qwen2.5-3B-Instruct,numeral_noun_0216,numeral_noun,5+ + gen.pl,-34.8570556640625,-44.71570587158203,14,13,1,-5.468750156927854,10.890624657491571,1
Qwen/Qwen2.5-3B-Instruct,numeral_noun_0217,numeral_noun,5+ + gen.pl,-36.521942138671875,-41.63398742675781,14,12,1,-8.218750328756869,12.140625367464963,1
Qwen/Qwen2.5-3B-Instruct,numeral_noun_0218,numeral_noun,5+ + gen.pl,-42.98341369628906,-50.375457763671875,14,13,1,-5.499999885447323,13.374999526255124,1
Qwen/Qwen2.5-3B-Instruct,numeral_noun_0219,numeral_noun,5+ + gen.pl,-45.03630828857422,-49.120452880859375,15,14,1,-7.093750070314854,6.812500215135515,0
Qwen/Qwen2.5-3B-Instruct,numeral_noun_0220,numeral_noun,5+ + gen.pl,-34.69001007080078,-44.65242004394531,14,13,1,-8.578125178755727,12.515624538471457,1
Qwen/Qwen2.5-3B-Instruct,numeral_noun_0221,numeral_noun,5+ + gen.pl,-44.489810943603516,-51.06133270263672,12,11,1,-7.5624999034334905,12.328125389234629,1
Qwen/Qwen2.5-3B-Instruct,numeral_noun_0222,numeral_noun,5+ + gen.pl,-46.72845458984375,-56.676395416259766,12,11,1,-6.250000109896064,13.750000187254045,1
Qwen/Qwen2.5-3B-Instruct,numeral_noun_0223,numeral_noun,5+ + gen.pl,-41.74916076660156,-51.142494201660156,16,14,1,-6.359374834690243,12.234375334926881,1
Qwen/Qwen2.5-3B-Instruct,numeral_noun_0224,numeral_noun,5+ + gen.pl,-43.28699493408203,-49.38239288330078,13,12,1,-6.718750035041012,13.26562453949009,1
Qwen/Qwen2.5-3B-Instruct,numeral_noun_0225,numeral_noun,5+ + gen.pl,-42.82427215576172,-48.68571090698242,15,14,1,-5.093749899882823,15.140625386411557,1
Qwen/Qwen2.5-3B-Instruct,numeral_noun_0226,numeral_noun,5+ + gen.pl,-42.973609924316406,-47.54454803466797,10,9,1,-7.203125218627974,11.171875255313353,1
Qwen/Qwen2.5-3B-Instruct,numeral_noun_0227,numeral_noun,5+ + gen.pl,-41.68748474121094,-50.12786865234375,15,14,1,-3.9687500651925802,15.656249658684828,1
Qwen/Qwen2.5-3B-Instruct,numeral_noun_0228,numeral_noun,5+ + gen.pl,-29.02461814880371,-37.991485595703125,13,12,1,-3.593750098720193,9.28125004118192,1
Qwen/Qwen2.5-3B-Instruct,numeral_noun_0229,numeral_noun,5+ + gen.pl,-42.89369201660156,-52.06101989746094,16,14,1,-8.390625053725671,12.156249819934601,1
Qwen/Qwen2.5-3B-Instruct,numeral_noun_0230,numeral_noun,5+ + gen.pl,-48.04041290283203,-49.838584899902344,12,11,1,-7.0625001806765795,10.546874937601388,1
Qwen/Qwen2.5-3B-Instruct,numeral_noun_0231,numeral_noun,5+ + gen.pl,-48.44879913330078,-49.48542022705078,13,11,1,-8.000000002386514,10.484375362168066,1
Qwen/Qwen2.5-3B-Instruct,numeral_noun_0232,numeral_noun,5+ + gen.pl,-44.913814544677734,-51.22083282470703,14,13,1,-9.796875253945473,13.140624780004146,1
Qwen/Qwen2.5-3B-Instruct,numeral_noun_0233,numeral_noun,5+ + gen.pl,-43.0477294921875,-51.472023010253906,12,11,1,-8.859374811756425,11.156249770778231,1
Qwen/Qwen2.5-3B-Instruct,numeral_noun_0234,numeral_noun,5+ + gen.pl,-32.41099166870117,-43.28815460205078,13,12,1,-1.6875000596046448,14.640625362604624,1
Qwen/Qwen2.5-3B-Instruct,numeral_noun_0235,numeral_noun,5+ + gen.pl,-39.907447814941406,-50.13592529296875,16,15,1,-7.078125196916517,14.265624906140147,1
Qwen/Qwen2.5-3B-Instruct,numeral_noun_0236,numeral_noun,5+ + gen.pl,-47.5296745300293,-59.092437744140625,16,15,1,-11.54687524138717,12.921875124309736,1
Qwen/Qwen2.5-3B-Instruct,numeral_noun_0237,numeral_noun,5+ + gen.pl,-41.27363586425781,-47.73732376098633,14,13,1,-1.4375000447034836,10.609374897059752,1
Qwen/Qwen2.5-3B-Instruct,numeral_noun_0238,numeral_noun,5+ + gen.pl,-44.28578567504883,-49.196346282958984,10,9,1,-9.234374968043994,10.734374895386281,1
Qwen/Qwen2.5-3B-Instruct,numeral_noun_0239,numeral_noun,5+ + gen.pl,-44.295310974121094,-50.653011322021484,10,9,1,-6.781250021420419,11.187499679654138,1
Qwen/Qwen2.5-3B-Instruct,numeral_noun_0240,numeral_noun,5+ + gen.pl,-42.88025665283203,-48.031288146972656,13,12,1,-4.7812500689178705,12.843749683932401,1
Qwen/Qwen2.5-3B-Instruct,numeral_noun_0241,numeral_noun,5+ + gen.pl,-52.65920639038086,-53.355525970458984,13,11,1,-9.109375044266926,12.343749705411028,1
Qwen/Qwen2.5-3B-Instruct,numeral_noun_0242,numeral_noun,5+ + gen.pl,-40.922027587890625,-48.002655029296875,14,12,1,-8.73437543748878,13.578125289670425,1
Qwen/Qwen2.5-3B-Instruct,numeral_noun_0243,numeral_noun,5+ + gen.pl,-44.669532775878906,-43.90898895263672,9,7,0,-8.906250116386218,14.65624998867861,1
Qwen/Qwen2.5-3B-Instruct,numeral_noun_0244,numeral_noun,5+ + gen.pl,-43.955257415771484,-53.464141845703125,12,10,1,-7.93749997462146,12.65625037823338,1
Qwen/Qwen2.5-3B-Instruct,numeral_noun_0245,numeral_noun,5+ + gen.pl,-46.606956481933594,-48.130855560302734,12,10,1,-6.796874840394594,12.953125385727617,1
Qwen/Qwen2.5-3B-Instruct,numeral_noun_0246,numeral_noun,5+ + gen.pl,-46.46418762207031,-48.61761474609375,13,12,1,-9.499999786537956,13.218750141997589,1
Qwen/Qwen2.5-3B-Instruct,numeral_noun_0247,numeral_noun,5+ + gen.pl,-42.427154541015625,-51.609310150146484,11,10,1,-3.187500014901161,11.625000407337211,1
Qwen/Qwen2.5-3B-Instruct,numeral_noun_0248,numeral_noun,5+ + gen.pl,-50.81572723388672,-51.27129364013672,11,9,1,-8.140625281725079,13.093749913037755,1
Qwen/Qwen2.5-3B-Instruct,numeral_noun_0249,numeral_noun,5+ + gen.pl,-43.05513000488281,-52.91667175292969,14,12,1,-6.921874814783223,12.812500092870323,1
Qwen/Qwen2.5-3B-Instruct,numeral_noun_0250,numeral_noun,5+ + gen.pl,-35.183921813964844,-47.67319107055664,11,10,1,-4.874999905005097,11.43750001238368,1
Qwen/Qwen2.5-3B-Instruct,numeral_noun_0251,numeral_noun,5+ + gen.pl,-40.9640007019043,-44.55270004272461,16,14,1,-9.593749609775841,10.29687476408435,1
Qwen/Qwen2.5-3B-Instruct,numeral_noun_0252,numeral_noun,5+ + gen.pl,-39.56307601928711,-41.50395202636719,10,9,1,-10.109375009167707,15.531250009429641,1
Qwen/Qwen2.5-3B-Instruct,numeral_noun_0253,numeral_noun,5+ + gen.pl,-41.536251068115234,-46.52238464355469,12,11,1,-3.3437499217689037,13.390624580613803,1
Qwen/Qwen2.5-3B-Instruct,numeral_noun_0254,numeral_noun,5+ + gen.pl,-43.909523010253906,-52.406394958496094,11,10,1,-8.21874989720527,11.921875292202458,1
Qwen/Qwen2.5-3B-Instruct,numeral_noun_0255,numeral_noun,5+ + gen.pl,-41.15958023071289,-48.53034210205078,12,11,1,-4.750000027008355,14.515624772393494,1
Qwen/Qwen2.5-3B-Instruct,numeral_noun_0256,numeral_noun,5+ + gen.pl,-43.87401580810547,-50.753448486328125,15,14,1,-10.671875362320861,12.859375130545232,1
Qwen/Qwen2.5-3B-Instruct,numeral_noun_0257,numeral_noun,5+ + gen.pl,-42.71775817871094,-46.96143341064453,15,14,1,-2.874999985098839,13.95312454989471,1
Qwen/Qwen2.5-3B-Instruct,numeral_noun_0258,numeral_noun,5+ + gen.pl,-40.09325408935547,-45.11262893676758,10,9,1,-9.093749663850758,15.656250250758603,1
Qwen/Qwen2.5-3B-Instruct,numeral_noun_0259,numeral_noun,5+ + gen.pl,-42.542388916015625,-50.04147720336914,13,12,1,-7.953124979132554,14.31250024959445,1
Qwen/Qwen2.5-3B-Instruct,numeral_noun_0260,numeral_noun,5+ + gen.pl,-40.545841217041016,-47.38465118408203,10,9,1,-7.2812498799175955,15.062500373460352,1
Qwen/Qwen2.5-3B-Instruct,numeral_noun_0261,numeral_noun,5+ + gen.pl,-38.17381286621094,-47.88920593261719,12,11,1,-5.734374801395461,13.078124897918315,1
Qwen/Qwen2.5-3B-Instruct,numeral_noun_0262,numeral_noun,5+ + gen.pl,-44.73652648925781,-48.996726989746094,12,11,1,-7.406250128115062,12.859374893945642,1
Qwen/Qwen2.5-3B-Instruct,numeral_noun_0263,numeral_noun,5+ + gen.pl,-43.49031066894531,-45.314537048339844,10,8,1,-8.90625008760253,10.562500197032932,1
Qwen/Qwen2.5-3B-Instruct,numeral_noun_0264,numeral_noun,5+ + gen.pl,-48.10717010498047,-48.93627166748047,8,7,1,-9.296875042840838,12.90625040762825,1
Qwen/Qwen2.5-3B-Instruct,numeral_noun_0265,numeral_noun,5+ + gen.pl,-46.1275749206543,-51.61891174316406,14,12,1,-8.09374968818156,10.468750294356141,1
Qwen/Qwen2.5-3B-Instruct,numeral_noun_0266,numeral_noun,5+ + gen.pl,-47.44646453857422,-48.41722869873047,13,11,1,-11.046874648010998,11.187500155851012,1
Qwen/Qwen2.5-3B-Instruct,numeral_noun_0267,numeral_noun,5+ + gen.pl,-43.988807678222656,-50.16520309448242,13,11,1,-8.859374943072908,11.593749842257239,1
Qwen/Qwen2.5-3B-Instruct,numeral_noun_0268,numeral_noun,5+ + gen.pl,-40.58405303955078,-47.54938507080078,16,15,1,-2.9375000335276127,11.703124567575287,1
Qwen/Qwen2.5-3B-Instruct,numeral_noun_0269,numeral_noun,5+ + gen.pl,-41.28866195678711,-48.812294006347656,12,11,1,-1.2812500447034836,14.484374923951691,1
Qwen/Qwen2.5-3B-Instruct,numeral_noun_0270,numeral_noun,5+ + gen.pl,-46.45778274536133,-53.808387756347656,15,13,1,-6.203125211643055,11.312500430591172,1
Qwen/Qwen2.5-3B-Instruct,numeral_noun_0271,numeral_noun,5+ + gen.pl,-43.05741500854492,-48.50421142578125,11,10,1,-9.250000154308509,14.593750064610504,1
Qwen/Qwen2.5-3B-Instruct,numeral_noun_0272,numeral_noun,5+ + gen.pl,-40.728057861328125,-41.86437225341797,11,10,1,-8.437499936844688,11.999999764375389,1
Qwen/Qwen2.5-3B-Instruct,numeral_noun_0273,numeral_noun,5+ + gen.pl,-41.505958557128906,-55.448974609375,8,7,1,-6.390625099185854,14.24999977555126,1
Qwen/Qwen2.5-3B-Instruct,numeral_noun_0274,numeral_noun,5+ + gen.pl,-39.88422775268555,-50.04259490966797,18,16,1,-8.374999965191819,11.796875052212272,1
Qwen/Qwen2.5-3B-Instruct,numeral_noun_0275,numeral_noun,5+ + gen.pl,-45.20918655395508,-50.097869873046875,14,12,1,-7.859375166124664,10.968749963329174,1
Qwen/Qwen2.5-3B-Instruct,numeral_noun_0276,numeral_noun,5+ + gen.pl,-38.302467346191406,-47.75444030761719,15,14,1,-7.453125219559297,15.484374668856617,1
Qwen/Qwen2.5-3B-Instruct,numeral_noun_0277,numeral_noun,5+ + gen.pl,-47.40831756591797,-53.206974029541016,13,12,1,-7.546875065891072,14.359374770268914,1
Qwen/Qwen2.5-3B-Instruct,numeral_noun_0278,numeral_noun,5+ + gen.pl,-36.0489387512207,-42.34934997558594,18,17,1,-6.999999999534339,11.14062522086897,1
Qwen/Qwen2.5-3B-Instruct,numeral_noun_0279,numeral_noun,5+ + gen.pl,-43.777587890625,-52.25279998779297,12,10,1,-8.687499829160515,12.156250220199581,1
Qwen/Qwen2.5-3B-Instruct,numeral_noun_0280,numeral_noun,5+ + gen.pl,-42.65587615966797,-47.459747314453125,12,11,1,-0.34375,11.984375030966476,1
Qwen/Qwen2.5-3B-Instruct,numeral_noun_0281,numeral_noun,5+ + gen.pl,-42.516265869140625,-52.55244445800781,10,9,1,-5.359375189058483,12.984375247295247,1
Qwen/Qwen2.5-3B-Instruct,numeral_noun_0282,numeral_noun,5+ + gen.pl,-42.97588348388672,-46.26494598388672,13,12,1,-5.953125040279701,15.265625125422957,1
Qwen/Qwen2.5-3B-Instruct,numeral_noun_0283,numeral_noun,5+ + gen.pl,-35.8732795715332,-39.611656188964844,14,12,1,-10.281249567284249,13.140624847699655,1
Qwen/Qwen2.5-3B-Instruct,numeral_noun_0284,numeral_noun,5+ + gen.pl,-44.32858657836914,-52.20779800415039,16,15,1,-7.359374822117388,12.140624836232746,1
Qwen/Qwen2.5-3B-Instruct,numeral_noun_0285,numeral_noun,5+ + gen.pl,-39.637447357177734,-45.016239166259766,14,12,1,-9.687500284897396,11.87500027846545,1
Qwen/Qwen2.5-3B-Instruct,numeral_noun_0286,numeral_noun,5+ + gen.pl,-46.10039520263672,-47.20243835449219,15,14,1,-8.68749956812826,10.453125185507815,1
Qwen/Qwen2.5-3B-Instruct,numeral_noun_0287,numeral_noun,5+ + gen.pl,-40.19721221923828,-46.787391662597656,12,11,1,-1.9687499701976776,12.562499708496034,1
Qwen/Qwen2.5-3B-Instruct,numeral_noun_0288,numeral_noun,5+ + gen.pl,-46.209983825683594,-48.588661193847656,12,10,1,-5.187500224914402,12.578124952124199,1
Qwen/Qwen2.5-3B-Instruct,numeral_noun_0289,numeral_noun,5+ + gen.pl,-39.431907653808594,-44.82075500488281,10,9,1,-8.265625297266524,15.249999661929905,1
Qwen/Qwen2.5-3B-Instruct,numeral_noun_0290,numeral_noun,5+ + gen.pl,-46.473045349121094,-48.71367645263672,8,7,1,-7.0937500891741365,9.124999904772267,1
Qwen/Qwen2.5-3B-Instruct,numeral_noun_0291,numeral_noun,5+ + gen.pl,-36.8085823059082,-44.0597038269043,15,14,1,-5.984375088475645,13.312500371335773,1
Qwen/Qwen2.5-3B-Instruct,numeral_noun_0292,numeral_noun,5+ + gen.pl,-43.95178985595703,-49.956031799316406,10,9,1,-4.562500173225999,11.187499550564098,1
Qwen/Qwen2.5-3B-Instruct,numeral_noun_0293,numeral_noun,5+ + gen.pl,-41.51615905761719,-48.96653747558594,17,16,1,-2.031249985098839,10.43750033917604,1
Qwen/Qwen2.5-3B-Instruct,numeral_noun_0294,numeral_noun,5+ + gen.pl,-41.51860809326172,-49.233787536621094,12,11,1,-0.9687500298023224,12.749999783642124,1
Qwen/Qwen2.5-3B-Instruct,numeral_noun_0295,numeral_noun,5+ + gen.pl,-41.18714141845703,-44.47331237792969,14,13,1,-7.656249840627424,10.265624660634785,1
Qwen/Qwen2.5-3B-Instruct,numeral_noun_0296,numeral_noun,5+ + gen.pl,-41.75926208496094,-44.69837188720703,13,12,1,-6.812500190688297,14.578125129977707,1
Qwen/Qwen2.5-3B-Instruct,numeral_noun_0297,numeral_noun,5+ + gen.pl,-42.069602966308594,-42.43832778930664,14,13,1,-4.437499984167516,9.500000067724613,1
Qwen/Qwen2.5-3B-Instruct,numeral_noun_0298,numeral_noun,5+ + gen.pl,-42.37807083129883,-44.50244140625,15,13,1,-9.4531251929875,11.625000079046004,1
Qwen/Qwen2.5-3B-Instruct,numeral_noun_0299,numeral_noun,5+ + gen.pl,-42.912025451660156,-49.43925476074219,17,16,1,-1.9375,12.265624920924893,1
Qwen/Qwen2.5-3B-Instruct,verb_government_0000,verb_government,дякувати кому,-19.62866973876953,-23.294588088989258,10,10,1,-8.562499791791197,8.171874917286914,0
Qwen/Qwen2.5-3B-Instruct,verb_government_0001,verb_government,дякувати кому,-34.96687316894531,-35.30474090576172,10,8,1,-2.5937499701976776,9.593749951396603,1
Qwen/Qwen2.5-3B-Instruct,verb_government_0002,verb_government,дякувати кому,-43.46466827392578,-41.30400085449219,17,17,0,-8.500000303029083,9.218750077532604,1
Qwen/Qwen2.5-3B-Instruct,verb_government_0003,verb_government,дякувати кому,-35.69480895996094,-36.77958679199219,10,10,1,-5.734375100350007,9.718749909239705,1
Qwen/Qwen2.5-3B-Instruct,verb_government_0004,verb_government,дякувати кому,-38.219337463378906,-37.891910552978516,13,13,0,-4.062500221654773,9.234375042025931,1
Qwen/Qwen2.5-3B-Instruct,verb_government_0005,verb_government,дякувати кому,-25.138771057128906,-26.198699951171875,11,9,1,-2.9687500819563866,9.60937461379217,1
Qwen/Qwen2.5-3B-Instruct,verb_government_0006,verb_government,вибачати кому,-34.16313934326172,-34.90559005737305,13,13,1,-9.593749890773324,7.796875226311386,0
Qwen/Qwen2.5-3B-Instruct,verb_government_0007,verb_government,вибачати кому,-46.304725646972656,-39.055606842041016,11,11,0,7.124999944935553,5.000000054482371,1
Qwen/Qwen2.5-3B-Instruct,verb_government_0008,verb_government,вибачати кому,-33.20830154418945,-32.13127136230469,10,10,0,-8.9687499217398,7.359374934632797,0
Qwen/Qwen2.5-3B-Instruct,verb_government_0009,verb_government,вибачати кому,-42.916534423828125,-42.55101776123047,12,12,0,-6.390624767867848,7.9687498860294,1
Qwen/Qwen2.5-3B-Instruct,verb_government_0010,verb_government,вибачати кому,-31.97101593017578,-31.527111053466797,10,8,0,-9.187499905077857,6.874999791150913,0
Qwen/Qwen2.5-3B-Instruct,verb_government_0011,verb_government,навчати чого,-38.40292739868164,-31.96507453918457,15,17,0,-1.75,6.687500147847459,1
Qwen/Qwen2.5-3B-Instruct,verb_government_0012,verb_government,навчати чого,-52.03591537475586,-50.105037689208984,13,13,0,-8.57812471059151,4.7187497755512595,0
Qwen/Qwen2.5-3B-Instruct,verb_government_0013,verb_government,навчати чого,-48.88169860839844,-46.0684814453125,13,14,0,-7.79687492508674,8.812499913241481,1
Qwen/Qwen2.5-3B-Instruct,verb_government_0014,verb_government,навчати чого,-48.25276184082031,-44.05988693237305,14,14,0,-6.750000055297278,9.156250380779966,1
Qwen/Qwen2.5-3B-Instruct,verb_government_0015,verb_government,вчитися чого,-48.77940368652344,-52.801883697509766,10,10,1,0.9374999701976776,6.171874999068677,1
Qwen/Qwen2.5-3B-Instruct,verb_government_0016,verb_government,вчитися чого,-37.381282806396484,-34.219661712646484,7,8,0,-8.406249838473741,8.578124579653377,1
Qwen/Qwen2.5-3B-Instruct,verb_government_0017,verb_government,вчитися чого,-37.513427734375,-32.801734924316406,10,10,0,-4.781249971129,8.703124748601113,1
Qwen/Qwen2.5-3B-Instruct,verb_government_0018,verb_government,вчитися чого,-45.918235778808594,-46.61061096191406,9,9,1,-8.953124678635504,5.124999986961484,0
Qwen/Qwen2.5-3B-Instruct,verb_government_0019,verb_government,опанувати що,-45.86292266845703,-46.04969024658203,9,9,1,-4.312499997206032,10.23437454107625,1
Qwen/Qwen2.5-3B-Instruct,verb_government_0020,verb_government,опанувати що,-40.17679214477539,-47.11098861694336,12,13,1,5.374999886378646,10.078124895706424,1
Qwen/Qwen2.5-3B-Instruct,verb_government_0021,verb_government,опанувати що,-40.581787109375,-46.36161804199219,15,16,1,9.515625263898983,8.750000258994987,1
Qwen/Qwen2.5-3B-Instruct,verb_government_0022,verb_government,опанувати що,-41.33464813232422,-46.36384582519531,10,11,1,0.1875,8.218750057625584,1
Qwen/Qwen2.5-3B-Instruct,verb_government_0023,verb_government,оволодіти чим,-36.10967254638672,-40.296630859375,11,11,1,3.9062498956918716,9.968750244937837,1
Qwen/Qwen2.5-3B-Instruct,verb_government_0024,verb_government,оволодіти чим,-45.132442474365234,-50.40142059326172,13,12,1,11.390625245498086,8.312499698833562,1
Qwen/Qwen2.5-3B-Instruct,verb_government_0025,verb_government,оволодіти чим,-43.55982971191406,-48.95167541503906,13,12,1,-7.531249765714165,12.937500361869752,1
Qwen/Qwen2.5-3B-Instruct,verb_government_0026,verb_government,хворіти на що,-42.60717010498047,-43.250701904296875,11,11,1,-6.125000082189217,9.953125417407136,1
Qwen/Qwen2.5-3B-Instruct,verb_government_0027,verb_government,хворіти на що,-42.49071502685547,-43.78706359863281,13,13,1,-0.6874999701976776,8.40625006845221,1
Qwen/Qwen2.5-3B-Instruct,verb_government_0028,verb_government,хворіти на що,-47.55999755859375,-48.317665100097656,12,12,1,-7.4687499649007805,10.53125038438884,1
Qwen/Qwen2.5-3B-Instruct,verb_government_0029,verb_government,одружитися з ким,-33.99288558959961,-37.37411117553711,13,12,1,-2.5937501043081284,-1.3750000447034836,0
Qwen/Qwen2.5-3B-Instruct,verb_government_0030,verb_government,одружитися з ким,-38.77848815917969,-44.528106689453125,16,15,1,8.687499805237167,11.812500439205905,1
Qwen/Qwen2.5-3B-Instruct,verb_government_0031,verb_government,одружитися з ким,-38.7003173828125,-41.09844207763672,17,16,1,-9.546875391184585,-3.4375000558793545,0
Qwen/Qwen2.5-3B-Instruct,verb_government_0032,verb_government,сумувати за ким,-36.76195526123047,-46.207862854003906,8,7,1,-4.374999842606485,5.828124921070412,1
Qwen/Qwen2.5-3B-Instruct,verb_government_0033,verb_government,сумувати за ким,-45.30849075317383,-47.244598388671875,10,10,1,-6.406249841791578,7.718750197382178,1
Qwen/Qwen2.5-3B-Instruct,verb_government_0034,verb_government,сумувати за ким,-46.15273666381836,-46.70624542236328,9,9,1,-10.203124782448867,4.312500041909516,0
Qwen/Qwen2.5-3B-Instruct,verb_government_0035,verb_government,розмовляти мовою,-25.78312110900879,-29.92241096496582,15,17,1,-2.8437500447034836,12.140624644685886,1
Qwen/Qwen2.5-3B-Instruct,verb_government_0036,verb_government,розмовляти мовою,-32.00501251220703,-33.2388916015625,13,15,1,-9.140624910156475,12.453124645027856,1
Qwen/Qwen2.5-3B-Instruct,verb_government_0037,verb_government,розмовляти мовою,-29.00420379638672,-32.245906829833984,15,17,1,-5.656250179745257,8.687500289670425,1
Qwen/Qwen2.5-3B-Instruct,verb_government_0038,verb_government,розмовляти мовою,-43.14992141723633,-43.480892181396484,15,17,1,-9.249999904452125,11.296874885912985,1
Qwen/Qwen2.5-3B-Instruct,verb_government_0039,verb_government,розмовляти мовою,-39.76758575439453,-42.89987564086914,14,16,1,-8.921875169296982,8.921875387110049,1
Qwen/Qwen2.5-3B-Instruct,verb_government_0040,verb_government,розмовляти мовою,-25.089370727539062,-28.337440490722656,11,13,1,3.7499999180436134,11.53124988356285,1
Qwen/Qwen2.5-3B-Instruct,verb_government_0041,verb_government,вибачати кому,-34.758544921875,-35.927310943603516,8,8,1,-9.140624554245733,6.9531251806765795,0
Qwen/Qwen2.5-3B-Instruct,verb_government_0042,verb_government,навчати чого,-71.64167022705078,-74.96836853027344,13,13,1,-9.81250015689875,5.781250100117177,0
Qwen/Qwen2.5-3B-Instruct,verb_government_0043,verb_government,навчати чого,-41.54013442993164,-39.06874084472656,15,15,0,-6.593750100117177,10.437499540712452,1
Qwen/Qwen2.5-3B-Instruct,verb_government_0044,verb_government,вчитися чого,-44.68003845214844,-40.296546936035156,8,8,0,-9.84375024973997,9.125000257859938,0
Qwen/Qwen2.5-3B-Instruct,verb_government_0045,verb_government,вчитися чого,-52.37615203857422,-62.878814697265625,12,11,1,-8.218749709543772,10.937500388507033,1
Qwen/Qwen2.5-3B-Instruct,verb_government_0046,verb_government,опанувати що,-38.09687042236328,-44.308048248291016,11,12,1,3.656250001862645,9.375000018553692,1
Qwen/Qwen2.5-3B-Instruct,verb_government_0047,verb_government,опанувати що,-37.65786361694336,-43.4329833984375,12,13,1,-6.250000236090273,8.656249684776412,1
Qwen/Qwen2.5-3B-Instruct,verb_government_0048,verb_government,оволодіти чим,-43.185630798339844,-52.38434600830078,12,11,1,5.343750164378434,8.109374863823177,1
Qwen/Qwen2.5-3B-Instruct,verb_government_0049,verb_government,оволодіти чим,-50.59864807128906,-52.85365676879883,12,11,1,-4.499999898485839,9.937499792140443,1
Qwen/Qwen2.5-3B-Instruct,verb_government_0050,verb_government,оволодіти чим,-50.30176544189453,-58.4983024597168,13,12,1,-8.140625065658242,5.874999915016815,0
Qwen/Qwen2.5-3B-Instruct,verb_government_0051,verb_government,хворіти на що,-36.31929397583008,-36.89082336425781,12,12,1,-6.015624771360308,9.906250259387889,1
Qwen/Qwen2.5-3B-Instruct,verb_government_0052,verb_government,хворіти на що,-44.8129997253418,-42.61106872558594,14,14,0,-3.656250050291419,4.62499996740371,1
Qwen/Qwen2.5-3B-Instruct,verb_government_0053,verb_government,хворіти на що,-56.39336395263672,-62.80412292480469,14,14,1,-3.6249999459832907,10.87500004452886,1
Qwen/Qwen2.5-3B-Instruct,verb_government_0054,verb_government,одружитися з ким,-47.73335266113281,-56.55101776123047,11,11,1,3.2812498845160007,7.718749877123628,1
Qwen/Qwen2.5-3B-Instruct,verb_government_0055,verb_government,одружитися з ким,-33.048675537109375,-38.57099151611328,13,14,1,12.437500284897396,11.546875009167707,1
Qwen/Qwen2.5-3B-Instruct,verb_government_0056,verb_government,одружитися з ким,-41.95653533935547,-45.58006286621094,15,15,1,-6.249999900581315,7.093750100815669,1
Qwen/Qwen2.5-3B-Instruct,verb_government_0057,verb_government,сумувати за ким,-40.74415588378906,-42.37462615966797,10,10,1,-7.3749998941784725,9.140624916763045,1
Qwen/Qwen2.5-3B-Instruct,verb_government_0058,verb_government,сумувати за ким,-53.346168518066406,-51.49006652832031,7,7,0,-3.250000111758709,9.015625289990567,1
Qwen/Qwen2.5-3B-Instruct,verb_government_0059,verb_government,сумувати за ким,-48.39586639404297,-48.6612548828125,10,9,1,-7.218750195519533,2.4999999701976776,0
Qwen/Qwen2.5-3B-Instruct,vocative_0000,vocative,vocative f,-31.443756103515625,-26.605907440185547,12,12,0,-8.296874607418431,4.906249768100679,0
Qwen/Qwen2.5-3B-Instruct,vocative_0001,vocative,vocative m,-45.25088882446289,-39.10613250732422,13,12,0,-7.593750076019205,-2.687499947845936,0
Qwen/Qwen2.5-3B-Instruct,vocative_0002,vocative,vocative m,-33.651817321777344,-25.963897705078125,14,14,0,-10.484374533465598,-3.7187500074505806,0
Qwen/Qwen2.5-3B-Instruct,vocative_0003,vocative,vocative m,-29.899063110351562,-27.156360626220703,15,14,0,-9.312500312167685,-0.53125,0
Qwen/Qwen2.5-3B-Instruct,vocative_0004,vocative,vocative m,-64.99859619140625,-60.799129486083984,18,18,0,-9.265624928113539,0.8124999403953552,0
Qwen/Qwen2.5-3B-Instruct,vocative_0005,vocative,vocative m,-60.1931037902832,-62.72224426269531,18,17,1,-5.749999806517735,-0.25,0
Qwen/Qwen2.5-3B-Instruct,vocative_0006,vocative,vocative m,-35.02851486206055,-26.584802627563477,17,16,0,-9.390625392174115,-8.499999819556251,0
Qwen/Qwen2.5-3B-Instruct,vocative_0007,vocative,vocative f,-36.52666091918945,-30.649688720703125,10,10,0,-10.187499700114131,-2.7499999403953552,0
Qwen/Qwen2.5-3B-Instruct,vocative_0008,vocative,vocative f,-55.74090576171875,-49.62611389160156,13,13,0,-8.390624619554728,6.265624854946509,0
Qwen/Qwen2.5-3B-Instruct,vocative_0009,vocative,vocative f,-59.112945556640625,-53.92333984375,11,11,0,-7.531249906576704,6.093750203261152,0
Qwen/Qwen2.5-3B-Instruct,vocative_0010,vocative,vocative m,-35.56142044067383,-29.131807327270508,12,12,0,-9.281250094121788,0.40625,0
Qwen/Qwen2.5-3B-Instruct,vocative_0011,vocative,vocative f,-60.984474182128906,-53.68050765991211,17,17,0,-11.421874570165528,-4.843750063329935,0
Qwen/Qwen2.5-3B-Instruct,vocative_0012,vocative,vocative f,-31.12264060974121,-24.40574073791504,14,14,0,-5.718750160653144,2.8125000074505806,0
Qwen/Qwen2.5-3B-Instruct,vocative_0013,vocative,vocative m,-29.843223571777344,-24.449003219604492,10,10,0,-9.515624695981387,1.8750000596046448,0
Qwen/Qwen2.5-3B-Instruct,vocative_0014,vocative,vocative f,-43.525787353515625,-39.62145233154297,17,17,0,-9.812500074564014,-8.156249927938916,0
Qwen/Qwen2.5-3B-Instruct,vocative_0015,vocative,vocative m,-65.12830352783203,-61.68480682373047,18,17,0,-7.984374792315066,2.687499925494194,0
Qwen/Qwen2.5-3B-Instruct,vocative_0016,vocative,vocative m,-32.78606414794922,-24.721046447753906,13,12,0,-8.18749990942888,0.5937500298023224,0
Qwen/Qwen2.5-3B-Instruct,vocative_0017,vocative,vocative f,-31.01751708984375,-24.32970428466797,14,14,0,-8.375000229192665,2.062500111758709,0
Qwen/Qwen2.5-3B-Instruct,vocative_0018,vocative,vocative m,-29.154281616210938,-25.25653076171875,11,11,0,-4.749999930150807,4.093750203028321,0
Qwen/Qwen2.5-3B-Instruct,vocative_0019,vocative,vocative m,-30.12506103515625,-24.543596267700195,13,12,0,-8.734375387022737,2.7500000670552254,0
Qwen/Qwen2.5-3B-Instruct,vocative_0020,vocative,vocative f,-30.124591827392578,-24.336320877075195,10,10,0,-7.578124874038622,-2.468749925494194,0
Qwen/Qwen2.5-3B-Instruct,vocative_0021,vocative,vocative m,-58.10606384277344,-51.86239242553711,12,12,0,-8.328125321218977,5.062500057276338,0
Qwen/Qwen2.5-3B-Instruct,vocative_0022,vocative,vocative f,-30.89255142211914,-24.742347717285156,11,11,0,-8.453124697611202,3.6562500167638063,0
Qwen/Qwen2.5-3B-Instruct,vocative_0023,vocative,vocative m,-33.510440826416016,-28.552047729492188,13,13,0,-8.031250227853889,1.6874999850988388,0
Qwen/Qwen2.5-3B-Instruct,vocative_0024,vocative,vocative m,-47.18265151977539,-37.77680969238281,18,17,0,-8.9531254194153,-5.34375018812716,0
Qwen/Qwen2.5-3B-Instruct,vocative_0025,vocative,vocative m,-33.5214729309082,-30.81134796142578,12,11,0,-8.20312504231697,-1.8124999552965164,0
Qwen/Qwen2.5-3B-Instruct,vocative_0026,vocative,vocative m,-42.202117919921875,-35.16654968261719,12,11,0,-9.624999680178007,5.656250202329829,0
Qwen/Qwen2.5-3B-Instruct,vocative_0027,vocative,vocative m,-30.029953002929688,-23.8800106048584,12,11,0,-6.421875230735168,5.4062502146698534,0
Qwen/Qwen2.5-3B-Instruct,vocative_0028,vocative,vocative f,-60.70610809326172,-52.148887634277344,19,19,0,-7.609375075553544,-0.21875,0
Qwen/Qwen2.5-3B-Instruct,vocative_0029,vocative,vocative f,-27.190977096557617,-21.890256881713867,12,12,0,-6.9374999781139195,1.8437499850988388,0
Qwen/Qwen2.5-3B-Instruct,vocative_0030,vocative,vocative f,-54.94660186767578,-51.35282516479492,17,17,0,-11.515625040105078,-1.65625,0
Qwen/Qwen2.5-3B-Instruct,vocative_0031,vocative,vocative m,-49.8538818359375,-49.54933166503906,16,16,0,-6.5468749885912985,-3.875000048428774,0
Qwen/Qwen2.5-3B-Instruct,vocative_0032,vocative,vocative f,-35.20658874511719,-29.369895935058594,14,14,0,-10.15625000721775,0.40625,0
Qwen/Qwen2.5-3B-Instruct,vocative_0033,vocative,vocative m,-53.062950134277344,-49.87444305419922,17,17,0,-5.50000003259629,1.21875,0
Qwen/Qwen2.5-3B-Instruct,vocative_0034,vocative,vocative f,-36.13949966430664,-30.977039337158203,12,12,0,-6.437500159488991,3.968750111758709,0
Qwen/Qwen2.5-3B-Instruct,vocative_0035,vocative,vocative m,-36.53181457519531,-27.322010040283203,11,11,0,-8.843750450760126,0.9687500298023224,0
Qwen/Qwen2.5-3B-Instruct,vocative_0036,vocative,vocative m,-34.59028244018555,-25.017818450927734,10,9,0,-8.265625384927262,2.281250052154064,0
Qwen/Qwen2.5-3B-Instruct,vocative_0037,vocative,vocative m,-40.711181640625,-36.623634338378906,17,16,0,-10.281249767831468,2.8437500670552254,0
Qwen/Qwen2.5-3B-Instruct,vocative_0038,vocative,vocative m,-59.58280944824219,-53.889556884765625,11,11,0,-8.343749821244273,0.7499999403953552,0
Qwen/Qwen2.5-3B-Instruct,vocative_0039,vocative,vocative m,-30.802980422973633,-28.10643768310547,12,12,0,-8.203125215775799,3.6249999571591616,0
Qwen/Qwen2.5-3B-Instruct,vocative_0040,vocative,vocative m,-40.60093688964844,-34.363285064697266,13,13,0,-8.10937537276186,4.406249778345227,0
Qwen/Qwen2.5-3B-Instruct,vocative_0041,vocative,vocative f,-32.887569427490234,-26.269351959228516,13,13,0,-10.593750253276085,-0.96875,0
Qwen/Qwen2.5-3B-Instruct,vocative_0042,vocative,vocative f,-32.46415710449219,-25.86837387084961,13,13,0,-8.171874919964466,5.656249788124114,0
Qwen/Qwen2.5-3B-Instruct,vocative_0043,vocative,vocative f,-50.5518913269043,-45.386653900146484,17,17,0,-8.531250425585313,0.1875,0
Qwen/Qwen2.5-3B-Instruct,vocative_0044,vocative,vocative m,-54.73112487792969,-42.54718017578125,12,12,0,-9.10937490487413,3.625000076368451,0
Qwen/Qwen2.5-3B-Instruct,vocative_0045,vocative,vocative f,-64.64875793457031,-60.112464904785156,18,18,0,-6.968749833875336,1.9999998956918716,0
Qwen/Qwen2.5-3B-Instruct,vocative_0046,vocative,vocative m,-56.498504638671875,-49.34129333496094,17,16,0,-8.046875213913154,1.6562499850988388,0
Qwen/Qwen2.5-3B-Instruct,vocative_0047,vocative,vocative m,-59.91802215576172,-54.163963317871094,12,11,0,-10.21875000865839,2.9062499441206455,0
Qwen/Qwen2.5-3B-Instruct,vocative_0048,vocative,vocative f,-52.3486328125,-46.479766845703125,12,12,0,-6.875000127241947,7.859374999476131,1
Qwen/Qwen2.5-3B-Instruct,vocative_0049,vocative,vocative f,-43.067813873291016,-36.076602935791016,12,12,0,-7.718749790394213,7.281250099418685,0
Qwen/Qwen2.5-3B-Instruct,vocative_0050,vocative,vocative f,-37.053688049316406,-29.409015655517578,14,13,0,-9.812500020241714,-2.4374999403953552,0
Qwen/Qwen2.5-3B-Instruct,vocative_0051,vocative,vocative m,-41.909645080566406,-34.749427795410156,12,12,0,-9.453124669526005,-6.156250113621354,0
Qwen/Qwen2.5-3B-Instruct,vocative_0052,vocative,vocative f,-62.03799819946289,-53.46875762939453,18,18,0,-8.140625108149834,4.437500096857548,0
Qwen/Qwen2.5-3B-Instruct,vocative_0053,vocative,vocative f,-31.66063690185547,-22.046127319335938,8,8,0,-10.046874673222192,2.562500014901161,0
Qwen/Qwen2.5-3B-Instruct,vocative_0054,vocative,vocative f,-31.709545135498047,-25.665346145629883,16,16,0,-9.015625383734005,3.5937499459832907,0
Qwen/Qwen2.5-3B-Instruct,vocative_0055,vocative,vocative m,-43.732383728027344,-37.93913650512695,17,16,0,-9.375000164291123,-7.140624791383743,0
Qwen/Qwen2.5-3B-Instruct,vocative_0056,vocative,vocative m,-56.68116760253906,-52.72392654418945,11,10,0,-9.953125017651473,1.0000000596046448,0
Qwen/Qwen2.5-3B-Instruct,vocative_0057,vocative,vocative f,-63.389373779296875,-54.597572326660156,17,17,0,-9.937500059895683,2.875000111758709,0
Qwen/Qwen2.5-3B-Instruct,vocative_0058,vocative,vocative f,-39.59618377685547,-33.72549819946289,18,18,0,-10.7656248290441,-3.2812500931322575,0
Qwen/Qwen2.5-3B-Instruct,vocative_0059,vocative,vocative f,-61.49484634399414,-55.88853454589844,11,11,0,-10.250000128624379,6.906250181491487,0
Qwen/Qwen2.5-3B-Instruct,vocative_0060,vocative,vocative f,-42.27954864501953,-38.042015075683594,11,11,0,-9.265625143860234,3.187500085681677,0
Qwen/Qwen2.5-3B-Instruct,vocative_0061,vocative,vocative m,-28.232563018798828,-22.196697235107422,10,10,0,-11.187500425236067,2.5625000074505806,0
Qwen/Qwen2.5-3B-Instruct,vocative_0062,vocative,vocative m,-54.94248962402344,-51.6828498840332,17,16,0,-9.718749922845745,-8.250000200991053,0
Qwen/Qwen2.5-3B-Instruct,vocative_0063,vocative,vocative m,-41.11347579956055,-38.760009765625,12,11,0,-7.749999835214112,-1.3437499403953552,0
Qwen/Qwen2.5-3B-Instruct,vocative_0064,vocative,vocative m,-40.28443908691406,-37.417484283447266,17,16,0,-9.078124899184331,-9.562499647261575,0
Qwen/Qwen2.5-3B-Instruct,vocative_0065,vocative,vocative m,-30.53362274169922,-23.682456970214844,11,10,0,-9.15624993154779,-2.968749962747097,0
Qwen/Qwen2.5-3B-Instruct,vocative_0066,vocative,vocative m,-54.75086975097656,-49.12669372558594,18,18,0,-9.187499779567588,-4.500000145286322,0
Qwen/Qwen2.5-3B-Instruct,vocative_0067,vocative,vocative m,-61.36612319946289,-59.592369079589844,17,17,0,-1.0312500298023224,6.703125125262886,1
Qwen/Qwen2.5-3B-Instruct,vocative_0068,vocative,vocative f,-63.23442077636719,-56.69014358520508,17,17,0,-7.437499769730493,4.374999939464033,0
Qwen/Qwen2.5-3B-Instruct,vocative_0069,vocative,vocative f,-50.818790435791016,-53.061767578125,18,18,1,-12.390625436150003,-2.7812500335276127,0
Qwen/Qwen2.5-3B-Instruct,vocative_0070,vocative,vocative m,-42.24589157104492,-33.144126892089844,18,18,0,-6.484375035506673,6.484375168918632,1
Qwen/Qwen2.5-3B-Instruct,vocative_0071,vocative,vocative m,-62.126895904541016,-53.572601318359375,19,19,0,-7.281249797961209,6.687499881489202,0
Qwen/Qwen2.5-3B-Instruct,vocative_0072,vocative,vocative f,-40.37400817871094,-34.04136657714844,18,18,0,-8.07812542974716,1.2187500298023224,0
Qwen/Qwen2.5-3B-Instruct,vocative_0073,vocative,vocative m,-33.449832916259766,-27.780113220214844,11,10,0,-8.515625117812306,-8.531249606166966,0
Qwen/Qwen2.5-3B-Instruct,vocative_0074,vocative,vocative m,-34.55561828613281,-24.46531867980957,11,10,0,-11.250000375381205,-1.5625000447034836,0
Qwen/Qwen2.5-3B-Instruct,vocative_0075,vocative,vocative m,-53.539649963378906,-38.11820983886719,11,10,0,-9.312500145591912,4.906250033061951,0
Qwen/Qwen2.5-3B-Instruct,vocative_0076,vocative,vocative m,-42.88963317871094,-30.765609741210938,11,10,0,-9.453124688443495,-0.4375,0
Qwen/Qwen2.5-3B-Instruct,vocative_0077,vocative,vocative m,-67.71281433105469,-63.82282257080078,18,17,0,-6.593750235508196,-1.4375000447034836,0
Qwen/Qwen2.5-3B-Instruct,vocative_0078,vocative,vocative f,-54.05510330200195,-50.81242370605469,16,16,0,-9.984374563093297,-2.250000052154064,0
Qwen/Qwen2.5-3B-Instruct,vocative_0079,vocative,vocative m,-30.888349533081055,-26.687236785888672,11,10,0,-7.437500157393515,-4.156250203028321,0
Qwen/Qwen2.5-3B-Instruct,vocative_0080,vocative,vocative f,-69.41909790039062,-56.84955596923828,18,18,0,-9.250000027008355,0.6875000298023224,0
Qwen/Qwen2.5-3B-Instruct,vocative_0081,vocative,vocative f,-34.73463439941406,-30.016490936279297,14,14,0,-9.499999705061782,-3.6562499459832907,0
Qwen/Qwen2.5-3B-Instruct,vocative_0082,vocative,vocative m,-60.36928176879883,-54.22732925415039,12,11,0,-8.375000428437488,3.9062499068677425,0
Qwen/Qwen2.5-3B-Instruct,vocative_0083,vocative,vocative m,-32.49803924560547,-26.722610473632812,14,13,0,-8.734374791441951,-5.906250143889338,0
Qwen/Qwen2.5-3B-Instruct,vocative_0084,vocative,vocative m,-59.87323760986328,-57.72091293334961,18,17,0,-9.140625289990567,0.0,0
Qwen/Qwen2.5-3B-Instruct,vocative_0085,vocative,vocative f,-67.36407470703125,-57.039794921875,20,20,0,-5.187499874737114,0.8750000298023224,0
Qwen/Qwen2.5-3B-Instruct,vocative_0086,vocative,vocative m,-59.60820388793945,-56.19563293457031,12,11,0,-9.718749532010406,0.25,0
Qwen/Qwen2.5-3B-Instruct,vocative_0087,vocative,vocative m,-41.38825988769531,-35.39738082885742,11,11,0,-5.187499904073775,6.828124797204509,1
Qwen/Qwen2.5-3B-Instruct,vocative_0088,vocative,vocative m,-40.034088134765625,-36.91227722167969,12,11,0,-6.609375014551915,-3.406250085681677,0
Qwen/Qwen2.5-3B-Instruct,vocative_0089,vocative,vocative f,-45.312904357910156,-39.3421630859375,11,11,0,-9.218750258616637,-3.5312500949949026,0
Qwen/Qwen2.5-3B-Instruct,vocative_0090,vocative,vocative m,-41.02969741821289,-31.879528045654297,17,16,0,-10.437499901643605,5.874999871244654,0
Qwen/Qwen2.5-3B-Instruct,vocative_0091,vocative,vocative f,-44.108829498291016,-35.75670623779297,16,16,0,-12.156249768377165,-5.593749803956598,0
Qwen/Qwen2.5-3B-Instruct,vocative_0092,vocative,vocative f,-61.125267028808594,-60.827911376953125,18,18,0,-10.20312519633444,-0.3125,0
Qwen/Qwen2.5-3B-Instruct,vocative_0093,vocative,vocative m,-42.658138275146484,-39.48638153076172,12,11,0,-7.0781250858563,-2.062499888241291,0
Qwen/Qwen2.5-3B-Instruct,vocative_0094,vocative,vocative m,-57.78090286254883,-47.462669372558594,17,16,0,-8.062500365485903,-2.624999910593033,0
Qwen/Qwen2.5-3B-Instruct,vocative_0095,vocative,vocative f,-31.234661102294922,-27.329328536987305,13,13,0,-8.781250176456524,-0.8125000298023224,0
Qwen/Qwen2.5-3B-Instruct,vocative_0096,vocative,vocative f,-32.89874267578125,-26.494598388671875,11,11,0,-9.468749821913661,5.625000221654773,0
Qwen/Qwen2.5-3B-Instruct,vocative_0097,vocative,vocative f,-32.367530822753906,-26.743968963623047,11,11,0,-7.687500182015356,-5.968750189058483,0
Qwen/Qwen2.5-3B-Instruct,vocative_0098,vocative,vocative f,-35.615386962890625,-29.995773315429688,14,14,0,-11.593750366242602,2.1562501043081284,0
Qwen/Qwen2.5-3B-Instruct,vocative_0099,vocative,vocative f,-31.609010696411133,-24.204387664794922,10,9,0,-9.359374932770152,-2.5937500819563866,0
Qwen/Qwen2.5-3B-Instruct,vocative_0100,vocative,vocative m,-55.90447235107422,-50.216697692871094,18,17,0,-8.218749584746547,2.2812500447034836,0
Qwen/Qwen2.5-3B-Instruct,vocative_0101,vocative,vocative m,-63.797508239746094,-56.411216735839844,19,18,0,-8.125000307045411,-5.828125015133992,0
Qwen/Qwen2.5-3B-Instruct,vocative_0102,vocative,vocative m,-63.85710525512695,-55.10578536987305,19,18,0,-7.187500022933818,-3.0312500558793545,0
Qwen/Qwen2.5-3B-Instruct,vocative_0103,vocative,vocative m,-41.657691955566406,-37.35132598876953,12,12,0,-7.906250127474777,0.125,0
Qwen/Qwen2.5-3B-Instruct,vocative_0104,vocative,vocative m,-31.874887466430664,-25.02362823486328,14,14,0,-9.578124667998054,2.906250089406967,0
Qwen/Qwen2.5-3B-Instruct,vocative_0105,vocative,vocative m,-41.00834274291992,-38.86682891845703,17,17,0,-8.43749989673961,10.50000006495975,1
Qwen/Qwen2.5-3B-Instruct,vocative_0106,vocative,vocative f,-66.91227722167969,-56.96467971801758,17,17,0,-8.015624766412657,4.8749999245628715,0
Qwen/Qwen2.5-3B-Instruct,vocative_0107,vocative,vocative f,-40.351219177246094,-34.3980598449707,16,16,0,-11.515625148749677,-1.4062499850988388,0
Qwen/Qwen2.5-3B-Instruct,vocative_0108,vocative,vocative m,-37.102783203125,-27.9814453125,11,10,0,-9.531250290601747,-0.6562499403953552,0
Qwen/Qwen2.5-3B-Instruct,vocative_0109,vocative,vocative m,-33.635860443115234,-28.36568832397461,14,13,0,-10.140625036408892,-5.249999995343387,0
Qwen/Qwen2.5-3B-Instruct,vocative_0110,vocative,vocative m,-27.49945068359375,-24.256134033203125,11,11,0,-5.5000000186264515,3.4062499552965164,0
Qwen/Qwen2.5-3B-Instruct,vocative_0111,vocative,vocative m,-40.08855438232422,-34.343231201171875,17,16,0,-8.890624571940862,2.2187499329447746,0
Qwen/Qwen2.5-3B-Instruct,vocative_0112,vocative,vocative m,-29.239688873291016,-25.080915451049805,14,14,0,-9.671874554245733,-0.8124999403953552,0
Qwen/Qwen2.5-3B-Instruct,vocative_0113,vocative,vocative m,-66.72563934326172,-63.388404846191406,18,17,0,-7.156250050291419,-0.9375000298023224,0
Qwen/Qwen2.5-3B-Instruct,vocative_0114,vocative,vocative m,-57.05324935913086,-51.46854019165039,18,17,0,-10.578124937805114,-1.5312500447034836,0
Qwen/Qwen2.5-3B-Instruct,vocative_0115,vocative,vocative m,-40.64414978027344,-42.434234619140625,11,10,1,-5.000000004656613,3.5312498845160007,0
Qwen/Qwen2.5-3B-Instruct,vocative_0116,vocative,vocative m,-58.41714859008789,-52.563236236572266,17,17,0,-9.20312511274824,-4.65624990593642,0
Qwen/Qwen2.5-3B-Instruct,vocative_0117,vocative,vocative m,-29.650768280029297,-24.632915496826172,13,12,0,-7.796874851570465,-7.296874933643267,0
Qwen/Qwen2.5-3B-Instruct,vocative_0118,vocative,vocative m,-30.41350555419922,-25.515159606933594,16,15,0,-7.828125026251655,-8.921874569030479,0
Qwen/Qwen2.5-3B-Instruct,vocative_0119,vocative,vocative m,-56.393043518066406,-47.868473052978516,18,17,0,-7.750000011350494,-0.5937500298023224,0
Qwen/Qwen2.5-3B-Instruct,vocative_0120,vocative,vocative m,-36.53840255737305,-31.66320037841797,14,13,0,-10.515624669089448,-1.0937499701976776,0
Qwen/Qwen2.5-3B-Instruct,vocative_0121,vocative,vocative m,-35.68974685668945,-32.80486297607422,14,13,0,-9.390624540363206,-3.4062501192092896,0
Qwen/Qwen2.5-3B-Instruct,vocative_0122,vocative,vocative m,-33.764984130859375,-26.001873016357422,9,9,0,-10.437500153057044,4.499999764375389,0
Qwen/Qwen2.5-3B-Instruct,vocative_0123,vocative,vocative f,-27.396278381347656,-25.670656204223633,12,12,0,-9.015625373343937,-6.906249837833457,0
Qwen/Qwen2.5-3B-Instruct,vocative_0124,vocative,vocative f,-63.04148483276367,-56.73951721191406,11,11,0,-9.48437537245627,5.187499989755452,0
Qwen/Qwen2.5-3B-Instruct,vocative_0125,vocative,vocative m,-39.69207000732422,-28.417818069458008,13,13,0,-9.625000381813152,-1.25,0
Qwen/Qwen2.5-3B-Instruct,vocative_0126,vocative,vocative f,-54.38441848754883,-51.4111442565918,17,17,0,-8.921875308908056,-3.1249999031424522,0
Qwen/Qwen2.5-3B-Instruct,vocative_0127,vocative,vocative f,-65.8602294921875,-55.86048126220703,18,17,0,-10.95312488921627,-4.562500219792128,0
Qwen/Qwen2.5-3B-Instruct,vocative_0128,vocative,vocative m,-39.49297332763672,-30.45427703857422,13,12,0,-7.046875094878487,-2.187500089406967,0
Qwen/Qwen2.5-3B-Instruct,vocative_0129,vocative,vocative f,-35.580806732177734,-26.742053985595703,9,9,0,-11.234375155065209,0.8749999701976776,0
Qwen/Qwen2.5-3B-Instruct,vocative_0130,vocative,vocative m,-28.68256950378418,-25.34372329711914,10,9,0,-9.15625040177838,-1.6875000596046448,0
Qwen/Qwen2.5-3B-Instruct,vocative_0131,vocative,vocative f,-64.24427795410156,-60.03513717651367,18,18,0,-9.81249989673961,-3.0625001154839993,0
Qwen/Qwen2.5-3B-Instruct,vocative_0132,vocative,vocative m,-28.958362579345703,-22.65822982788086,9,8,0,-10.031250434665708,-3.5312498938292265,0
Qwen/Qwen2.5-3B-Instruct,vocative_0133,vocative,vocative m,-44.92372131347656,-37.752044677734375,17,17,0,-9.796874695341103,2.968749988824129,0
Qwen/Qwen2.5-3B-Instruct,vocative_0134,vocative,vocative f,-37.680084228515625,-30.411457061767578,16,16,0,-8.09374978870619,4.531250073574483,0
Qwen/Qwen2.5-3B-Instruct,vocative_0135,vocative,vocative f,-32.76057052612305,-26.152725219726562,10,10,0,-9.796874789826688,-5.937500008614734,0
Qwen/Qwen2.5-3B-Instruct,vocative_0136,vocative,vocative m,-29.928951263427734,-25.94028091430664,14,13,0,-8.437499812076567,-5.5312500931322575,0
Qwen/Qwen2.5-3B-Instruct,vocative_0137,vocative,vocative m,-51.40205383300781,-49.81250762939453,17,16,0,-9.39062463978189,-7.171875226544216,0
Qwen/Qwen2.5-3B-Instruct,vocative_0138,vocative,vocative f,-31.49995231628418,-25.364215850830078,12,12,0,-8.218749996769475,5.406250149477273,0
Qwen/Qwen2.5-3B-Instruct,vocative_0139,vocative,vocative f,-62.78112030029297,-53.52300262451172,12,11,0,-10.593749528416083,5.9687499101273715,0
Qwen/Qwen2.5-3B-Instruct,vocative_0140,vocative,vocative f,-41.69580078125,-33.993343353271484,12,12,0,-5.796874904772267,5.1874999343417585,0
Qwen/Qwen2.5-3B-Instruct,vocative_0141,vocative,vocative m,-41.45561981201172,-40.61127471923828,12,11,0,-7.859375075262506,-4.281249942258,0
Qwen/Qwen2.5-3B-Instruct,vocative_0142,vocative,vocative f,-69.70272827148438,-60.53010559082031,17,17,0,-6.109375234460458,0.5,0
Qwen/Qwen2.5-3B-Instruct,vocative_0143,vocative,vocative m,-29.568613052368164,-23.675159454345703,12,11,0,-7.093750046915375,1.8750000149011612,0
Qwen/Qwen2.5-3B-Instruct,vocative_0144,vocative,vocative m,-61.98987579345703,-55.43608093261719,18,18,0,-8.796875280095264,0.3125,0
Qwen/Qwen2.5-3B-Instruct,vocative_0145,vocative,vocative f,-36.290855407714844,-30.005714416503906,15,15,0,-9.437499584892066,4.093750232830644,0
Qwen/Qwen2.5-3B-Instruct,vocative_0146,vocative,vocative m,-56.30992889404297,-51.84675598144531,18,17,0,-6.453125087311491,-5.718750006519258,0
Qwen/Qwen2.5-3B-Instruct,vocative_0147,vocative,vocative m,-52.5162353515625,-43.90667724609375,12,11,0,-6.984375148545951,4.249999892897904,0
Qwen/Qwen2.5-3B-Instruct,vocative_0148,vocative,vocative m,-57.777259826660156,-56.68915557861328,12,11,0,-7.281250212749001,1.5937499403953552,0
Qwen/Qwen2.5-3B-Instruct,vocative_0149,vocative,vocative f,-31.044757843017578,-26.011714935302734,11,11,0,-9.125000356085366,-4.343749917112291,0
Qwen/Qwen2.5-3B-Instruct,vocative_0150,vocative,vocative m,-61.413944244384766,-52.29011535644531,13,12,0,-8.203124824911356,0.53125,0
Qwen/Qwen2.5-3B-Instruct,vocative_0151,vocative,vocative f,-29.4865779876709,-24.615097045898438,12,12,0,-8.718750121130142,-6.968750132014975,0
Qwen/Qwen2.5-3B-Instruct,vocative_0152,vocative,vocative f,-37.820472717285156,-42.58218002319336,12,12,1,-9.812500291212928,4.281249872408807,0
Qwen/Qwen2.5-3B-Instruct,vocative_0153,vocative,vocative m,-57.09886169433594,-51.56791305541992,18,17,0,-7.187500162923243,-4.218749837949872,0
Qwen/Qwen2.5-3B-Instruct,vocative_0154,vocative,vocative m,-29.400785446166992,-24.457645416259766,11,10,0,-6.453125025611371,-0.8750000596046448,0
Qwen/Qwen2.5-3B-Instruct,vocative_0155,vocative,vocative f,-31.774169921875,-24.786697387695312,12,12,0,-8.015625409665518,5.6874999043066055,0
Qwen/Qwen2.5-3B-Instruct,vocative_0156,vocative,vocative m,-67.4820327758789,-68.60017395019531,18,18,1,-6.453124900232069,8.562500414496753,1
Qwen/Qwen2.5-3B-Instruct,vocative_0157,vocative,vocative f,-36.21639633178711,-31.953105926513672,14,14,0,-7.578124989580829,0.53125,0
Qwen/Qwen2.5-3B-Instruct,vocative_0158,vocative,vocative f,-50.52275848388672,-47.39649963378906,18,18,0,-1.6562500447034836,2.5937499925494194,1
Qwen/Qwen2.5-3B-Instruct,vocative_0159,vocative,vocative m,-37.81142044067383,-35.2848014831543,16,16,0,-9.7656245448743,-8.125000376836397,0
Qwen/Qwen2.5-3B-Instruct,vocative_0160,vocative,vocative f,-44.06593322753906,-39.2590217590332,11,11,0,-10.468749664258212,-0.8750000298023224,0
Qwen/Qwen2.5-3B-Instruct,vocative_0161,vocative,vocative f,-47.52437210083008,-43.5028076171875,12,12,0,-7.781249975960236,6.5625002071028575,0
Qwen/Qwen2.5-3B-Instruct,vocative_0162,vocative,vocative m,-30.725980758666992,-24.412113189697266,12,11,0,-9.42187494612881,-3.093749973922968,0
Qwen/Qwen2.5-3B-Instruct,vocative_0163,vocative,vocative m,-35.634666442871094,-28.33334732055664,12,11,0,-6.5312498261919245,-1.8749999552965164,0
Qwen/Qwen2.5-3B-Instruct,vocative_0164,vocative,vocative f,-32.455772399902344,-25.823286056518555,12,12,0,-10.031250250322046,4.468749983236194,0
Qwen/Qwen2.5-3B-Instruct,vocative_0165,vocative,vocative m,-31.90433120727539,-23.49253273010254,13,12,0,-9.937499813589966,0.78125,0
Qwen/Qwen2.5-3B-Instruct,vocative_0166,vocative,vocative f,-58.010799407958984,-52.8798713684082,13,13,0,-8.453124728956027,5.984374770894647,0
Qwen/Qwen2.5-3B-Instruct,vocative_0167,vocative,vocative m,-34.23677444458008,-26.733108520507812,13,13,0,-8.859375395753887,0.9062499403953552,0
Qwen/Qwen2.5-3B-Instruct,vocative_0168,vocative,vocative m,-63.37352752685547,-58.2292366027832,18,17,0,-5.3750001192092896,5.187500087078661,0
Qwen/Qwen2.5-3B-Instruct,vocative_0169,vocative,vocative f,-41.32786178588867,-31.09223175048828,14,14,0,-6.374999913852662,5.3750000284053385,0
Qwen/Qwen2.5-3B-Instruct,vocative_0170,vocative,vocative m,-57.32611083984375,-55.55320358276367,10,10,0,-6.7812501166481525,7.40625008783536,1
Qwen/Qwen2.5-3B-Instruct,vocative_0171,vocative,vocative f,-27.670948028564453,-23.55297088623047,10,10,0,-8.687500337022357,3.718749998137355,0
Qwen/Qwen2.5-3B-Instruct,vocative_0172,vocative,vocative m,-43.968589782714844,-36.455196380615234,17,17,0,-6.156249798601493,-1.5937500149011612,0
Qwen/Qwen2.5-3B-Instruct,vocative_0173,vocative,vocative m,-39.1846809387207,-34.870967864990234,16,16,0,-2.250000022351742,8.453125066676876,1
Qwen/Qwen2.5-3B-Instruct,vocative_0174,vocative,vocative f,-55.12697982788086,-51.137325286865234,18,18,0,-11.484375141793862,-2.000000014901161,0
Qwen/Qwen2.5-3B-Instruct,vocative_0175,vocative,vocative m,-44.510528564453125,-37.96896743774414,17,16,0,-9.1093745448743,3.500000013038516,0
Qwen/Qwen2.5-3B-Instruct,vocative_0176,vocative,vocative m,-33.642784118652344,-25.313091278076172,13,12,0,-7.171874869032763,-4.312500235624611,0
Qwen/Qwen2.5-3B-Instruct,vocative_0177,vocative,vocative m,-37.08491134643555,-30.526479721069336,14,13,0,-7.640624920197297,-5.500000179745257,0
Qwen/Qwen2.5-3B-Instruct,vocative_0178,vocative,vocative f,-30.70431900024414,-26.428319931030273,14,14,0,-9.749999923398718,-3.937499986961484,0
Qwen/Qwen2.5-3B-Instruct,vocative_0179,vocative,vocative m,-35.772552490234375,-25.641860961914062,15,15,0,-10.687500247178832,-2.4687499701976776,0
Qwen/Qwen2.5-3B-Instruct,vocative_0180,vocative,vocative m,-56.66523361206055,-50.49285888671875,12,12,0,-8.156250077183358,5.2499999003484845,0
Qwen/Qwen2.5-3B-Instruct,vocative_0181,vocative,vocative f,-33.542057037353516,-26.117008209228516,16,16,0,-10.406249772262527,-5.656250189058483,0
Qwen/Qwen2.5-3B-Instruct,vocative_0182,vocative,vocative f,-64.35157012939453,-54.133235931396484,19,19,0,-10.624999809078872,-3.1562500819563866,0
Qwen/Qwen2.5-3B-Instruct,vocative_0183,vocative,vocative f,-52.4607048034668,-51.64651870727539,18,18,0,-9.500000391388312,-6.640624993946403,0
Qwen/Qwen2.5-3B-Instruct,vocative_0184,vocative,vocative f,-33.00135040283203,-27.780780792236328,19,19,0,-5.874999946914613,-6.312499775085598,0
Qwen/Qwen2.5-3B-Instruct,vocative_0185,vocative,vocative f,-34.486328125,-27.23615264892578,14,14,0,-8.859374719322659,6.421874970663339,0
Qwen/Qwen2.5-3B-Instruct,vocative_0186,vocative,vocative m,-50.505699157714844,-35.09920120239258,13,13,0,-8.062500328756869,-3.843749998137355,0
Qwen/Qwen2.5-3B-Instruct,vocative_0187,vocative,vocative m,-33.65261459350586,-27.50705337524414,11,10,0,-6.656249932479113,-0.6562499701976776,0
Qwen/Qwen2.5-3B-Instruct,vocative_0188,vocative,vocative m,-40.985382080078125,-38.998809814453125,11,11,0,-8.718750416097464,-3.9375000838190317,0
Qwen/Qwen2.5-3B-Instruct,vocative_0189,vocative,vocative m,-26.902555465698242,-23.00665283203125,8,8,0,-8.609375202824594,4.125000128522515,0
Qwen/Qwen2.5-3B-Instruct,vocative_0190,vocative,vocative f,-41.855594635009766,-29.832775115966797,19,19,0,-4.218750084750354,5.531250100117177,1
Qwen/Qwen2.5-3B-Instruct,vocative_0191,vocative,vocative m,-48.26068115234375,-30.90610122680664,18,18,0,-7.078125196509063,-6.124999915249646,0
Qwen/Qwen2.5-3B-Instruct,vocative_0192,vocative,vocative m,-29.475749969482422,-23.633142471313477,12,12,0,-8.296874764550012,3.562499888241291,0
Qwen/Qwen2.5-3B-Instruct,vocative_0193,vocative,vocative m,-58.198490142822266,-56.79598617553711,12,11,0,-8.109375233267201,3.531249886378646,0
Qwen/Qwen2.5-3B-Instruct,vocative_0194,vocative,vocative f,-30.76685333251953,-23.066709518432617,9,9,0,-9.79687482592999,0.8437499701976776,0
Qwen/Qwen2.5-3B-Instruct,vocative_0195,vocative,vocative m,-56.72024917602539,-48.671058654785156,19,19,0,-7.1249999509891495,2.437500089406967,0
Qwen/Qwen2.5-3B-Instruct,vocative_0196,vocative,vocative f,-29.80838394165039,-26.526195526123047,17,17,0,3.4999999944120646,-4.312500028871,0
Qwen/Qwen2.5-3B-Instruct,vocative_0197,vocative,vocative m,-31.53400993347168,-25.932270050048828,9,9,0,-9.656250274245394,5.312500209081918,0
Qwen/Qwen2.5-3B-Instruct,vocative_0198,vocative,vocative f,-58.70674514770508,-49.75697326660156,17,17,0,-9.671874592488166,-0.5625000298023224,0
Qwen/Qwen2.5-3B-Instruct,vocative_0199,vocative,vocative m,-42.52877426147461,-36.49000549316406,17,16,0,-5.906249805819243,-2.5625000074505806,0
Qwen/Qwen2.5-3B-Instruct,vocative_0200,vocative,vocative m,-61.77417755126953,-59.31853485107422,18,17,0,-5.250000044237822,-3.656250089406967,0
Qwen/Qwen2.5-3B-Instruct,vocative_0201,vocative,vocative m,-55.61016082763672,-49.62400817871094,19,18,0,-9.015625403553713,-5.562499799299985,0
Qwen/Qwen2.5-3B-Instruct,vocative_0202,vocative,vocative m,-32.92051696777344,-26.379638671875,10,9,0,-8.843749867315637,-2.062500111758709,0
Qwen/Qwen2.5-3B-Instruct,vocative_0203,vocative,vocative m,-29.77334213256836,-27.99100112915039,14,13,0,-7.187499979976565,-6.796874980558641,0
Qwen/Qwen2.5-3B-Instruct,vocative_0204,vocative,vocative m,-33.95367431640625,-23.736736297607422,9,9,0,-10.203125400381396,1.75,0
Qwen/Qwen2.5-3B-Instruct,vocative_0205,vocative,vocative m,-28.415977478027344,-21.805612564086914,10,9,0,-8.843749723484507,-0.28125,0
Qwen/Qwen2.5-3B-Instruct,vocative_0206,vocative,vocative m,-30.905319213867188,-26.196102142333984,9,9,0,-8.624999731342541,6.48437480838038,0
Qwen/Qwen2.5-3B-Instruct,vocative_0207,vocative,vocative m,-35.38368606567383,-26.303985595703125,12,12,0,-8.390624709194526,1.625,0
Qwen/Qwen2.5-3B-Instruct,vocative_0208,vocative,vocative f,-44.38808059692383,-37.65753173828125,12,11,0,-10.718749788269633,1.0,0
Qwen/Qwen2.5-3B-Instruct,vocative_0209,vocative,vocative f,-35.677913665771484,-28.15575408935547,11,11,0,-9.437500331609044,-5.375000235624611,0
Qwen/Qwen2.5-3B-Instruct,vocative_0210,vocative,vocative m,-37.09893035888672,-29.59459686279297,18,17,0,-9.000000155065209,-6.765624838415533,0
Qwen/Qwen2.5-3B-Instruct,vocative_0211,vocative,vocative m,-39.47298812866211,-35.08551025390625,16,15,0,-9.015624816092895,-4.437499810010195,0
Qwen/Qwen2.5-3B-Instruct,vocative_0212,vocative,vocative m,-57.303741455078125,-51.752567291259766,12,12,0,-8.656249752588337,4.906250130850822,0
Qwen/Qwen2.5-3B-Instruct,vocative_0213,vocative,vocative m,-33.3670654296875,-30.252506256103516,13,13,0,-7.328124841558747,8.23437533120159,1
Qwen/Qwen2.5-3B-Instruct,vocative_0214,vocative,vocative f,-55.417022705078125,-51.79899597167969,20,20,0,-3.4687499068677425,1.7812500447034836,0
Qwen/Qwen2.5-3B-Instruct,vocative_0215,vocative,vocative f,-35.483856201171875,-26.31007957458496,13,13,0,-10.749999658684828,1.53125,0
Qwen/Qwen2.5-3B-Instruct,vocative_0216,vocative,vocative f,-56.34010696411133,-51.00122833251953,11,11,0,-8.078124819032382,7.703124882827979,0
Qwen/Qwen2.5-3B-Instruct,vocative_0217,vocative,vocative m,-34.99676513671875,-25.248401641845703,17,17,0,-9.468750035128323,3.0937499403953552,0
Qwen/Qwen2.5-3B-Instruct,vocative_0218,vocative,vocative m,-43.47966384887695,-36.755863189697266,13,13,0,-7.1562501846347,3.9062499403953552,0
Qwen/Qwen2.5-3B-Instruct,vocative_0219,vocative,vocative m,-35.53050994873047,-28.676372528076172,15,14,0,-9.796875008527422,-7.624999767285772,0
Qwen/Qwen2.5-3B-Instruct,vocative_0220,vocative,vocative m,-45.229393005371094,-40.11463928222656,12,12,0,-8.0625000425498,8.546874759776983,1
Qwen/Qwen2.5-3B-Instruct,vocative_0221,vocative,vocative m,-33.37028884887695,-24.59906005859375,11,10,0,-10.234375034895493,-0.8125000596046448,0
Qwen/Qwen2.5-3B-Instruct,vocative_0222,vocative,vocative m,-54.67178726196289,-51.269554138183594,18,17,0,-8.843750316242222,1.3125000298023224,0
Qwen/Qwen2.5-3B-Instruct,vocative_0223,vocative,vocative f,-29.241954803466797,-26.201141357421875,12,12,0,-9.828125192638254,-1.8750000149011612,0
Qwen/Qwen2.5-3B-Instruct,vocative_0224,vocative,vocative f,-40.35890197753906,-33.26754379272461,13,13,0,-9.015624982566806,-3.843749923631549,0
Qwen/Qwen2.5-3B-Instruct,vocative_0225,vocative,vocative f,-49.46467590332031,-42.43936538696289,11,11,0,-9.374999544088496,5.906249944586307,0
Qwen/Qwen2.5-3B-Instruct,vocative_0226,vocative,vocative f,-29.598894119262695,-22.504261016845703,9,9,0,-10.843749679392204,2.250000022351742,0
Qwen/Qwen2.5-3B-Instruct,vocative_0227,vocative,vocative f,-53.67117691040039,-50.59743118286133,18,18,0,-10.124999913037755,-7.67187523317989,0
Qwen/Qwen2.5-3B-Instruct,vocative_0228,vocative,vocative f,-57.899513244628906,-52.88002395629883,11,11,0,-8.062499739986379,6.718750238302164,0
Qwen/Qwen2.5-3B-Instruct,vocative_0229,vocative,vocative f,-29.7098331451416,-26.7893123626709,9,9,0,-8.78124996490078,4.781249800696969,0
Qwen/Qwen2.5-3B-Instruct,vocative_0230,vocative,vocative m,-35.872188568115234,-25.19363784790039,11,11,0,-11.624999765532266,-1.4687500447034836,0
Qwen/Qwen2.5-3B-Instruct,vocative_0231,vocative,vocative f,-54.94738006591797,-50.15838623046875,18,18,0,-10.562499682564521,-5.812500024214387,0
Qwen/Qwen2.5-3B-Instruct,vocative_0232,vocative,vocative m,-66.02271270751953,-60.4804573059082,18,18,0,-8.375000440748408,1.9687498956918716,0
Qwen/Qwen2.5-3B-Instruct,vocative_0233,vocative,vocative m,-31.00833511352539,-22.277156829833984,10,9,0,-9.609374854160706,0.5,0
Qwen/Qwen2.5-3B-Instruct,vocative_0234,vocative,vocative m,-70.85527038574219,-53.70046615600586,19,19,0,-5.6562499010469764,-0.75,0
Qwen/Qwen2.5-3B-Instruct,vocative_0235,vocative,vocative f,-42.570526123046875,-35.49620056152344,16,16,0,-7.062500129570253,-4.656250235624611,0
Qwen/Qwen2.5-3B-Instruct,vocative_0236,vocative,vocative m,-62.95507049560547,-63.0909309387207,12,11,1,-6.187499948544428,3.124999985098839,0
Qwen/Qwen2.5-3B-Instruct,vocative_0237,vocative,vocative f,-34.726768493652344,-26.473247528076172,12,12,0,-9.4843750569853,-1.5625000149011612,0
Qwen/Qwen2.5-3B-Instruct,vocative_0238,vocative,vocative m,-55.08769607543945,-51.41282272338867,18,17,0,-8.312499703315552,-0.5625000596046448,0
Qwen/Qwen2.5-3B-Instruct,vocative_0239,vocative,vocative m,-31.80423355102539,-26.782032012939453,13,12,0,-8.812500385727617,-4.781249999068677,0
Qwen/Qwen2.5-3B-Instruct,vocative_0240,vocative,vocative f,-44.46272277832031,-34.47882080078125,17,17,0,-8.92187494612881,-3.343750011175871,0
Qwen/Qwen2.5-3B-Instruct,vocative_0241,vocative,vocative m,-59.59270095825195,-52.32453155517578,19,18,0,-10.968750410072971,-2.6249999701976776,0
Qwen/Qwen2.5-3B-Instruct,vocative_0242,vocative,vocative m,-41.21732711791992,-39.01188659667969,12,11,0,-8.781249693827704,-0.6562500298023224,0
Qwen/Qwen2.5-3B-Instruct,vocative_0243,vocative,vocative f,-32.044639587402344,-29.595163345336914,14,14,0,-11.062499770268914,2.3437499403953552,0
Qwen/Qwen2.5-3B-Instruct,vocative_0244,vocative,vocative m,-27.27865982055664,-23.46790313720703,12,12,0,-8.890625148720574,-1.09375,0
Qwen/Qwen2.5-3B-Instruct,vocative_0245,vocative,vocative m,-28.969440460205078,-24.886043548583984,12,12,0,-8.500000441534212,-2.3437500074505806,0
Qwen/Qwen2.5-3B-Instruct,vocative_0246,vocative,vocative f,-40.74895095825195,-33.27577209472656,14,14,0,-6.89062501618173,1.6874999403953552,0
Qwen/Qwen2.5-3B-Instruct,vocative_0247,vocative,vocative f,-42.83555221557617,-37.570465087890625,13,13,0,-1.2812499403953552,-4.593750133179128,0
Qwen/Qwen2.5-3B-Instruct,vocative_0248,vocative,vocative m,-28.275638580322266,-24.714126586914062,15,14,0,-10.18750036599522,-3.9687501080334187,0
Qwen/Qwen2.5-3B-Instruct,vocative_0249,vocative,vocative f,-45.42185974121094,-37.270530700683594,17,16,0,-12.328124529762135,-4.15624987706542,0
Qwen/Qwen2.5-3B-Instruct,vocative_0250,vocative,vocative m,-58.826820373535156,-51.34889221191406,18,17,0,-10.53124967488111,-6.062499983003363,0
Qwen/Qwen2.5-3B-Instruct,vocative_0251,vocative,vocative m,-36.650604248046875,-26.34598159790039,11,11,0,-8.171875410189386,-2.9062500782310963,0
Qwen/Qwen2.5-3B-Instruct,vocative_0252,vocative,vocative f,-50.021724700927734,-40.621036529541016,16,16,0,-10.015625128755346,-6.374999838881195,0
Qwen/Qwen2.5-3B-Instruct,vocative_0253,vocative,vocative f,-60.04732894897461,-57.97355651855469,19,19,0,-7.031250149826519,-0.8437500298023224,0
Qwen/Qwen2.5-3B-Instruct,vocative_0254,vocative,vocative m,-54.364898681640625,-46.12974548339844,13,13,0,-6.796875093015842,7.624999946798198,1
Qwen/Qwen2.5-3B-Instruct,vocative_0255,vocative,vocative f,-57.78092956542969,-51.776878356933594,17,17,0,-9.390625452826498,-5.3437501806765795,0
Qwen/Qwen2.5-3B-Instruct,vocative_0256,vocative,vocative m,-33.314476013183594,-22.827247619628906,9,8,0,-10.437500263695256,2.5624999925494194,0
Qwen/Qwen2.5-3B-Instruct,vocative_0257,vocative,vocative f,-66.1798095703125,-60.20644760131836,18,18,0,-7.484374874504283,5.375000121071935,0
Qwen/Qwen2.5-3B-Instruct,vocative_0258,vocative,vocative m,-40.74576187133789,-24.95009994506836,16,15,0,-10.593750133280992,-2.2499999031424522,0
Qwen/Qwen2.5-3B-Instruct,vocative_0259,vocative,vocative m,-64.1121597290039,-60.17835235595703,17,16,0,-7.0156252078013495,-2.4999998956918716,0
Qwen/Qwen2.5-3B-Instruct,vocative_0260,vocative,vocative f,-39.89746856689453,-39.951820373535156,12,12,1,-11.250000158208422,-1.125,0
Qwen/Qwen2.5-3B-Instruct,vocative_0261,vocative,vocative f,-53.438446044921875,-50.12620544433594,18,17,0,-9.203125297586666,-5.1249999855645,0
Qwen/Qwen2.5-3B-Instruct,vocative_0262,vocative,vocative f,-41.195701599121094,-31.547950744628906,17,17,0,-7.328125220141374,8.203124786145054,1
Qwen/Qwen2.5-3B-Instruct,vocative_0263,vocative,vocative m,-32.14939498901367,-27.633251190185547,13,13,0,-7.42187503335299,4.312500108033419,0
Qwen/Qwen2.5-3B-Instruct,vocative_0264,vocative,vocative f,-54.48616027832031,-51.385257720947266,18,18,0,-9.875000217027264,-1.2500000298023224,0
Qwen/Qwen2.5-3B-Instruct,vocative_0265,vocative,vocative f,-37.66924285888672,-31.896854400634766,17,17,0,-6.78124990593642,0.5625000298023224,0
Qwen/Qwen2.5-3B-Instruct,vocative_0266,vocative,vocative m,-65.03694152832031,-63.79436492919922,18,17,0,-3.4687500037252903,-0.8124999701976776,0
Qwen/Qwen2.5-3B-Instruct,vocative_0267,vocative,vocative m,-29.46739387512207,-22.509689331054688,10,9,0,-9.046874968858901,1.5312499552965164,0
Qwen/Qwen2.5-3B-Instruct,vocative_0268,vocative,vocative m,-64.72724914550781,-61.670928955078125,18,17,0,-7.640624966064934,-0.34375,0
Qwen/Qwen2.5-3B-Instruct,vocative_0269,vocative,vocative m,-41.027198791503906,-34.15742492675781,12,11,0,-8.171875077910954,-4.781250083819032,0
Qwen/Qwen2.5-3B-Instruct,vocative_0270,vocative,vocative m,-29.46010971069336,-22.16398811340332,8,8,0,-9.749999723862857,3.406249914318323,0
Qwen/Qwen2.5-3B-Instruct,vocative_0271,vocative,vocative m,-31.094802856445312,-24.832286834716797,11,10,0,-9.406250291824108,4.281250116415322,0
Qwen/Qwen2.5-3B-Instruct,vocative_0272,vocative,vocative m,-56.84568405151367,-52.32819366455078,11,11,0,-6.546875088126399,7.968750140047632,1
Qwen/Qwen2.5-3B-Instruct,vocative_0273,vocative,vocative f,-65.5035400390625,-57.601478576660156,17,17,0,-9.437499580293661,-5.031249948777258,0
Qwen/Qwen2.5-3B-Instruct,vocative_0274,vocative,vocative m,-33.92316436767578,-28.688793182373047,13,12,0,-9.406249777181074,-4.312499842606485,0
Qwen/Qwen2.5-3B-Instruct,vocative_0275,vocative,vocative f,-54.230289459228516,-50.326995849609375,18,18,0,-7.546874811232556,-0.09375,0
Qwen/Qwen2.5-3B-Instruct,vocative_0276,vocative,vocative f,-44.02409362792969,-41.54378890991211,11,11,0,-10.078125309635652,-5.968749996973202,0
Qwen/Qwen2.5-3B-Instruct,vocative_0277,vocative,vocative m,-36.45658874511719,-31.82503890991211,11,10,0,-7.640625184169039,-6.187499846564606,0
Qwen/Qwen2.5-3B-Instruct,vocative_0278,vocative,vocative f,-66.18506622314453,-58.796241760253906,19,19,0,0.7187500596046448,-2.562499962747097,0
Qwen/Qwen2.5-3B-Instruct,vocative_0279,vocative,vocative f,-44.45668411254883,-41.31694030761719,12,12,0,-8.953125161468051,-2.7500000074505806,0
Qwen/Qwen2.5-3B-Instruct,vocative_0280,vocative,vocative m,-63.39902877807617,-48.048553466796875,13,13,0,-8.68749979097629,5.0937501401640475,0
Qwen/Qwen2.5-3B-Instruct,vocative_0281,vocative,vocative m,-44.23085403442383,-39.50647735595703,12,11,0,-6.515625085798092,-1.8750000149011612,0
Qwen/Qwen2.5-3B-Instruct,vocative_0282,vocative,vocative f,-28.396507263183594,-25.04167366027832,12,12,0,-9.124999585241312,-8.109375151747372,0
Qwen/Qwen2.5-3B-Instruct,vocative_0283,vocative,vocative m,-39.15880584716797,-35.48091125488281,12,11,0,-6.031250120606273,-3.3749999292194843,0
Qwen/Qwen2.5-3B-Instruct,vocative_0284,vocative,vocative m,-47.9512939453125,-37.58457565307617,12,12,0,-8.92187515689875,5.4687498938292265,0
Qwen/Qwen2.5-3B-Instruct,vocative_0285,vocative,vocative m,-33.186824798583984,-27.442161560058594,14,13,0,-8.921875388739863,-0.5,0
Qwen/Qwen2.5-3B-Instruct,vocative_0286,vocative,vocative m,-39.757225036621094,-36.595542907714844,15,15,0,-4.999999868217856,0.21875,0
Qwen/Qwen2.5-3B-Instruct,vocative_0287,vocative,vocative m,-34.251644134521484,-23.5267333984375,13,13,0,-9.406249906140147,-1.25,0
Qwen/Qwen2.5-3B-Instruct,vocative_0288,vocative,vocative f,-56.36897277832031,-47.17914581298828,14,14,0,-7.046874781721272,7.062500043422915,1
Qwen/Qwen2.5-3B-Instruct,vocative_0289,vocative,vocative m,-29.588993072509766,-25.443313598632812,9,9,0,-8.640624721563654,5.656250077299774,0
Qwen/Qwen2.5-3B-Instruct,vocative_0290,vocative,vocative f,-35.444679260253906,-23.80927276611328,9,9,0,-10.593750148982508,4.9375002211891115,0
Qwen/Qwen2.5-3B-Instruct,vocative_0291,vocative,vocative f,-41.61016845703125,-37.82373809814453,17,17,0,-11.59374980936991,-7.687499952851795,0
Qwen/Qwen2.5-3B-Instruct,vocative_0292,vocative,vocative m,-54.414344787597656,-48.089073181152344,18,18,0,-9.921875030267984,4.781249905005097,0
Qwen/Qwen2.5-3B-Instruct,vocative_0293,vocative,vocative m,-56.69017791748047,-54.03194046020508,17,17,0,-9.890624720806954,-0.40625,0
Qwen/Qwen2.5-3B-Instruct,vocative_0294,vocative,vocative m,-32.70347213745117,-29.39552116394043,13,12,0,-9.624999542182195,-2.7187500596046448,0
Qwen/Qwen2.5-3B-Instruct,vocative_0295,vocative,vocative m,-56.721839904785156,-49.220794677734375,19,18,0,-9.625000079802703,-6.234374962979928,0
Qwen/Qwen2.5-3B-Instruct,vocative_0296,vocative,vocative m,-50.63041687011719,-43.377098083496094,13,13,0,-7.515624934632797,7.968750221305527,1
Qwen/Qwen2.5-3B-Instruct,vocative_0297,vocative,vocative m,-49.52204132080078,-42.53473663330078,13,12,0,-7.078125076077413,4.375000024214387,0
Qwen/Qwen2.5-3B-Instruct,vocative_0298,vocative,vocative f,-53.96645736694336,-50.530555725097656,18,18,0,-10.32812519633444,-6.29687482630834,0
Qwen/Qwen2.5-3B-Instruct,vocative_0299,vocative,vocative m,-60.2864990234375,-56.708106994628906,12,11,0,-7.6718751775915734,6.296875007916242,0
